lon,lat,country,country_pct_silent
16.05150,47.32480,AT,90.592
17.07873,47.95455,AT,90.592
16.42141,47.03295,AT,90.592
16.16170,47.32190,AT,90.592
16.29950,47.28560,AT,90.592
16.66180,47.45790,AT,90.592
16.41486,47.20361,AT,90.592
13.34590,46.77410,AT,90.592
14.94296,46.64040,AT,90.592
14.03551,46.59417,AT,90.592
14.70980,46.63270,AT,90.592
13.49993,46.78877,AT,90.592
13.52950,46.89983,AT,90.592
13.64813,46.53695,AT,90.592
13.69114,46.56553,AT,90.592
14.53560,46.56380,AT,90.592
14.43790,46.86500,AT,90.592
14.44229,46.60520,AT,90.592
14.40153,46.60628,AT,90.592
14.86700,46.88560,AT,90.592
14.94478,46.66331,AT,90.592
14.53282,48.22718,AT,90.592
14.82540,48.08800,AT,90.592
14.94072,48.10187,AT,90.592
15.06485,48.19156,AT,90.592
15.16490,48.00810,AT,90.592
15.51380,48.09650,AT,90.592
15.37915,48.21149,AT,90.592
15.63999,48.14527,AT,90.592
15.20308,47.91275,AT,90.592
15.48207,47.92523,AT,90.592
15.85505,48.36974,AT,90.592
14.83740,47.90300,AT,90.592
15.77878,48.36702,AT,90.592
15.19960,48.61508,AT,90.592
15.64390,48.62660,AT,90.592
15.70696,48.41189,AT,90.592
15.98755,47.88560,AT,90.592
16.18080,47.86480,AT,90.592
16.52945,48.14390,AT,90.592
16.06770,47.98000,AT,90.592
16.40492,48.05830,AT,90.592
16.60938,48.12035,AT,90.592
16.80332,48.11660,AT,90.592
15.00030,48.50560,AT,90.592
15.56676,48.44531,AT,90.592
15.44949,48.46716,AT,90.592
15.88469,48.11673,AT,90.592
15.00410,48.20010,AT,90.592
16.53420,48.15080,AT,90.592
16.99035,48.16339,AT,90.592
16.88904,48.71618,AT,90.592
16.93385,48.60163,AT,90.592
15.93350,48.69650,AT,90.592
16.27250,48.71890,AT,90.592
15.73420,47.77360,AT,90.592
12.87430,48.20300,AT,90.592
13.03435,48.26101,AT,90.592
13.43858,48.55699,AT,90.592
13.40754,48.34667,AT,90.592
13.35380,48.05300,AT,90.592
13.70221,48.52066,AT,90.592
13.99359,48.35795,AT,90.592
13.92227,48.45762,AT,90.592
13.86040,48.65930,AT,90.592
14.10260,48.32120,AT,90.592
14.16526,48.58834,AT,90.592
13.80230,47.93700,AT,90.592
14.32475,48.24742,AT,90.592
13.72160,47.56500,AT,90.592
13.94420,47.87320,AT,90.592
14.26613,48.19950,AT,90.592
13.42450,48.01850,AT,90.592
13.62200,47.89650,AT,90.592
14.64240,47.75440,AT,90.592
14.41920,48.03870,AT,90.592
14.35600,48.05120,AT,90.592
14.35525,47.84259,AT,90.592
14.52720,47.70840,AT,90.592
14.51108,48.23985,AT,90.592
14.44966,48.26595,AT,90.592
14.58627,48.25357,AT,90.592
14.69636,48.51482,AT,90.592
13.46326,48.42990,AT,90.592
12.99320,47.23510,AT,90.592
12.73650,47.36640,AT,90.592
12.75370,47.66220,AT,90.592
12.57520,47.37590,AT,90.592
13.10777,47.16323,AT,90.592
13.19772,47.25168,AT,90.592
13.16632,47.53373,AT,90.592
13.49228,47.38528,AT,90.592
13.57326,47.40602,AT,90.592
13.17595,47.58507,AT,90.592
13.17441,47.58084,AT,90.592
13.12958,47.64175,AT,90.592
13.07933,47.75199,AT,90.592
12.90280,47.95816,AT,90.592
13.71510,47.16640,AT,90.592
13.79060,47.14590,AT,90.592
13.72470,47.40530,AT,90.592
14.46750,47.50140,AT,90.592
14.30440,47.55150,AT,90.592
14.53681,47.58796,AT,90.592
15.31610,47.76060,AT,90.592
15.68750,47.28690,AT,90.592
16.08784,47.07639,AT,90.592
16.00250,47.06490,AT,90.592
15.81729,47.42466,AT,90.592
16.05180,47.39450,AT,90.592
14.49840,47.21150,AT,90.592
14.80715,47.19404,AT,90.592
15.09570,47.37170,AT,90.592
15.48847,46.96774,AT,90.592
15.63397,46.70980,AT,90.592
14.72843,47.19146,AT,90.592
15.02002,47.33680,AT,90.592
15.66120,47.59270,AT,90.592
15.46920,47.51900,AT,90.592
15.27403,47.41220,AT,90.592
15.34200,46.95420,AT,90.592
15.49705,46.88286,AT,90.592
15.35600,46.74420,AT,90.592
15.54587,46.75497,AT,90.592
14.09790,47.22410,AT,90.592
15.76680,46.73980,AT,90.592
15.71930,46.80220,AT,90.592
15.29370,46.83480,AT,90.592
15.26140,47.40696,AT,90.592
12.89270,46.77950,AT,90.592
12.54980,46.97546,AT,90.592
10.26426,47.24839,AT,90.592
10.55830,47.38520,AT,90.592
10.68660,47.55712,AT,90.592
10.92300,47.45230,AT,90.592
10.47000,46.88910,AT,90.592
10.62929,47.18460,AT,90.592
10.30430,47.14140,AT,90.592
10.47667,47.11964,AT,90.592
10.83995,47.23152,AT,90.592
11.00120,46.92980,AT,90.592
11.53382,47.27950,AT,90.592
12.16327,47.70106,AT,90.592
11.23310,47.22600,AT,90.592
11.45610,47.11130,AT,90.592
11.39430,47.06860,AT,90.592
11.35830,47.15660,AT,90.592
11.86500,47.17980,AT,90.592
12.03090,47.48590,AT,90.592
12.06320,47.49730,AT,90.592
12.20270,47.51840,AT,90.592
12.38430,47.46960,AT,90.592
12.45170,47.55710,AT,90.592
12.40290,47.52030,AT,90.592
12.33794,46.83013,AT,90.592
10.08200,47.13064,AT,90.592
9.85359,47.13120,AT,90.592
9.91905,47.23810,AT,90.592
9.72173,47.48693,AT,90.592
9.88819,47.43656,AT,90.592
9.66988,47.47858,AT,90.592
9.59504,47.46369,AT,90.592
9.73675,47.53503,AT,90.592
9.87435,47.52960,AT,90.592
9.53512,47.27404,AT,90.592
9.57458,47.26777,AT,90.592
9.78724,47.25813,AT,90.592
16.21263,48.21979,AT,90.592
16.37100,48.26190,AT,90.592
18.28330,43.81670,BA,74.261
18.43200,45.05400,BA,74.261
18.06100,44.78900,BA,74.261
18.08330,44.55000,BA,74.261
17.93330,44.18330,BA,74.261
17.86670,44.25000,BA,74.261
16.95630,43.83880,BA,74.261
18.78400,43.50100,BA,74.261
19.34900,44.78100,BA,74.261
18.94610,43.66750,BA,74.261
19.21100,43.72800,BA,74.261
17.99930,43.63200,BA,74.261
17.82930,43.36750,BA,74.261
17.68390,43.05320,BA,74.261
18.31670,43.88330,BA,74.261
19.35400,44.88800,BA,74.261
17.25500,45.13500,BA,74.261
18.42600,42.70100,BA,74.261
17.49600,45.09300,BA,74.261
16.36400,45.01670,BA,74.261
16.40300,45.04300,BA,74.261
16.18330,44.96670,BA,74.261
17.96000,45.08200,BA,74.261
18.05500,44.70100,BA,74.261
17.22800,44.82200,BA,74.261
17.58330,43.93330,BA,74.261
17.26670,44.33330,BA,74.261
4.30341,50.81593,BE,23.197
3.42299,50.51583,BE,23.197
3.35222,50.70087,BE,23.197
3.38828,50.72864,BE,23.197
3.46444,50.75714,BE,23.197
2.95061,50.75160,BE,23.197
3.81287,50.61004,BE,23.197
3.86296,50.73820,BE,23.197
4.15717,50.66988,BE,23.197
4.63720,50.77628,BE,23.197
4.67166,50.75046,BE,23.197
3.68134,50.44916,BE,23.197
3.69110,50.38483,BE,23.197
3.79282,50.61488,BE,23.197
5.09585,50.49391,BE,23.197
5.69026,50.73729,BE,23.197
5.47901,49.52660,BE,23.197
4.69104,50.09351,BE,23.197
5.32545,49.71037,BE,23.197
4.88413,49.86433,BE,23.197
4.84424,50.04293,BE,23.197
4.94580,50.21909,BE,23.197
5.31935,49.98907,BE,23.197
5.29752,50.11514,BE,23.197
5.16413,50.13928,BE,23.197
4.85640,50.31849,BE,23.197
4.11747,50.30472,BE,23.197
4.85594,50.46429,BE,23.197
4.39651,50.36731,BE,23.197
5.04417,50.62686,BE,23.197
5.18414,50.55100,BE,23.197
5.51574,50.42220,BE,23.197
5.59102,50.48176,BE,23.197
5.88617,50.36383,BE,23.197
5.76924,50.40963,BE,23.197
5.63322,50.60010,BE,23.197
6.13601,50.14056,BE,23.197
5.81032,50.00119,BE,23.197
5.75568,49.86717,BE,23.197
4.87185,50.74422,BE,23.197
5.68541,49.74534,BE,23.197
5.16740,49.81090,BE,23.197
4.17286,49.97736,BE,23.197
4.58714,50.40506,BE,23.197
4.24273,50.59751,BE,23.197
5.94087,50.75052,BE,23.197
5.56608,50.45617,BE,23.197
5.27623,50.46333,BE,23.197
5.80467,50.55359,BE,23.197
4.17308,50.29914,BE,23.197
5.00144,50.45805,BE,23.197
4.90686,50.33807,BE,23.197
5.27959,50.02283,BE,23.197
5.74697,50.42238,BE,23.197
3.71246,51.27213,BE,23.197
5.82389,51.12921,BE,23.197
4.12334,51.04082,BE,23.197
3.80358,51.00578,BE,23.197
3.72403,51.00160,BE,23.197
4.49727,51.02332,BE,23.197
4.64254,50.80278,BE,23.197
4.63732,50.77611,BE,23.197
4.73611,51.10270,BE,23.197
4.73873,51.18843,BE,23.197
3.80311,51.20761,BE,23.197
4.42210,51.04567,BE,23.197
4.45574,50.96047,BE,23.197
4.41436,50.91130,BE,23.197
4.21761,50.70967,BE,23.197
4.36510,51.06586,BE,23.197
4.71869,50.96997,BE,23.197
5.11631,50.95792,BE,23.197
5.12041,50.94875,BE,23.197
4.07721,51.03731,BE,23.197
3.86690,50.76183,BE,23.197
3.18859,50.80110,BE,23.197
3.22940,51.32546,BE,23.197
3.41373,50.92122,BE,23.197
2.74824,51.12144,BE,23.197
4.78131,51.50256,BE,23.197
3.36443,50.72071,BE,23.197
3.34664,50.72797,BE,23.197
3.22988,51.32384,BE,23.197
3.56898,51.07366,BE,23.197
2.94940,51.22209,BE,23.197
5.67230,50.80926,BE,23.197
2.96119,51.22384,BE,23.197
5.42833,51.26785,BE,23.197
2.80192,51.12675,BE,23.197
2.62289,50.92022,BE,23.197
24.45640,43.70600,BG,72.200
24.35870,43.58770,BG,72.200
24.84820,43.67440,BG,72.200
24.80470,43.19500,BG,72.200
24.68670,42.95730,BG,72.200
24.69760,43.63350,BG,72.200
24.36040,43.30680,BG,72.200
24.37380,42.84130,BG,72.200
25.66810,43.38690,BG,72.200
25.64170,43.21730,BG,72.200
25.95450,43.22170,BG,72.200
26.79028,43.21680,BG,72.200
23.88180,43.73730,BG,72.200
23.79570,42.92250,BG,72.200
24.52890,43.41640,BG,72.200
26.87050,43.18370,BG,72.200
27.88680,43.02010,BG,72.200
26.51650,43.14730,BG,72.200
27.62380,42.31080,BG,72.200
27.45360,42.06980,BG,72.200
24.97200,42.62760,BG,72.200
24.57280,42.13160,BG,72.200
25.44710,41.87140,BG,72.200
24.79770,41.56880,BG,72.200
23.13770,41.85690,BG,72.200
23.03760,41.56930,BG,72.200
25.38944,41.56780,BG,72.200
25.36480,41.63255,BG,72.200
25.15250,41.68722,BG,72.200
26.10725,41.58117,BG,72.200
25.86918,41.64171,BG,72.200
26.14668,41.43239,BG,72.200
25.98393,41.89810,BG,72.200
24.74322,42.15290,BG,72.200
24.31464,42.18467,BG,72.200
25.65498,42.05348,BG,72.200
25.21387,42.11608,BG,72.200
24.85278,41.94445,BG,72.200
24.29607,42.20777,BG,72.200
23.99687,42.50233,BG,72.200
23.68503,42.27580,BG,72.200
26.19185,41.76903,BG,72.200
24.87723,42.14555,BG,72.200
24.13799,42.65831,BG,72.200
26.47327,42.05220,BG,72.200
26.51528,42.39250,BG,72.200
25.56118,42.54544,BG,72.200
23.89230,41.50149,BG,72.200
23.70000,41.71000,BG,72.200
23.32000,41.42000,BG,72.200
23.25198,41.43503,BG,72.200
22.97000,41.39000,BG,72.200
22.75000,42.49000,BG,72.200
23.03694,42.03494,BG,72.200
22.85310,42.25624,BG,72.200
7.58930,47.58990,CH,69.368
7.56432,47.18098,CH,69.368
33.08080,35.13160,CY,14.778
33.28050,35.09130,CY,14.778
33.38220,35.12320,CY,14.778
33.39450,35.01960,CY,14.778
33.53430,34.89290,CY,14.778
32.69967,34.92728,CY,14.778
32.61124,34.94089,CY,14.778
32.89530,35.03690,CY,14.778
33.01941,35.06652,CY,14.778
33.15459,35.01191,CY,14.778
33.33499,34.99482,CY,14.778
33.33779,34.87759,CY,14.778
33.24133,34.81830,CY,14.778
32.97454,34.74549,CY,14.778
32.94329,34.91222,CY,14.778
32.91140,34.77005,CY,14.778
13.15140,49.30560,CZ,3.337
17.25316,49.61351,CZ,3.337
18.16341,49.88712,CZ,3.337
18.29360,49.74810,CZ,3.337
18.42080,49.93080,CZ,3.337
15.93440,49.58440,CZ,3.337
13.40200,49.76626,CZ,3.337
15.63873,50.57280,CZ,3.337
15.95582,50.20653,CZ,3.337
15.59350,50.66487,CZ,3.337
15.69657,50.54978,CZ,3.337
15.72613,50.54146,CZ,3.337
15.75180,50.51581,CZ,3.337
15.74276,50.50373,CZ,3.337
15.87760,50.59494,CZ,3.337
15.96148,50.57640,CZ,3.337
16.02565,50.50643,CZ,3.337
16.05648,50.41096,CZ,3.337
16.21509,50.52212,CZ,3.337
16.22821,50.49375,CZ,3.337
16.18312,50.49085,CZ,3.337
15.82899,50.28862,CZ,3.337
16.46068,50.09671,CZ,3.337
15.80663,50.09477,CZ,3.337
16.29950,50.09686,CZ,3.337
16.18583,50.13005,CZ,3.337
16.60132,50.03704,CZ,3.337
16.39654,49.98870,CZ,3.337
16.39857,49.96533,CZ,3.337
16.25929,49.88696,CZ,3.337
16.25712,49.88526,CZ,3.337
15.74217,49.80277,CZ,3.337
15.82144,49.89199,CZ,3.337
15.84482,49.97757,CZ,3.337
15.93973,49.95552,CZ,3.337
15.86887,49.98695,CZ,3.337
15.73107,49.70391,CZ,3.337
15.59552,49.81730,CZ,3.337
15.48922,49.88775,CZ,3.337
15.39031,49.97593,CZ,3.337
15.31289,49.96636,CZ,3.337
15.67876,50.25652,CZ,3.337
15.61820,50.03330,CZ,3.337
15.16047,50.27934,CZ,3.337
15.18826,50.27114,CZ,3.337
15.00953,50.15172,CZ,3.337
15.35035,50.01996,CZ,3.337
15.46513,50.63061,CZ,3.337
15.33163,50.59129,CZ,3.337
15.22160,50.78477,CZ,3.337
15.30820,50.73598,CZ,3.337
15.30789,50.73915,CZ,3.337
15.14883,50.57773,CZ,3.337
15.04707,50.55059,CZ,3.337
14.97843,50.55970,CZ,3.337
15.30315,50.02315,CZ,3.337
14.94172,50.47008,CZ,3.337
14.90118,50.40753,CZ,3.337
14.57967,50.22734,CZ,3.337
14.54942,50.27681,CZ,3.337
14.46685,50.30192,CZ,3.337
15.02574,50.78655,CZ,3.337
14.96474,50.81701,CZ,3.337
15.14379,50.89466,CZ,3.337
15.11913,50.90566,CZ,3.337
15.09064,50.92727,CZ,3.337
15.39739,50.76161,CZ,3.337
15.06301,50.18727,CZ,3.337
15.46369,50.63198,CZ,3.337
15.91213,49.95967,CZ,3.337
15.30030,50.63345,CZ,3.337
15.51936,50.63277,CZ,3.337
15.30020,50.63419,CZ,3.337
14.83548,50.18035,CZ,3.337
14.49606,50.31138,CZ,3.337
14.18654,50.72533,CZ,3.337
14.23430,50.88745,CZ,3.337
14.23436,50.88711,CZ,3.337
15.06070,50.57152,CZ,3.337
14.87611,50.39643,CZ,3.337
15.36524,50.14121,CZ,3.337
15.93065,50.38785,CZ,3.337
15.84232,50.08531,CZ,3.337
15.06455,50.74649,CZ,3.337
15.05730,50.76542,CZ,3.337
14.77527,50.24914,CZ,3.337
15.24178,50.12738,CZ,3.337
15.90665,50.03667,CZ,3.337
16.31434,50.23828,CZ,3.337
14.19808,50.52536,CZ,3.337
15.62161,50.02953,CZ,3.337
15.33525,49.87554,CZ,3.337
14.06208,50.53934,CZ,3.337
15.17551,50.05700,CZ,3.337
15.96020,50.57473,CZ,3.337
14.04975,50.63631,CZ,3.337
15.91105,50.67861,CZ,3.337
15.83581,50.54023,CZ,3.337
15.78624,50.68076,CZ,3.337
15.79407,50.67654,CZ,3.337
15.96530,50.57910,CZ,3.337
15.96076,50.52901,CZ,3.337
15.41125,50.77781,CZ,3.337
15.05614,50.63586,CZ,3.337
14.98694,50.62669,CZ,3.337
16.70581,50.09361,CZ,3.337
15.10575,50.73467,CZ,3.337
16.19892,50.44937,CZ,3.337
16.57941,50.14211,CZ,3.337
16.28790,50.17046,CZ,3.337
15.91128,50.36683,CZ,3.337
16.05082,49.87753,CZ,3.337
15.53203,49.81040,CZ,3.337
15.64726,50.25023,CZ,3.337
14.82351,50.85454,CZ,3.337
15.06065,49.90502,CZ,3.337
15.03312,51.01453,CZ,3.337
15.98117,50.19748,CZ,3.337
15.95656,49.84635,CZ,3.337
15.28530,50.00815,CZ,3.337
15.00659,50.04123,CZ,3.337
15.02829,50.03527,CZ,3.337
15.49519,50.19173,CZ,3.337
15.54767,50.17726,CZ,3.337
15.04111,50.18350,CZ,3.337
15.01084,50.15971,CZ,3.337
14.95118,50.20468,CZ,3.337
15.93120,50.35608,CZ,3.337
14.79498,50.16240,CZ,3.337
16.50906,49.84202,CZ,3.337
14.23238,50.79163,CZ,3.337
16.40393,50.55053,CZ,3.337
16.20205,50.03331,CZ,3.337
15.83217,50.21902,CZ,3.337
16.05955,50.28691,CZ,3.337
16.40734,50.58671,CZ,3.337
15.79626,50.01496,CZ,3.337
15.54489,50.37377,CZ,3.337
15.92596,50.34142,CZ,3.337
15.40649,50.77366,CZ,3.337
15.51999,50.23825,CZ,3.337
15.44145,50.51818,CZ,3.337
15.12691,50.21345,CZ,3.337
16.55816,49.99156,CZ,3.337
16.14218,50.06527,CZ,3.337
15.82747,50.21318,CZ,3.337
15.13431,50.23428,CZ,3.337
16.49748,50.03298,CZ,3.337
16.47735,50.14776,CZ,3.337
16.19760,50.13903,CZ,3.337
16.70824,50.08655,CZ,3.337
16.25921,50.29569,CZ,3.337
16.14913,50.29378,CZ,3.337
15.86302,49.74546,CZ,3.337
15.49706,49.87138,CZ,3.337
15.41037,49.89085,CZ,3.337
14.82713,50.87153,CZ,3.337
15.39619,50.76275,CZ,3.337
15.85997,49.86978,CZ,3.337
16.14652,50.12207,CZ,3.337
15.69465,50.48352,CZ,3.337
16.39988,50.18974,CZ,3.337
15.29302,50.80768,CZ,3.337
16.07618,50.12400,CZ,3.337
16.97612,49.75564,CZ,3.337
17.27062,49.52982,CZ,3.337
16.94652,49.74561,CZ,3.337
17.16264,49.71823,CZ,3.337
17.26497,49.39514,CZ,3.337
17.33882,49.33093,CZ,3.337
17.90728,49.50165,CZ,3.337
18.00763,49.47430,CZ,3.337
17.52160,49.20902,CZ,3.337
17.42601,49.04677,CZ,3.337
16.61823,48.95027,CZ,3.337
16.61746,49.04468,CZ,3.337
16.57251,48.92784,CZ,3.337
16.35212,49.11116,CZ,3.337
16.37874,49.08607,CZ,3.337
16.38141,48.74377,CZ,3.337
16.97093,48.71759,CZ,3.337
16.46628,48.82416,CZ,3.337
16.61979,49.09408,CZ,3.337
16.63098,49.14763,CZ,3.337
15.99148,49.20937,CZ,3.337
17.09347,48.95757,CZ,3.337
16.87239,49.95144,CZ,3.337
17.32006,49.35311,CZ,3.337
16.95792,50.07663,CZ,3.337
16.93182,49.91247,CZ,3.337
16.91279,49.86105,CZ,3.337
17.97033,49.44424,CZ,3.337
17.32850,49.42821,CZ,3.337
17.31105,48.91061,CZ,3.337
16.36433,49.40047,CZ,3.337
15.47304,48.95678,CZ,3.337
16.83268,48.81764,CZ,3.337
17.32342,49.59401,CZ,3.337
17.21104,48.88515,CZ,3.337
16.92309,49.88765,CZ,3.337
16.31681,49.08558,CZ,3.337
16.98913,48.68750,CZ,3.337
16.88532,48.72350,CZ,3.337
16.43920,49.33131,CZ,3.337
16.45886,49.25349,CZ,3.337
16.63370,49.40699,CZ,3.337
16.77937,49.40559,CZ,3.337
16.75401,49.17385,CZ,3.337
16.67541,49.06693,CZ,3.337
16.92001,48.98269,CZ,3.337
16.61179,49.01847,CZ,3.337
17.09419,48.95728,CZ,3.337
17.51089,48.81988,CZ,3.337
15.38783,49.02964,CZ,3.337
15.35896,48.99127,CZ,3.337
17.39512,49.27491,CZ,3.337
17.50331,49.21841,CZ,3.337
16.88348,49.69496,CZ,3.337
17.18524,49.43546,CZ,3.337
17.14891,49.32452,CZ,3.337
17.76338,49.52118,CZ,3.337
16.62793,49.86935,CZ,3.337
16.65106,49.84982,CZ,3.337
16.66850,49.76403,CZ,3.337
16.62169,49.47207,CZ,3.337
16.74755,49.68031,CZ,3.337
16.62791,49.90024,CZ,3.337
16.96438,49.78820,CZ,3.337
16.96690,49.94705,CZ,3.337
15.94098,49.34600,CZ,3.337
16.13490,49.20990,CZ,3.337
15.99091,49.21106,CZ,3.337
16.03263,49.33873,CZ,3.337
15.89445,49.09614,CZ,3.337
17.56290,49.21062,CZ,3.337
17.48236,49.12931,CZ,3.337
15.56754,49.02387,CZ,3.337
15.65798,48.98610,CZ,3.337
15.87792,48.98492,CZ,3.337
16.02395,48.92758,CZ,3.337
16.20163,48.92090,CZ,3.337
16.35669,49.50197,CZ,3.337
17.00240,49.27419,CZ,3.337
17.08271,49.14820,CZ,3.337
17.96450,49.41767,CZ,3.337
17.89817,49.49885,CZ,3.337
18.00165,49.31204,CZ,3.337
18.00457,49.31141,CZ,3.337
17.72605,49.57181,CZ,3.337
15.81606,48.89398,CZ,3.337
16.46896,48.81925,CZ,3.337
15.46558,49.13392,CZ,3.337
15.44382,49.14090,CZ,3.337
16.21504,48.88453,CZ,3.337
15.44064,49.07944,CZ,3.337
15.56879,49.04341,CZ,3.337
15.95437,49.33455,CZ,3.337
16.33099,49.12829,CZ,3.337
15.72768,49.33442,CZ,3.337
15.59198,49.36340,CZ,3.337
15.74264,49.34366,CZ,3.337
15.46912,49.34566,CZ,3.337
15.51516,49.40996,CZ,3.337
15.88138,48.98416,CZ,3.337
15.93588,49.21541,CZ,3.337
16.01521,49.36401,CZ,3.337
16.09750,49.27591,CZ,3.337
16.14667,49.04809,CZ,3.337
16.11702,49.03634,CZ,3.337
15.87827,49.09123,CZ,3.337
15.87137,49.21231,CZ,3.337
15.48275,49.30361,CZ,3.337
16.85386,48.80374,CZ,3.337
16.93543,48.97482,CZ,3.337
16.85417,48.76309,CZ,3.337
16.31198,49.55640,CZ,3.337
16.42459,49.36605,CZ,3.337
16.42414,49.27052,CZ,3.337
16.40131,49.35633,CZ,3.337
16.35434,49.36053,CZ,3.337
16.56872,49.12028,CZ,3.337
16.57048,49.54016,CZ,3.337
16.45724,49.27840,CZ,3.337
16.35101,49.35688,CZ,3.337
16.84968,49.12894,CZ,3.337
16.33650,49.45653,CZ,3.337
16.65325,49.34881,CZ,3.337
16.74018,49.41619,CZ,3.337
16.73708,49.15276,CZ,3.337
16.69216,49.07439,CZ,3.337
16.84019,49.12950,CZ,3.337
16.56729,49.56498,CZ,3.337
16.43970,49.27746,CZ,3.337
16.62793,49.14456,CZ,3.337
18.02652,49.10357,CZ,3.337
17.72777,48.88072,CZ,3.337
17.92564,49.09861,CZ,3.337
18.05132,49.03592,CZ,3.337
17.93684,49.12904,CZ,3.337
16.86179,49.96327,CZ,3.337
16.76946,49.87454,CZ,3.337
17.43856,49.70706,CZ,3.337
16.69965,49.86130,CZ,3.337
16.76196,49.71234,CZ,3.337
16.73508,49.62397,CZ,3.337
17.44801,49.68930,CZ,3.337
17.02210,50.00315,CZ,3.337
16.94081,49.88322,CZ,3.337
17.08485,50.02534,CZ,3.337
16.95356,49.78225,CZ,3.337
16.64148,49.91050,CZ,3.337
17.11353,49.82453,CZ,3.337
16.74150,49.86318,CZ,3.337
17.24561,49.67452,CZ,3.337
16.76061,49.71305,CZ,3.337
16.65319,49.74370,CZ,3.337
17.27382,49.65234,CZ,3.337
16.94627,50.16372,CZ,3.337
17.01445,49.46198,CZ,3.337
17.02028,49.46170,CZ,3.337
17.17474,49.34309,CZ,3.337
17.01507,49.40405,CZ,3.337
17.28626,49.41859,CZ,3.337
17.03160,49.36939,CZ,3.337
16.98649,49.28872,CZ,3.337
17.13846,49.47534,CZ,3.337
16.97795,49.46470,CZ,3.337
17.50573,49.21122,CZ,3.337
17.40145,49.33853,CZ,3.337
17.61250,49.43817,CZ,3.337
17.47736,49.30273,CZ,3.337
16.97949,49.46349,CZ,3.337
17.49939,49.09535,CZ,3.337
17.78099,49.21912,CZ,3.337
17.38143,49.02850,CZ,3.337
17.69330,49.03826,CZ,3.337
17.78018,49.21731,CZ,3.337
17.42333,49.06223,CZ,3.337
17.65713,49.01854,CZ,3.337
17.39540,48.98237,CZ,3.337
17.71112,49.03043,CZ,3.337
17.27878,48.87804,CZ,3.337
17.66788,50.08275,CZ,3.337
17.84573,49.98695,CZ,3.337
17.93998,49.93229,CZ,3.337
18.21914,49.83216,CZ,3.337
18.29393,49.84723,CZ,3.337
18.29725,49.83081,CZ,3.337
18.62810,49.71817,CZ,3.337
17.98283,49.66313,CZ,3.337
18.21711,49.81978,CZ,3.337
18.32708,49.92029,CZ,3.337
17.98710,49.65685,CZ,3.337
18.16475,49.73517,CZ,3.337
17.68875,50.09860,CZ,3.337
17.89093,49.91141,CZ,3.337
17.33004,50.30354,CZ,3.337
18.51463,49.84906,CZ,3.337
18.12999,49.72637,CZ,3.337
18.29368,49.74173,CZ,3.337
18.56892,49.82954,CZ,3.337
18.32528,49.90286,CZ,3.337
17.91943,49.61749,CZ,3.337
18.02877,49.58734,CZ,3.337
17.98887,49.68443,CZ,3.337
18.06482,49.69228,CZ,3.337
18.18421,49.73127,CZ,3.337
18.21089,49.81459,CZ,3.337
18.19360,49.58221,CZ,3.337
17.58431,50.16208,CZ,3.337
17.77416,50.01943,CZ,3.337
17.81693,49.99248,CZ,3.337
17.88666,49.95387,CZ,3.337
18.29561,49.83148,CZ,3.337
18.36110,49.56776,CZ,3.337
18.36109,49.67276,CZ,3.337
18.32132,49.64033,CZ,3.337
18.46356,49.69831,CZ,3.337
18.41276,49.78804,CZ,3.337
18.36137,49.77971,CZ,3.337
18.33387,49.94860,CZ,3.337
18.62443,49.72776,CZ,3.337
18.53380,49.70816,CZ,3.337
18.48840,49.88786,CZ,3.337
17.39561,50.27228,CZ,3.337
17.73996,50.29194,CZ,3.337
17.20058,50.21295,CZ,3.337
17.20277,50.23249,CZ,3.337
17.19166,50.37943,CZ,3.337
17.03271,50.40523,CZ,3.337
18.07777,50.02971,CZ,3.337
18.27221,49.94026,CZ,3.337
18.47943,49.90096,CZ,3.337
17.93826,49.92660,CZ,3.337
18.50721,49.90248,CZ,3.337
17.56257,49.68907,CZ,3.337
17.69117,49.73788,CZ,3.337
18.15454,49.73492,CZ,3.337
18.12637,49.91454,CZ,3.337
18.20852,49.98089,CZ,3.337
17.16472,50.36304,CZ,3.337
17.16460,50.36200,CZ,3.337
17.33473,50.30388,CZ,3.337
18.20004,49.54921,CZ,3.337
17.36305,50.12582,CZ,3.337
17.47583,50.06387,CZ,3.337
18.27598,49.86710,CZ,3.337
18.35471,49.56776,CZ,3.337
18.48928,49.61428,CZ,3.337
18.44026,49.73665,CZ,3.337
18.37415,49.77665,CZ,3.337
17.71962,50.24217,CZ,3.337
17.74222,50.29832,CZ,3.337
16.96873,50.42266,CZ,3.337
17.08351,50.40535,CZ,3.337
17.04664,50.38428,CZ,3.337
16.92037,50.44181,CZ,3.337
18.03585,50.05223,CZ,3.337
14.15649,50.51115,CZ,3.337
13.58629,50.34047,CZ,3.337
13.44555,50.36828,CZ,3.337
13.53990,50.70689,CZ,3.337
13.29335,50.36410,CZ,3.337
13.11145,50.37008,CZ,3.337
12.98789,50.27761,CZ,3.337
12.84475,50.22741,CZ,3.337
12.62051,50.17265,CZ,3.337
12.39585,50.10629,CZ,3.337
12.48290,50.10445,CZ,3.337
13.44777,50.18324,CZ,3.337
14.03100,50.65720,CZ,3.337
12.64037,50.18338,CZ,3.337
12.83605,50.22728,CZ,3.337
12.84690,50.23342,CZ,3.337
12.86999,50.23428,CZ,3.337
12.96917,50.30384,CZ,3.337
14.16769,50.67276,CZ,3.337
13.51371,50.33239,CZ,3.337
13.70345,50.36470,CZ,3.337
14.04089,50.65759,CZ,3.337
13.55386,50.52792,CZ,3.337
14.24144,50.76199,CZ,3.337
14.53512,50.68297,CZ,3.337
14.74885,50.69187,CZ,3.337
13.88639,50.61240,CZ,3.337
14.24127,50.87375,CZ,3.337
12.24360,50.26218,CZ,3.337
14.64970,50.90552,CZ,3.337
14.72692,50.65948,CZ,3.337
14.64693,50.66959,CZ,3.337
13.80449,50.57906,CZ,3.337
13.80237,50.58762,CZ,3.337
14.00648,50.64677,CZ,3.337
14.00204,50.65278,CZ,3.337
12.39721,50.01783,CZ,3.337
12.23940,50.09625,CZ,3.337
12.25181,50.09208,CZ,3.337
14.20119,50.77164,CZ,3.337
14.62861,50.65183,CZ,3.337
14.51128,50.68036,CZ,3.337
14.49946,50.67261,CZ,3.337
14.38335,50.84073,CZ,3.337
14.57948,50.94321,CZ,3.337
12.87601,50.17586,CZ,3.337
12.36887,50.02503,CZ,3.337
13.04252,50.51137,CZ,3.337
13.36028,50.61894,CZ,3.337
13.41214,50.61886,CZ,3.337
14.22813,50.50401,CZ,3.337
14.62946,50.88370,CZ,3.337
12.10790,50.31471,CZ,3.337
12.12600,50.30589,CZ,3.337
14.28736,50.97796,CZ,3.337
12.73443,50.43227,CZ,3.337
14.59111,50.61240,CZ,3.337
13.90052,50.78545,CZ,3.337
13.22366,50.55982,CZ,3.337
13.62787,50.72283,CZ,3.337
12.39583,50.10686,CZ,3.337
13.43401,50.28916,CZ,3.337
14.35637,50.82928,CZ,3.337
13.08294,50.49664,CZ,3.337
12.84777,49.99431,CZ,3.337
12.46387,50.13216,CZ,3.337
13.59963,50.54875,CZ,3.337
12.44405,50.12525,CZ,3.337
12.75850,50.18522,CZ,3.337
13.47925,50.42464,CZ,3.337
12.23065,50.09736,CZ,3.337
12.42887,50.13721,CZ,3.337
12.44141,50.21628,CZ,3.337
12.51446,50.12230,CZ,3.337
12.64490,50.18317,CZ,3.337
12.73132,50.32026,CZ,3.337
12.89310,50.24339,CZ,3.337
12.73378,50.42873,CZ,3.337
13.71767,50.36217,CZ,3.337
13.94980,50.70428,CZ,3.337
13.94135,50.67755,CZ,3.337
14.66408,50.75295,CZ,3.337
14.53641,50.62221,CZ,3.337
14.40327,50.92309,CZ,3.337
14.44894,51.03408,CZ,3.337
12.99905,50.26242,CZ,3.337
14.34063,50.99054,CZ,3.337
12.73200,50.32683,CZ,3.337
12.42937,50.20290,CZ,3.337
13.98303,50.81211,CZ,3.337
12.93624,50.30844,CZ,3.337
14.67471,50.57370,CZ,3.337
14.65583,50.56973,CZ,3.337
12.55305,50.12403,CZ,3.337
12.41177,50.13933,CZ,3.337
12.89554,50.31245,CZ,3.337
14.20130,50.52736,CZ,3.337
13.94944,50.40224,CZ,3.337
14.07758,50.41145,CZ,3.337
14.08640,50.50296,CZ,3.337
13.72680,50.40085,CZ,3.337
13.46875,50.19411,CZ,3.337
15.08753,49.66112,CZ,3.337
14.43658,48.92244,CZ,3.337
14.44703,49.04569,CZ,3.337
14.38899,49.94197,CZ,3.337
14.48952,48.93443,CZ,3.337
14.69774,49.17723,CZ,3.337
14.44121,50.31822,CZ,3.337
14.70912,49.18160,CZ,3.337
13.95116,49.26752,CZ,3.337
14.13779,49.23818,CZ,3.337
14.11767,49.41953,CZ,3.337
14.12691,49.43853,CZ,3.337
15.10119,49.74229,CZ,3.337
14.42742,49.87836,CZ,3.337
14.93281,49.78899,CZ,3.337
13.00849,49.75222,CZ,3.337
13.37559,49.75068,CZ,3.337
12.83907,49.82674,CZ,3.337
13.38524,49.74669,CZ,3.337
13.25219,49.42484,CZ,3.337
13.39251,49.71963,CZ,3.337
13.26622,49.41194,CZ,3.337
13.41213,49.75709,CZ,3.337
13.44281,49.77293,CZ,3.337
14.04588,49.98730,CZ,3.337
14.13281,49.93724,CZ,3.337
14.39752,49.99421,CZ,3.337
13.50557,49.80115,CZ,3.337
13.51965,49.91584,CZ,3.337
13.86743,50.03217,CZ,3.337
14.07522,49.96030,CZ,3.337
14.12927,49.96042,CZ,3.337
14.30420,50.23954,CZ,3.337
13.04099,49.53942,CZ,3.337
13.52394,49.60261,CZ,3.337
13.59205,49.90347,CZ,3.337
13.61813,49.99292,CZ,3.337
13.63717,49.99965,CZ,3.337
13.73541,49.88068,CZ,3.337
13.73676,49.92444,CZ,3.337
13.83881,49.96442,CZ,3.337
13.67047,50.10747,CZ,3.337
15.79926,49.55603,CZ,3.337
15.72903,49.61969,CZ,3.337
15.07837,49.49446,CZ,3.337
15.07742,49.63917,CZ,3.337
14.65865,49.85966,CZ,3.337
15.20523,49.61291,CZ,3.337
14.28799,49.07614,CZ,3.337
13.98688,49.90880,CZ,3.337
14.81761,49.63375,CZ,3.337
14.70453,49.11949,CZ,3.337
14.30927,48.99245,CZ,3.337
13.79477,48.92781,CZ,3.337
14.30517,48.79258,CZ,3.337
14.36307,49.06375,CZ,3.337
14.44540,49.18152,CZ,3.337
14.43790,49.01527,CZ,3.337
14.44714,49.03408,CZ,3.337
14.71100,48.99007,CZ,3.337
14.03357,50.08519,CZ,3.337
14.74665,49.02901,CZ,3.337
14.67970,49.39826,CZ,3.337
14.72098,49.25786,CZ,3.337
14.69343,49.38167,CZ,3.337
14.39835,49.43484,CZ,3.337
14.45960,49.30022,CZ,3.337
14.70144,49.19225,CZ,3.337
14.46026,49.27806,CZ,3.337
13.53742,49.24836,CZ,3.337
13.80321,49.28891,CZ,3.337
13.73575,49.50321,CZ,3.337
13.97055,49.54679,CZ,3.337
14.17571,49.15485,CZ,3.337
15.20632,49.58130,CZ,3.337
12.55524,49.81669,CZ,3.337
12.57141,49.79939,CZ,3.337
13.05498,49.83468,CZ,3.337
13.31577,49.67649,CZ,3.337
13.05949,49.54130,CZ,3.337
12.99233,49.44743,CZ,3.337
13.92035,48.85220,CZ,3.337
14.40178,49.85406,CZ,3.337
13.24811,49.44453,CZ,3.337
13.28658,49.46309,CZ,3.337
13.33737,49.55978,CZ,3.337
13.15389,49.32451,CZ,3.337
13.33828,49.43581,CZ,3.337
15.06407,49.18866,CZ,3.337
13.62656,49.26779,CZ,3.337
13.82421,49.27250,CZ,3.337
15.86024,49.56083,CZ,3.337
15.59548,49.60053,CZ,3.337
15.59500,49.60054,CZ,3.337
15.38240,49.65585,CZ,3.337
13.74294,49.94264,CZ,3.337
13.88333,50.10396,CZ,3.337
13.69849,49.96188,CZ,3.337
13.09947,49.60782,CZ,3.337
13.50405,49.86360,CZ,3.337
14.32378,50.31011,CZ,3.337
13.01859,50.09282,CZ,3.337
13.52591,49.95290,CZ,3.337
13.75151,50.09335,CZ,3.337
13.10474,50.10299,CZ,3.337
13.94443,49.65682,CZ,3.337
14.00468,49.87096,CZ,3.337
13.99702,49.87413,CZ,3.337
13.20727,49.12224,CZ,3.337
14.45681,48.65565,CZ,3.337
14.51963,48.78251,CZ,3.337
14.47078,49.28846,CZ,3.337
14.15406,49.32891,CZ,3.337
15.19976,49.53683,CZ,3.337
15.21578,49.52741,CZ,3.337
15.52844,49.60661,CZ,3.337
15.70207,49.59963,CZ,3.337
15.57716,49.60140,CZ,3.337
15.41136,49.67094,CZ,3.337
15.02816,49.74846,CZ,3.337
14.91472,49.75899,CZ,3.337
14.81694,49.54813,CZ,3.337
14.60756,50.08088,CZ,3.337
14.67992,49.83955,CZ,3.337
14.29313,49.67012,CZ,3.337
14.41339,49.71457,CZ,3.337
14.28023,50.23176,CZ,3.337
14.22449,50.27975,CZ,3.337
14.20037,50.28015,CZ,3.337
15.28206,49.49985,CZ,3.337
15.24853,49.48221,CZ,3.337
15.23711,49.46259,CZ,3.337
15.07904,49.49355,CZ,3.337
12.59507,49.63690,CZ,3.337
15.10387,49.74196,CZ,3.337
14.67095,49.04322,CZ,3.337
14.21641,49.17247,CZ,3.337
15.72663,49.62111,CZ,3.337
15.16844,49.41892,CZ,3.337
14.85946,49.88298,CZ,3.337
13.66464,50.10316,CZ,3.337
14.20557,49.91274,CZ,3.337
14.41557,48.89015,CZ,3.337
14.38856,48.82845,CZ,3.337
15.21848,49.24289,CZ,3.337
14.62203,49.11063,CZ,3.337
15.01023,49.16267,CZ,3.337
14.64232,49.16050,CZ,3.337
14.00842,49.43845,CZ,3.337
14.02467,49.53838,CZ,3.337
13.78482,49.43554,CZ,3.337
14.05719,49.09483,CZ,3.337
13.92445,49.27092,CZ,3.337
14.04986,49.29431,CZ,3.337
14.07194,49.26361,CZ,3.337
14.72151,49.24420,CZ,3.337
14.76070,49.41238,CZ,3.337
14.74765,49.39182,CZ,3.337
14.42671,49.26337,CZ,3.337
14.72071,49.22937,CZ,3.337
14.82087,49.56215,CZ,3.337
14.60166,49.80615,CZ,3.337
15.48220,49.63869,CZ,3.337
15.27907,49.69708,CZ,3.337
15.16355,49.42440,CZ,3.337
14.47262,49.60761,CZ,3.337
14.43787,49.72294,CZ,3.337
15.46370,50.63200,CZ,3.337
17.39970,49.30160,CZ,3.337
16.61890,49.03330,CZ,3.337
16.41080,49.08220,CZ,3.337
17.80030,49.68830,CZ,3.337
14.44210,50.31850,CZ,3.337
15.61940,50.03330,CZ,3.337
14.83610,50.18040,CZ,3.337
14.23590,50.87380,CZ,3.337
14.44850,50.40250,CZ,3.337
14.13280,49.93720,CZ,3.337
14.04130,50.65760,CZ,3.337
10.01700,48.41660,DE,18.973
7.57559,48.02110,DE,18.973
9.87972,53.54029,DE,18.973
6.15184,51.68520,DE,18.973
10.09270,53.66970,DE,18.973
9.88190,53.54180,DE,18.973
10.17960,53.39840,DE,18.973
6.98697,49.64830,DE,18.973
7.00514,49.63610,DE,18.973
11.26430,53.14500,DE,18.973
14.25890,53.24410,DE,18.973
13.21536,52.63610,DE,18.973
14.69232,51.90962,DE,18.973
14.75580,52.05985,DE,18.973
14.55186,52.35765,DE,18.973
14.12264,52.83602,DE,18.973
12.31959,52.75512,DE,18.973
14.34157,51.76283,DE,18.973
13.74427,52.39244,DE,18.973
9.59781,47.62943,DE,18.973
9.53495,47.67201,DE,18.973
9.49640,47.65879,DE,18.973
8.86831,47.72172,DE,18.973
7.82382,48.59392,DE,18.973
9.13966,48.99929,DE,18.973
9.20766,49.22325,DE,18.973
9.19336,49.24548,DE,18.973
9.51559,49.75872,DE,18.973
8.79546,47.67529,DE,18.973
8.33860,47.57099,DE,18.973
8.13327,47.58644,DE,18.973
8.16898,48.92298,DE,18.973
8.45493,49.48374,DE,18.973
8.80014,48.44444,DE,18.973
9.13344,48.53485,DE,18.973
9.37875,48.72105,DE,18.973
9.24796,48.91270,DE,18.973
9.14720,49.00232,DE,18.973
9.20810,49.21649,DE,18.973
8.46871,49.49429,DE,18.973
9.39654,48.07238,DE,18.973
9.96426,48.37390,DE,18.973
13.21577,52.53563,DE,18.973
13.14516,52.39869,DE,18.973
12.96000,48.82507,DE,18.973
11.25958,47.42602,DE,18.973
11.94870,48.45798,DE,18.973
11.86503,48.46074,DE,18.973
12.89496,48.77738,DE,18.973
12.88403,48.77153,DE,18.973
13.01924,48.76515,DE,18.973
13.14570,48.61082,DE,18.973
13.41313,48.93695,DE,18.973
13.45271,48.69357,DE,18.973
12.12611,47.78191,DE,18.973
12.69689,48.25220,DE,18.973
12.47573,47.78196,DE,18.973
12.92704,47.93827,DE,18.973
13.03409,48.26097,DE,18.973
13.43650,48.55331,DE,18.973
13.70213,48.52071,DE,18.973
10.86251,49.92454,DE,18.973
11.04582,49.68719,DE,18.973
10.78723,49.92421,DE,18.973
9.85468,49.85488,DE,18.973
9.69194,50.06097,DE,18.973
8.99030,50.06392,DE,18.973
9.98861,48.37052,DE,18.973
10.00460,48.36522,DE,18.973
10.02689,48.42405,DE,18.973
10.38994,48.49779,DE,18.973
10.50016,48.56832,DE,18.973
11.84066,50.37134,DE,18.973
10.68817,48.79357,DE,18.973
10.84638,48.71699,DE,18.973
10.93555,48.34559,DE,18.973
10.66612,48.10353,DE,18.973
10.92126,48.72746,DE,18.973
11.14321,48.73485,DE,18.973
11.53928,48.75675,DE,18.973
11.86676,48.91598,DE,18.973
11.57249,49.02505,DE,18.973
12.03365,48.94169,DE,18.973
11.93621,49.11871,DE,18.973
12.17535,49.22264,DE,18.973
10.11797,53.69366,DE,18.973
10.17831,53.39691,DE,18.973
12.46731,54.24734,DE,18.973
11.02346,53.87609,DE,18.973
12.17102,54.06407,DE,18.973
12.00559,53.83868,DE,18.973
12.32195,53.69080,DE,18.973
10.79749,53.33914,DE,18.973
11.26425,53.14559,DE,18.973
11.81102,53.44739,DE,18.973
13.68624,53.85887,DE,18.973
13.04220,53.89931,DE,18.973
14.04844,53.73485,DE,18.973
12.06870,53.82523,DE,18.973
12.77637,54.02014,DE,18.973
14.04323,53.72543,DE,18.973
8.87458,53.05279,DE,18.973
7.34741,52.69524,DE,18.973
7.31422,53.03160,DE,18.973
7.70153,53.18024,DE,18.973
7.05676,53.35262,DE,18.973
9.60460,51.50061,DE,18.973
9.24872,52.15799,DE,18.973
9.06254,52.58336,DE,18.973
9.21019,52.68845,DE,18.973
10.92656,52.46076,DE,18.973
10.55795,52.49439,DE,18.973
10.43008,52.35185,DE,18.973
10.29454,52.55969,DE,18.973
10.16753,52.54416,DE,18.973
10.05424,52.50796,DE,18.973
9.93014,51.40599,DE,18.973
10.00017,51.71352,DE,18.973
9.76159,52.13589,DE,18.973
9.82860,52.24773,DE,18.973
9.46636,52.50964,DE,18.973
9.22471,52.92435,DE,18.973
8.57217,53.00301,DE,18.973
9.14034,53.10694,DE,18.973
8.82025,53.20312,DE,18.973
8.51926,53.19737,DE,18.973
8.47318,52.82550,DE,18.973
8.32211,53.16126,DE,18.973
11.56970,53.03823,DE,18.973
11.06000,53.12705,DE,18.973
10.46405,53.14977,DE,18.973
9.55550,53.49210,DE,18.973
9.14766,53.75368,DE,18.973
8.89815,53.80612,DE,18.973
6.73863,52.61160,DE,18.973
7.78604,53.59162,DE,18.973
8.27705,50.00686,DE,18.973
7.91078,49.91157,DE,18.973
7.61229,50.30805,DE,18.973
7.59982,50.34959,DE,18.973
6.36592,49.56778,DE,18.973
6.49572,49.72606,DE,18.973
6.57537,49.66808,DE,18.973
7.22621,50.12309,DE,18.973
7.58135,50.36600,DE,18.973
8.37930,49.63110,DE,18.973
6.98857,49.64609,DE,18.973
7.00131,49.63287,DE,18.973
7.02841,49.19701,DE,18.973
6.64742,49.40935,DE,18.973
6.59272,49.34226,DE,18.973
7.18305,49.13580,DE,18.973
14.23015,50.89131,DE,18.973
13.40405,51.20933,DE,18.973
12.89513,51.64857,DE,18.973
14.98034,51.09662,DE,18.973
14.72998,51.58178,DE,18.973
14.06854,51.49991,DE,18.973
13.44660,51.43434,DE,18.973
12.80096,51.15767,DE,18.973
12.79351,51.15682,DE,18.973
12.58043,51.59069,DE,18.973
12.24748,50.27030,DE,18.973
12.65120,51.85743,DE,18.973
12.23731,51.87167,DE,18.973
12.86788,51.80287,DE,18.973
12.06184,51.28938,DE,18.973
11.95454,51.51059,DE,18.973
11.98382,51.42296,DE,18.973
11.76938,51.20969,DE,18.973
11.67912,52.06650,DE,18.973
11.70623,51.84575,DE,18.973
11.87450,51.91651,DE,18.973
11.60191,52.99616,DE,18.973
12.05242,52.85361,DE,18.973
11.18253,51.30614,DE,18.973
11.03669,51.14863,DE,18.973
11.69431,51.07229,DE,18.973
12.01798,50.93174,DE,18.973
11.33370,50.71679,DE,18.973
10.07621,50.96644,DE,18.973
10.41310,50.57359,DE,18.973
8.41000,49.69870,DE,18.973
8.35730,49.95610,DE,18.973
8.34550,49.99940,DE,18.973
8.91800,50.14180,DE,18.973
8.01190,50.38480,DE,18.973
8.42910,50.54750,DE,18.973
9.79580,51.38520,DE,18.973
9.54660,51.36320,DE,18.973
9.72040,51.00370,DE,18.973
9.40610,51.11770,DE,18.973
9.46550,51.63140,DE,18.973
8.56060,50.10020,DE,18.973
9.05420,51.17050,DE,18.973
6.99434,51.07017,DE,18.973
6.68753,51.15940,DE,18.973
6.73438,51.44447,DE,18.973
6.72010,51.55731,DE,18.973
7.36755,51.66282,DE,18.973
8.88783,52.30086,DE,18.973
6.09134,51.11119,DE,18.973
6.08094,51.12594,DE,18.973
7.18341,50.81190,DE,18.973
7.65474,50.77014,DE,18.973
6.84606,50.76595,DE,18.973
6.97753,51.03983,DE,18.973
6.06915,51.70895,DE,18.973
6.27947,51.17264,DE,18.973
6.08309,51.22755,DE,18.973
7.57982,51.43576,DE,18.973
7.54696,51.36812,DE,18.973
7.44960,51.38503,DE,18.973
7.96684,50.84506,DE,18.973
8.49882,50.99670,DE,18.973
7.19003,51.73598,DE,18.973
7.51238,51.61694,DE,18.973
7.83990,51.68841,DE,18.973
8.71053,51.74240,DE,18.973
8.01481,51.66488,DE,18.973
8.19463,51.47578,DE,18.973
8.22538,51.95429,DE,18.973
8.82540,52.21949,DE,18.973
8.79142,52.03753,DE,18.973
8.66942,52.11958,DE,18.973
8.66431,52.19704,DE,18.973
9.19695,51.48308,DE,18.973
6.75344,52.09382,DE,18.973
7.69007,52.01532,DE,18.973
7.42164,52.30786,DE,18.973
10.24089,53.50534,DE,18.973
9.80671,54.01008,DE,18.973
9.46908,53.92930,DE,18.973
10.01435,53.94611,DE,18.973
9.13944,54.33880,DE,18.973
9.08460,54.37130,DE,18.973
8.75687,54.68249,DE,18.973
9.63761,54.53499,DE,18.973
10.18804,54.32716,DE,18.973
10.71630,53.91794,DE,18.973
10.80804,54.20226,DE,18.973
10.64102,53.84718,DE,18.973
10.28157,53.92951,DE,18.973
10.54556,54.26625,DE,18.973
10.77798,54.16564,DE,18.973
23.05947,58.42465,EE,81.781
25.06172,58.51513,EE,81.781
23.87334,59.25945,EE,81.781
26.13411,58.38493,EE,81.781
26.40476,59.54338,EE,81.781
27.74062,59.00093,EE,81.781
24.99444,58.47972,EE,81.781
23.98945,58.73361,EE,81.781
24.85578,59.46120,EE,81.781
25.78497,59.55165,EE,81.781
27.07508,59.04744,EE,81.781
25.17847,59.44974,EE,81.781
25.69524,59.36056,EE,81.781
27.47620,58.08794,EE,81.781
26.34957,57.59868,EE,81.781
27.13095,58.26895,EE,81.781
24.36389,59.43143,EE,81.781
27.04508,58.37698,EE,81.781
27.73618,57.88934,EE,81.781
22.65180,37.87420,EL,50.704
22.69420,36.83950,EL,50.704
21.55200,38.36000,EL,50.704
20.81510,40.02020,EL,50.704
20.79400,39.16360,EL,50.704
23.16870,38.43330,EL,50.704
22.52050,38.82470,EL,50.704
21.71460,39.53820,EL,50.704
21.86410,39.51530,EL,50.704
22.14820,39.58660,EL,50.704
22.42150,39.66240,EL,50.704
22.08260,39.87500,EL,50.704
22.20500,39.70450,EL,50.704
22.45730,40.59090,EL,50.704
22.37340,40.76830,EL,50.704
23.64820,40.96620,EL,50.704
26.51310,41.33600,EL,50.704
26.21650,40.86290,EL,50.704
26.20980,41.58720,EL,50.704
24.04010,41.45590,EL,50.704
25.36180,40.97390,EL,50.704
25.21020,41.14860,EL,50.704
-8.64690,42.03650,ES,6.967
-8.49734,42.07923,ES,6.967
-7.47721,43.18150,ES,6.967
-8.63610,42.06652,ES,6.967
-8.13598,42.24418,ES,6.967
-7.87195,42.34365,ES,6.967
-6.80767,42.46808,ES,6.967
-6.81013,42.51430,ES,6.967
-6.59636,42.54282,ES,6.967
-7.34929,42.46209,ES,6.967
-6.91270,42.41211,ES,6.967
-6.81522,42.41575,ES,6.967
-6.81424,42.61095,ES,6.967
-6.42029,42.61298,ES,6.967
-7.71151,43.30342,ES,6.967
-7.88353,42.02116,ES,6.967
-8.67520,42.06500,ES,6.967
-7.47937,42.55740,ES,6.967
-7.52218,42.95419,ES,6.967
-7.48002,42.62599,ES,6.967
-7.86281,42.30628,ES,6.967
-6.81752,42.60511,ES,6.967
-6.68027,42.41320,ES,6.967
-6.47840,42.60290,ES,6.967
-6.72608,42.66857,ES,6.967
-7.88808,43.18749,ES,6.967
-7.57017,43.00113,ES,6.967
-8.23806,42.37013,ES,6.967
-8.24987,42.45965,ES,6.967
-7.72061,41.98890,ES,6.967
-7.40337,42.36381,ES,6.967
-7.38860,42.30170,ES,6.967
-7.49429,42.27328,ES,6.967
-8.47027,42.22801,ES,6.967
-8.13170,41.93112,ES,6.967
-7.18288,42.16192,ES,6.967
-7.59857,43.18904,ES,6.967
-7.76728,43.03949,ES,6.967
-7.49592,42.86425,ES,6.967
-7.68394,42.03489,ES,6.967
-7.68275,42.05998,ES,6.967
-7.79891,41.92573,ES,6.967
-7.75955,42.08518,ES,6.967
-7.84496,42.03269,ES,6.967
-6.69955,42.61360,ES,6.967
-7.05482,42.43242,ES,6.967
-7.02593,42.22689,ES,6.967
-7.37415,42.68742,ES,6.967
-7.55914,42.50864,ES,6.967
-7.47458,42.53823,ES,6.967
-7.45480,42.88587,ES,6.967
-8.60032,42.21439,ES,6.967
-7.45312,43.23791,ES,6.967
-7.54015,43.00714,ES,6.967
-7.81742,43.19003,ES,6.967
-7.30419,42.55767,ES,6.967
-7.45592,42.59126,ES,6.967
-7.58222,42.49885,ES,6.967
-6.46180,42.82837,ES,6.967
-6.51656,42.59618,ES,6.967
-6.70027,42.41918,ES,6.967
-7.12564,42.30099,ES,6.967
-7.24337,42.31250,ES,6.967
-7.19505,42.26425,ES,6.967
-7.63462,42.26130,ES,6.967
-8.69263,42.00900,ES,6.967
-8.72525,41.99503,ES,6.967
-6.76525,42.54956,ES,6.967
-6.52271,42.69466,ES,6.967
-6.49987,42.67312,ES,6.967
-7.37370,42.81655,ES,6.967
-7.42419,42.77887,ES,6.967
-8.11889,42.38443,ES,6.967
-6.40900,42.62028,ES,6.967
-8.02650,42.21046,ES,6.967
-6.95527,42.43565,ES,6.967
-7.53673,43.17068,ES,6.967
-7.38951,43.26082,ES,6.967
-6.64865,42.73571,ES,6.967
-7.93723,41.99663,ES,6.967
-6.65128,42.75415,ES,6.967
-6.65998,42.72356,ES,6.967
-6.85030,42.37605,ES,6.967
-6.51057,42.83182,ES,6.967
-8.62511,42.14458,ES,6.967
-6.73029,42.57034,ES,6.967
-7.80684,42.06162,ES,6.967
-7.75903,43.32824,ES,6.967
-7.50163,43.29269,ES,6.967
-7.42871,43.21775,ES,6.967
-7.60888,43.13166,ES,6.967
-7.69358,43.04725,ES,6.967
-7.51207,42.93879,ES,6.967
-7.29354,42.73960,ES,6.967
-7.39657,42.91903,ES,6.967
-7.65640,42.86921,ES,6.967
-6.26683,42.93953,ES,6.967
-6.51849,42.72277,ES,6.967
-6.87548,42.54286,ES,6.967
-6.89406,42.46383,ES,6.967
-7.18308,42.11821,ES,6.967
-7.24622,42.47740,ES,6.967
-7.25720,42.65659,ES,6.967
-8.14303,42.39547,ES,6.967
-8.13710,42.17995,ES,6.967
-8.54876,42.07652,ES,6.967
-7.59640,43.00154,ES,6.967
-7.84271,43.13879,ES,6.967
-6.70447,42.80749,ES,6.967
-8.18850,42.13600,ES,6.967
-7.18658,42.97437,ES,6.967
-6.27042,42.78521,ES,6.967
-6.73123,42.86378,ES,6.967
-6.49038,42.31462,ES,6.967
-6.86645,42.19733,ES,6.967
-6.94521,42.25093,ES,6.967
-8.28976,42.37211,ES,6.967
-7.51921,42.13616,ES,6.967
-6.97539,42.23818,ES,6.967
-6.45082,42.87060,ES,6.967
-7.21291,42.32915,ES,6.967
-7.54848,42.47217,ES,6.967
-8.06793,42.23374,ES,6.967
-8.31734,42.28855,ES,6.967
-7.60767,42.48777,ES,6.967
-6.72796,42.66920,ES,6.967
-6.56696,42.54669,ES,6.967
-6.99774,42.42256,ES,6.967
-8.23900,42.14590,ES,6.967
-8.46244,42.16017,ES,6.967
-8.17708,42.43559,ES,6.967
-7.28939,42.34883,ES,6.967
-7.19616,42.14211,ES,6.967
-8.10737,41.86154,ES,6.967
-7.11861,42.53044,ES,6.967
-6.42250,42.64009,ES,6.967
-6.50512,42.56833,ES,6.967
-6.91558,42.63873,ES,6.967
-6.67341,42.35540,ES,6.967
-7.00634,42.33697,ES,6.967
-7.99321,41.93065,ES,6.967
-7.12629,42.33956,ES,6.967
-7.49821,42.37182,ES,6.967
-8.17347,42.25437,ES,6.967
-8.39014,42.09335,ES,6.967
-8.05755,41.94604,ES,6.967
-7.74381,42.46343,ES,6.967
-7.64195,42.87456,ES,6.967
-7.13777,42.10931,ES,6.967
-6.50965,42.82136,ES,6.967
-7.52257,42.73644,ES,6.967
-7.99936,42.32450,ES,6.967
-7.85450,42.09352,ES,6.967
-8.07080,41.90078,ES,6.967
-6.99076,42.25797,ES,6.967
-7.70188,42.80946,ES,6.967
-7.75661,42.64994,ES,6.967
-7.02979,42.43529,ES,6.967
-7.72293,42.52755,ES,6.967
-7.34661,42.07530,ES,6.967
-7.54704,42.56258,ES,6.967
-7.76789,42.65747,ES,6.967
-7.60824,43.08254,ES,6.967
-7.53378,42.93669,ES,6.967
-8.16299,42.27640,ES,6.967
-6.82658,42.34502,ES,6.967
-6.39634,42.60280,ES,6.967
-6.64870,42.74207,ES,6.967
-7.34520,42.31979,ES,6.967
-7.87332,42.34463,ES,6.967
-6.91067,42.41034,ES,6.967
-6.70450,42.80749,ES,6.967
-7.51703,43.18754,ES,6.967
-7.75681,42.90641,ES,6.967
-7.69759,42.89357,ES,6.967
-7.05491,42.57605,ES,6.967
-7.01124,42.53847,ES,6.967
-7.73149,43.23439,ES,6.967
-7.19065,42.39321,ES,6.967
-7.71443,42.87883,ES,6.967
-7.44259,42.87904,ES,6.967
-8.12828,42.15973,ES,6.967
-8.03547,42.19353,ES,6.967
-8.00360,42.35288,ES,6.967
-8.16308,42.47310,ES,6.967
-8.11451,42.42593,ES,6.967
-6.99510,42.09327,ES,6.967
-7.23257,42.14931,ES,6.967
-8.52036,42.22728,ES,6.967
-8.40491,42.24846,ES,6.967
-6.93169,42.66545,ES,6.967
-6.70335,42.73721,ES,6.967
-6.39263,42.81601,ES,6.967
-6.62778,42.26224,ES,6.967
-6.94142,42.61953,ES,6.967
-6.76663,42.49325,ES,6.967
-6.29406,42.68354,ES,6.967
-6.60405,42.35751,ES,6.967
-6.71455,42.72723,ES,6.967
-6.55592,42.27273,ES,6.967
-6.18915,42.99526,ES,6.967
-6.50781,42.36520,ES,6.967
-8.46484,42.39247,ES,6.967
-8.44671,42.35260,ES,6.967
-8.55911,42.34557,ES,6.967
-8.55590,42.33951,ES,6.967
-8.76525,42.20159,ES,6.967
-8.51488,42.51814,ES,6.967
-8.59555,42.45152,ES,6.967
-8.63107,42.60258,ES,6.967
-8.75806,42.52703,ES,6.967
-8.06478,42.84398,ES,6.967
-8.52372,42.75267,ES,6.967
-8.33203,42.82092,ES,6.967
-8.60183,42.74370,ES,6.967
-8.63395,42.85612,ES,6.967
-8.65991,42.74340,ES,6.967
-8.45210,43.15393,ES,6.967
-8.46840,42.97791,ES,6.967
-8.59165,42.97721,ES,6.967
-8.89670,43.00065,ES,6.967
-9.13463,43.04419,ES,6.967
-9.23077,43.00156,ES,6.967
-8.99397,43.14663,ES,6.967
-9.10391,43.13648,ES,6.967
-8.72285,43.20503,ES,6.967
-8.25170,43.25225,ES,6.967
-8.33198,43.28647,ES,6.967
-8.00305,43.11249,ES,6.967
-8.16719,43.26728,ES,6.967
-7.88247,43.40471,ES,6.967
-8.10612,43.42028,ES,6.967
-8.04882,43.53525,ES,6.967
-8.15294,43.50447,ES,6.967
-7.90086,43.57739,ES,6.967
-7.90848,43.63857,ES,6.967
-7.75413,43.55460,ES,6.967
-7.37424,43.56338,ES,6.967
-7.42346,43.53141,ES,6.967
-7.60704,43.56409,ES,6.967
-7.33577,43.47581,ES,6.967
-2.45090,41.80517,ES,6.967
-3.38526,41.60045,ES,6.967
-3.68602,41.66397,ES,6.967
-4.66712,41.71699,ES,6.967
-4.81583,41.58953,ES,6.967
-4.78140,40.61349,ES,6.967
-4.10790,40.95041,ES,6.967
-4.91637,41.50583,ES,6.967
-4.51997,41.95842,ES,6.967
-5.82497,42.20490,ES,6.967
-5.39706,41.49820,ES,6.967
-5.62369,41.63183,ES,6.967
-5.66955,41.94576,ES,6.967
-5.74128,41.88908,ES,6.967
-3.82783,42.31685,ES,6.967
-5.54073,42.52498,ES,6.967
-4.72624,42.50495,ES,6.967
-3.79871,41.67042,ES,6.967
-7.44181,41.86385,ES,6.967
-4.21220,41.01191,ES,6.967
-4.95093,41.31807,ES,6.967
-4.69405,40.76536,ES,6.967
-2.70023,41.49569,ES,6.967
-5.30090,41.43768,ES,6.967
-3.80288,42.46526,ES,6.967
-4.47439,42.87280,ES,6.967
-4.31410,42.41031,ES,6.967
-4.15916,42.30095,ES,6.967
-4.01106,41.80902,ES,6.967
-4.97121,42.06627,ES,6.967
-5.12821,43.04741,ES,6.967
-4.85874,43.03013,ES,6.967
-5.26309,43.00983,ES,6.967
-5.98994,42.75627,ES,6.967
-5.82653,42.09320,ES,6.967
-6.14643,41.71685,ES,6.967
-2.20181,41.65853,ES,6.967
-3.91215,41.37140,ES,6.967
-5.49655,42.06580,ES,6.967
-4.66511,41.44031,ES,6.967
-4.46979,41.36178,ES,6.967
-6.60803,40.88018,ES,6.967
-3.30527,42.08003,ES,6.967
-4.46541,42.97930,ES,6.967
-4.37251,42.50425,ES,6.967
-4.03727,42.44568,ES,6.967
-4.42243,42.68263,ES,6.967
-3.08804,41.39161,ES,6.967
-4.99923,42.61146,ES,6.967
-2.88682,41.42418,ES,6.967
-6.78193,40.71819,ES,6.967
-6.20634,41.60701,ES,6.967
-3.48517,41.97536,ES,6.967
-6.21614,40.93780,ES,6.967
-3.05428,41.65214,ES,6.967
-4.02201,41.49486,ES,6.967
-3.45868,41.45651,ES,6.967
-4.00140,41.22731,ES,6.967
-3.80121,41.29614,ES,6.967
-6.65183,41.01092,ES,6.967
-4.29608,41.03985,ES,6.967
-5.63659,42.72915,ES,6.967
-5.87843,42.48874,ES,6.967
-4.50877,41.06913,ES,6.967
-6.10760,41.99631,ES,6.967
-3.59321,42.32803,ES,6.967
-5.93416,42.36952,ES,6.967
-4.54402,41.84471,ES,6.967
-2.93696,41.63300,ES,6.967
-5.15280,41.80890,ES,6.967
-4.39535,42.87798,ES,6.967
-5.55697,42.49566,ES,6.967
-4.31039,41.96480,ES,6.967
-2.50744,41.76241,ES,6.967
-5.64112,41.43782,ES,6.967
-6.79295,40.98290,ES,6.967
-6.69870,40.63011,ES,6.967
-5.90341,42.36273,ES,6.967
-6.15166,41.32431,ES,6.967
-5.65330,41.04446,ES,6.967
-4.40726,41.56937,ES,6.967
-5.62396,42.60900,ES,6.967
-5.09809,41.47250,ES,6.967
-4.31104,42.93348,ES,6.967
-5.56245,42.70095,ES,6.967
-7.54672,41.88082,ES,6.967
-6.00404,41.91678,ES,6.967
-7.45198,42.05027,ES,6.967
-6.17635,42.43765,ES,6.967
-3.96855,41.00752,ES,6.967
-5.17921,40.64292,ES,6.967
-3.22083,41.87339,ES,6.967
-5.40723,42.82706,ES,6.967
-3.27466,42.20367,ES,6.967
-3.02546,41.99130,ES,6.967
-3.69230,41.86471,ES,6.967
-4.66425,41.64856,ES,6.967
-4.81742,41.56210,ES,6.967
-5.55693,41.50901,ES,6.967
-6.40706,42.41026,ES,6.967
-4.55486,40.89517,ES,6.967
-4.53857,41.17719,ES,6.967
-4.62674,42.04456,ES,6.967
-5.65235,42.91753,ES,6.967
-5.73033,42.87869,ES,6.967
-5.43376,42.96617,ES,6.967
-5.27078,42.91858,ES,6.967
-5.28477,42.83609,ES,6.967
-5.35167,42.73206,ES,6.967
-5.50333,42.87701,ES,6.967
-5.87452,42.43543,ES,6.967
-5.98743,42.88808,ES,6.967
-4.50447,42.84653,ES,6.967
-6.01681,42.83325,ES,6.967
-5.96101,42.75628,ES,6.967
-6.02230,42.72511,ES,6.967
-5.87980,42.68664,ES,6.967
-4.85431,42.84664,ES,6.967
-4.69813,42.65149,ES,6.967
-4.27159,42.75590,ES,6.967
-4.28378,42.54679,ES,6.967
-4.20496,42.54791,ES,6.967
-5.03457,42.73882,ES,6.967
-6.13993,42.55861,ES,6.967
-6.14652,42.49699,ES,6.967
-3.59250,42.46690,ES,6.967
-3.77046,42.27338,ES,6.967
-5.49251,41.88781,ES,6.967
-4.91576,41.88524,ES,6.967
-5.39319,41.72016,ES,6.967
-3.95676,42.54728,ES,6.967
-4.45253,42.19511,ES,6.967
-6.33183,42.38723,ES,6.967
-6.25588,42.35435,ES,6.967
-3.51009,42.39475,ES,6.967
-4.18015,42.34587,ES,6.967
-6.31385,42.26409,ES,6.967
-3.93389,42.50430,ES,6.967
-3.88608,42.42357,ES,6.967
-4.64762,42.31150,ES,6.967
-3.50083,42.24010,ES,6.967
-5.92888,42.26899,ES,6.967
-5.85033,42.21226,ES,6.967
-4.35297,42.36398,ES,6.967
-5.33954,42.14832,ES,6.967
-6.62097,42.12248,ES,6.967
-6.69575,42.08681,ES,6.967
-6.69418,42.04147,ES,6.967
-6.46024,42.10835,ES,6.967
-6.36760,42.10184,ES,6.967
-6.31675,42.08643,ES,6.967
-7.50259,41.96244,ES,6.967
-7.56336,41.91245,ES,6.967
-7.40610,41.91990,ES,6.967
-3.10024,41.97523,ES,6.967
-3.17137,42.02081,ES,6.967
-3.23774,41.96034,ES,6.967
-3.32452,42.10242,ES,6.967
-3.37047,42.11406,ES,6.967
-6.02000,42.09340,ES,6.967
-7.26369,41.95694,ES,6.967
-7.28089,41.93457,ES,6.967
-4.74447,42.04425,ES,6.967
-4.73930,42.13069,ES,6.967
-4.58875,41.78792,ES,6.967
-6.54284,41.93608,ES,6.967
-2.43247,41.91875,ES,6.967
-2.52303,41.90191,ES,6.967
-3.00759,41.95160,ES,6.967
-6.40934,41.93936,ES,6.967
-6.26389,41.95138,ES,6.967
-6.47580,41.80626,ES,6.967
-6.53200,41.71979,ES,6.967
-6.50092,41.71207,ES,6.967
-2.91347,41.93086,ES,6.967
-4.20136,41.93948,ES,6.967
-6.10359,41.89394,ES,6.967
-5.86270,41.94764,ES,6.967
-6.20797,41.79158,ES,6.967
-6.25333,41.76848,ES,6.967
-4.36621,41.73325,ES,6.967
-2.56121,41.81356,ES,6.967
-1.89045,41.73256,ES,6.967
-2.05439,41.70337,ES,6.967
-2.88982,41.73474,ES,6.967
-2.80156,41.71200,ES,6.967
-4.61774,41.57719,ES,6.967
-3.51329,41.75031,ES,6.967
-2.44196,41.69445,ES,6.967
-5.29007,41.48069,ES,6.967
-2.94736,41.48688,ES,6.967
-3.10374,41.50806,ES,6.967
-2.50642,41.64098,ES,6.967
-4.43041,41.37760,ES,6.967
-4.12450,41.08252,ES,6.967
-4.46425,41.44152,ES,6.967
-4.70297,41.52919,ES,6.967
-4.07358,41.53502,ES,6.967
-3.53016,41.42205,ES,6.967
-3.06704,41.48796,ES,6.967
-4.76239,41.46448,ES,6.967
-2.89385,41.34787,ES,6.967
-2.80717,41.43828,ES,6.967
-5.57441,41.48049,ES,6.967
-5.80700,41.40404,ES,6.967
-4.35528,40.93430,ES,6.967
-4.33228,41.14584,ES,6.967
-4.43533,41.11838,ES,6.967
-3.25990,41.30837,ES,6.967
-5.35364,41.11757,ES,6.967
-5.36015,41.26272,ES,6.967
-3.66765,41.34900,ES,6.967
-3.71318,41.29344,ES,6.967
-4.98870,40.91701,ES,6.967
-6.48826,41.17852,ES,6.967
-5.67444,41.20377,ES,6.967
-5.64656,41.13350,ES,6.967
-3.78971,41.15031,ES,6.967
-5.74175,41.03492,ES,6.967
-5.82302,41.05842,ES,6.967
-5.09004,41.05364,ES,6.967
-6.73554,40.81747,ES,6.967
-6.41076,40.94939,ES,6.967
-6.24066,40.72640,ES,6.967
-6.38790,40.80035,ES,6.967
-4.09016,40.96150,ES,6.967
-4.13398,40.93192,ES,6.967
-4.14189,40.87616,ES,6.967
-4.18569,40.92192,ES,6.967
-5.02968,40.69976,ES,6.967
-5.34323,40.69438,ES,6.967
-6.78839,40.62192,ES,6.967
-6.75570,40.75537,ES,6.967
-6.77949,40.82542,ES,6.967
-6.82189,40.81663,ES,6.967
-4.35689,40.82823,ES,6.967
-4.57717,40.72295,ES,6.967
-4.49906,40.78278,ES,6.967
-6.81981,40.72802,ES,6.967
-6.12594,40.62259,ES,6.967
-6.12362,40.58916,ES,6.967
-6.39757,40.64593,ES,6.967
-5.95796,40.64641,ES,6.967
-4.40181,40.68860,ES,6.967
-4.67018,40.63823,ES,6.967
-4.99211,40.53201,ES,6.967
-4.86257,40.55853,ES,6.967
-5.52862,40.35647,ES,6.967
-6.38477,40.47988,ES,6.967
-6.36301,40.46610,ES,6.967
-6.41959,40.46580,ES,6.967
-5.50479,40.51393,ES,6.967
-5.26219,40.52673,ES,6.967
-5.33076,40.46750,ES,6.967
-5.42437,40.47566,ES,6.967
-6.54957,40.43716,ES,6.967
-6.69492,40.38027,ES,6.967
-6.53318,40.33887,ES,6.967
-5.42615,40.39943,ES,6.967
-5.40259,40.30370,ES,6.967
-5.42879,40.29318,ES,6.967
-6.47367,41.87654,ES,6.967
-7.60707,41.85239,ES,6.967
-7.18391,41.94455,ES,6.967
-6.54395,41.78381,ES,6.967
-7.40432,41.82095,ES,6.967
-7.36095,41.88228,ES,6.967
-4.25265,40.74068,ES,6.967
-5.14825,42.75129,ES,6.967
-3.99979,41.62962,ES,6.967
-3.98156,41.45329,ES,6.967
-3.69409,42.34121,ES,6.967
-5.16151,43.07017,ES,6.967
-5.32000,43.05387,ES,6.967
-4.96668,43.05535,ES,6.967
-5.60700,42.63916,ES,6.967
-6.04711,42.95333,ES,6.967
-6.07399,42.94288,ES,6.967
-5.13825,42.95419,ES,6.967
-4.75930,42.96069,ES,6.967
-4.44611,42.93718,ES,6.967
-6.13254,42.81928,ES,6.967
-4.99109,42.80519,ES,6.967
-4.58773,42.88908,ES,6.967
-4.25809,42.85100,ES,6.967
-4.21900,42.86599,ES,6.967
-4.87118,42.90754,ES,6.967
-4.72991,42.78799,ES,6.967
-4.65790,42.66245,ES,6.967
-4.27011,42.79264,ES,6.967
-4.32342,42.62498,ES,6.967
-5.64846,42.68086,ES,6.967
-6.05545,42.63100,ES,6.967
-4.09865,42.54284,ES,6.967
-5.92748,42.57792,ES,6.967
-3.59312,42.22464,ES,6.967
-3.97262,42.23010,ES,6.967
-5.24095,41.91634,ES,6.967
-5.47013,41.81314,ES,6.967
-5.65238,41.68845,ES,6.967
-5.87437,42.59283,ES,6.967
-4.50287,42.30458,ES,6.967
-4.82167,42.71205,ES,6.967
-4.22852,42.07448,ES,6.967
-5.39898,42.46131,ES,6.967
-5.52625,42.37460,ES,6.967
-3.63059,42.36690,ES,6.967
-6.08619,42.18816,ES,6.967
-3.92695,42.34408,ES,6.967
-6.04376,42.33507,ES,6.967
-4.82715,42.39498,ES,6.967
-4.74895,42.28939,ES,6.967
-6.10795,42.27975,ES,6.967
-5.55950,42.31739,ES,6.967
-5.16569,42.27794,ES,6.967
-5.78069,42.29602,ES,6.967
-6.32677,42.12390,ES,6.967
-6.33814,42.06353,ES,6.967
-3.14344,42.16355,ES,6.967
-6.76996,42.17324,ES,6.967
-3.30812,42.01486,ES,6.967
-3.81106,42.10295,ES,6.967
-3.42977,42.09639,ES,6.967
-3.13715,42.10997,ES,6.967
-5.70457,42.38380,ES,6.967
-7.06014,41.97441,ES,6.967
-6.63611,41.95735,ES,6.967
-2.50905,42.02755,ES,6.967
-6.71289,41.95715,ES,6.967
-2.47253,41.84652,ES,6.967
-2.49427,41.81569,ES,6.967
-2.69354,41.95692,ES,6.967
-3.95625,41.99785,ES,6.967
-6.27468,41.82037,ES,6.967
-2.32210,41.88249,ES,6.967
-5.71459,41.88309,ES,6.967
-2.82823,41.90240,ES,6.967
-2.64677,41.87883,ES,6.967
-2.38286,41.82110,ES,6.967
-4.28898,41.86917,ES,6.967
-5.91810,41.83196,ES,6.967
-4.39368,41.81031,ES,6.967
-3.40012,41.82651,ES,6.967
-3.39997,41.75912,ES,6.967
-2.93967,41.58667,ES,6.967
-3.07993,41.54413,ES,6.967
-6.04352,41.79845,ES,6.967
-3.70933,41.75597,ES,6.967
-5.90022,41.71555,ES,6.967
-6.05036,41.70683,ES,6.967
-3.34264,41.71665,ES,6.967
-3.31264,41.68326,ES,6.967
-3.63319,41.67706,ES,6.967
-3.58595,41.75705,ES,6.967
-2.38375,41.69935,ES,6.967
-5.08273,41.62650,ES,6.967
-5.21838,41.59595,ES,6.967
-5.29029,41.55963,ES,6.967
-4.45025,41.67165,ES,6.967
-3.20308,41.65112,ES,6.967
-3.82051,41.60463,ES,6.967
-3.62451,41.60058,ES,6.967
-4.17769,41.59042,ES,6.967
-3.66655,41.55129,ES,6.967
-2.76674,41.56847,ES,6.967
-3.41326,41.57454,ES,6.967
-4.23143,41.37948,ES,6.967
-4.31492,41.17986,ES,6.967
-4.36521,41.25803,ES,6.967
-5.77366,41.49786,ES,6.967
-5.44483,41.52891,ES,6.967
-4.43063,41.56118,ES,6.967
-3.28994,41.45052,ES,6.967
-3.99322,41.50201,ES,6.967
-5.86437,41.49492,ES,6.967
-6.39995,41.27855,ES,6.967
-6.24998,41.45289,ES,6.967
-2.64011,41.59193,ES,6.967
-5.97718,41.36769,ES,6.967
-5.99863,41.41649,ES,6.967
-2.47166,41.43633,ES,6.967
-5.48640,41.46050,ES,6.967
-2.86517,41.49037,ES,6.967
-5.54020,41.41897,ES,6.967
-4.48337,41.19878,ES,6.967
-4.70388,41.33930,ES,6.967
-4.69794,41.36147,ES,6.967
-4.89489,40.79392,ES,6.967
-4.80272,40.88555,ES,6.967
-3.32828,41.35723,ES,6.967
-3.39928,41.43686,ES,6.967
-5.28474,41.11551,ES,6.967
-5.41549,41.43224,ES,6.967
-5.90721,41.37285,ES,6.967
-5.02135,41.43005,ES,6.967
-6.07795,41.26370,ES,6.967
-3.76027,41.22000,ES,6.967
-6.41897,41.19422,ES,6.967
-6.41229,41.07646,ES,6.967
-6.58093,41.16286,ES,6.967
-3.46084,41.32872,ES,6.967
-3.41161,41.40491,ES,6.967
-5.84652,41.10877,ES,6.967
-3.70012,41.25115,ES,6.967
-6.72649,41.12561,ES,6.967
-6.64655,41.03034,ES,6.967
-6.54072,41.01879,ES,6.967
-5.89131,40.95506,ES,6.967
-6.70323,40.99190,ES,6.967
-6.24202,40.85684,ES,6.967
-6.81174,40.94129,ES,6.967
-4.17068,40.95542,ES,6.967
-3.99245,40.92175,ES,6.967
-5.21148,40.62685,ES,6.967
-5.35861,40.78032,ES,6.967
-5.70571,40.87010,ES,6.967
-6.11009,40.73953,ES,6.967
-6.05904,40.74682,ES,6.967
-6.34351,40.72110,ES,6.967
-6.40724,40.72521,ES,6.967
-6.02434,40.69957,ES,6.967
-5.48874,40.67764,ES,6.967
-6.50588,40.61446,ES,6.967
-5.48077,40.62254,ES,6.967
-5.49096,40.76511,ES,6.967
-6.55294,40.56708,ES,6.967
-6.42835,40.53412,ES,6.967
-4.81678,40.55419,ES,6.967
-5.62703,40.47424,ES,6.967
-6.51513,40.45072,ES,6.967
-5.26543,40.37529,ES,6.967
-4.84454,42.83632,ES,6.967
-3.70045,42.47321,ES,6.967
-5.39867,42.96839,ES,6.967
-5.41143,42.59295,ES,6.967
-5.30984,43.01183,ES,6.967
-5.43210,43.00687,ES,6.967
-5.68627,42.97668,ES,6.967
-5.56034,42.97528,ES,6.967
-6.10032,42.96595,ES,6.967
-5.55577,42.39829,ES,6.967
-5.03002,42.65198,ES,6.967
-4.17250,42.86554,ES,6.967
-4.22956,42.79393,ES,6.967
-4.96688,42.72261,ES,6.967
-6.11089,42.68075,ES,6.967
-5.23312,42.70763,ES,6.967
-5.41640,42.63305,ES,6.967
-4.49810,42.47912,ES,6.967
-6.46853,42.23610,ES,6.967
-4.89363,42.38759,ES,6.967
-4.27337,42.19923,ES,6.967
-3.88284,42.17765,ES,6.967
-6.13344,42.06851,ES,6.967
-5.70666,42.16544,ES,6.967
-4.50873,42.01798,ES,6.967
-4.27964,42.02936,ES,6.967
-3.86141,42.02787,ES,6.967
-6.83659,41.97184,ES,6.967
-3.69497,42.00730,ES,6.967
-3.14433,41.83357,ES,6.967
-2.90440,41.86593,ES,6.967
-2.33518,41.81140,ES,6.967
-3.05395,41.77272,ES,6.967
-5.90704,41.74687,ES,6.967
-4.01147,41.57252,ES,6.967
-2.99999,41.46410,ES,6.967
-3.99596,41.37891,ES,6.967
-3.59994,41.28156,ES,6.967
-6.66795,41.18531,ES,6.967
-6.03580,41.21121,ES,6.967
-3.63627,41.22426,ES,6.967
-6.15632,41.10764,ES,6.967
-6.06568,41.07247,ES,6.967
-5.80636,40.86906,ES,6.967
-5.95661,40.93626,ES,6.967
-5.36108,40.91341,ES,6.967
-6.59293,40.77124,ES,6.967
-6.04433,40.67700,ES,6.967
-5.66831,40.64808,ES,6.967
-6.81152,40.58544,ES,6.967
-4.72668,40.59826,ES,6.967
-6.77284,40.44360,ES,6.967
-2.89264,41.93577,ES,6.967
-4.93209,42.63525,ES,6.967
-2.61302,41.35641,ES,6.967
-5.28681,40.31453,ES,6.967
-3.13905,42.02036,ES,6.967
-2.75319,41.34878,ES,6.967
-3.57419,42.04414,ES,6.967
-5.21613,40.31995,ES,6.967
-5.87204,42.83237,ES,6.967
-3.19308,42.04708,ES,6.967
-4.65163,42.73085,ES,6.967
-3.20476,41.23256,ES,6.967
-2.95358,41.21345,ES,6.967
-2.81379,41.21241,ES,6.967
-3.58717,41.04318,ES,6.967
-3.19284,41.13000,ES,6.967
-3.44062,41.00329,ES,6.967
-3.34121,41.01729,ES,6.967
-3.32358,41.05061,ES,6.967
-3.03393,41.08364,ES,6.967
-2.78445,41.00515,ES,6.967
-2.60219,41.10635,ES,6.967
-2.73220,41.16041,ES,6.967
-2.61108,41.01414,ES,6.967
-3.87433,40.89652,ES,6.967
-3.71658,40.94325,ES,6.967
-3.75807,40.89688,ES,6.967
-3.19303,40.98666,ES,6.967
-3.46731,40.86785,ES,6.967
-3.45269,40.89753,ES,6.967
-3.41013,40.85895,ES,6.967
-2.91863,40.95182,ES,6.967
-3.11687,40.83946,ES,6.967
-2.96884,40.93411,ES,6.967
-3.12259,40.87754,ES,6.967
-2.93959,40.92578,ES,6.967
-2.64240,40.89628,ES,6.967
-2.72811,40.96137,ES,6.967
-2.82627,40.96375,ES,6.967
-2.29898,40.84846,ES,6.967
-3.88963,40.74169,ES,6.967
-3.89277,40.71372,ES,6.967
-4.08337,40.68386,ES,6.967
-3.61189,40.69476,ES,6.967
-3.68847,40.78740,ES,6.967
-3.21212,40.72097,ES,6.967
-3.05338,40.80271,ES,6.967
-3.16421,40.71821,ES,6.967
-3.13166,40.80696,ES,6.967
-3.14956,40.75852,ES,6.967
-2.58650,40.69608,ES,6.967
-2.56613,40.72042,ES,6.967
-2.63248,40.75075,ES,6.967
-2.69070,40.67795,ES,6.967
-2.40166,40.68111,ES,6.967
-2.40313,40.77528,ES,6.967
-1.99888,40.82933,ES,6.967
-2.15558,40.79787,ES,6.967
-2.04640,40.68212,ES,6.967
-2.28651,40.79203,ES,6.967
-1.67365,40.75066,ES,6.967
-4.56145,40.52411,ES,6.967
-4.24361,40.58115,ES,6.967
-4.21590,40.64640,ES,6.967
-4.44868,40.52114,ES,6.967
-3.88827,40.56875,ES,6.967
-4.09967,40.58232,ES,6.967
-4.00570,40.62800,ES,6.967
-4.09882,40.65462,ES,6.967
-3.94013,40.50847,ES,6.967
-3.94711,40.54441,ES,6.967
-3.79165,40.53095,ES,6.967
-3.56985,40.58276,ES,6.967
-3.63024,40.59790,ES,6.967
-3.23180,40.57325,ES,6.967
-2.93671,40.95514,ES,6.967
-3.27995,40.52910,ES,6.967
-3.37995,40.52663,ES,6.967
-3.02375,40.54480,ES,6.967
-2.97242,40.57945,ES,6.967
-2.52428,40.50488,ES,6.967
-2.53850,40.64348,ES,6.967
-2.26344,40.53671,ES,6.967
-1.93232,40.59421,ES,6.967
-2.15048,40.52742,ES,6.967
-2.06414,40.57450,ES,6.967
-2.05125,40.54340,ES,6.967
-6.23563,40.40794,ES,6.967
-6.20345,40.34344,ES,6.967
-6.01465,40.42614,ES,6.967
-6.05011,40.41547,ES,6.967
-6.00644,40.43490,ES,6.967
-6.14833,40.42700,ES,6.967
-5.93825,40.45769,ES,6.967
-5.79625,40.38724,ES,6.967
-5.75251,40.37086,ES,6.967
-4.62584,40.44199,ES,6.967
-4.75977,40.41451,ES,6.967
-4.36917,39.80991,ES,6.967
-4.39071,40.46023,ES,6.967
-4.37013,40.46519,ES,6.967
-4.31962,40.45287,ES,6.967
-4.32108,40.40889,ES,6.967
-4.49074,40.42616,ES,6.967
-4.42884,40.40043,ES,6.967
-4.44453,40.41227,ES,6.967
-3.95554,40.44099,ES,6.967
-3.93596,40.47172,ES,6.967
-4.09849,40.43410,ES,6.967
-3.68922,40.38072,ES,6.967
-3.68163,40.36040,ES,6.967
-3.52653,40.43604,ES,6.967
-3.42172,40.45987,ES,6.967
-3.42018,40.46934,ES,6.967
-3.50946,40.39532,ES,6.967
-3.43462,40.39367,ES,6.967
-2.62772,40.40043,ES,6.967
-2.37708,40.46832,ES,6.967
-2.31136,40.44379,ES,6.967
-2.32610,40.42450,ES,6.967
-2.39093,40.46648,ES,6.967
-2.46881,40.37457,ES,6.967
-1.93724,40.43464,ES,6.967
-2.03123,40.41556,ES,6.967
-6.67965,40.16887,ES,6.967
-6.18647,40.16930,ES,6.967
-4.74545,40.20768,ES,6.967
-4.77041,40.19572,ES,6.967
-4.20395,40.32650,ES,6.967
-4.40339,40.19363,ES,6.967
-3.94577,40.21998,ES,6.967
-3.94016,40.31045,ES,6.967
-3.90638,40.27958,ES,6.967
-3.59779,40.30365,ES,6.967
-3.52589,40.32110,ES,6.967
-3.53928,40.23286,ES,6.967
-2.96829,40.26142,ES,6.967
-2.89725,40.33359,ES,6.967
-2.64925,40.31922,ES,6.967
-2.76416,40.24573,ES,6.967
-7.02110,40.14421,ES,6.967
-6.61954,40.03255,ES,6.967
-6.69602,40.01391,ES,6.967
-6.56941,40.04564,ES,6.967
-6.63323,40.05848,ES,6.967
-6.80945,40.14974,ES,6.967
-6.29209,40.08061,ES,6.967
-6.20846,40.04583,ES,6.967
-6.39348,40.01036,ES,6.967
-6.00181,40.00999,ES,6.967
-5.99342,40.02920,ES,6.967
-6.06990,40.03698,ES,6.967
-6.13313,40.07014,ES,6.967
-6.20764,40.04464,ES,6.967
-5.59747,40.02099,ES,6.967
-5.52910,40.08516,ES,6.967
-5.71553,40.00235,ES,6.967
-5.60760,40.04526,ES,6.967
-5.21186,40.09105,ES,6.967
-5.40120,40.13805,ES,6.967
-5.43549,40.05680,ES,6.967
-5.50246,40.04331,ES,6.967
-5.03849,40.03954,ES,6.967
-5.15792,40.05459,ES,6.967
-4.95112,40.05083,ES,6.967
-4.73251,40.00502,ES,6.967
-4.47156,40.06819,ES,6.967
-4.50318,40.02338,ES,6.967
-4.03558,40.00912,ES,6.967
-3.66245,40.03697,ES,6.967
-3.56127,40.04424,ES,6.967
-3.57405,40.13103,ES,6.967
-3.60833,40.08470,ES,6.967
-3.60941,40.08346,ES,6.967
-3.37636,40.04963,ES,6.967
-3.15542,40.09711,ES,6.967
-3.04606,40.08053,ES,6.967
-3.01586,40.12638,ES,6.967
-6.52840,39.97981,ES,6.967
-6.65197,39.92809,ES,6.967
-6.79733,39.85522,ES,6.967
-6.82200,39.88916,ES,6.967
-6.42162,39.91808,ES,6.967
-6.26008,39.95674,ES,6.967
-6.26310,39.89807,ES,6.967
-6.31748,39.92646,ES,6.967
-5.90296,39.93242,ES,6.967
-5.88196,39.91040,ES,6.967
-6.02339,39.95282,ES,6.967
-5.89677,39.95632,ES,6.967
-6.07657,39.85989,ES,6.967
-6.04251,39.86106,ES,6.967
-5.67463,39.96125,ES,6.967
-5.45914,39.98959,ES,6.967
-5.29094,39.97119,ES,6.967
-5.49874,39.94675,ES,6.967
-5.18302,39.99100,ES,6.967
-4.81471,39.95365,ES,6.967
-4.58284,39.92721,ES,6.967
-4.19703,39.86307,ES,6.967
-4.23225,39.91980,ES,6.967
-4.36594,39.84164,ES,6.967
-4.03607,39.99338,ES,6.967
-4.12653,39.97980,ES,6.967
-3.86905,39.90843,ES,6.967
-3.87237,39.92249,ES,6.967
-4.01415,39.86956,ES,6.967
-4.03613,39.85874,ES,6.967
-3.91010,39.90345,ES,6.967
-4.01542,39.86850,ES,6.967
-3.83069,39.95552,ES,6.967
-3.73026,39.87866,ES,6.967
-3.61686,39.83408,ES,6.967
-6.86079,39.71650,ES,6.967
-6.92255,39.67779,ES,6.967
-6.66749,39.81062,ES,6.967
-6.77267,39.72378,ES,6.967
-6.60048,39.70432,ES,6.967
-6.52611,39.70124,ES,6.967
-6.37744,39.76879,ES,6.967
-6.43067,39.76517,ES,6.967
-6.27685,39.79416,ES,6.967
-6.41556,39.67924,ES,6.967
-6.47316,39.67159,ES,6.967
-6.02541,39.80316,ES,6.967
-6.03302,39.79985,ES,6.967
-5.81713,39.64621,ES,6.967
-5.51976,39.77190,ES,6.967
-5.41864,39.72928,ES,6.967
-5.33346,39.77562,ES,6.967
-5.25408,39.74421,ES,6.967
-4.86902,39.79244,ES,6.967
-5.16896,39.79999,ES,6.967
-4.84512,39.75020,ES,6.967
-4.40258,39.83181,ES,6.967
-4.09382,39.81960,ES,6.967
-3.70517,39.74465,ES,6.967
-7.29856,39.60439,ES,6.967
-7.27837,39.50944,ES,6.967
-7.48596,39.58461,ES,6.967
-7.51369,39.66152,ES,6.967
-7.43623,39.62826,ES,6.967
-6.99737,39.57415,ES,6.967
-7.15466,39.60495,ES,6.967
-7.11022,39.63440,ES,6.967
-6.56780,39.52312,ES,6.967
-6.34377,39.55019,ES,6.967
-5.93995,39.66479,ES,6.967
-6.11620,39.50078,ES,6.967
-5.90961,39.60592,ES,6.967
-5.89797,39.59253,ES,6.967
-5.58379,39.55739,ES,6.967
-5.30112,39.64123,ES,6.967
-5.00391,39.56526,ES,6.967
-4.70081,39.60525,ES,6.967
-4.38732,39.66433,ES,6.967
-4.39086,39.60781,ES,6.967
-3.81536,39.54004,ES,6.967
-7.20698,39.46652,ES,6.967
-7.32431,39.47524,ES,6.967
-7.20116,39.44616,ES,6.967
-6.97823,39.47281,ES,6.967
-6.53827,39.39849,ES,6.967
-6.74279,39.45736,ES,6.967
-6.31735,39.49338,ES,6.967
-6.48696,39.33373,ES,6.967
-6.24875,39.35085,ES,6.967
-5.92739,39.45612,ES,6.967
-6.04334,39.44881,ES,6.967
-5.61806,39.47930,ES,6.967
-6.26353,39.21544,ES,6.967
-7.04554,38.84545,ES,6.967
-2.89331,38.97756,ES,6.967
-3.00264,38.81712,ES,6.967
-4.40469,38.88943,ES,6.967
-4.87956,38.71116,ES,6.967
-5.75857,39.00040,ES,6.967
-5.95422,38.96868,ES,6.967
-5.99163,38.89891,ES,6.967
-6.06556,38.99691,ES,6.967
-6.68932,38.85194,ES,6.967
-6.77656,38.87971,ES,6.967
-6.83654,38.92462,ES,6.967
-6.95844,38.91265,ES,6.967
-7.26366,37.64248,ES,6.967
-7.21253,37.95107,ES,6.967
-4.54065,39.49676,ES,6.967
-5.16470,39.33954,ES,6.967
-5.19685,39.29029,ES,6.967
-6.61106,38.86275,ES,6.967
-4.52873,38.76651,ES,6.967
-4.73655,39.38101,ES,6.967
-6.17335,38.35548,ES,6.967
-2.94673,39.35021,ES,6.967
-2.81667,38.93331,ES,6.967
-2.59980,38.82373,ES,6.967
-3.92244,39.10283,ES,6.967
-4.42520,39.45999,ES,6.967
-4.22191,39.46680,ES,6.967
-4.77624,39.32361,ES,6.967
-4.82014,39.45042,ES,6.967
-5.38259,39.38215,ES,6.967
-5.39166,39.39100,ES,6.967
-5.80446,39.04482,ES,6.967
-5.49011,39.12404,ES,6.967
-6.06563,38.99696,ES,6.967
-6.40138,38.95539,ES,6.967
-6.42200,39.05494,ES,6.967
-6.87040,38.91849,ES,6.967
-6.92962,38.96371,ES,6.967
-6.81778,39.29727,ES,6.967
-6.60188,39.27050,ES,6.967
-3.76354,39.11299,ES,6.967
-7.08523,38.82941,ES,6.967
-3.11071,38.81851,ES,6.967
-3.56481,38.78503,ES,6.967
-3.84799,38.82405,ES,6.967
-4.01882,38.88847,ES,6.967
-3.52666,38.67725,ES,6.967
-4.40451,38.88897,ES,6.967
-4.82575,38.90568,ES,6.967
-4.69432,38.73735,ES,6.967
-4.87293,38.72607,ES,6.967
-5.06626,38.43563,ES,6.967
-5.95328,38.96760,ES,6.967
-5.95813,38.44643,ES,6.967
-6.14280,38.55518,ES,6.967
-6.06838,38.64974,ES,6.967
-6.25883,38.61112,ES,6.967
-6.35705,38.64131,ES,6.967
-6.45107,38.84785,ES,6.967
-6.77760,38.87982,ES,6.967
-6.96046,38.77368,ES,6.967
-6.88977,38.55527,ES,6.967
-7.06376,38.74165,ES,6.967
-6.84908,38.45722,ES,6.967
-6.98629,38.28260,ES,6.967
-6.88663,38.23038,ES,6.967
-6.94038,37.96415,ES,6.967
-7.21215,37.95193,ES,6.967
-7.41086,37.76193,ES,6.967
-7.19937,37.91660,ES,6.967
-7.32555,37.72290,ES,6.967
-4.93445,38.46826,ES,6.967
-3.45671,39.23625,ES,6.967
-2.80919,38.91154,ES,6.967
-4.48560,39.04951,ES,6.967
-4.54036,39.19154,ES,6.967
-4.96928,39.46265,ES,6.967
-5.57879,39.34056,ES,6.967
-5.77440,39.20559,ES,6.967
-5.90069,39.20328,ES,6.967
-4.68546,39.13479,ES,6.967
-5.03033,39.17970,ES,6.967
-5.02950,39.01117,ES,6.967
-5.22620,38.86238,ES,6.967
-5.38920,38.79227,ES,6.967
-6.71309,38.77283,ES,6.967
-7.19005,38.60060,ES,6.967
-7.17655,38.46453,ES,6.967
-6.97028,38.34983,ES,6.967
-6.72869,38.41559,ES,6.967
-7.41387,37.29091,ES,6.967
-7.34296,37.26098,ES,6.967
-5.10117,38.67862,ES,6.967
-4.77645,39.39778,ES,6.967
-3.35423,38.63883,ES,6.967
-3.05567,39.07142,ES,6.967
-4.02004,39.17508,ES,6.967
-3.24466,38.70084,ES,6.967
-3.80163,38.74161,ES,6.967
-4.20773,39.41359,ES,6.967
-4.28337,39.40889,ES,6.967
-4.78059,39.30422,ES,6.967
-5.00818,39.22096,ES,6.967
-5.07925,39.27297,ES,6.967
-5.10702,39.12643,ES,6.967
-5.23096,39.17126,ES,6.967
-5.21531,39.12524,ES,6.967
-5.41743,39.26101,ES,6.967
-5.52744,39.31990,ES,6.967
-5.62520,39.27986,ES,6.967
-5.19142,38.72734,ES,6.967
-5.29532,38.89486,ES,6.967
-5.30386,39.02709,ES,6.967
-5.75778,38.95829,ES,6.967
-6.07009,38.90924,ES,6.967
-6.15092,38.84049,ES,6.967
-6.22807,38.96682,ES,6.967
-6.51927,38.91768,ES,6.967
-6.69584,38.88455,ES,6.967
-6.77458,39.23885,ES,6.967
-6.87740,38.95003,ES,6.967
-7.21186,38.72343,ES,6.967
-7.21135,38.69633,ES,6.967
-7.18645,38.64106,ES,6.967
-6.70318,38.53894,ES,6.967
-7.21737,38.50093,ES,6.967
-7.28508,38.43112,ES,6.967
-7.26922,38.41250,ES,6.967
-6.61838,38.34545,ES,6.967
-6.64163,38.23576,ES,6.967
-7.01554,38.19737,ES,6.967
-5.14070,39.05651,ES,6.967
-6.90095,39.21501,ES,6.967
-5.44998,39.21651,ES,6.967
-5.43792,39.28578,ES,6.967
-5.70792,39.04501,ES,6.967
-5.56508,38.91655,ES,6.967
-5.26382,39.26335,ES,6.967
-5.77721,39.32160,ES,6.967
-6.95615,39.32411,ES,6.967
-5.72566,38.98984,ES,6.967
-5.32969,39.38946,ES,6.967
-7.15061,39.17447,ES,6.967
-7.12836,38.35680,ES,6.967
-5.04544,38.71671,ES,6.967
-4.25287,39.43019,ES,6.967
-6.75120,38.54311,ES,6.967
-5.02380,38.84465,ES,6.967
-5.19235,39.25561,ES,6.967
-5.34150,38.87729,ES,6.967
-4.18038,38.92559,ES,6.967
-5.37166,39.21842,ES,6.967
-3.92895,39.11730,ES,6.967
-7.04438,38.86480,ES,6.967
-6.26078,38.80294,ES,6.967
-4.48790,39.02455,ES,6.967
-7.18412,37.73937,ES,6.967
-6.42722,39.18844,ES,6.967
-7.40642,37.48303,ES,6.967
-5.40079,39.42737,ES,6.967
-5.51280,39.26099,ES,6.967
-5.77622,38.41810,ES,6.967
-6.32138,39.05358,ES,6.967
-6.13647,38.98735,ES,6.967
-6.96864,38.15980,ES,6.967
-6.95854,38.14908,ES,6.967
-6.90685,39.04369,ES,6.967
-2.85771,38.96069,ES,6.967
-2.79939,38.86497,ES,6.967
-2.79605,38.89796,ES,6.967
-7.01125,37.90200,ES,6.967
-6.49372,38.49312,ES,6.967
-6.93891,39.01174,ES,6.967
-5.91292,38.25130,ES,6.967
-6.95850,39.03178,ES,6.967
-7.27984,38.41462,ES,6.967
-7.16747,38.27949,ES,6.967
-6.93689,38.22100,ES,6.967
-7.10200,38.18597,ES,6.967
-7.09910,38.04374,ES,6.967
-5.89180,39.23743,ES,6.967
-6.54337,38.53752,ES,6.967
-7.27430,37.55152,ES,6.967
-7.27905,37.56604,ES,6.967
-7.30336,37.59292,ES,6.967
-4.97830,39.04194,ES,6.967
-4.77625,38.70060,ES,6.967
-4.61119,39.26048,ES,6.967
-6.50831,38.49915,ES,6.967
-5.39089,39.41853,ES,6.967
-6.51682,38.24657,ES,6.967
-6.67201,38.10614,ES,6.967
-6.15027,38.72759,ES,6.967
-5.58483,38.39462,ES,6.967
-5.17403,39.51722,ES,6.967
-3.09839,39.54184,ES,6.967
-3.15700,39.77502,ES,6.967
-4.64977,38.67582,ES,6.967
-5.60078,38.99848,ES,6.967
-4.27715,39.21803,ES,6.967
-4.23932,39.04710,ES,6.967
-4.39728,39.25840,ES,6.967
-4.33041,39.10189,ES,6.967
-6.35527,38.09467,ES,6.967
-6.36567,38.21623,ES,6.967
-6.54669,38.31416,ES,6.967
-6.32105,38.32739,ES,6.967
-6.74883,37.98810,ES,6.967
-6.74416,38.00767,ES,6.967
-6.91884,38.13344,ES,6.967
-6.69014,38.09766,ES,6.967
-6.85521,38.09696,ES,6.967
-7.03419,39.18064,ES,6.967
-7.13174,39.26886,ES,6.967
-2.59705,40.01087,ES,6.967
-2.71935,39.90805,ES,6.967
-3.04209,39.66964,ES,6.967
-3.31405,39.47820,ES,6.967
-4.11634,38.89388,ES,6.967
-4.61389,39.09801,ES,6.967
-6.55427,39.07266,ES,6.967
-6.73853,38.94890,ES,6.967
-6.66040,39.10186,ES,6.967
-5.41216,38.51976,ES,6.967
-5.16301,38.67601,ES,6.967
-5.28912,38.50274,ES,6.967
-5.18941,38.57392,ES,6.967
-4.52857,38.43904,ES,6.967
-4.62759,38.45716,ES,6.967
-4.88116,38.66123,ES,6.967
-4.52911,38.50742,ES,6.967
-4.90698,38.55925,ES,6.967
-2.51617,39.93353,ES,6.967
-2.57139,39.61659,ES,6.967
-2.39381,39.47343,ES,6.967
-2.95325,40.01652,ES,6.967
-3.25717,39.66215,ES,6.967
-3.13994,38.74774,ES,6.967
-5.13182,39.47711,ES,6.967
-3.03093,38.07700,ES,6.967
-3.12530,38.03000,ES,6.967
-3.18943,37.95950,ES,6.967
-2.99801,37.99630,ES,6.967
-2.86432,38.02490,ES,6.967
-3.13592,38.03170,ES,6.967
-2.82459,38.06030,ES,6.967
-2.83196,38.17890,ES,6.967
-3.36175,37.91980,ES,6.967
-3.12556,38.03140,ES,6.967
-3.40812,37.78590,ES,6.967
-3.35931,37.74650,ES,6.967
-3.45237,37.92770,ES,6.967
-3.55327,37.95300,ES,6.967
-3.64721,37.94390,ES,6.967
-3.67384,37.89630,ES,6.967
-3.45237,37.92770,ES,6.967
-2.59928,38.38860,ES,6.967
-2.54684,38.39850,ES,6.967
-2.69893,38.31450,ES,6.967
-2.65461,38.28630,ES,6.967
-2.86110,38.34460,ES,6.967
-2.65106,38.61420,ES,6.967
-2.57398,38.65260,ES,6.967
-2.78491,38.51430,ES,6.967
-2.96081,38.29000,ES,6.967
-3.27454,38.12240,ES,6.967
-3.63707,38.01610,ES,6.967
-3.00165,38.27000,ES,6.967
-3.01389,38.25920,ES,6.967
-3.26345,38.38630,ES,6.967
-3.54264,38.10090,ES,6.967
-3.03229,38.54400,ES,6.967
-3.46257,38.31570,ES,6.967
-3.52510,38.28450,ES,6.967
-3.20021,38.28290,ES,6.967
-3.69713,37.60410,ES,6.967
-3.60579,37.65270,ES,6.967
-3.75097,37.80370,ES,6.967
-3.77961,37.96940,ES,6.967
-3.79945,37.98420,ES,6.967
-3.77692,38.03150,ES,6.967
-3.70633,38.12800,ES,6.967
-2.70205,37.61060,ES,6.967
-2.72472,37.49190,ES,6.967
-2.52545,37.73680,ES,6.967
-2.49627,37.92390,ES,6.967
-2.65481,37.85050,ES,6.967
-2.77569,37.64900,ES,6.967
-2.76971,37.85740,ES,6.967
-3.42729,37.30470,ES,6.967
-3.21318,37.44930,ES,6.967
-3.10932,37.51870,ES,6.967
-3.07357,37.15750,ES,6.967
-3.07389,37.14560,ES,6.967
-3.13500,37.15300,ES,6.967
-3.17212,37.16530,ES,6.967
-3.13907,37.61060,ES,6.967
-3.17654,37.38900,ES,6.967
-3.20849,37.32600,ES,6.967
-3.17854,37.34850,ES,6.967
-3.23388,37.58520,ES,6.967
-3.04485,37.72400,ES,6.967
-3.21139,37.87620,ES,6.967
-2.95820,37.56120,ES,6.967
-3.21107,37.83780,ES,6.967
-3.46893,37.11450,ES,6.967
-3.51948,37.22190,ES,6.967
-3.46893,37.11450,ES,6.967
-3.55897,37.06390,ES,6.967
-3.60315,37.08140,ES,6.967
-3.76478,37.20750,ES,6.967
-3.41482,37.14600,ES,6.967
-3.41503,37.22240,ES,6.967
-3.68322,37.19340,ES,6.967
-3.72097,37.22184,ES,6.967
-3.83188,37.14670,ES,6.967
-3.79017,37.23200,ES,6.967
-3.65035,37.31110,ES,6.967
-3.70023,37.33000,ES,6.967
-3.76491,37.27910,ES,6.967
-3.68447,37.42930,ES,6.967
-3.84521,37.43040,ES,6.967
-3.62582,37.27210,ES,6.967
-3.80567,37.23050,ES,6.967
-3.82561,37.22240,ES,6.967
-3.76213,37.24360,ES,6.967
-3.80212,36.90670,ES,6.967
-3.85480,36.95520,ES,6.967
-3.91927,37.05790,ES,6.967
-3.97751,37.14090,ES,6.967
-3.86032,36.93420,ES,6.967
-3.79407,36.93060,ES,6.967
-3.98329,36.97890,ES,6.967
-4.00259,37.19330,ES,6.967
-4.15137,37.16940,ES,6.967
-4.42802,37.27490,ES,6.967
-4.48213,37.24750,ES,6.967
-4.07547,37.23150,ES,6.967
-3.97428,37.21450,ES,6.967
-4.60394,37.37010,ES,6.967
-4.54068,37.33430,ES,6.967
-4.31607,37.20710,ES,6.967
-4.48829,37.22780,ES,6.967
-4.33035,37.31510,ES,6.967
-4.19337,37.27870,ES,6.967
-3.70718,38.30690,ES,6.967
-3.86805,38.04430,ES,6.967
-3.99535,38.01620,ES,6.967
-3.95559,38.02500,ES,6.967
-4.19198,38.49150,ES,6.967
-4.10021,38.08090,ES,6.967
-3.75337,38.58880,ES,6.967
-3.66137,38.53160,ES,6.967
-4.04402,38.15240,ES,6.967
-4.03613,38.42510,ES,6.967
-3.86800,38.58400,ES,6.967
-3.95402,38.40130,ES,6.967
-4.17386,38.18540,ES,6.967
-4.27914,38.26690,ES,6.967
-4.25254,38.06180,ES,6.967
-4.46448,37.95830,ES,6.967
-4.36321,38.02720,ES,6.967
-4.44714,38.12330,ES,6.967
-4.48026,38.04450,ES,6.967
-4.32456,38.21240,ES,6.967
-4.35963,38.02030,ES,6.967
-4.53910,38.00340,ES,6.967
-4.47854,38.01210,ES,6.967
-4.32359,38.00860,ES,6.967
-4.30574,38.02380,ES,6.967
-4.73227,38.13430,ES,6.967
-4.63031,38.08060,ES,6.967
-4.77182,37.87980,ES,6.967
-4.93156,37.82200,ES,6.967
-4.94265,37.85920,ES,6.967
-5.05281,37.81430,ES,6.967
-4.86996,37.95440,ES,6.967
-4.86754,37.97043,ES,6.967
-5.06719,38.00730,ES,6.967
-5.12050,38.22820,ES,6.967
-5.37206,38.27930,ES,6.967
-4.87209,37.93810,ES,6.967
-5.10572,37.79770,ES,6.967
-5.40152,38.05450,ES,6.967
-5.40138,38.05360,ES,6.967
-5.51326,38.14580,ES,6.967
-5.20908,37.77420,ES,6.967
-5.31264,37.90480,ES,6.967
-5.31259,37.83550,ES,6.967
-5.32965,37.69350,ES,6.967
-5.44147,37.91740,ES,6.967
-5.48112,37.68210,ES,6.967
-5.49541,37.93010,ES,6.967
-5.41728,37.89710,ES,6.967
-5.31067,37.70150,ES,6.967
-5.71622,37.92500,ES,6.967
-5.62457,37.86330,ES,6.967
-5.70023,37.84110,ES,6.967
-5.73992,37.64210,ES,6.967
-5.68420,37.67180,ES,6.967
-5.67698,37.62050,ES,6.967
-5.88041,37.59280,ES,6.967
-5.93704,38.04010,ES,6.967
-6.04894,38.10790,ES,6.967
-5.88102,37.96970,ES,6.967
-5.83095,37.61820,ES,6.967
-5.78194,37.58570,ES,6.967
-5.86778,37.55850,ES,6.967
-5.92245,37.55310,ES,6.967
-5.95300,37.53800,ES,6.967
-5.97292,37.46990,ES,6.967
-5.97362,37.43660,ES,6.967
-6.18245,37.93480,ES,6.967
-6.03389,37.47330,ES,6.967
-6.07775,37.29710,ES,6.967
-6.39804,37.87710,ES,6.967
-6.63094,37.94940,ES,6.967
-6.17867,37.67140,ES,6.967
-6.06385,37.49590,ES,6.967
-6.04767,37.53060,ES,6.967
-6.09235,37.24850,ES,6.967
-6.37651,37.67850,ES,6.967
-6.34683,37.62850,ES,6.967
-6.22573,37.50260,ES,6.967
-6.21815,37.44180,ES,6.967
-6.25979,37.30310,ES,6.967
-6.26564,37.24450,ES,6.967
-6.18904,37.22680,ES,6.967
-6.49416,37.12580,ES,6.967
-6.46354,37.19780,ES,6.967
-4.15240,37.82670,ES,6.967
-4.57529,37.93700,ES,6.967
-4.00049,37.87770,ES,6.967
-4.16466,38.02500,ES,6.967
-3.95655,37.62400,ES,6.967
-4.15951,37.57470,ES,6.967
-4.39365,37.67200,ES,6.967
-4.08732,37.43810,ES,6.967
-4.18903,37.51190,ES,6.967
-4.36102,37.62790,ES,6.967
-4.63884,37.72380,ES,6.967
-4.79741,37.81530,ES,6.967
-4.77448,37.40060,ES,6.967
-4.68179,37.31370,ES,6.967
-4.76509,37.35830,ES,6.967
-4.61278,37.40030,ES,6.967
-4.58099,37.39550,ES,6.967
-5.06080,37.50020,ES,6.967
-4.94208,37.52670,ES,6.967
-4.83259,37.48230,ES,6.967
-5.04029,37.50280,ES,6.967
-5.04572,37.51100,ES,6.967
-5.20329,37.66540,ES,6.967
-5.04203,37.78950,ES,6.967
-5.00653,37.78290,ES,6.967
-5.10105,37.75490,ES,6.967
-5.16950,37.73630,ES,6.967
-5.33784,37.64840,ES,6.967
-5.50695,37.63470,ES,6.967
-5.56758,37.61060,ES,6.967
-4.67356,37.89540,ES,6.967
-4.70787,37.86920,ES,6.967
-5.57588,37.47940,ES,6.967
-5.36589,37.35990,ES,6.967
-5.33817,37.37810,ES,6.967
-5.29348,37.14010,ES,6.967
-5.56933,37.46300,ES,6.967
-5.57971,37.46020,ES,6.967
-5.44070,37.06420,ES,6.967
-5.61617,37.22990,ES,6.967
-5.69006,37.27470,ES,6.967
-5.73756,37.34080,ES,6.967
-5.92783,37.36210,ES,6.967
-5.91560,37.15110,ES,6.967
-6.00106,37.17940,ES,6.967
-6.02381,37.01500,ES,6.967
-5.86091,37.08650,ES,6.967
-5.72709,36.98690,ES,6.967
-5.79879,37.02230,ES,6.967
-5.62661,36.98370,ES,6.967
-6.17123,36.90680,ES,6.967
-6.29498,36.89880,ES,6.967
-5.22577,36.37344,ES,6.967
-5.49842,36.34406,ES,6.967
-5.50031,36.29902,ES,6.967
-5.14422,36.73465,ES,6.967
-5.09891,36.45054,ES,6.967
-5.05987,36.45628,ES,6.967
-4.94923,36.51039,ES,6.967
-4.84591,36.51468,ES,6.967
-4.42633,37.07846,ES,6.967
-4.97840,36.88130,ES,6.967
-2.98114,36.74642,ES,6.967
-4.78754,36.93197,ES,6.967
-4.76699,36.67310,ES,6.967
-4.71615,36.85909,ES,6.967
-4.53273,36.71479,ES,6.967
-4.42855,36.75607,ES,6.967
-3.41786,36.88351,ES,6.967
-3.56093,37.01244,ES,6.967
-3.60755,36.92499,ES,6.967
-2.96777,36.97383,ES,6.967
-3.13726,36.95652,ES,6.967
-3.02031,36.82706,ES,6.967
-2.43063,36.88411,ES,6.967
-1.81450,37.26585,ES,6.967
-4.32009,37.03488,ES,6.967
-3.52582,36.89709,ES,6.967
-2.85994,37.16850,ES,6.967
-4.89701,36.96088,ES,6.967
-4.70192,36.89772,ES,6.967
-4.73236,36.77027,ES,6.967
-4.72789,36.75114,ES,6.967
-4.54606,36.68492,ES,6.967
-4.52542,36.83789,ES,6.967
-4.43364,36.78190,ES,6.967
-3.95201,36.74547,ES,6.967
-3.80995,36.75982,ES,6.967
-3.74675,36.75021,ES,6.967
-2.94572,37.03198,ES,6.967
-3.00238,37.04057,ES,6.967
-2.99315,36.79639,ES,6.967
-2.88478,36.99395,ES,6.967
-2.58882,36.98713,ES,6.967
-1.81839,37.20345,ES,6.967
-5.49237,36.17429,ES,6.967
-5.46451,36.20500,ES,6.967
-5.41035,36.19599,ES,6.967
-5.43422,36.21142,ES,6.967
-5.30140,36.30765,ES,6.967
-4.93727,36.60200,ES,6.967
-4.63404,36.53278,ES,6.967
-4.65464,37.05141,ES,6.967
-4.70927,36.72282,ES,6.967
-4.71866,36.76140,ES,6.967
-2.48882,36.95498,ES,6.967
-5.25939,36.39027,ES,6.967
-5.32124,36.40105,ES,6.967
-5.35548,36.32354,ES,6.967
-5.20698,36.75302,ES,6.967
-5.33213,36.60077,ES,6.967
-4.47262,36.67941,ES,6.967
-4.88096,36.98125,ES,6.967
-4.97234,36.78458,ES,6.967
-4.84914,36.88677,ES,6.967
-4.69574,37.04008,ES,6.967
-4.11122,36.73441,ES,6.967
-4.03289,36.78769,ES,6.967
-3.68481,36.81293,ES,6.967
-3.57505,36.92904,ES,6.967
-3.57671,36.93514,ES,6.967
-2.03123,37.10536,ES,6.967
-2.68839,36.99535,ES,6.967
-5.20712,36.41065,ES,6.967
-5.01359,36.48574,ES,6.967
-4.98007,36.49568,ES,6.967
-4.67241,36.69942,ES,6.967
-4.12498,36.83079,ES,6.967
-3.30038,36.89438,ES,6.967
-4.68624,36.54368,ES,6.967
-5.01447,36.65765,ES,6.967
-5.59312,36.29866,ES,6.967
-3.51983,36.83291,ES,6.967
-3.56422,36.76557,ES,6.967
-3.29000,36.93240,ES,6.967
-5.84377,36.28752,ES,6.967
-5.78599,36.35341,ES,6.967
-5.64880,36.59800,ES,6.967
-5.56916,36.64351,ES,6.967
-5.35347,36.93755,ES,6.967
-5.52087,36.03853,ES,6.967
-5.40907,36.85710,ES,6.967
-5.51659,36.71797,ES,6.967
-5.68264,36.42785,ES,6.967
-5.64410,36.36300,ES,6.967
-5.82654,36.67974,ES,6.967
-5.71626,36.17430,ES,6.967
-5.65178,36.41844,ES,6.967
-5.84632,36.71193,ES,6.967
-6.08789,36.65145,ES,6.967
-5.91425,36.67862,ES,6.967
-5.93938,36.59454,ES,6.967
-5.96573,36.59852,ES,6.967
-5.63964,36.87223,ES,6.967
-5.66248,36.78736,ES,6.967
-5.52703,36.73717,ES,6.967
-6.07078,36.41521,ES,6.967
-5.72185,36.19140,ES,6.967
-5.36019,36.98459,ES,6.967
-5.33230,36.93635,ES,6.967
-6.05704,36.64546,ES,6.967
-5.95957,36.25871,ES,6.967
-6.30685,36.64321,ES,6.967
-6.11057,36.56970,ES,6.967
-6.11731,36.48345,ES,6.967
-6.12538,36.41317,ES,6.967
-6.17689,36.37898,ES,6.967
-6.07381,36.27496,ES,6.967
-6.07465,36.24866,ES,6.967
-5.76545,36.19428,ES,6.967
-6.04595,36.20779,ES,6.967
-5.69196,36.07661,ES,6.967
-5.61267,36.02759,ES,6.967
-5.51197,36.75541,ES,6.967
-5.30054,36.81099,ES,6.967
-5.32850,36.80501,ES,6.967
-5.47195,36.67247,ES,6.967
-5.78751,36.35305,ES,6.967
-5.62996,36.05599,ES,6.967
-5.85598,36.60681,ES,6.967
-5.83763,36.24650,ES,6.967
-5.58650,36.82402,ES,6.967
-5.40844,36.85847,ES,6.967
-5.74408,36.44543,ES,6.967
-5.84550,36.28749,ES,6.967
-5.64669,36.87163,ES,6.967
-6.86194,37.55706,ES,6.967
-6.76998,37.72025,ES,6.967
-6.70799,37.72553,ES,6.967
-6.84674,37.59368,ES,6.967
-6.97845,37.37692,ES,6.967
-6.67486,37.36396,ES,6.967
-6.54106,37.45352,ES,6.967
-6.57023,37.58305,ES,6.967
-6.54970,37.58376,ES,6.967
-6.59003,37.40754,ES,6.967
-6.76106,37.71916,ES,6.967
-6.62884,37.78771,ES,6.967
-6.54924,37.43499,ES,6.967
-7.18187,37.29921,ES,6.967
-7.23586,37.41785,ES,6.967
-6.67304,37.74882,ES,6.967
-6.66095,37.38845,ES,6.967
-7.07777,37.48763,ES,6.967
-6.80545,37.63281,ES,6.967
-6.83170,37.80852,ES,6.967
-6.81534,37.77906,ES,6.967
-6.61591,37.73266,ES,6.967
-6.66636,37.80561,ES,6.967
-6.55116,37.59148,ES,6.967
-6.55314,37.80120,ES,6.967
-6.57740,37.63356,ES,6.967
-6.51891,37.62270,ES,6.967
-6.83307,37.57164,ES,6.967
-6.71213,37.77017,ES,6.967
-6.81824,37.64175,ES,6.967
-6.58192,37.44456,ES,6.967
-6.97173,37.45514,ES,6.967
-6.47819,37.64716,ES,6.967
-6.75041,37.80814,ES,6.967
-6.83070,37.59911,ES,6.967
-6.60759,37.78601,ES,6.967
-1.09694,38.12701,ES,6.967
-0.86141,37.71618,ES,6.967
-0.82357,38.08693,ES,6.967
-1.86676,38.42891,ES,6.967
-1.98682,38.20707,ES,6.967
-1.96555,38.07246,ES,6.967
-1.72611,38.17617,ES,6.967
-1.68216,38.24341,ES,6.967
-1.75015,38.14796,ES,6.967
-2.06688,38.45418,ES,6.967
-1.50034,38.64391,ES,6.967
-1.95040,38.21051,ES,6.967
-1.73978,38.24677,ES,6.967
-1.84658,38.21001,ES,6.967
-1.96651,38.32674,ES,6.967
-2.21834,38.16644,ES,6.967
-2.24072,38.59832,ES,6.967
-2.06840,37.79650,ES,6.967
-1.00247,38.26007,ES,6.967
-1.00649,38.24557,ES,6.967
-1.05261,38.21146,ES,6.967
-1.90815,37.71482,ES,6.967
-1.55694,38.23787,ES,6.967
-1.29405,38.04389,ES,6.967
-1.31721,37.87517,ES,6.967
-2.43889,38.27350,ES,6.967
-1.77147,37.70209,ES,6.967
-1.62314,37.67554,ES,6.967
-1.37957,37.82790,ES,6.967
-1.26929,37.91199,ES,6.967
-1.20026,37.93944,ES,6.967
-1.44629,38.34230,ES,6.967
-1.43803,38.29903,ES,6.967
-1.45548,38.25447,ES,6.967
-2.11243,38.39662,ES,6.967
-1.91469,37.78528,ES,6.967
-2.60668,38.17333,ES,6.967
-1.36641,38.23088,ES,6.967
-1.37145,38.22410,ES,6.967
-1.75049,38.24237,ES,6.967
-2.25187,38.41494,ES,6.967
-1.67516,38.02531,ES,6.967
-1.46934,38.04866,ES,6.967
-1.42702,38.03681,ES,6.967
-1.24591,38.04788,ES,6.967
-1.27739,38.04221,ES,6.967
-2.43740,38.45358,ES,6.967
-2.25276,38.51127,ES,6.967
-2.08385,38.55115,ES,6.967
-1.79266,38.46516,ES,6.967
-1.66430,38.31756,ES,6.967
-1.50129,38.61476,ES,6.967
-2.44793,38.30475,ES,6.967
-1.50003,38.01759,ES,6.967
-2.00620,37.97290,ES,6.967
-1.88956,38.03332,ES,6.967
-1.59871,38.22834,ES,6.967
-1.10573,38.12420,ES,6.967
-1.05787,38.07948,ES,6.967
-1.76981,38.36801,ES,6.967
-1.36471,38.03060,ES,6.967
-1.30377,38.12886,ES,6.967
-1.33968,37.86731,ES,6.967
-1.57468,37.69611,ES,6.967
-2.60573,38.16574,ES,6.967
-1.21695,38.00192,ES,6.967
-0.73737,38.08581,ES,6.967
-1.07549,37.99042,ES,6.967
-2.49798,38.22725,ES,6.967
-2.39029,38.29771,ES,6.967
-2.17678,38.40076,ES,6.967
-2.00940,38.41064,ES,6.967
-1.64484,38.25815,ES,6.967
-1.66233,38.55736,ES,6.967
-2.37040,38.14175,ES,6.967
-2.20517,38.33757,ES,6.967
-1.91455,38.55024,ES,6.967
-1.62284,38.42125,ES,6.967
-1.85941,38.62521,ES,6.967
-1.88661,37.77382,ES,6.967
-2.42126,38.37064,ES,6.967
-2.50876,38.35541,ES,6.967
-2.34334,38.43343,ES,6.967
-2.48110,38.15380,ES,6.967
-2.45455,38.21618,ES,6.967
0.21427,40.66850,ES,6.967
-0.57963,40.32112,ES,6.967
-0.60757,40.12659,ES,6.967
-0.19148,39.92855,ES,6.967
-1.14761,39.83881,ES,6.967
-2.38044,39.82464,ES,6.967
-1.16929,39.76077,ES,6.967
-1.63652,39.75797,ES,6.967
-1.57174,39.75069,ES,6.967
-1.60909,39.68179,ES,6.967
-2.35365,39.70080,ES,6.967
-1.24762,39.56465,ES,6.967
-1.00433,39.54678,ES,6.967
-1.06472,39.20536,ES,6.967
-0.77474,39.11751,ES,6.967
-0.76374,39.10514,ES,6.967
-0.44615,38.88878,ES,6.967
-0.07674,38.89520,ES,6.967
-0.58825,38.85527,ES,6.967
-2.25874,38.89490,ES,6.967
0.03994,38.84545,ES,6.967
-2.28608,38.81452,ES,6.967
-2.39933,38.69363,ES,6.967
-0.26313,38.55658,ES,6.967
-0.84855,38.56965,ES,6.967
-0.72461,38.33388,ES,6.967
-0.81936,40.20084,ES,6.967
-0.38011,40.09550,ES,6.967
-0.42331,40.20345,ES,6.967
-1.35473,39.20309,ES,6.967
-0.55220,39.26235,ES,6.967
-1.22011,39.95132,ES,6.967
-1.42635,39.19677,ES,6.967
-0.46062,39.20384,ES,6.967
-0.21323,38.89433,ES,6.967
-0.47456,38.45627,ES,6.967
-0.50619,39.01519,ES,6.967
-1.21400,39.95159,ES,6.967
-0.43899,39.48270,ES,6.967
-1.52012,39.17242,ES,6.967
-0.07536,38.62701,ES,6.967
-1.20727,39.93836,ES,6.967
-0.34288,40.02911,ES,6.967
-1.28568,40.05799,ES,6.967
-0.60059,39.33234,ES,6.967
-0.41040,39.18771,ES,6.967
-0.51676,39.06520,ES,6.967
-0.16366,40.07748,ES,6.967
-1.42824,39.19004,ES,6.967
-0.65556,39.34886,ES,6.967
-0.28424,38.86936,ES,6.967
-1.25595,40.09215,ES,6.967
-1.70913,39.93896,ES,6.967
-1.74153,39.76242,ES,6.967
-0.41047,39.80269,ES,6.967
-0.35337,39.76510,ES,6.967
-0.50411,39.51807,ES,6.967
-1.56901,39.25881,ES,6.967
-1.91374,39.27269,ES,6.967
-0.41731,39.18074,ES,6.967
-0.48233,39.02837,ES,6.967
-0.41425,38.77992,ES,6.967
-0.67675,40.12818,ES,6.967
-0.55021,39.89648,ES,6.967
-1.59272,39.15790,ES,6.967
-0.74882,39.37163,ES,6.967
-0.39820,39.38207,ES,6.967
-1.05621,39.19520,ES,6.967
-0.60980,39.90482,ES,6.967
-2.19848,39.73659,ES,6.967
-1.67479,39.14197,ES,6.967
-0.74488,39.61206,ES,6.967
-1.12706,40.34494,ES,6.967
-0.72232,40.14421,ES,6.967
-0.52408,40.06646,ES,6.967
-0.51374,39.88625,ES,6.967
-0.20452,39.67222,ES,6.967
-0.56148,39.54771,ES,6.967
-0.92955,39.36798,ES,6.967
-1.94971,39.43660,ES,6.967
-0.44815,39.15187,ES,6.967
-0.66043,38.91205,ES,6.967
-2.16708,38.88240,ES,6.967
-0.42569,38.74184,ES,6.967
-1.26110,40.02935,ES,6.967
-0.23031,40.10727,ES,6.967
-0.87307,39.45589,ES,6.967
-1.62428,40.07124,ES,6.967
-0.32268,40.02387,ES,6.967
-1.43974,39.76757,ES,6.967
-0.49067,39.13164,ES,6.967
-0.44787,39.16408,ES,6.967
-0.45121,39.13174,ES,6.967
-2.11901,38.90400,ES,6.967
-0.34556,38.82353,ES,6.967
-0.19646,38.93547,ES,6.967
-0.71454,38.71046,ES,6.967
-0.23376,38.50346,ES,6.967
-0.22916,39.99843,ES,6.967
-1.43249,39.72936,ES,6.967
-0.96623,39.71993,ES,6.967
-1.11706,39.47826,ES,6.967
-0.25091,39.06659,ES,6.967
-0.58009,39.03881,ES,6.967
-0.49474,38.68447,ES,6.967
-0.71013,38.21495,ES,6.967
-1.84264,40.22965,ES,6.967
-0.80659,40.31584,ES,6.967
-0.60705,40.06522,ES,6.967
-0.50883,39.84000,ES,6.967
-0.97236,39.73191,ES,6.967
-0.87344,39.61326,ES,6.967
-1.15928,39.51743,ES,6.967
-0.53799,39.08426,ES,6.967
-0.67917,39.06609,ES,6.967
-2.18375,38.82406,ES,6.967
-0.10487,38.75667,ES,6.967
-0.15511,38.66238,ES,6.967
-0.62624,38.71569,ES,6.967
-1.53952,40.22750,ES,6.967
-0.71396,39.91837,ES,6.967
-1.36359,39.89978,ES,6.967
-1.35873,39.34548,ES,6.967
-1.01372,39.37187,ES,6.967
-0.20497,39.04584,ES,6.967
-0.58869,38.52435,ES,6.967
-1.32096,40.40216,ES,6.967
0.12275,40.30397,ES,6.967
-2.28932,39.85104,ES,6.967
-2.08598,40.08187,ES,6.967
-0.89150,40.32178,ES,6.967
-0.99179,40.58801,ES,6.967
-2.13570,40.14076,ES,6.967
0.23977,40.67127,ES,6.967
-0.85327,40.43316,ES,6.967
-1.04012,39.78132,ES,6.967
0.01101,38.84120,ES,6.967
-1.21344,39.56548,ES,6.967
-0.41642,39.18460,ES,6.967
-0.16342,38.98186,ES,6.967
-0.81260,38.52191,ES,6.967
-0.70564,38.23990,ES,6.967
-0.35589,40.02868,ES,6.967
-0.33540,39.20258,ES,6.967
-0.29072,39.17657,ES,6.967
-0.04339,38.60816,ES,6.967
-1.75136,39.13846,ES,6.967
-0.02436,39.91734,ES,6.967
-1.95785,39.17272,ES,6.967
-0.87317,39.62520,ES,6.967
-0.49759,39.02047,ES,6.967
-2.08528,39.46241,ES,6.967
-1.68484,39.08046,ES,6.967
-0.34591,38.82464,ES,6.967
-0.72873,39.35755,ES,6.967
-0.36686,39.39373,ES,6.967
-0.82566,39.34243,ES,6.967
-0.41022,39.41959,ES,6.967
-0.47668,38.46766,ES,6.967
-0.74830,40.14850,ES,6.967
-0.79437,39.70539,ES,6.967
-0.09473,40.01926,ES,6.967
-0.40580,38.78741,ES,6.967
-0.64440,39.01484,ES,6.967
-2.20447,40.07588,ES,6.967
-2.12880,40.08713,ES,6.967
-2.14435,40.06356,ES,6.967
-0.32650,39.50188,ES,6.967
-0.05262,39.87851,ES,6.967
-1.18497,40.22882,ES,6.967
-0.49897,38.88797,ES,6.967
-0.48301,39.15396,ES,6.967
-0.37694,39.20118,ES,6.967
-0.09494,38.66023,ES,6.967
-1.15167,40.11413,ES,6.967
-2.14742,39.80731,ES,6.967
-0.51561,39.45847,ES,6.967
-0.50123,39.44647,ES,6.967
-1.27807,39.40038,ES,6.967
-0.49613,39.11774,ES,6.967
-0.06129,39.93268,ES,6.967
-0.01878,39.91600,ES,6.967
-0.81124,38.43775,ES,6.967
-1.62062,40.06504,ES,6.967
-1.57322,40.42724,ES,6.967
-0.99824,39.69917,ES,6.967
-0.49278,39.03074,ES,6.967
-0.45077,40.05639,ES,6.967
-1.54226,40.00085,ES,6.967
-1.09678,39.26104,ES,6.967
-1.16706,40.25188,ES,6.967
-0.58330,39.07421,ES,6.967
-0.43738,39.37988,ES,6.967
-0.05525,38.85447,ES,6.967
-1.55408,39.98436,ES,6.967
-0.51657,38.68822,ES,6.967
-1.43381,40.43124,ES,6.967
-0.73648,38.35544,ES,6.967
-0.35331,40.02580,ES,6.967
-0.68253,40.19895,ES,6.967
-0.21976,39.98695,ES,6.967
-0.08716,39.95446,ES,6.967
-1.42515,40.43225,ES,6.967
-1.96705,40.22750,ES,6.967
-1.98077,40.22403,ES,6.967
-2.07372,40.23764,ES,6.967
-2.14173,40.07597,ES,6.967
-1.81556,40.01954,ES,6.967
-1.61542,39.70064,ES,6.967
-0.49325,38.89451,ES,6.967
-0.59944,38.97660,ES,6.967
-0.50326,39.11039,ES,6.967
-0.05680,38.85325,ES,6.967
-0.05807,38.80063,ES,6.967
-0.09892,38.66035,ES,6.967
-0.25658,38.52712,ES,6.967
-0.54328,38.49189,ES,6.967
-0.40248,38.41862,ES,6.967
-0.51180,38.33194,ES,6.967
-0.08546,39.95411,ES,6.967
0.28615,40.62592,ES,6.967
0.43964,40.57432,ES,6.967
-2.01759,39.94089,ES,6.967
-0.23541,38.98558,ES,6.967
0.51276,41.53645,ES,6.967
-0.65996,41.99436,ES,6.967
-1.32005,41.88512,ES,6.967
-0.49937,42.40244,ES,6.967
-0.91487,41.61392,ES,6.967
-2.73274,42.42663,ES,6.967
-1.81828,42.67058,ES,6.967
0.77445,42.67579,ES,6.967
-0.92202,41.66718,ES,6.967
-0.32559,41.29593,ES,6.967
-2.91473,42.54864,ES,6.967
-2.71353,42.45656,ES,6.967
1.17511,41.91094,ES,6.967
-1.90724,42.31002,ES,6.967
-2.28319,42.62137,ES,6.967
-2.03912,42.53926,ES,6.967
-1.63152,42.47537,ES,6.967
-1.73834,42.67213,ES,6.967
-1.85004,42.63636,ES,6.967
-1.75352,42.18249,ES,6.967
-1.66455,42.01441,ES,6.967
-1.45140,41.85560,ES,6.967
-1.06512,42.13792,ES,6.967
-1.18133,42.08652,ES,6.967
-1.27237,42.16159,ES,6.967
-1.25038,41.94924,ES,6.967
-1.62314,41.29415,ES,6.967
-1.42112,41.36839,ES,6.967
-0.97792,41.54728,ES,6.967
-0.71815,42.27922,ES,6.967
-0.71842,42.05649,ES,6.967
-0.73441,41.92035,ES,6.967
-0.57698,41.26924,ES,6.967
-0.45875,41.16291,ES,6.967
-0.19778,41.15322,ES,6.967
-0.37959,40.89631,ES,6.967
-0.16865,40.95903,ES,6.967
-0.09465,40.93885,ES,6.967
-0.11682,41.05587,ES,6.967
-0.03347,41.49891,ES,6.967
1.11586,41.78534,ES,6.967
0.74832,41.68802,ES,6.967
0.11062,42.04443,ES,6.967
-0.19160,41.96904,ES,6.967
-0.15243,41.82006,ES,6.967
-0.41640,42.15323,ES,6.967
-0.24244,41.83224,ES,6.967
0.03707,41.69693,ES,6.967
0.38395,41.71972,ES,6.967
-3.83356,42.72714,ES,6.967
-3.43315,42.69030,ES,6.967
-3.42930,42.84383,ES,6.967
-3.04520,42.78523,ES,6.967
-3.22449,42.64786,ES,6.967
-3.04639,42.66009,ES,6.967
-2.90902,42.74763,ES,6.967
-2.43214,42.83545,ES,6.967
-2.62909,42.91828,ES,6.967
-2.56323,42.86185,ES,6.967
-2.80309,42.81425,ES,6.967
-2.85017,42.68990,ES,6.967
-3.20949,42.41904,ES,6.967
-3.10808,42.41265,ES,6.967
-3.07769,42.42739,ES,6.967
-2.96922,42.54233,ES,6.967
-2.88217,42.52503,ES,6.967
-2.82470,42.41164,ES,6.967
-2.69985,42.49269,ES,6.967
-2.35751,42.73556,ES,6.967
-1.99065,42.72171,ES,6.967
-1.99086,42.63200,ES,6.967
-1.08997,42.50440,ES,6.967
-1.63300,42.64853,ES,6.967
-1.54340,42.71738,ES,6.967
-1.93025,41.91737,ES,6.967
-1.80112,42.09387,ES,6.967
-1.71102,41.92605,ES,6.967
-2.21864,41.22119,ES,6.967
-1.67624,40.98975,ES,6.967
-1.81538,41.29099,ES,6.967
-1.32395,40.87331,ES,6.967
-1.50966,41.28530,ES,6.967
-1.77344,41.44871,ES,6.967
-0.83578,40.83279,ES,6.967
-0.74838,40.86915,ES,6.967
-0.62573,40.69403,ES,6.967
-0.45565,40.69586,ES,6.967
1.02910,41.97113,ES,6.967
0.91558,42.12660,ES,6.967
0.43071,42.20749,ES,6.967
0.05283,42.23872,ES,6.967
-0.10718,42.12198,ES,6.967
0.05738,40.84756,ES,6.967
-2.94836,42.68409,ES,6.967
-2.85312,42.75527,ES,6.967
-2.89708,42.67666,ES,6.967
-2.89201,42.65419,ES,6.967
-2.85478,42.59595,ES,6.967
-2.72825,42.51957,ES,6.967
-2.59970,42.47797,ES,6.967
-2.23650,42.44170,ES,6.967
-1.94608,42.37531,ES,6.967
-1.28832,42.62023,ES,6.967
-1.42043,42.42242,ES,6.967
-1.72388,42.31766,ES,6.967
-1.84232,42.72467,ES,6.967
-1.76768,42.26422,ES,6.967
-0.75798,42.25022,ES,6.967
-0.83028,41.69746,ES,6.967
0.72594,41.69238,ES,6.967
0.64736,41.74889,ES,6.967
0.15381,41.88492,ES,6.967
0.35242,41.50206,ES,6.967
-1.59687,41.38144,ES,6.967
-1.42619,41.49828,ES,6.967
-1.25490,41.66317,ES,6.967
-1.17247,41.83021,ES,6.967
-0.95028,41.70953,ES,6.967
-0.85473,41.65309,ES,6.967
-0.73734,41.58586,ES,6.967
-0.49790,41.46799,ES,6.967
0.56838,41.24368,ES,6.967
0.56222,41.20843,ES,6.967
-4.17590,42.97548,ES,6.967
-3.18395,42.88235,ES,6.967
-3.22923,42.53083,ES,6.967
-0.58638,42.56413,ES,6.967
-0.53377,42.56541,ES,6.967
-0.72656,42.61085,ES,6.967
-0.88368,42.77679,ES,6.967
-1.72073,42.81678,ES,6.967
-1.76004,42.81156,ES,6.967
-1.95142,42.92658,ES,6.967
-1.86294,42.98310,ES,6.967
-0.37137,42.49239,ES,6.967
-0.41457,42.43982,ES,6.967
1.93235,42.40764,ES,6.967
1.45519,42.37010,ES,6.967
1.36430,42.28794,ES,6.967
0.69544,42.15381,ES,6.967
-0.32095,42.64794,ES,6.967
0.74125,42.41074,ES,6.967
0.15635,42.58447,ES,6.967
0.59621,42.67661,ES,6.967
0.71486,42.82121,ES,6.967
-3.45216,42.77377,ES,6.967
-0.66730,42.39600,ES,6.967
-0.78125,41.82489,ES,6.967
-1.28463,41.18401,ES,6.967
-1.94457,41.83449,ES,6.967
-0.02515,41.23667,ES,6.967
0.90190,42.11186,ES,6.967
0.87561,41.04757,ES,6.967
1.04659,41.19790,ES,6.967
1.19281,41.10570,ES,6.967
1.03942,41.39444,ES,6.967
1.11883,41.39220,ES,6.967
1.21639,41.42630,ES,6.967
1.18129,41.33564,ES,6.967
1.12818,41.30566,ES,6.967
1.22056,41.27039,ES,6.967
1.22285,41.26402,ES,6.967
1.23195,41.22157,ES,6.967
1.24329,41.23387,ES,6.967
1.16129,41.26113,ES,6.967
1.19348,41.21490,ES,6.967
1.09592,41.22935,ES,6.967
1.23327,41.15572,ES,6.967
1.24544,41.20807,ES,6.967
1.39051,41.47648,ES,6.967
1.35600,41.26537,ES,6.967
1.32669,41.40579,ES,6.967
1.36156,41.33920,ES,6.967
1.57202,41.28582,ES,6.967
1.61492,41.39368,ES,6.967
1.65896,41.34353,ES,6.967
1.52709,41.41370,ES,6.967
1.67824,41.34885,ES,6.967
1.63811,41.27848,ES,6.967
1.62603,41.27192,ES,6.967
1.66479,41.23216,ES,6.967
1.97527,42.25834,ES,6.967
1.89401,42.23430,ES,6.967
1.85106,42.26791,ES,6.967
1.83637,42.22541,ES,6.967
1.85612,42.14767,ES,6.967
1.94143,42.12942,ES,6.967
1.88048,42.10567,ES,6.967
1.83730,42.10995,ES,6.967
1.83997,42.05921,ES,6.967
1.90612,42.01607,ES,6.967
1.85887,42.01831,ES,6.967
1.87181,41.93204,ES,6.967
1.89666,41.89364,ES,6.967
1.85721,41.88705,ES,6.967
1.89683,41.83465,ES,6.967
2.05589,41.99951,ES,6.967
2.09122,41.97143,ES,6.967
2.03477,41.95455,ES,6.967
1.97992,41.87832,ES,6.967
1.95357,41.81086,ES,6.967
1.96820,41.83382,ES,6.967
1.96232,41.79856,ES,6.967
2.01711,41.77101,ES,6.967
1.87860,41.73137,ES,6.967
1.93982,41.70956,ES,6.967
1.87663,41.70420,ES,6.967
1.67314,42.13575,ES,6.967
1.63408,41.93012,ES,6.967
1.67049,41.94100,ES,6.967
1.70630,41.84437,ES,6.967
1.72334,41.83259,ES,6.967
1.74687,41.84686,ES,6.967
1.76119,41.80698,ES,6.967
1.80140,41.87113,ES,6.967
1.79699,41.78132,ES,6.967
1.77829,41.75232,ES,6.967
1.82246,41.70627,ES,6.967
1.82691,41.68855,ES,6.967
1.84695,41.68140,ES,6.967
1.85980,41.65407,ES,6.967
1.89909,41.63924,ES,6.967
1.84240,41.64647,ES,6.967
1.91885,41.50236,ES,6.967
1.93769,41.51225,ES,6.967
1.49235,41.55658,ES,6.967
1.63577,41.56888,ES,6.967
1.67262,41.56374,ES,6.967
1.64971,41.53463,ES,6.967
1.76660,41.45884,ES,6.967
1.73636,41.44451,ES,6.967
1.78388,41.44259,ES,6.967
1.85220,41.44447,ES,6.967
1.81127,41.42400,ES,6.967
1.83492,41.46960,ES,6.967
1.96456,41.47289,ES,6.967
1.99571,41.44859,ES,6.967
2.02413,41.42741,ES,6.967
1.95885,41.41318,ES,6.967
1.98324,41.39797,ES,6.967
1.98455,41.35681,ES,6.967
2.11166,41.32695,ES,6.967
2.23528,41.79290,ES,6.967
2.27320,41.72413,ES,6.967
2.29393,41.65652,ES,6.967
2.25283,41.55080,ES,6.967
2.38587,41.63180,ES,6.967
2.33747,41.59799,ES,6.967
2.35690,41.65571,ES,6.967
2.26522,41.54664,ES,6.967
2.15493,41.73136,ES,6.967
2.23405,41.65242,ES,6.967
2.24380,41.59279,ES,6.967
2.23088,41.54444,ES,6.967
2.19349,41.49268,ES,6.967
2.17569,41.57440,ES,6.967
2.15567,41.58663,ES,6.967
2.15336,41.53547,ES,6.967
2.07282,41.61856,ES,6.967
2.10540,41.56852,ES,6.967
2.18547,41.48757,ES,6.967
2.15151,41.49060,ES,6.967
2.12815,41.48241,ES,6.967
2.20067,41.45068,ES,6.967
2.60786,41.61388,ES,6.967
2.66133,41.65146,ES,6.967
2.48921,41.68044,ES,6.967
2.48111,41.66306,ES,6.967
2.60286,41.72740,ES,6.967
2.45157,41.78067,ES,6.967
2.57834,41.69315,ES,6.967
2.60511,41.75653,ES,6.967
2.67324,41.74176,ES,6.967
2.59352,41.86633,ES,6.967
2.68564,41.83782,ES,6.967
2.68939,41.80516,ES,6.967
2.68967,41.79165,ES,6.967
2.74398,41.79920,ES,6.967
2.69009,41.79422,ES,6.967
2.70902,41.71603,ES,6.967
2.76442,41.66597,ES,6.967
2.89688,41.74174,ES,6.967
2.92520,41.72995,ES,6.967
2.93530,41.82790,ES,6.967
3.04950,41.81132,ES,6.967
3.04059,41.84751,ES,6.967
3.08157,41.85469,ES,6.967
3.15397,41.89299,ES,6.967
3.00899,41.94306,ES,6.967
3.04158,41.98046,ES,6.967
3.18894,42.00734,ES,6.967
2.35048,42.31796,ES,6.967
2.24113,42.22077,ES,6.967
2.16795,42.21253,ES,6.967
2.19841,42.18863,ES,6.967
2.15333,42.16878,ES,6.967
2.24362,42.18734,ES,6.967
2.20723,42.11325,ES,6.967
2.18302,42.11810,ES,6.967
2.23605,42.10251,ES,6.967
2.26909,42.05049,ES,6.967
2.18965,42.00507,ES,6.967
2.23535,41.98569,ES,6.967
2.26052,41.87068,ES,6.967
2.27575,41.93578,ES,6.967
2.28944,41.98363,ES,6.967
2.31189,41.97107,ES,6.967
2.37150,42.02653,ES,6.967
2.47262,42.01668,ES,6.967
2.73681,42.00970,ES,6.967
2.76033,42.01686,ES,6.967
2.79591,41.94653,ES,6.967
2.79380,41.88235,ES,6.967
2.89355,41.87312,ES,6.967
2.81991,41.93971,ES,6.967
2.82853,41.97365,ES,6.967
2.82798,42.01530,ES,6.967
2.82378,42.08789,ES,6.967
2.82581,42.08245,ES,6.967
2.85966,42.04085,ES,6.967
2.95967,42.05960,ES,6.967
2.88053,42.05320,ES,6.967
2.93254,42.02316,ES,6.967
2.95789,42.06105,ES,6.967
3.15253,42.02571,ES,6.967
2.46532,42.08728,ES,6.967
2.50099,42.19958,ES,6.967
2.48685,42.21660,ES,6.967
2.57475,42.21752,ES,6.967
2.70392,42.20067,ES,6.967
2.66090,42.21093,ES,6.967
2.73629,42.17810,ES,6.967
3.08491,42.20837,ES,6.967
2.91156,42.31731,ES,6.967
2.89131,42.37525,ES,6.967
2.85804,42.36303,ES,6.967
3.00870,42.30420,ES,6.967
3.01311,42.33258,ES,6.967
2.96866,42.23787,ES,6.967
3.04268,42.27598,ES,6.967
3.04616,42.34832,ES,6.967
3.11050,42.28507,ES,6.967
3.22906,42.30018,ES,6.967
3.11032,42.35328,ES,6.967
-2.94722,35.29040,ES,6.967
-5.09651,42.21600,ES,6.967
-4.71813,41.66490,ES,6.967
-4.70228,41.12510,ES,6.967
-5.64654,40.95950,ES,6.967
-2.47617,43.30490,ES,6.967
-2.45396,43.31791,ES,6.967
-2.85487,43.28188,ES,6.967
-2.93751,43.29208,ES,6.967
-3.13936,43.27061,ES,6.967
-3.11980,43.31159,ES,6.967
-2.80894,43.40165,ES,6.967
-1.72942,43.29403,ES,6.967
-1.82144,43.33799,ES,6.967
-2.81749,43.33475,ES,6.967
-2.86739,43.36936,ES,6.967
-2.90877,43.37185,ES,6.967
-1.50468,43.27334,ES,6.967
-1.72951,43.29481,ES,6.967
-1.66991,43.24134,ES,6.967
-1.54459,43.11868,ES,6.967
-1.72977,43.29369,ES,6.967
-1.61449,43.22134,ES,6.967
-1.67986,43.22836,ES,6.967
-1.61168,43.13756,ES,6.967
-1.94137,43.24356,ES,6.967
-1.96964,43.26739,ES,6.967
-1.94549,43.25287,ES,6.967
-2.17076,43.06408,ES,6.967
-2.07095,43.13329,ES,6.967
-2.16979,43.05728,ES,6.967
-2.19176,43.04460,ES,6.967
-2.21564,43.04537,ES,6.967
-2.23258,43.02317,ES,6.967
-2.09745,43.10024,ES,6.967
-2.08949,43.12327,ES,6.967
-2.08641,43.08994,ES,6.967
-2.89549,43.20419,ES,6.967
-3.00081,43.08212,ES,6.967
-2.75508,43.21164,ES,6.967
-2.67308,43.18587,ES,6.967
-2.60935,43.16847,ES,6.967
-2.67225,43.19603,ES,6.967
-2.77150,43.20117,ES,6.967
-2.61205,43.16076,ES,6.967
-3.00302,43.08406,ES,6.967
-3.01600,43.22727,ES,6.967
-2.80365,43.23597,ES,6.967
-2.73918,43.22815,ES,6.967
-2.90102,43.17322,ES,6.967
-4.49418,43.35023,ES,6.967
-4.60725,43.31632,ES,6.967
-4.81909,43.29933,ES,6.967
-4.83170,43.30733,ES,6.967
-4.69906,43.40052,ES,6.967
-5.37437,43.34932,ES,6.967
-5.26836,43.49208,ES,6.967
-5.45022,43.21927,ES,6.967
-6.06618,43.38861,ES,6.967
-5.46744,43.21600,ES,6.967
-6.87549,43.05543,ES,6.967
-5.72676,43.54412,ES,6.967
-4.56569,43.33140,ES,6.967
-4.78394,43.26432,ES,6.967
-5.95044,43.36585,ES,6.967
-6.32099,43.28457,ES,6.967
-6.23831,43.36183,ES,6.967
-5.88375,43.32987,ES,6.967
-5.88364,43.55490,ES,6.967
-5.86754,43.52292,ES,6.967
-5.77707,43.50090,ES,6.967
-5.72513,43.51674,ES,6.967
-5.95976,43.57126,ES,6.967
-5.90045,43.60293,ES,6.967
-5.55771,43.23400,ES,6.967
-5.36623,43.20495,ES,6.967
-4.59236,43.37992,ES,6.967
-5.13463,43.28896,ES,6.967
-5.47838,43.35506,ES,6.967
-5.25556,43.33857,ES,6.967
-5.35444,43.33343,ES,6.967
-5.19535,43.20673,ES,6.967
-5.20201,43.25736,ES,6.967
-5.78061,43.25800,ES,6.967
-5.74510,43.20886,ES,6.967
-5.69199,43.21432,ES,6.967
-6.28731,43.34938,ES,6.967
-6.37977,43.26450,ES,6.967
-6.41460,43.30949,ES,6.967
-6.61388,43.04918,ES,6.967
-6.01435,43.39913,ES,6.967
-5.95919,43.44011,ES,6.967
-6.11618,43.15674,ES,6.967
-5.78506,43.19752,ES,6.967
-5.57227,43.07037,ES,6.967
-5.78525,43.01509,ES,6.967
-5.67798,43.31024,ES,6.967
-6.88089,43.25883,ES,6.967
-6.59790,42.94565,ES,6.967
-6.93681,43.07412,ES,6.967
-7.01813,43.08584,ES,6.967
-6.98546,42.89362,ES,6.967
-7.12045,42.85961,ES,6.967
-4.75625,43.22982,ES,6.967
-5.92955,43.38469,ES,6.967
-4.64326,43.09325,ES,6.967
-3.70668,43.41807,ES,6.967
-3.69550,43.34604,ES,6.967
-3.85658,43.37821,ES,6.967
-3.90309,43.17863,ES,6.967
-3.80299,43.15847,ES,6.967
-3.89585,43.15582,ES,6.967
-4.05521,43.19493,ES,6.967
-4.04320,43.18973,ES,6.967
-4.18629,43.13588,ES,6.967
-4.35144,43.31941,ES,6.967
-5.86188,43.27721,ES,6.967
-1.68845,43.27112,ES,6.967
-3.04796,43.20200,ES,6.967
-2.56926,43.13039,ES,6.967
-2.44549,43.10794,ES,6.967
-2.39154,43.10153,ES,6.967
-2.54002,43.05804,ES,6.967
-2.56722,42.99665,ES,6.967
-2.44747,43.08149,ES,6.967
-2.41902,43.17786,ES,6.967
-2.38707,43.25495,ES,6.967
-2.45194,43.18920,ES,6.967
-2.36310,43.23706,ES,6.967
-2.41079,42.98303,ES,6.967
-2.37488,43.01970,ES,6.967
-2.42738,43.12686,ES,6.967
-1.72973,43.29367,ES,6.967
-2.99305,43.27976,ES,6.967
-2.97944,43.34511,ES,6.967
-2.99959,43.33818,ES,6.967
-2.77150,43.20101,ES,6.967
-2.56922,43.13041,ES,6.967
-2.63445,43.17497,ES,6.967
-2.66870,43.18203,ES,6.967
-2.75465,43.21178,ES,6.967
-2.84953,43.22955,ES,6.967
-2.91802,43.24312,ES,6.967
-2.76328,43.14787,ES,6.967
-0.16898,39.81160,ES,6.967
-2.99650,43.24153,ES,6.967
-3.10440,43.08891,ES,6.967
-3.10900,43.14371,ES,6.967
-2.54088,43.30976,ES,6.967
-2.50645,43.34284,ES,6.967
-2.58184,43.37037,ES,6.967
-4.51589,36.69640,ES,6.967
-3.00962,43.02714,ES,6.967
-2.99522,43.10858,ES,6.967
-2.93950,43.15322,ES,6.967
-2.88092,43.23463,ES,6.967
-3.01685,43.07365,ES,6.967
-7.16517,43.35350,ES,6.967
-5.82388,43.41340,ES,6.967
-6.00494,43.19720,ES,6.967
-3.96205,43.36420,ES,6.967
-5.69137,43.21440,ES,6.967
-2.17679,43.01889,ES,6.967
-2.07386,43.04262,ES,6.967
-2.08637,43.08997,ES,6.967
-2.05829,43.11448,ES,6.967
-2.09865,43.19267,ES,6.967
-2.07042,43.19101,ES,6.967
-2.21914,43.05040,ES,6.967
-1.82037,43.28136,ES,6.967
-1.87620,43.29851,ES,6.967
-1.88530,43.30339,ES,6.967
-2.68805,43.29119,ES,6.967
-2.67423,43.30731,ES,6.967
-2.66382,43.32045,ES,6.967
-2.72913,43.40675,ES,6.967
-2.01545,43.20834,ES,6.967
-2.29575,42.96921,ES,6.967
-2.15273,43.08107,ES,6.967
-2.12601,43.08413,ES,6.967
-2.06969,43.16363,ES,6.967
-2.03284,43.20938,ES,6.967
-2.05695,43.27119,ES,6.967
-2.09205,43.12386,ES,6.967
-2.16742,43.27786,ES,6.967
-1.61847,38.24810,ES,6.967
-1.45840,37.72370,ES,6.967
-2.25614,43.17335,ES,6.967
-2.02139,43.29997,ES,6.967
-2.27595,43.26305,ES,6.967
-1.94667,43.25633,ES,6.967
-2.32951,43.00670,ES,6.967
-2.33058,43.07257,ES,6.967
-2.31887,43.10854,ES,6.967
-2.35139,43.13235,ES,6.967
-2.27878,43.17570,ES,6.967
-2.25824,43.22566,ES,6.967
-2.23419,43.26701,ES,6.967
-1.92436,43.22415,ES,6.967
-1.97138,43.25621,ES,6.967
27.94150,65.49970,FI,93.604
26.66840,60.93490,FI,93.604
24.21490,60.50960,FI,93.604
28.49240,63.75920,FI,93.604
30.69220,63.16220,FI,93.604
30.71430,63.16910,FI,93.604
23.65540,64.06270,FI,93.604
28.33340,64.56960,FI,93.604
24.79540,66.08190,FI,93.604
26.07760,66.46040,FI,93.604
22.48600,62.93860,FI,93.604
22.37110,62.57870,FI,93.604
21.66320,61.65760,FI,93.604
25.07554,65.66177,FI,93.604
26.54210,65.28298,FI,93.604
25.20121,65.60558,FI,93.604
28.39534,68.89525,FI,93.604
23.43765,61.46328,FI,93.604
24.54483,65.79239,FI,93.604
21.53758,61.86380,FI,93.604
21.87087,61.45611,FI,93.604
22.40961,60.87188,FI,93.604
22.67684,60.46183,FI,93.604
23.13168,60.39125,FI,93.604
23.15433,60.13315,FI,93.604
23.15399,68.23469,FI,93.604
27.30468,60.97072,FI,93.604
24.04262,65.96357,FI,93.604
26.78171,64.57197,FI,93.604
26.99971,69.78447,FI,93.604
27.13648,69.93080,FI,93.604
25.59587,61.28391,FI,93.604
27.46247,68.61246,FI,93.604
25.81223,69.37407,FI,93.604
22.83861,63.58421,FI,93.604
22.81593,63.64028,FI,93.604
25.46384,66.70585,FI,93.604
23.69918,63.55137,FI,93.604
28.50563,63.76205,FI,93.604
23.76741,66.38238,FI,93.604
27.52816,67.08541,FI,93.604
24.85808,67.87507,FI,93.604
25.44997,66.00465,FI,93.604
29.40060,61.41152,FI,93.604
26.45096,60.49346,FI,93.604
26.76730,60.67515,FI,93.604
26.87842,60.50854,FI,93.604
28.38660,60.88602,FI,93.604
25.56294,60.36917,FI,93.604
23.63833,60.08735,FI,93.604
25.60840,60.44236,FI,93.604
24.98510,60.23736,FI,93.604
25.96351,61.57152,FI,93.604
27.90019,60.65689,FI,93.604
28.78016,61.19673,FI,93.604
28.81189,61.12494,FI,93.604
30.02548,63.30926,FI,93.604
25.94249,60.50027,FI,93.604
21.51003,62.25289,FI,93.604
26.93012,60.50679,FI,93.604
27.09846,60.56591,FI,93.604
29.24573,62.61488,FI,93.604
22.52824,63.52519,FI,93.604
21.35392,62.46387,FI,93.604
23.21967,63.85440,FI,93.604
23.94196,64.25839,FI,93.604
24.26659,64.46193,FI,93.604
27.84497,64.40368,FI,93.604
25.35646,65.17971,FI,93.604
25.41166,65.33439,FI,93.604
29.31183,66.36917,FI,93.604
29.14490,66.30323,FI,93.604
24.91834,63.91657,FI,93.604
24.96009,64.71775,FI,93.604
3.59173,50.24020,FR,40.483
3.42982,50.32300,FR,40.483
3.49681,50.32780,FR,40.483
3.56519,50.45380,FR,40.483
3.44460,50.50080,FR,40.483
2.17360,50.52260,FR,40.483
2.68521,50.62370,FR,40.483
1.90652,50.43040,FR,40.483
2.38465,51.04530,FR,40.483
1.86932,50.92670,FR,40.483
3.14014,49.74120,FR,40.483
6.16984,49.27800,FR,40.483
7.00455,48.79320,FR,40.483
7.10795,49.08710,FR,40.483
7.36266,49.13190,FR,40.483
5.15861,49.54160,FR,40.483
4.87437,49.69330,FR,40.483
4.78478,50.11470,FR,40.483
2.46097,48.43240,FR,40.483
2.10220,48.33220,FR,40.483
2.17729,46.44670,FR,40.483
0.16041,47.64830,FR,40.483
0.19493,48.46380,FR,40.483
-0.41790,47.93420,FR,40.483
-3.24156,48.65380,FR,40.483
-0.16858,46.21290,FR,40.483
-0.76715,45.61050,FR,40.483
-0.14152,45.04020,FR,40.483
0.43359,43.25330,FR,40.483
0.36918,43.11740,FR,40.483
1.97697,43.77050,FR,40.483
2.38212,43.49830,FR,40.483
1.87443,42.97800,FR,40.483
0.08270,43.29680,FR,40.483
3.73799,50.33615,FR,40.483
3.24759,50.10450,FR,40.483
3.27479,50.21628,FR,40.483
3.58112,50.42597,FR,40.483
3.31243,50.28105,FR,40.483
3.39020,50.28647,FR,40.483
3.46761,50.27050,FR,40.483
3.56567,50.29237,FR,40.483
3.63405,50.43935,FR,40.483
2.76384,50.30203,FR,40.483
3.02167,50.33567,FR,40.483
3.46609,50.47017,FR,40.483
3.04317,50.28304,FR,40.483
3.07226,50.32242,FR,40.483
2.21204,50.61859,FR,40.483
2.83518,50.67716,FR,40.483
3.04305,50.77639,FR,40.483
2.41333,50.64221,FR,40.483
2.54266,50.62454,FR,40.483
2.57421,50.53841,FR,40.483
2.52845,50.46493,FR,40.483
2.92064,50.54651,FR,40.483
2.62292,50.92018,FR,40.483
1.62745,50.80167,FR,40.483
1.76749,50.68114,FR,40.483
1.97602,50.40012,FR,40.483
2.10262,50.39757,FR,40.483
1.91858,50.30452,FR,40.483
2.22720,50.70752,FR,40.483
2.25057,50.78977,FR,40.483
2.14562,50.94449,FR,40.483
2.38369,51.00257,FR,40.483
2.08671,50.83358,FR,40.483
3.31717,49.88004,FR,40.483
2.93400,49.86045,FR,40.483
2.71818,49.93670,FR,40.483
1.87222,50.06841,FR,40.483
2.51391,49.93336,FR,40.483
2.47658,49.77133,FR,40.483
2.02301,49.75026,FR,40.483
2.08078,50.01255,FR,40.483
1.99484,50.01466,FR,40.483
1.83277,50.11517,FR,40.483
1.66365,50.27396,FR,40.483
5.54380,48.06817,FR,40.483
5.61447,48.24089,FR,40.483
5.73336,48.40246,FR,40.483
5.61111,48.66447,FR,40.483
5.54100,48.87026,FR,40.483
5.36928,49.21079,FR,40.483
5.19096,49.41334,FR,40.483
5.00030,49.65338,FR,40.483
5.81506,49.51041,FR,40.483
5.70202,49.48376,FR,40.483
5.74643,49.38067,FR,40.483
5.71802,49.41075,FR,40.483
5.51997,49.48975,FR,40.483
5.46013,49.52559,FR,40.483
5.68092,49.31676,FR,40.483
5.32991,49.48058,FR,40.483
5.31916,49.61447,FR,40.483
5.13351,49.65206,FR,40.483
4.98784,49.68792,FR,40.483
4.82313,49.55479,FR,40.483
4.77488,49.73845,FR,40.483
4.39854,49.84880,FR,40.483
4.78669,49.86291,FR,40.483
4.68441,49.99648,FR,40.483
4.71154,50.09161,FR,40.483
4.85474,50.11889,FR,40.483
4.82497,50.16912,FR,40.483
4.17641,50.11710,FR,40.483
3.89416,50.23909,FR,40.483
4.18401,50.26874,FR,40.483
4.10222,50.29789,FR,40.483
3.73799,50.14276,FR,40.483
3.81653,50.14870,FR,40.483
4.01805,50.23973,FR,40.483
3.70282,50.03519,FR,40.483
7.52341,47.65238,FR,40.483
7.52263,47.66077,FR,40.483
7.51439,47.63879,FR,40.483
7.38696,47.68160,FR,40.483
7.71347,48.31250,FR,40.483
7.91978,48.68153,FR,40.483
7.54880,48.18745,FR,40.483
7.21809,47.61552,FR,40.483
7.17510,47.53952,FR,40.483
7.23275,47.74562,FR,40.483
7.26490,47.82692,FR,40.483
7.39857,47.96764,FR,40.483
7.19684,47.92344,FR,40.483
7.33082,48.01593,FR,40.483
7.42284,48.15085,FR,40.483
7.06153,48.05406,FR,40.483
7.40088,48.18701,FR,40.483
7.58024,48.35528,FR,40.483
7.40267,48.39486,FR,40.483
7.46015,48.33857,FR,40.483
7.55284,48.45725,FR,40.483
7.43670,48.53526,FR,40.483
7.70443,48.64353,FR,40.483
7.83092,48.65460,FR,40.483
7.59257,48.91855,FR,40.483
7.42096,48.76439,FR,40.483
7.95142,48.76134,FR,40.483
8.00986,48.80998,FR,40.483
7.75704,49.04433,FR,40.483
7.77646,48.88409,FR,40.483
8.08586,48.86572,FR,40.483
8.19784,48.95895,FR,40.483
7.90277,49.04317,FR,40.483
6.73934,47.89201,FR,40.483
6.70336,48.05790,FR,40.483
6.76098,48.18508,FR,40.483
6.51566,48.12800,FR,40.483
6.26829,48.52303,FR,40.483
6.24615,48.55046,FR,40.483
6.15165,48.60105,FR,40.483
6.13547,48.27751,FR,40.483
6.13968,48.52875,FR,40.483
6.10780,48.57565,FR,40.483
6.06679,48.74566,FR,40.483
6.97526,48.18442,FR,40.483
6.94565,48.38457,FR,40.483
7.10176,48.51231,FR,40.483
6.59831,48.52372,FR,40.483
6.72907,48.53980,FR,40.483
6.62838,48.57950,FR,40.483
6.58469,48.39717,FR,40.483
6.38913,48.56176,FR,40.483
6.55946,48.67329,FR,40.483
6.44042,48.64286,FR,40.483
6.20670,48.68762,FR,40.483
6.16637,48.74627,FR,40.483
5.93184,48.85260,FR,40.483
6.04996,48.95396,FR,40.483
5.80553,48.90724,FR,40.483
6.66959,48.79638,FR,40.483
6.59583,48.87885,FR,40.483
6.12433,48.94101,FR,40.483
5.68133,49.17183,FR,40.483
5.83785,49.14418,FR,40.483
6.06582,49.25390,FR,40.483
6.15227,49.32821,FR,40.483
6.31056,49.39839,FR,40.483
6.30580,49.47040,FR,40.483
6.34683,49.44907,FR,40.483
6.38745,49.45864,FR,40.483
6.07835,49.45452,FR,40.483
5.96611,49.48538,FR,40.483
7.12669,48.54784,FR,40.483
7.05946,48.77217,FR,40.483
7.01129,48.91152,FR,40.483
7.03892,48.96973,FR,40.483
7.08030,49.14900,FR,40.483
7.04152,49.14644,FR,40.483
7.47226,49.12725,FR,40.483
7.36310,49.14518,FR,40.483
6.83595,49.21123,FR,40.483
6.68887,49.22572,FR,40.483
6.57578,49.32946,FR,40.483
6.56712,49.34182,FR,40.483
5.86398,47.93536,FR,40.483
6.10194,48.09027,FR,40.483
5.99620,47.91706,FR,40.483
5.91739,47.84026,FR,40.483
5.63039,47.82896,FR,40.483
5.74293,47.82332,FR,40.483
6.07584,47.74583,FR,40.483
6.03324,47.63555,FR,40.483
5.97246,47.66173,FR,40.483
5.92084,47.53446,FR,40.483
5.79513,47.60580,FR,40.483
5.69311,47.54229,FR,40.483
5.65695,47.45130,FR,40.483
5.54409,47.39572,FR,40.483
5.40693,47.57826,FR,40.483
5.34982,47.34774,FR,40.483
6.70749,47.83028,FR,40.483
6.47380,47.62189,FR,40.483
5.55003,47.28790,FR,40.483
5.38257,47.19452,FR,40.483
5.19745,47.51337,FR,40.483
5.21754,47.28046,FR,40.483
5.30017,47.17837,FR,40.483
4.72565,47.20988,FR,40.483
4.85958,47.31487,FR,40.483
5.28030,47.11399,FR,40.483
5.20079,47.15045,FR,40.483
5.17987,47.13404,FR,40.483
5.16564,47.07370,FR,40.483
5.14354,46.99692,FR,40.483
6.27995,46.77258,FR,40.483
6.34336,46.94341,FR,40.483
6.43698,47.36695,FR,40.483
6.38470,46.94643,FR,40.483
6.64049,47.04749,FR,40.483
6.95142,47.26179,FR,40.483
6.81088,47.31737,FR,40.483
6.79153,47.45192,FR,40.483
6.84236,47.47225,FR,40.483
6.93411,47.54798,FR,40.483
6.84366,47.52176,FR,40.483
6.68216,47.45421,FR,40.483
6.14912,47.28551,FR,40.483
5.90527,47.17562,FR,40.483
5.45351,47.03552,FR,40.483
6.27527,47.03731,FR,40.483
5.49401,47.01480,FR,40.483
5.08501,46.90345,FR,40.483
4.56962,46.80163,FR,40.483
4.99635,46.98310,FR,40.483
5.01853,46.94337,FR,40.483
4.95546,46.87899,FR,40.483
4.93214,46.71096,FR,40.483
4.60578,46.37557,FR,40.483
4.56741,46.55022,FR,40.483
5.25858,46.67410,FR,40.483
5.42330,46.62818,FR,40.483
5.28767,46.51501,FR,40.483
5.05003,46.56064,FR,40.483
4.94677,46.51408,FR,40.483
4.85959,46.47563,FR,40.483
4.89661,46.44780,FR,40.483
5.19596,46.25763,FR,40.483
4.95848,46.42404,FR,40.483
4.78449,46.41125,FR,40.483
4.78102,46.28401,FR,40.483
5.07138,46.22965,FR,40.483
4.85902,46.27405,FR,40.483
4.83975,46.15811,FR,40.483
4.71586,46.12689,FR,40.483
4.72894,45.94411,FR,40.483
4.60188,45.83752,FR,40.483
4.72572,45.91187,FR,40.483
4.83191,45.79654,FR,40.483
6.77057,45.91950,FR,40.483
6.62869,45.98195,FR,40.483
6.64496,46.09760,FR,40.483
6.42864,46.07572,FR,40.483
6.39652,46.07387,FR,40.483
6.27025,46.14985,FR,40.483
5.96454,46.14466,FR,40.483
6.50763,46.38047,FR,40.483
5.79641,46.24422,FR,40.483
6.14642,46.02059,FR,40.483
5.84787,45.98637,FR,40.483
5.78277,45.75337,FR,40.483
6.05677,45.89892,FR,40.483
5.93818,45.87483,FR,40.483
5.84828,45.93350,FR,40.483
5.80229,45.84882,FR,40.483
5.80582,45.85396,FR,40.483
5.86214,45.64983,FR,40.483
5.66960,45.91258,FR,40.483
5.67709,45.70841,FR,40.483
5.62304,45.63844,FR,40.483
5.75415,45.36359,FR,40.483
5.63733,45.59270,FR,40.483
5.61590,45.62459,FR,40.483
5.34712,45.88267,FR,40.483
5.37113,45.56636,FR,40.483
5.15915,45.71524,FR,40.483
5.18643,45.77249,FR,40.483
5.79267,46.74121,FR,40.483
5.69935,46.59775,FR,40.483
5.71124,46.36687,FR,40.483
5.55478,46.17264,FR,40.483
5.40308,46.08997,FR,40.483
5.47686,45.94656,FR,40.483
5.22819,45.92072,FR,40.483
5.21241,45.81653,FR,40.483
5.08867,45.81158,FR,40.483
4.81658,45.64570,FR,40.483
4.52703,45.48270,FR,40.483
4.76119,45.58750,FR,40.483
4.78083,45.58124,FR,40.483
4.88015,45.52747,FR,40.483
4.76718,45.31843,FR,40.483
4.81023,45.31128,FR,40.483
5.09265,45.34076,FR,40.483
4.78673,45.20594,FR,40.483
4.81166,45.18402,FR,40.483
4.49385,45.02925,FR,40.483
4.77827,45.05945,FR,40.483
4.93516,44.95128,FR,40.483
4.83958,44.85372,FR,40.483
4.86494,44.83851,FR,40.483
4.41918,44.91660,FR,40.483
4.79888,44.82428,FR,40.483
5.27127,44.67106,FR,40.483
5.32281,44.76833,FR,40.483
5.50519,44.56688,FR,40.483
4.82534,44.76926,FR,40.483
5.38625,47.18829,FR,40.483
4.70777,44.57908,FR,40.483
6.50175,43.74385,FR,40.483
4.69820,44.45196,FR,40.483
4.76755,44.41398,FR,40.483
4.64896,44.36834,FR,40.483
4.16002,44.62962,FR,40.483
4.36335,44.67182,FR,40.483
4.40944,44.55130,FR,40.483
4.44629,44.45936,FR,40.483
4.40824,44.38621,FR,40.483
4.59791,44.28374,FR,40.483
5.35554,44.41419,FR,40.483
5.15238,44.37053,FR,40.483
5.01534,44.29182,FR,40.483
4.98393,44.42318,FR,40.483
4.71142,44.21538,FR,40.483
4.71818,44.12659,FR,40.483
4.78581,44.11111,FR,40.483
3.96090,44.32403,FR,40.483
4.21148,44.25154,FR,40.483
4.26344,44.22464,FR,40.483
4.46591,44.18201,FR,40.483
4.67894,44.14730,FR,40.483
4.69039,44.11420,FR,40.483
4.76891,44.07181,FR,40.483
5.01196,44.03953,FR,40.483
4.87140,44.01334,FR,40.483
5.13141,43.91950,FR,40.483
5.03875,43.93834,FR,40.483
4.70160,43.89776,FR,40.483
4.09938,44.09455,FR,40.483
3.75054,44.17545,FR,40.483
3.96221,44.07509,FR,40.483
3.99869,44.03927,FR,40.483
4.21729,43.99203,FR,40.483
4.28171,43.94522,FR,40.483
4.44148,43.98276,FR,40.483
4.56285,43.93176,FR,40.483
4.62292,43.67891,FR,40.483
4.45299,43.66593,FR,40.483
7.01341,45.44980,FR,40.483
6.70850,45.41184,FR,40.483
6.59940,45.53241,FR,40.483
6.52585,45.48175,FR,40.483
6.46746,45.56261,FR,40.483
6.53374,45.82212,FR,40.483
6.40260,45.69415,FR,40.483
6.27015,45.58403,FR,40.483
6.81259,45.28408,FR,40.483
6.62950,45.19577,FR,40.483
6.29242,45.48227,FR,40.483
6.15105,45.48970,FR,40.483
6.00416,45.43532,FR,40.483
5.97790,45.23366,FR,40.483
5.76979,45.19862,FR,40.483
6.25519,44.72488,FR,40.483
6.00402,44.73536,FR,40.483
5.78094,44.90077,FR,40.483
6.15485,44.96755,FR,40.483
6.01313,45.11570,FR,40.483
5.74647,45.08325,FR,40.483
5.70160,45.19205,FR,40.483
5.52770,45.28613,FR,40.483
5.52191,45.29339,FR,40.483
5.46675,45.20804,FR,40.483
5.32995,45.12478,FR,40.483
5.39257,45.06523,FR,40.483
5.18352,45.08497,FR,40.483
5.03422,45.05014,FR,40.483
4.93672,45.01860,FR,40.483
6.68279,44.94013,FR,40.483
6.59572,44.86168,FR,40.483
6.63160,44.65788,FR,40.483
6.50207,44.55653,FR,40.483
6.76445,44.52114,FR,40.483
6.19753,44.45998,FR,40.483
6.01568,44.27597,FR,40.483
5.93471,44.21485,FR,40.483
6.08197,44.47932,FR,40.483
5.98067,44.57093,FR,40.483
5.71366,44.44283,FR,40.483
5.80973,44.27027,FR,40.483
6.27518,44.26627,FR,40.483
6.14194,44.04038,FR,40.483
5.96444,44.03534,FR,40.483
6.25987,44.00986,FR,40.483
5.90930,43.87868,FR,40.483
5.79052,43.76559,FR,40.483
6.51383,43.96137,FR,40.483
6.61779,44.17390,FR,40.483
6.44110,43.80544,FR,40.483
5.95380,43.77179,FR,40.483
5.82449,43.72938,FR,40.483
5.71922,43.69682,FR,40.483
5.61805,43.64090,FR,40.483
5.36456,43.71019,FR,40.483
5.57301,43.86262,FR,40.483
5.16166,43.85817,FR,40.483
5.00336,43.85854,FR,40.483
4.91618,43.88828,FR,40.483
1.94092,42.42951,FR,40.483
2.71841,42.49465,FR,40.483
2.98540,42.58562,FR,40.483
2.99194,42.63780,FR,40.483
2.14917,42.50378,FR,40.483
2.35640,42.49704,FR,40.483
2.48366,42.64416,FR,40.483
3.02341,42.71082,FR,40.483
2.64176,42.80044,FR,40.483
2.72033,42.79818,FR,40.483
2.98710,42.76396,FR,40.483
2.89961,43.04984,FR,40.483
2.14086,42.70900,FR,40.483
2.20073,42.81656,FR,40.483
2.25925,42.96874,FR,40.483
2.18183,43.11027,FR,40.483
2.28052,42.93839,FR,40.483
2.28426,43.11692,FR,40.483
2.30690,43.15773,FR,40.483
1.97931,43.29424,FR,40.483
2.01659,43.30477,FR,40.483
2.17988,43.25545,FR,40.483
2.36191,43.23873,FR,40.483
2.39158,43.24602,FR,40.483
2.42143,43.21334,FR,40.483
3.16568,43.34762,FR,40.483
4.00669,43.89530,FR,40.483
4.03679,43.88682,FR,40.483
2.41065,43.25522,FR,40.483
2.66452,43.24336,FR,40.483
2.62964,43.26382,FR,40.483
2.89255,43.22595,FR,40.483
2.62644,43.10534,FR,40.483
2.93854,43.25466,FR,40.483
2.96053,43.24599,FR,40.483
3.11104,43.24730,FR,40.483
3.67505,43.99720,FR,40.483
3.60458,44.08732,FR,40.483
3.49017,43.89797,FR,40.483
3.70072,43.84406,FR,40.483
3.47733,43.62819,FR,40.483
3.47128,43.56805,FR,40.483
3.44665,43.38405,FR,40.483
3.13089,43.72301,FR,40.483
3.12216,43.59445,FR,40.483
2.91202,43.56045,FR,40.483
3.25301,43.31217,FR,40.483
3.40108,43.31141,FR,40.483
3.85505,43.69717,FR,40.483
3.60764,43.43478,FR,40.483
3.89777,43.57052,FR,40.483
4.19082,43.63913,FR,40.483
4.21370,43.60716,FR,40.483
5.42274,43.47917,FR,40.483
5.61719,43.47192,FR,40.483
5.34792,43.50573,FR,40.483
5.13224,43.50485,FR,40.483
4.87927,43.68749,FR,40.483
5.04283,43.54135,FR,40.483
5.20168,43.41134,FR,40.483
5.40943,43.27508,FR,40.483
6.32074,43.24082,FR,40.483
6.16539,43.13075,FR,40.483
6.01129,43.51093,FR,40.483
6.01702,43.51114,FR,40.483
6.17014,43.43696,FR,40.483
6.12941,43.34150,FR,40.483
6.25181,43.53706,FR,40.483
6.51203,43.49073,FR,40.483
6.64095,43.44992,FR,40.483
6.55242,43.25450,FR,40.483
6.93005,43.59326,FR,40.483
6.94317,43.54921,FR,40.483
7.10096,43.62148,FR,40.483
7.17445,43.93302,FR,40.483
7.29482,44.03465,FR,40.483
7.20616,43.86086,FR,40.483
7.14650,43.84685,FR,40.483
7.19625,43.66822,FR,40.483
7.03151,44.18968,FR,40.483
4.98935,44.60090,FR,40.483
2.48194,42.80616,FR,40.483
6.00006,43.24452,FR,40.483
6.26631,43.47861,FR,40.483
4.00385,43.60816,FR,40.483
5.40767,46.97817,FR,40.483
6.30866,47.80152,FR,40.483
6.42192,47.94325,FR,40.483
5.45622,47.69285,FR,40.483
6.35431,47.50783,FR,40.483
6.18064,47.41593,FR,40.483
5.80676,47.28584,FR,40.483
5.74333,47.26463,FR,40.483
5.96846,47.33545,FR,40.483
6.94314,47.56633,FR,40.483
6.95502,47.62147,FR,40.483
6.38196,47.34125,FR,40.483
5.70222,46.92469,FR,40.483
5.26276,46.96102,FR,40.483
5.12449,44.74043,FR,40.483
5.58920,46.29107,FR,40.483
4.23918,44.48265,FR,40.483
4.32433,44.49246,FR,40.483
5.94538,44.16165,FR,40.483
4.74929,44.55232,FR,40.483
4.75015,44.55091,FR,40.483
5.43503,45.00109,FR,40.483
5.75680,45.43525,FR,40.483
5.34056,46.08120,FR,40.483
6.28815,45.33134,FR,40.483
4.21775,44.40482,FR,40.483
5.53107,45.65994,FR,40.483
5.61053,45.61900,FR,40.483
5.60997,45.16338,FR,40.483
5.68141,44.81556,FR,40.483
4.95635,45.05860,FR,40.483
6.73535,46.28418,FR,40.483
6.61735,46.28686,FR,40.483
5.69524,45.09531,FR,40.483
7.41536,43.96511,FR,40.483
7.07068,43.68850,FR,40.483
7.30874,43.89113,FR,40.483
6.82568,44.03091,FR,40.483
6.75852,43.96673,FR,40.483
5.88501,43.91661,FR,40.483
4.84425,44.02256,FR,40.483
6.99846,43.95927,FR,40.483
7.19433,43.87256,FR,40.483
5.85998,44.23591,FR,40.483
5.90508,45.70673,FR,40.483
4.78020,46.18787,FR,40.483
4.73397,44.75840,FR,40.483
5.04655,45.44230,FR,40.483
6.30392,45.04346,FR,40.483
5.69218,45.01776,FR,40.483
5.89307,44.73682,FR,40.483
6.23116,45.78876,FR,40.483
6.24647,46.16963,FR,40.483
5.70401,47.00318,FR,40.483
5.85314,46.99879,FR,40.483
5.52831,46.29430,FR,40.483
6.01356,46.22949,FR,40.483
9.10764,42.46855,FR,40.483
9.22257,42.43406,FR,40.483
8.97642,42.31927,FR,40.483
9.37289,42.50694,FR,40.483
9.36363,42.59251,FR,40.483
9.07187,42.25758,FR,40.483
9.26582,42.22165,FR,40.483
9.48950,42.11743,FR,40.483
9.36656,42.03448,FR,40.483
8.81485,42.11595,FR,40.483
9.10289,42.09262,FR,40.483
8.82560,41.91250,FR,40.483
8.92120,41.78846,FR,40.483
8.98163,41.65566,FR,40.483
9.47044,42.44520,FR,40.483
9.30388,41.71826,FR,40.483
8.85321,42.27481,FR,40.483
9.30922,41.92335,FR,40.483
9.29459,42.60964,FR,40.483
8.99273,42.61997,FR,40.483
8.75374,42.37959,FR,40.483
9.42047,42.89688,FR,40.483
-0.95271,45.75724,FR,40.483
-0.83720,46.05486,FR,40.483
-0.86717,45.82131,FR,40.483
-0.77342,45.92136,FR,40.483
-0.49549,45.93414,FR,40.483
-0.24159,46.20994,FR,40.483
-0.29184,46.16827,FR,40.483
-0.21751,46.14414,FR,40.483
-0.11117,46.10919,FR,40.483
-0.64433,45.86422,FR,40.483
-0.64915,45.83195,FR,40.483
-0.53647,45.59469,FR,40.483
-0.45807,45.45067,FR,40.483
-0.30988,45.38870,FR,40.483
-0.19052,45.52176,FR,40.483
-0.13990,45.51227,FR,40.483
0.05518,45.48024,FR,40.483
-0.35685,45.70025,FR,40.483
-0.27070,45.70954,FR,40.483
-0.28459,45.68810,FR,40.483
-0.02617,45.62188,FR,40.483
0.04509,45.59407,FR,40.483
0.08227,45.64572,FR,40.483
0.10472,45.63951,FR,40.483
0.21684,45.58805,FR,40.483
0.16036,45.66968,FR,40.483
0.26730,45.64389,FR,40.483
0.15379,45.67846,FR,40.483
-0.00104,45.93209,FR,40.483
0.05954,45.86812,FR,40.483
0.11149,45.89611,FR,40.483
0.20722,45.87385,FR,40.483
0.39362,45.82030,FR,40.483
0.46200,45.67023,FR,40.483
0.90954,45.70872,FR,40.483
0.62124,45.53411,FR,40.483
0.43246,45.91775,FR,40.483
0.25554,45.96052,FR,40.483
0.24173,46.13608,FR,40.483
0.63733,45.84728,FR,40.483
-0.91210,45.66545,FR,40.483
-0.57854,45.24236,FR,40.483
-0.46682,45.09111,FR,40.483
-0.29189,45.01418,FR,40.483
0.24544,45.19311,FR,40.483
0.15179,45.23783,FR,40.483
0.31759,45.43584,FR,40.483
0.72243,45.47141,FR,40.483
0.92213,45.60603,FR,40.483
0.24682,45.02975,FR,40.483
0.59292,45.17192,FR,40.483
0.80320,45.20202,FR,40.483
0.85222,45.18884,FR,40.483
1.30789,45.42881,FR,40.483
1.34905,45.41717,FR,40.483
0.95126,45.34794,FR,40.483
1.15467,45.55816,FR,40.483
0.01671,44.88767,FR,40.483
0.07729,44.82085,FR,40.483
0.26593,44.81772,FR,40.483
0.33201,44.83963,FR,40.483
0.60067,44.89920,FR,40.483
0.52792,44.84377,FR,40.483
0.73048,44.80409,FR,40.483
0.82208,44.87305,FR,40.483
0.92714,44.91754,FR,40.483
1.10570,45.03621,FR,40.483
1.11733,45.02031,FR,40.483
1.12346,45.10992,FR,40.483
1.26859,45.13762,FR,40.483
1.30744,45.12965,FR,40.483
1.57007,45.17297,FR,40.483
1.72902,45.23326,FR,40.483
1.75609,45.29534,FR,40.483
1.79772,45.30157,FR,40.483
1.86402,45.43539,FR,40.483
1.43803,45.21783,FR,40.483
1.35708,45.35691,FR,40.483
1.45152,45.21807,FR,40.483
1.58306,45.41712,FR,40.483
1.95621,45.61185,FR,40.483
0.99831,44.81468,FR,40.483
1.35682,44.86591,FR,40.483
1.45759,44.89700,FR,40.483
1.74360,44.91565,FR,40.483
1.78527,44.89407,FR,40.483
2.01119,44.83779,FR,40.483
1.83845,44.91632,FR,40.483
2.42825,44.99470,FR,40.483
2.35042,44.88212,FR,40.483
2.52381,44.97659,FR,40.483
1.84382,45.02383,FR,40.483
1.93972,45.07158,FR,40.483
1.92730,45.08827,FR,40.483
1.95068,45.13293,FR,40.483
2.16853,45.25375,FR,40.483
2.07853,45.41513,FR,40.483
2.56976,45.18508,FR,40.483
2.39571,45.43678,FR,40.483
2.32253,45.51484,FR,40.483
2.66555,45.30663,FR,40.483
2.49468,45.39360,FR,40.483
2.54885,45.58553,FR,40.483
2.50769,45.63909,FR,40.483
2.63392,45.56237,FR,40.483
-0.60643,44.55981,FR,40.483
-0.49241,44.42272,FR,40.483
-0.34276,44.41051,FR,40.483
-0.08700,44.61270,FR,40.483
-0.03340,44.63192,FR,40.483
0.57808,44.67311,FR,40.483
0.12573,44.46735,FR,40.483
0.22280,44.41137,FR,40.483
0.38781,44.44063,FR,40.483
0.18984,44.27112,FR,40.483
0.38150,44.35810,FR,40.483
0.69178,44.46042,FR,40.483
0.89806,44.59843,FR,40.483
0.61976,44.44127,FR,40.483
1.07064,44.54371,FR,40.483
1.16021,44.50753,FR,40.483
1.23216,44.51125,FR,40.483
1.65772,44.50767,FR,40.483
2.30137,44.78402,FR,40.483
1.95855,44.51928,FR,40.483
2.22970,44.58554,FR,40.483
2.56727,44.64981,FR,40.483
2.92656,44.96247,FR,40.483
3.06114,45.05736,FR,40.483
3.21200,44.98365,FR,40.483
2.56944,44.64156,FR,40.483
2.79218,44.53032,FR,40.483
3.19897,44.44336,FR,40.483
3.24567,44.49141,FR,40.483
3.35712,44.64570,FR,40.483
3.24838,44.49068,FR,40.483
3.45630,44.48079,FR,40.483
3.63378,44.51908,FR,40.483
0.32043,44.28880,FR,40.483
0.33400,44.22692,FR,40.483
0.29323,44.13652,FR,40.483
0.29349,43.90585,FR,40.483
0.33576,43.53060,FR,40.483
0.06195,44.01753,FR,40.483
0.06868,43.97498,FR,40.483
0.33587,44.14741,FR,40.483
0.40218,43.65785,FR,40.483
0.46552,43.29868,FR,40.483
0.48464,44.26614,FR,40.483
0.44365,43.97912,FR,40.483
0.64303,44.28714,FR,40.483
0.67309,44.11851,FR,40.483
0.62108,43.71769,FR,40.483
0.54210,43.28349,FR,40.483
0.91642,44.19314,FR,40.483
0.72926,43.90872,FR,40.483
0.81793,44.12341,FR,40.483
0.99680,44.16926,FR,40.483
0.85204,44.04117,FR,40.483
1.02826,44.09198,FR,40.483
1.20383,44.13671,FR,40.483
1.34084,44.23921,FR,40.483
1.34803,44.08287,FR,40.483
1.47283,44.11831,FR,40.483
2.10338,44.00316,FR,40.483
1.81944,44.12922,FR,40.483
2.08087,44.04691,FR,40.483
2.05951,44.17535,FR,40.483
2.19677,44.16316,FR,40.483
2.81140,44.21016,FR,40.483
2.83824,44.29637,FR,40.483
2.00109,44.28557,FR,40.483
2.27496,44.37169,FR,40.483
2.49326,44.33794,FR,40.483
2.88862,44.36679,FR,40.483
1.39055,43.98903,FR,40.483
1.49966,43.86796,FR,40.483
1.68811,43.77665,FR,40.483
1.82441,43.74664,FR,40.483
2.17535,43.76656,FR,40.483
1.82222,43.72428,FR,40.483
2.11273,43.59291,FR,40.483
2.26475,43.54022,FR,40.483
2.40867,43.50363,FR,40.483
2.46336,43.48810,FR,40.483
2.65524,43.46676,FR,40.483
2.41705,43.68125,FR,40.483
2.53457,43.73243,FR,40.483
2.45748,43.70287,FR,40.483
2.48023,43.63917,FR,40.483
2.69835,43.60669,FR,40.483
2.80227,43.66059,FR,40.483
2.12509,43.94780,FR,40.483
2.62198,43.99765,FR,40.483
2.93802,43.78903,FR,40.483
2.96467,44.03683,FR,40.483
3.08633,44.10212,FR,40.483
3.13749,44.10727,FR,40.483
3.49141,44.07534,FR,40.483
3.27739,44.20031,FR,40.483
3.49632,44.33310,FR,40.483
3.81925,44.38741,FR,40.483
3.61093,44.15969,FR,40.483
1.07940,44.02250,FR,40.483
1.12082,43.97251,FR,40.483
1.17194,43.95293,FR,40.483
1.24298,43.85385,FR,40.483
1.27584,43.78381,FR,40.483
0.81655,43.41438,FR,40.483
0.85751,43.42109,FR,40.483
0.98030,43.52113,FR,40.483
1.38056,43.75045,FR,40.483
1.71500,43.37772,FR,40.483
1.75698,43.32497,FR,40.483
1.35840,43.69651,FR,40.483
1.36814,43.70039,FR,40.483
1.39563,43.62077,FR,40.483
1.19559,43.40567,FR,40.483
1.43689,43.57232,FR,40.483
1.40688,43.49960,FR,40.483
1.40658,43.45094,FR,40.483
1.35297,43.28062,FR,40.483
1.42061,43.46052,FR,40.483
1.53295,43.31072,FR,40.483
1.63204,43.28609,FR,40.483
1.73573,43.19999,FR,40.483
1.74497,43.09803,FR,40.483
1.93214,43.04062,FR,40.483
1.79355,42.89445,FR,40.483
1.96787,42.95438,FR,40.483
1.59917,43.18363,FR,40.483
1.50032,42.91896,FR,40.483
1.79343,42.73806,FR,40.483
1.38777,43.51213,FR,40.483
1.13339,43.30307,FR,40.483
1.24443,43.31712,FR,40.483
1.24717,43.10492,FR,40.483
1.37392,43.08403,FR,40.483
1.11772,43.17016,FR,40.483
1.08762,43.20395,FR,40.483
0.96881,43.15782,FR,40.483
1.31495,42.89758,FR,40.483
0.84139,43.09449,FR,40.483
0.80493,42.91701,FR,40.483
0.70631,43.09769,FR,40.483
0.64741,42.93919,FR,40.483
0.60234,42.85265,FR,40.483
0.73586,42.84931,FR,40.483
-0.74511,45.05602,FR,40.483
-1.13682,44.87379,FR,40.483
-0.99625,44.62637,FR,40.483
-0.67363,44.37502,FR,40.483
-1.18028,44.23043,FR,40.483
-1.04244,44.05558,FR,40.483
-1.18171,43.88569,FR,40.483
-1.27417,43.77539,FR,40.483
-1.30319,43.22739,FR,40.483
-1.24813,43.16968,FR,40.483
-1.05184,43.40009,FR,40.483
-1.02656,43.33698,FR,40.483
-1.10504,43.54317,FR,40.483
-1.06828,43.53176,FR,40.483
-0.87378,43.28283,FR,40.483
-0.60490,43.17867,FR,40.483
-0.59710,43.18909,FR,40.483
-0.82415,43.49020,FR,40.483
-0.72208,43.41528,FR,40.483
-0.50064,43.28015,FR,40.483
-0.62415,43.40379,FR,40.483
-0.30793,43.24414,FR,40.483
-0.14244,43.10260,FR,40.483
-0.04939,43.08624,FR,40.483
-0.07929,42.99561,FR,40.483
-0.00781,42.72969,FR,40.483
-1.04203,43.67665,FR,40.483
-0.93496,43.60704,FR,40.483
-0.74756,43.59109,FR,40.483
-0.71429,43.61541,FR,40.483
-0.28403,43.40419,FR,40.483
-1.04259,43.73901,FR,40.483
-0.99955,43.73380,FR,40.483
-0.48799,43.62489,FR,40.483
-0.75626,43.87680,FR,40.483
-0.65932,43.90772,FR,40.483
-0.64967,44.05079,FR,40.483
-0.45111,43.94250,FR,40.483
-0.32422,44.03452,FR,40.483
0.01486,43.86386,FR,40.483
-0.39036,43.89683,FR,40.483
0.06555,43.64732,FR,40.483
-0.83727,43.78922,FR,40.483
-0.74334,43.80275,FR,40.483
-0.62653,43.74586,FR,40.483
-0.53289,43.70026,FR,40.483
-0.17076,43.30924,FR,40.483
-0.54191,43.76484,FR,40.483
-0.23809,43.67627,FR,40.483
-0.11569,43.37713,FR,40.483
-0.15118,43.65394,FR,40.483
0.02191,43.64104,FR,40.483
0.24908,43.15937,FR,40.483
0.03117,43.46820,FR,40.483
0.15757,43.05404,FR,40.483
4.19433,44.82386,FR,40.483
3.92118,44.89175,FR,40.483
3.91694,44.99830,FR,40.483
3.92539,45.15849,FR,40.483
4.28402,45.13227,FR,40.483
4.33156,45.22006,FR,40.483
4.15070,45.25665,FR,40.483
3.89092,45.37977,FR,40.483
4.11411,45.28556,FR,40.483
4.16031,45.33374,FR,40.483
4.25872,45.50314,FR,40.483
4.25002,45.52485,FR,40.483
4.27142,45.56279,FR,40.483
4.52558,45.62799,FR,40.483
4.15590,45.49659,FR,40.483
4.21164,45.74249,FR,40.483
4.31577,45.78374,FR,40.483
3.97678,45.62355,FR,40.483
4.18997,45.75101,FR,40.483
4.17047,45.81546,FR,40.483
3.93543,45.86111,FR,40.483
4.13043,45.83474,FR,40.483
4.04645,45.99574,FR,40.483
4.33201,45.98250,FR,40.483
3.94493,46.12634,FR,40.483
4.09744,46.14667,FR,40.483
4.25920,46.22848,FR,40.483
3.98749,46.35904,FR,40.483
4.23109,47.10292,FR,40.483
4.44718,47.01550,FR,40.483
4.29690,46.96605,FR,40.483
4.19731,46.90680,FR,40.483
4.33716,46.84231,FR,40.483
4.07892,46.47177,FR,40.483
4.03238,46.53370,FR,40.483
3.94049,46.49190,FR,40.483
3.89145,46.34272,FR,40.483
3.75675,46.47435,FR,40.483
3.65000,46.20657,FR,40.483
3.67866,46.50168,FR,40.483
3.88231,46.71550,FR,40.483
4.02841,46.79884,FR,40.483
3.65262,46.91342,FR,40.483
3.57567,46.85170,FR,40.483
3.45774,46.82801,FR,40.483
3.55921,46.51169,FR,40.483
3.25034,47.23677,FR,40.483
3.21045,47.02169,FR,40.483
3.15196,46.98261,FR,40.483
3.86572,44.72580,FR,40.483
3.73881,44.83873,FR,40.483
3.74392,44.69932,FR,40.483
3.72855,44.75002,FR,40.483
3.63205,44.89863,FR,40.483
3.45875,45.01563,FR,40.483
3.49068,45.11562,FR,40.483
3.65494,45.25327,FR,40.483
2.79230,45.11218,FR,40.483
2.90912,45.28162,FR,40.483
3.01412,45.14191,FR,40.483
3.12885,45.26573,FR,40.483
3.29885,45.44901,FR,40.483
3.44644,45.55235,FR,40.483
3.01076,45.53261,FR,40.483
3.25248,45.56646,FR,40.483
3.22336,45.73896,FR,40.483
3.33435,45.86188,FR,40.483
3.07483,46.01813,FR,40.483
3.29504,45.90017,FR,40.483
3.74557,45.38264,FR,40.483
3.44764,45.96864,FR,40.483
3.70084,45.70999,FR,40.483
3.63014,45.67511,FR,40.483
3.48219,45.87818,FR,40.483
3.45704,46.02381,FR,40.483
3.64723,46.02405,FR,40.483
3.49237,46.13136,FR,40.483
3.41868,46.19145,FR,40.483
2.80903,45.87968,FR,40.483
2.61859,45.82535,FR,40.483
2.51390,45.85601,FR,40.483
2.63891,45.88332,FR,40.483
2.91591,46.05450,FR,40.483
2.91950,46.21470,FR,40.483
3.22630,46.26313,FR,40.483
3.31024,46.34047,FR,40.483
3.31918,46.40302,FR,40.483
3.21125,46.53600,FR,40.483
3.22837,46.65951,FR,40.483
3.00461,46.69918,FR,40.483
3.04526,46.81532,FR,40.483
3.07264,47.01329,FR,40.483
2.93067,47.12935,FR,40.483
2.82542,47.28318,FR,40.483
2.86790,47.33833,FR,40.483
2.88174,47.37949,FR,40.483
2.99675,47.35587,FR,40.483
2.64249,47.67722,FR,40.483
2.63576,47.56326,FR,40.483
2.25643,47.84993,FR,40.483
2.12301,47.86977,FR,40.483
2.22730,47.99631,FR,40.483
2.04862,47.81289,FR,40.483
1.84041,47.87274,FR,40.483
1.70156,47.82304,FR,40.483
1.78372,47.81678,FR,40.483
1.52557,47.67398,FR,40.483
1.91918,47.57555,FR,40.483
1.82618,47.56335,FR,40.483
1.96390,47.54859,FR,40.483
1.61007,47.53745,FR,40.483
1.26021,47.49394,FR,40.483
2.03925,47.76537,FR,40.483
1.66882,47.65748,FR,40.483
1.18995,47.48546,FR,40.483
1.08225,47.41426,FR,40.483
1.26533,47.64127,FR,40.483
0.84263,47.41715,FR,40.483
0.47975,47.34448,FR,40.483
2.56660,46.14277,FR,40.483
2.36242,45.88056,FR,40.483
2.22505,46.15788,FR,40.483
2.61462,46.53510,FR,40.483
2.82532,46.49196,FR,40.483
2.82320,46.42079,FR,40.483
2.67406,46.52927,FR,40.483
2.59188,46.72327,FR,40.483
2.42889,46.76790,FR,40.483
2.15121,47.16787,FR,40.483
2.52511,47.07500,FR,40.483
2.82539,46.85298,FR,40.483
2.43457,47.03923,FR,40.483
2.16883,47.18713,FR,40.483
2.18482,47.20755,FR,40.483
2.18792,46.68046,FR,40.483
2.06639,47.02717,FR,40.483
2.02750,47.00607,FR,40.483
1.95028,46.86804,FR,40.483
2.02894,47.16203,FR,40.483
1.65687,47.26027,FR,40.483
2.46956,47.30452,FR,40.483
2.30476,47.44670,FR,40.483
2.06735,47.43262,FR,40.483
2.05651,47.34559,FR,40.483
1.67080,47.32060,FR,40.483
1.68728,47.23139,FR,40.483
1.67752,47.21941,FR,40.483
1.45746,47.00778,FR,40.483
1.65226,47.22020,FR,40.483
1.37520,47.27094,FR,40.483
0.54431,47.34825,FR,40.483
0.34112,47.33391,FR,40.483
2.02055,46.55139,FR,40.483
1.68918,46.83451,FR,40.483
1.63236,46.80240,FR,40.483
1.40738,46.90390,FR,40.483
1.08806,47.06000,FR,40.483
0.81875,47.24752,FR,40.483
0.38812,47.28201,FR,40.483
0.16095,47.23758,FR,40.483
2.07637,45.69366,FR,40.483
1.55295,45.78502,FR,40.483
1.80451,45.84866,FR,40.483
1.43912,45.86330,FR,40.483
2.03311,45.80047,FR,40.483
1.86725,45.98779,FR,40.483
1.56693,45.96387,FR,40.483
1.32667,45.86035,FR,40.483
1.59254,45.61015,FR,40.483
1.51588,45.58693,FR,40.483
1.22415,45.76856,FR,40.483
1.15494,45.79865,FR,40.483
1.12932,45.77238,FR,40.483
1.09809,45.84150,FR,40.483
1.04482,45.92840,FR,40.483
0.88767,45.84307,FR,40.483
0.71995,45.87507,FR,40.483
0.64923,45.99284,FR,40.483
0.71915,46.34606,FR,40.483
0.63323,46.50901,FR,40.483
0.27161,46.32354,FR,40.483
0.08066,46.46174,FR,40.483
0.30314,46.56912,FR,40.483
0.32937,46.56223,FR,40.483
0.36265,46.63623,FR,40.483
0.49851,46.75208,FR,40.483
0.69747,46.70041,FR,40.483
0.49470,46.81225,FR,40.483
0.56747,47.00452,FR,40.483
1.92543,46.14907,FR,40.483
1.67920,46.37818,FR,40.483
2.14452,46.34202,FR,40.483
2.12419,46.31923,FR,40.483
1.68940,46.38577,FR,40.483
1.61156,46.37755,FR,40.483
1.75923,46.54137,FR,40.483
1.63636,46.68593,FR,40.483
1.38652,46.63685,FR,40.483
1.03077,46.64731,FR,40.483
1.92267,46.07193,FR,40.483
1.62531,46.17562,FR,40.483
1.33838,46.11766,FR,40.483
1.14215,46.15082,FR,40.483
1.22270,46.01214,FR,40.483
0.94842,46.18404,FR,40.483
0.99888,46.25173,FR,40.483
0.83730,46.49044,FR,40.483
1.38841,46.40207,FR,40.483
1.11550,46.42664,FR,40.483
1.12977,46.35527,FR,40.483
1.09301,46.56873,FR,40.483
0.84186,46.76627,FR,40.483
0.70993,46.94170,FR,40.483
0.79102,47.04132,FR,40.483
0.60017,47.00615,FR,40.483
0.37517,46.97473,FR,40.483
0.07810,47.21082,FR,40.483
-0.19288,46.91626,FR,40.483
-0.19154,46.95256,FR,40.483
-0.52308,46.93356,FR,40.483
-0.49136,46.90499,FR,40.483
-0.42942,46.95910,FR,40.483
-0.35665,46.99759,FR,40.483
-0.01021,46.83313,FR,40.483
-0.07411,47.16889,FR,40.483
-0.08005,47.21547,FR,40.483
-0.31864,47.40662,FR,40.483
0.11209,47.27528,FR,40.483
-0.14288,47.37969,FR,40.483
-0.24500,47.45338,FR,40.483
-0.47180,47.43041,FR,40.483
1.12750,48.20596,FR,40.483
1.37298,48.11025,FR,40.483
1.29045,48.06747,FR,40.483
1.02674,47.79759,FR,40.483
0.95874,47.81075,FR,40.483
0.77662,48.04002,FR,40.483
0.62421,47.90548,FR,40.483
0.72029,47.78178,FR,40.483
0.39769,47.66850,FR,40.483
0.32245,47.58792,FR,40.483
0.18870,47.73924,FR,40.483
-0.30219,47.64033,FR,40.483
0.46830,48.63145,FR,40.483
0.11582,48.43530,FR,40.483
-0.02330,48.38584,FR,40.483
-0.20279,48.27328,FR,40.483
0.04587,48.25450,FR,40.483
0.12268,48.17880,FR,40.483
0.38753,48.27230,FR,40.483
0.22439,48.18527,FR,40.483
0.18949,48.07029,FR,40.483
0.15665,48.06165,FR,40.483
0.87107,48.40385,FR,40.483
0.87433,48.34501,FR,40.483
0.87260,48.34032,FR,40.483
0.67423,48.22834,FR,40.483
0.23608,47.99666,FR,40.483
0.14428,47.91297,FR,40.483
-0.11100,48.03095,FR,40.483
-0.36596,48.08407,FR,40.483
-0.14619,48.47261,FR,40.483
-0.58603,48.44535,FR,40.483
-0.74410,48.69012,FR,40.483
-0.65741,48.47162,FR,40.483
-0.62923,48.28156,FR,40.483
-0.37745,48.28539,FR,40.483
-0.94822,48.32865,FR,40.483
-0.70526,48.03357,FR,40.483
-0.70750,47.97089,FR,40.483
-0.69724,47.86893,FR,40.483
-0.92785,47.93460,FR,40.483
-0.93207,47.79353,FR,40.483
-0.86609,47.64569,FR,40.483
-0.76518,47.66780,FR,40.483
-0.61381,47.54032,FR,40.483
-0.61114,47.49702,FR,40.483
-0.60705,47.42130,FR,40.483
-0.44707,47.07852,FR,40.483
-0.62124,47.30246,FR,40.483
-0.63167,47.31625,FR,40.483
-0.86074,47.39273,FR,40.483
-1.03687,47.36067,FR,40.483
-1.33000,47.30258,FR,40.483
-0.62973,46.75681,FR,40.483
-0.73097,46.78881,FR,40.483
-0.87362,46.92348,FR,40.483
-0.89217,46.97579,FR,40.483
-1.21073,47.09718,FR,40.483
-1.33014,47.13687,FR,40.483
-1.15827,46.90390,FR,40.483
-1.41463,47.12540,FR,40.483
-1.48225,47.16497,FR,40.483
-1.48211,47.46521,FR,40.483
-1.52819,47.43163,FR,40.483
-1.56789,47.29292,FR,40.483
-1.60241,47.03672,FR,40.483
-1.80925,46.98883,FR,40.483
-1.54254,46.77898,FR,40.483
-1.88076,46.78830,FR,40.483
-1.87389,46.73503,FR,40.483
-1.66348,46.69036,FR,40.483
-1.72092,46.57920,FR,40.483
-1.51978,46.51144,FR,40.483
-0.95159,46.75027,FR,40.483
-0.97138,46.66943,FR,40.483
-1.11613,46.68975,FR,40.483
-1.12119,46.52792,FR,40.483
-1.28969,46.46885,FR,40.483
-0.65778,46.63344,FR,40.483
-0.09032,46.34773,FR,40.483
-0.24354,46.38664,FR,40.483
-0.54191,46.31503,FR,40.483
-0.48270,46.49660,FR,40.483
-0.97199,46.31842,FR,40.483
-1.19673,48.37566,FR,40.483
-1.50300,48.36910,FR,40.483
-1.43590,48.42795,FR,40.483
-1.49061,48.49121,FR,40.483
-1.58505,48.51948,FR,40.483
-2.33304,48.25201,FR,40.483
-2.11442,48.30422,FR,40.483
-1.89553,48.37814,FR,40.483
-2.53039,48.55088,FR,40.483
-2.52855,48.35931,FR,40.483
-2.56846,48.48467,FR,40.483
-3.06906,48.70616,FR,40.483
-3.09533,48.44175,FR,40.483
-3.14013,48.62730,FR,40.483
-3.15993,48.67956,FR,40.483
-3.25387,48.78352,FR,40.483
-3.42298,48.69510,FR,40.483
-3.57787,48.64720,FR,40.483
-3.43704,48.78749,FR,40.483
-3.76805,48.60806,FR,40.483
-3.83646,48.56617,FR,40.483
-4.07647,48.61584,FR,40.483
-4.38949,48.54997,FR,40.483
-4.40638,48.52414,FR,40.483
-4.51504,48.42180,FR,40.483
-4.21567,48.46935,FR,40.483
-4.21475,48.38683,FR,40.483
-3.68021,48.34022,FR,40.483
-3.87226,48.35418,FR,40.483
-3.71043,48.25426,FR,40.483
-3.60822,48.26228,FR,40.483
-4.07679,48.19143,FR,40.483
-3.94942,48.29399,FR,40.483
-4.27068,48.07998,FR,40.483
-4.47369,48.03930,FR,40.483
-3.89445,48.00166,FR,40.483
-4.06363,48.00587,FR,40.483
-3.87512,47.88381,FR,40.483
-3.75184,47.90768,FR,40.483
-3.73203,47.88265,FR,40.483
-3.61791,47.92813,FR,40.483
-3.47337,48.01443,FR,40.483
-3.50059,48.01822,FR,40.483
-3.46904,47.90424,FR,40.483
-3.41937,47.90552,FR,40.483
-3.25106,48.39158,FR,40.483
-2.99517,48.12166,FR,40.483
-3.12892,48.00797,FR,40.483
-2.97460,47.90090,FR,40.483
-2.91811,47.85580,FR,40.483
-3.21383,47.84572,FR,40.483
-3.18397,47.74999,FR,40.483
-2.99019,47.72173,FR,40.483
-2.96521,48.32233,FR,40.483
-2.75487,48.11382,FR,40.483
-2.65281,48.11363,FR,40.483
-2.77255,48.34888,FR,40.483
-2.64042,47.98432,FR,40.483
-2.36883,47.99460,FR,40.483
-2.45682,47.92476,FR,40.483
-2.54876,47.91905,FR,40.483
-2.39895,47.78194,FR,40.483
-2.26501,47.74564,FR,40.483
-2.15837,47.98143,FR,40.483
-2.07384,47.82910,FR,40.483
-2.43176,47.71690,FR,40.483
-1.05846,48.18658,FR,40.483
-1.13954,48.25821,FR,40.483
-1.56266,48.12293,FR,40.483
-1.67258,48.29628,FR,40.483
-1.48575,48.24980,FR,40.483
-1.77993,48.18084,FR,40.483
-1.84742,48.06657,FR,40.483
-1.77398,48.00267,FR,40.483
-1.57913,48.03035,FR,40.483
-1.70746,48.02303,FR,40.483
-1.71412,47.89870,FR,40.483
-1.41267,47.71822,FR,40.483
-1.69244,47.72238,FR,40.483
-1.78568,47.69962,FR,40.483
-1.79758,47.62174,FR,40.483
-2.03515,47.67204,FR,40.483
-1.92546,47.49694,FR,40.483
-2.12601,47.58034,FR,40.483
-2.58262,47.56525,FR,40.483
4.57099,47.76421,FR,40.483
4.50755,47.94290,FR,40.483
4.37496,48.03236,FR,40.483
4.30985,48.10775,FR,40.483
4.18667,48.20404,FR,40.483
3.88981,48.50739,FR,40.483
4.90138,47.76661,FR,40.483
4.86476,47.72900,FR,40.483
4.61480,47.99875,FR,40.483
4.30048,48.22764,FR,40.483
3.68026,48.54866,FR,40.483
3.58810,48.46614,FR,40.483
3.43326,48.47711,FR,40.483
3.23546,48.48703,FR,40.483
3.17337,48.44092,FR,40.483
2.95966,48.38882,FR,40.483
5.08042,47.77766,FR,40.483
4.79547,48.14407,FR,40.483
4.46142,48.39181,FR,40.483
4.23436,48.53038,FR,40.483
4.06382,48.53676,FR,40.483
3.87037,48.67973,FR,40.483
3.77745,48.57322,FR,40.483
4.80477,48.15372,FR,40.483
4.74802,48.52333,FR,40.483
4.49131,48.44860,FR,40.483
3.96920,47.02871,FR,40.483
3.78726,47.17704,FR,40.483
3.61232,47.38100,FR,40.483
3.49416,47.39892,FR,40.483
3.37171,47.42094,FR,40.483
3.45311,47.53542,FR,40.483
3.66404,47.64290,FR,40.483
3.51952,47.92642,FR,40.483
3.23620,47.91743,FR,40.483
2.95947,48.38743,FR,40.483
4.03306,47.45107,FR,40.483
3.96381,47.35408,FR,40.483
3.97405,47.19598,FR,40.483
3.70917,47.66272,FR,40.483
4.12837,47.46607,FR,40.483
3.93964,47.73226,FR,40.483
3.71299,47.91207,FR,40.483
4.37156,47.43124,FR,40.483
4.08657,47.88656,FR,40.483
3.93881,47.91321,FR,40.483
3.53181,47.95601,FR,40.483
4.53974,47.53466,FR,40.483
4.01940,48.05640,FR,40.483
3.35501,47.93834,FR,40.483
3.82174,48.24983,FR,40.483
3.74365,48.21179,FR,40.483
3.53638,48.23218,FR,40.483
2.47943,48.38700,FR,40.483
2.54785,48.53752,FR,40.483
2.46575,48.63278,FR,40.483
2.74098,48.55888,FR,40.483
2.78614,47.94768,FR,40.483
2.71321,47.85937,FR,40.483
2.91475,48.05851,FR,40.483
2.72830,48.18303,FR,40.483
3.10576,47.83839,FR,40.483
2.84644,47.94822,FR,40.483
2.63684,48.11057,FR,40.483
2.78205,48.29542,FR,40.483
2.41491,48.71830,FR,40.483
2.38307,48.36018,FR,40.483
2.09726,48.29183,FR,40.483
2.37326,48.53741,FR,40.483
2.07011,48.53290,FR,40.483
2.35505,48.67090,FR,40.483
2.03760,48.70500,FR,40.483
2.90343,48.65095,FR,40.483
2.54303,48.72039,FR,40.483
2.46452,48.71082,FR,40.483
2.22911,48.86628,FR,40.483
2.15775,48.94445,FR,40.483
5.24937,48.01842,FR,40.483
5.16142,48.18292,FR,40.483
5.07459,48.54846,FR,40.483
4.93098,48.51447,FR,40.483
4.58741,48.70067,FR,40.483
5.31611,48.20970,FR,40.483
5.16519,48.34373,FR,40.483
5.04020,48.73585,FR,40.483
4.68053,48.76755,FR,40.483
4.62580,48.74569,FR,40.483
5.33517,48.66596,FR,40.483
4.88750,48.79966,FR,40.483
4.35505,48.92750,FR,40.483
4.24257,48.99602,FR,40.483
4.09804,48.91096,FR,40.483
3.79790,49.08077,FR,40.483
3.67448,49.09244,FR,40.483
3.36895,49.00007,FR,40.483
3.12534,48.94462,FR,40.483
2.41961,48.81689,FR,40.483
3.56980,49.00893,FR,40.483
3.15913,48.91529,FR,40.483
3.26889,49.18717,FR,40.483
3.09480,49.11178,FR,40.483
3.44478,48.78300,FR,40.483
2.90327,48.82934,FR,40.483
2.22946,48.74596,FR,40.483
2.03821,48.93627,FR,40.483
1.61844,49.02825,FR,40.483
4.15946,49.92213,FR,40.483
4.02407,49.89542,FR,40.483
3.82798,49.91017,FR,40.483
3.39926,49.78055,FR,40.483
3.28231,49.62294,FR,40.483
2.96987,49.53502,FR,40.483
2.85289,49.43981,FR,40.483
2.78708,49.39830,FR,40.483
2.85001,49.27060,FR,40.483
2.60668,49.30366,FR,40.483
2.29531,49.15149,FR,40.483
2.20317,49.20035,FR,40.483
2.20404,49.08436,FR,40.483
1.98538,49.08749,FR,40.483
3.36325,49.49280,FR,40.483
4.25924,49.73452,FR,40.483
3.74043,49.73742,FR,40.483
3.52759,49.70916,FR,40.483
5.07942,48.91130,FR,40.483
4.87078,49.10201,FR,40.483
4.76534,49.44042,FR,40.483
4.57904,49.48012,FR,40.483
4.30719,49.58414,FR,40.483
4.15718,49.49083,FR,40.483
4.16275,49.42334,FR,40.483
3.47519,49.39858,FR,40.483
3.18886,49.37996,FR,40.483
2.87708,49.43586,FR,40.483
5.12087,49.07451,FR,40.483
5.03445,49.23021,FR,40.483
4.87209,49.34036,FR,40.483
4.40851,49.23757,FR,40.483
4.09529,49.21552,FR,40.483
3.47963,49.37361,FR,40.483
2.35699,49.41500,FR,40.483
1.98209,49.54661,FR,40.483
1.93668,49.43232,FR,40.483
2.18113,49.39934,FR,40.483
2.37807,49.26198,FR,40.483
2.17151,49.12606,FR,40.483
1.86096,48.81316,FR,40.483
1.86780,48.89425,FR,40.483
1.69203,48.92745,FR,40.483
1.23665,49.31014,FR,40.483
1.68671,49.53303,FR,40.483
1.71085,49.40214,FR,40.483
1.73524,49.27224,FR,40.483
1.64517,49.11997,FR,40.483
1.32536,49.35337,FR,40.483
1.29123,48.44865,FR,40.483
1.38051,48.84331,FR,40.483
1.24048,49.10300,FR,40.483
1.23710,48.64956,FR,40.483
1.01027,48.72853,FR,40.483
0.76174,48.76481,FR,40.483
0.95400,48.96346,FR,40.483
1.15186,49.08017,FR,40.483
1.03695,49.50839,FR,40.483
0.87374,49.48478,FR,40.483
0.75133,49.52366,FR,40.483
0.53633,49.50632,FR,40.483
1.59537,49.94840,FR,40.483
1.13885,49.88161,FR,40.483
1.09996,49.73106,FR,40.483
0.95281,49.88272,FR,40.483
0.62771,49.83129,FR,40.483
0.47930,49.74394,FR,40.483
0.72321,48.83888,FR,40.483
0.72908,49.15317,FR,40.483
0.55121,49.01468,FR,40.483
0.21566,49.10456,FR,40.483
0.32377,49.06944,FR,40.483
0.27389,49.16568,FR,40.483
0.17091,49.17607,FR,40.483
-0.01654,48.85634,FR,40.483
-0.16370,49.18314,FR,40.483
-0.15288,49.11120,FR,40.483
-0.07259,49.23702,FR,40.483
0.11503,49.05722,FR,40.483
0.10038,48.75365,FR,40.483
-0.06226,48.74725,FR,40.483
-0.17528,48.74088,FR,40.483
-0.48685,48.95569,FR,40.483
-0.30622,48.66921,FR,40.483
-0.67189,48.93605,FR,40.483
-0.48892,48.85742,FR,40.483
-0.37916,49.08490,FR,40.483
-0.53177,49.29069,FR,40.483
-0.46516,49.30317,FR,40.483
-0.69492,49.23981,FR,40.483
-0.88068,49.09051,FR,40.483
-0.82833,48.78463,FR,40.483
-0.88897,48.94704,FR,40.483
-0.96516,48.93426,FR,40.483
-1.06257,48.99826,FR,40.483
-1.55685,49.49773,FR,40.483
-1.37149,49.35783,FR,40.483
-1.36553,49.39926,FR,40.483
-1.39253,49.11530,FR,40.483
-1.24766,49.17798,FR,40.483
-1.40590,49.61123,FR,40.483
-1.47523,49.20284,FR,40.483
-1.40527,49.03687,FR,40.483
-1.29724,48.93258,FR,40.483
-1.38789,48.89783,FR,40.483
-0.90164,48.70104,FR,40.483
-1.34836,48.69649,FR,40.483
-0.94180,48.61952,FR,40.483
-1.07696,48.55215,FR,40.483
-1.29379,48.59571,FR,40.483
18.69592,45.04049,HR,50.013
16.91547,45.26881,HR,50.013
15.68806,45.86245,HR,50.013
18.95954,44.85132,HR,50.013
18.77175,45.26654,HR,50.013
16.91287,45.26159,HR,50.013
16.55835,45.62653,HR,50.013
16.26086,45.44907,HR,50.013
15.35644,45.64526,HR,50.013
18.29429,45.70867,HR,50.013
18.96729,45.38091,HR,50.013
18.82924,45.87471,HR,50.013
19.37897,45.23060,HR,50.013
18.20061,45.78311,HR,50.013
17.46169,45.94547,HR,50.013
16.93828,46.24131,HR,50.013
16.15485,46.40282,HR,50.013
16.69367,46.42017,HR,50.013
14.44852,45.32504,HR,50.013
13.73778,45.35755,HR,50.013
14.02406,45.09540,HR,50.013
13.65463,45.45271,HR,50.013
16.75835,43.43679,HR,50.013
16.74740,43.53180,HR,50.013
15.85769,44.16197,HR,50.013
16.18968,44.03522,HR,50.013
15.96651,43.80217,HR,50.013
17.73680,45.10190,HR,50.013
16.82710,45.83910,HR,50.013
15.74560,45.06360,HR,50.013
14.70550,45.49970,HR,50.013
13.97070,45.24760,HR,50.013
16.52730,43.54250,HR,50.013
16.15490,43.85200,HR,50.013
17.20000,43.43120,HR,50.013
18.38100,47.60290,HU,97.387
18.96800,47.37720,HU,97.387
17.81830,46.90810,HU,97.387
18.53220,46.74990,HU,97.387
18.66440,46.38750,HU,97.387
18.33900,47.16930,HU,97.387
17.40830,46.79400,HU,97.387
17.63310,46.77400,HU,97.387
18.07900,45.83360,HU,97.387
17.38110,46.69880,HU,97.387
17.74530,46.80130,HU,97.387
17.88160,46.85130,HU,97.387
17.12220,46.72800,HU,97.387
16.77180,46.86520,HU,97.387
16.88420,46.35240,HU,97.387
22.83630,47.97520,HU,97.387
20.78410,48.10110,HU,97.387
21.66590,48.39990,HU,97.387
21.37450,48.15520,HU,97.387
21.54120,47.20840,HU,97.387
21.17870,47.01340,HU,97.387
21.32810,47.89880,HU,97.387
18.03676,47.13010,HU,97.387
17.65101,47.79191,HU,97.387
18.93333,46.81055,HU,97.387
18.81420,45.90876,HU,97.387
17.48157,47.79846,HU,97.387
17.10386,47.94512,HU,97.387
16.87579,47.58957,HU,97.387
16.68078,47.44281,HU,97.387
16.26726,46.95367,HU,97.387
17.61960,47.67656,HU,97.387
16.27257,46.95942,HU,97.387
16.53269,47.40171,HU,97.387
16.44093,47.20984,HU,97.387
17.21247,47.28876,HU,97.387
18.01424,47.72416,HU,97.387
18.69152,47.75067,HU,97.387
19.61619,48.24138,HU,97.387
18.76326,47.88630,HU,97.387
19.05108,45.97442,HU,97.387
18.89577,45.94461,HU,97.387
18.72036,46.37964,HU,97.387
18.44236,46.68386,HU,97.387
18.15004,46.33722,HU,97.387
18.28688,46.62753,HU,97.387
16.69368,46.41927,HU,97.387
16.93801,46.24260,HU,97.387
18.20036,45.78351,HU,97.387
17.35297,46.03933,HU,97.387
18.08142,45.81868,HU,97.387
22.82968,48.10422,HU,97.387
21.54954,48.17687,HU,97.387
20.72738,47.64057,HU,97.387
20.10484,46.18551,HU,97.387
22.69222,47.84105,HU,97.387
22.40249,47.78652,HU,97.387
21.64079,48.09325,HU,97.387
21.68046,48.34922,HU,97.387
20.33961,48.28289,HU,97.387
20.36109,48.25991,HU,97.387
20.84538,48.56615,HU,97.387
20.74833,48.24921,HU,97.387
21.26451,48.50408,HU,97.387
20.96088,48.10798,HU,97.387
21.25175,48.51596,HU,97.387
20.68615,47.69670,HU,97.387
20.09191,47.29246,HU,97.387
20.21672,47.85392,HU,97.387
21.37282,47.63444,HU,97.387
21.80324,47.27641,HU,97.387
21.16964,47.44514,HU,97.387
21.33484,46.62902,HU,97.387
21.43007,46.69384,HU,97.387
21.65611,47.02024,HU,97.387
21.07839,46.85374,HU,97.387
20.45380,46.20319,HU,97.387
20.70191,46.16107,HU,97.387
20.20891,46.76067,HU,97.387
17.77667,46.72931,HU,97.387
17.44209,45.95146,HU,97.387
17.37861,47.70696,HU,97.387
18.91194,47.75868,HU,97.387
19.08594,47.61962,HU,97.387
19.19055,46.03002,HU,97.387
22.52108,48.06496,HU,97.387
20.60905,48.47905,HU,97.387
19.91519,47.76971,HU,97.387
17.37248,46.22038,HU,97.387
16.45089,46.61739,HU,97.387
18.85418,47.83150,HU,97.387
21.87420,47.30055,HU,97.387
18.90208,47.99871,HU,97.387
20.00660,47.55300,HU,97.387
20.77190,46.93750,HU,97.387
21.13520,46.80070,HU,97.387
-7.96949,54.85890,IE,34.850
-7.96945,54.85868,IE,34.850
-7.90996,54.75169,IE,34.850
-8.06464,54.86632,IE,34.850
-6.24279,54.02455,IE,34.850
-6.57881,54.00436,IE,34.850
-6.39461,53.84238,IE,34.850
-6.94934,53.65829,IE,34.850
-7.04540,53.35739,IE,34.850
-6.54104,53.70376,IE,34.850
-6.28377,53.67078,IE,34.850
-6.23355,53.31828,IE,34.850
-6.46941,53.18398,IE,34.850
-6.44620,53.35996,IE,34.850
-6.23344,52.88510,IE,34.850
-6.12781,53.20056,IE,34.850
-6.20130,53.17069,IE,34.850
-6.34481,53.00739,IE,34.850
-6.08451,53.00582,IE,34.850
-6.28762,52.64604,IE,34.850
-6.67595,52.63813,IE,34.850
-6.55307,52.72312,IE,34.850
-6.75049,52.72059,IE,34.850
-6.65711,52.98460,IE,34.850
-6.71880,52.54189,IE,34.850
-7.07043,53.14612,IE,34.850
-6.95434,52.53952,IE,34.850
-6.82759,52.71162,IE,34.850
-6.99348,52.63233,IE,34.850
-6.84710,52.96082,IE,34.850
-6.94085,53.10332,IE,34.850
-7.37533,52.91611,IE,34.850
-7.29156,52.71530,IE,34.850
-7.28639,52.50849,IE,34.850
-7.68733,52.93344,IE,34.850
-7.09146,52.50057,IE,34.850
-7.46395,52.72367,IE,34.850
-7.97524,52.41715,IE,34.850
-7.53885,52.47008,IE,34.850
-8.03755,52.43957,IE,34.850
-8.11879,52.26593,IE,34.850
-7.99168,52.51520,IE,34.850
-7.70935,52.26760,IE,34.850
-7.80660,52.80388,IE,34.850
-7.58064,52.36023,IE,34.850
-7.38235,52.15990,IE,34.850
-8.45255,52.15586,IE,34.850
-9.20778,52.09466,IE,34.850
-8.51526,52.14904,IE,34.850
-7.93051,52.14124,IE,34.850
-8.17804,52.08031,IE,34.850
-9.00956,52.20721,IE,34.850
-7.70488,52.02204,IE,34.850
-8.48259,52.01021,IE,34.850
-8.56797,51.89691,IE,34.850
-8.58485,51.93008,IE,34.850
-8.01496,51.90555,IE,34.850
-8.79293,51.66051,IE,34.850
-8.89674,51.73653,IE,34.850
-9.41361,51.73504,IE,34.850
-9.50632,52.04778,IE,34.850
-9.63202,52.07482,IE,34.850
-9.62224,52.18444,IE,34.850
-9.62494,51.98051,IE,34.850
-9.44350,52.22471,IE,34.850
-9.36506,52.41935,IE,34.850
-8.99227,52.40525,IE,34.850
-8.76741,52.54339,IE,34.850
-8.24208,53.03316,IE,34.850
-7.71544,53.28166,IE,34.850
-7.92923,53.23862,IE,34.850
-8.49765,52.93355,IE,34.850
-7.61596,53.28078,IE,34.850
-8.21302,52.54541,IE,34.850
-8.66352,52.95981,IE,34.850
-8.30219,53.10149,IE,34.850
-8.12597,52.81683,IE,34.850
-8.38752,52.72089,IE,34.850
-7.79234,53.22843,IE,34.850
-7.55833,53.27521,IE,34.850
-8.02614,53.33141,IE,34.850
-7.94498,53.40318,IE,34.850
-7.16570,53.75896,IE,34.850
-7.79710,53.55259,IE,34.850
-7.25696,53.81864,IE,34.850
-7.99015,53.32693,IE,34.850
-8.27718,53.46687,IE,34.850
-8.65769,52.81048,IE,34.850
-9.08530,52.96620,IE,34.850
-8.95074,52.93981,IE,34.850
-9.43073,52.74433,IE,34.850
-9.40679,52.83967,IE,34.850
-8.76948,53.02330,IE,34.850
-8.84854,53.41437,IE,34.850
-9.02909,53.56487,IE,34.850
-8.86384,53.43771,IE,34.850
-8.87685,53.52373,IE,34.850
-9.42732,53.60636,IE,34.850
-9.34047,53.42552,IE,34.850
-9.21812,53.62828,IE,34.850
-9.54432,53.40361,IE,34.850
-9.69781,54.24104,IE,34.850
-9.09053,54.10756,IE,34.850
-9.26332,53.87088,IE,34.850
-9.30545,53.91114,IE,34.850
-9.28871,54.11494,IE,34.850
-8.73019,54.12160,IE,34.850
-9.07461,53.93168,IE,34.850
-9.15273,54.11240,IE,34.850
-8.80062,54.04941,IE,34.850
-8.50930,54.20951,IE,34.850
-8.86230,54.25489,IE,34.850
-8.93797,54.18400,IE,34.850
-8.48383,54.18795,IE,34.850
-7.45810,53.96129,IE,34.850
-7.44879,54.10129,IE,34.850
-7.23576,54.15611,IE,34.850
-7.86946,54.53460,IE,34.850
-8.24772,54.68054,IE,34.850
-8.29996,55.05994,IE,34.850
-8.11217,55.01812,IE,34.850
-8.41756,54.76312,IE,34.850
-7.40570,55.05909,IE,34.850
-7.91949,55.00321,IE,34.850
-7.90755,54.92989,IE,34.850
-6.59452,53.84850,IE,34.850
-9.01999,53.34160,IE,34.850
7.45639,44.70910,IT,50.057
7.68702,44.88230,IT,50.057
7.67727,45.00000,IT,50.057
7.76257,45.10290,IT,50.057
8.09969,45.17910,IT,50.057
8.02062,45.54890,IT,50.057
8.11264,45.45010,IT,50.057
8.07557,45.55800,IT,50.057
8.24421,45.48990,IT,50.057
8.22148,45.67410,IT,50.057
8.31765,45.69070,IT,50.057
8.37330,45.63670,IT,50.057
7.48259,44.35070,IT,50.057
7.63656,44.45160,IT,50.057
7.90981,44.37250,IT,50.057
7.10332,44.80570,IT,50.057
7.27800,44.80960,IT,50.057
7.81202,44.93590,IT,50.057
7.26832,45.11230,IT,50.057
7.74012,45.23760,IT,50.057
7.91287,44.68490,IT,50.057
8.68997,44.94600,IT,50.057
8.41937,46.39190,IT,50.057
8.70030,45.55640,IT,50.057
8.45941,45.68430,IT,50.057
8.58141,45.48710,IT,50.057
8.61626,45.35310,IT,50.057
8.54433,44.75150,IT,50.057
8.63507,44.88440,IT,50.057
8.31065,45.53640,IT,50.057
8.34199,45.54480,IT,50.057
7.14991,44.70140,IT,50.057
7.33282,44.65145,IT,50.057
7.51308,44.78086,IT,50.057
7.69077,44.90868,IT,50.057
7.69993,45.06507,IT,50.057
7.84901,45.17259,IT,50.057
7.99742,45.17488,IT,50.057
8.29232,45.17519,IT,50.057
8.63204,45.05105,IT,50.057
8.85141,45.04309,IT,50.057
8.26996,44.88958,IT,50.057
8.00863,44.77626,IT,50.057
8.19653,44.89231,IT,50.057
8.24056,44.71678,IT,50.057
8.11843,44.87274,IT,50.057
8.02230,45.52751,IT,50.057
8.29372,45.39613,IT,50.057
8.17874,45.54062,IT,50.057
8.36540,45.39010,IT,50.057
8.29905,45.70913,IT,50.057
8.10824,45.62671,IT,50.057
8.18233,45.55108,IT,50.057
8.16567,45.69687,IT,50.057
8.28723,45.70065,IT,50.057
8.03186,45.79858,IT,50.057
8.26402,45.77091,IT,50.057
8.39976,45.37269,IT,50.057
8.55203,45.19500,IT,50.057
8.50823,45.22652,IT,50.057
8.54062,45.17358,IT,50.057
7.44124,44.40939,IT,50.057
7.58211,44.50223,IT,50.057
7.44844,44.48295,IT,50.057
7.54497,44.55150,IT,50.057
7.65004,44.64821,IT,50.057
7.66638,44.76971,IT,50.057
7.52497,44.58395,IT,50.057
7.58794,44.64989,IT,50.057
7.60102,44.80486,IT,50.057
7.48937,44.31467,IT,50.057
7.55706,44.39181,IT,50.057
7.71816,44.40962,IT,50.057
7.54551,44.39868,IT,50.057
7.74481,44.55614,IT,50.057
7.85543,44.65900,IT,50.057
7.88244,44.44038,IT,50.057
6.92177,44.98740,IT,50.057
7.28264,44.88529,IT,50.057
7.38374,44.84369,IT,50.057
7.36777,44.82935,IT,50.057
7.55639,44.81463,IT,50.057
7.65621,45.30391,IT,50.057
7.45447,45.03493,IT,50.057
7.67308,45.01755,IT,50.057
7.90083,45.40550,IT,50.057
7.74274,45.50543,IT,50.057
7.86352,45.18961,IT,50.057
7.75527,45.30912,IT,50.057
7.55818,45.41540,IT,50.057
7.40913,45.43234,IT,50.057
7.80189,45.26915,IT,50.057
7.93293,44.95432,IT,50.057
7.71821,44.94841,IT,50.057
7.07340,45.13441,IT,50.057
6.89086,45.07306,IT,50.057
7.39946,45.08971,IT,50.057
7.64110,45.08800,IT,50.057
7.92306,45.39308,IT,50.057
8.03029,45.20418,IT,50.057
7.67269,44.99246,IT,50.057
7.64115,45.13914,IT,50.057
7.72147,45.09823,IT,50.057
7.56592,45.31015,IT,50.057
7.85060,45.18278,IT,50.057
8.02551,44.25761,IT,50.057
7.88721,44.59808,IT,50.057
8.08893,44.74440,IT,50.057
8.13487,44.81855,IT,50.057
8.30590,44.87941,IT,50.057
8.43939,44.89042,IT,50.057
8.62415,44.93672,IT,50.057
8.72725,44.98418,IT,50.057
8.18041,44.39840,IT,50.057
8.14130,44.54094,IT,50.057
8.32384,44.64676,IT,50.057
8.85823,44.74389,IT,50.057
8.84946,44.80922,IT,50.057
8.86494,44.94401,IT,50.057
8.87643,45.02858,IT,50.057
8.05708,44.47904,IT,50.057
8.19119,44.66071,IT,50.057
8.27296,44.71529,IT,50.057
8.41884,44.79826,IT,50.057
8.50784,44.88092,IT,50.057
8.36514,44.83024,IT,50.057
8.36215,46.29416,IT,50.057
8.28668,46.08466,IT,50.057
8.31113,45.99643,IT,50.057
8.38244,45.98638,IT,50.057
8.44379,45.93753,IT,50.057
8.65139,45.70436,IT,50.057
8.70386,45.58957,IT,50.057
8.82478,45.40782,IT,50.057
8.46585,45.81534,IT,50.057
8.45870,45.74751,IT,50.057
8.55754,45.54602,IT,50.057
8.60421,45.40085,IT,50.057
8.44386,45.93333,IT,50.057
8.31805,44.49819,IT,50.057
8.33988,44.57671,IT,50.057
8.93174,44.98208,IT,50.057
8.57407,45.60766,IT,50.057
8.60998,45.51872,IT,50.057
8.69736,45.42091,IT,50.057
8.81779,45.39925,IT,50.057
8.64052,44.80647,IT,50.057
8.68334,44.76235,IT,50.057
8.34598,45.13967,IT,50.057
9.05080,44.71055,IT,50.057
8.87690,44.71070,IT,50.057
8.63306,45.02837,IT,50.057
8.53722,44.69982,IT,50.057
8.60387,44.87268,IT,50.057
8.65389,44.91989,IT,50.057
8.32875,46.25076,IT,50.057
8.57088,45.93215,IT,50.057
8.56655,45.75368,IT,50.057
8.27696,46.06831,IT,50.057
8.13297,45.98782,IT,50.057
8.25266,46.01915,IT,50.057
8.67058,44.68067,IT,50.057
8.70375,44.94532,IT,50.057
8.51896,45.05177,IT,50.057
8.69628,45.31798,IT,50.057
8.39776,45.86629,IT,50.057
8.39029,45.78381,IT,50.057
8.61176,45.47882,IT,50.057
8.56877,45.38842,IT,50.057
8.50762,45.37942,IT,50.057
7.45965,44.66735,IT,50.057
7.43115,44.72744,IT,50.057
8.57588,45.49288,IT,50.057
6.82762,45.04166,IT,50.057
7.75372,44.95262,IT,50.057
7.88276,44.59034,IT,50.057
8.44426,45.61355,IT,50.057
8.34003,45.44118,IT,50.057
8.32691,45.57692,IT,50.057
7.74148,45.45189,IT,50.057
7.53561,45.49321,IT,50.057
8.04143,45.47025,IT,50.057
8.02242,44.92578,IT,50.057
16.16343,40.74039,IT,50.057
8.20626,45.41212,IT,50.057
7.84029,45.16674,IT,50.057
8.02737,44.90332,IT,50.057
8.17467,44.82018,IT,50.057
8.31230,44.85972,IT,50.057
8.13849,45.43344,IT,50.057
7.86918,45.31456,IT,50.057
7.79923,45.58380,IT,50.057
6.99119,45.76440,IT,50.057
7.44079,45.74070,IT,50.057
7.75840,45.59950,IT,50.057
7.42994,45.73821,IT,50.057
6.96695,45.79592,IT,50.057
7.04216,45.75273,IT,50.057
7.45775,45.74951,IT,50.057
7.22708,45.70512,IT,50.057
7.35232,45.82962,IT,50.057
6.98194,45.76930,IT,50.057
7.05434,45.74649,IT,50.057
7.10935,45.71674,IT,50.057
7.16070,45.70402,IT,50.057
7.33533,45.72895,IT,50.057
7.42210,45.73871,IT,50.057
7.58081,45.74518,IT,50.057
7.64568,45.74107,IT,50.057
7.66561,45.72206,IT,50.057
7.67887,45.66669,IT,50.057
7.79821,45.58200,IT,50.057
7.68408,45.66377,IT,50.057
7.27991,45.71877,IT,50.057
7.83200,45.76803,IT,50.057
7.61520,45.90833,IT,50.057
7.58984,45.81346,IT,50.057
7.61210,45.74527,IT,50.057
7.51992,45.80641,IT,50.057
7.20254,45.52264,IT,50.057
9.70660,45.28270,IT,50.057
9.56842,45.40320,IT,50.057
8.73454,45.17400,IT,50.057
10.23530,45.92460,IT,50.057
10.50950,45.12390,IT,50.057
8.98908,45.12060,IT,50.057
10.95440,44.96140,IT,50.057
9.58769,45.71022,IT,50.057
9.85335,46.16269,IT,50.057
9.87947,45.85847,IT,50.057
9.29844,46.07276,IT,50.057
9.36778,45.85479,IT,50.057
9.44355,45.46825,IT,50.057
10.35550,46.36177,IT,50.057
9.74308,46.15930,IT,50.057
8.90298,45.07261,IT,50.057
8.92071,45.58927,IT,50.057
9.31784,45.36543,IT,50.057
9.39487,45.25708,IT,50.057
9.26355,45.88185,IT,50.057
9.41462,45.24315,IT,50.057
10.69791,45.44069,IT,50.057
10.06273,45.80192,IT,50.057
10.41261,45.15644,IT,50.057
9.94935,45.31860,IT,50.057
10.65100,45.04117,IT,50.057
8.90543,45.04885,IT,50.057
9.01639,44.95976,IT,50.057
8.65441,45.70554,IT,50.057
9.00768,45.23468,IT,50.057
9.34595,45.10171,IT,50.057
11.29001,45.01538,IT,50.057
9.73668,45.10579,IT,50.057
9.54119,45.26380,IT,50.057
9.64519,45.34095,IT,50.057
9.74343,45.73226,IT,50.057
9.83862,45.23313,IT,50.057
9.58778,45.48565,IT,50.057
10.63218,45.02236,IT,50.057
11.26778,44.95056,IT,50.057
9.95689,45.16279,IT,50.057
10.03691,45.12703,IT,50.057
10.57467,45.07637,IT,50.057
10.23071,45.20836,IT,50.057
9.85429,45.58478,IT,50.057
10.52598,45.14751,IT,50.057
10.84737,45.01998,IT,50.057
10.72275,45.05434,IT,50.057
10.99374,45.04281,IT,50.057
12.45360,45.71130,IT,50.057
11.96812,46.35103,IT,50.057
11.48892,45.52531,IT,50.057
10.99368,45.36541,IT,50.057
10.95906,45.31145,IT,50.057
11.61217,45.48082,IT,50.057
11.55808,45.53710,IT,50.057
11.90350,46.02001,IT,50.057
12.11905,46.16589,IT,50.057
11.37648,45.42257,IT,50.057
12.08838,45.54861,IT,50.057
11.80877,45.54326,IT,50.057
11.72700,45.51981,IT,50.057
12.40811,46.17923,IT,50.057
12.62431,46.62927,IT,50.057
11.92841,46.29623,IT,50.057
11.85211,45.50050,IT,50.057
12.20988,46.33959,IT,50.057
11.71621,45.45047,IT,50.057
11.74510,45.41528,IT,50.057
11.72506,45.41824,IT,50.057
11.34037,45.60889,IT,50.057
11.96731,45.44139,IT,50.057
11.99716,45.40889,IT,50.057
12.25746,45.56384,IT,50.057
12.08331,45.54410,IT,50.057
12.19839,45.50807,IT,50.057
12.29280,46.20611,IT,50.057
12.08297,45.47145,IT,50.057
12.11871,45.45824,IT,50.057
12.11471,45.43881,IT,50.057
12.20345,45.43583,IT,50.057
12.00614,45.40831,IT,50.057
11.93700,46.11478,IT,50.057
12.01614,45.54292,IT,50.057
12.46619,45.56629,IT,50.057
12.30555,45.48546,IT,50.057
11.76350,46.04763,IT,50.057
10.72429,45.35355,IT,50.057
10.96646,45.24011,IT,50.057
11.13541,45.38105,IT,50.057
11.27769,45.35733,IT,50.057
11.98644,46.03681,IT,50.057
11.29938,45.19599,IT,50.057
11.40400,45.40671,IT,50.057
11.35336,45.36055,IT,50.057
11.97187,46.03110,IT,50.057
11.40131,45.23186,IT,50.057
11.63893,45.24481,IT,50.057
11.93461,45.36609,IT,50.057
11.93644,45.26972,IT,50.057
12.12689,45.33008,IT,50.057
12.30584,46.17369,IT,50.057
12.11071,45.23332,IT,50.057
12.15674,45.22846,IT,50.057
11.23649,45.10451,IT,50.057
11.20693,45.10876,IT,50.057
11.30616,45.09482,IT,50.057
11.30318,45.01664,IT,50.057
11.42694,45.17386,IT,50.057
11.64404,45.14447,IT,50.057
11.64366,45.14369,IT,50.057
11.45203,45.06685,IT,50.057
11.41046,45.04779,IT,50.057
11.75697,45.14504,IT,50.057
11.87702,45.14626,IT,50.057
11.70682,45.13545,IT,50.057
11.94333,45.10830,IT,50.057
11.89767,45.06911,IT,50.057
11.76201,44.99448,IT,50.057
12.07719,46.09135,IT,50.057
11.76370,45.00249,IT,50.057
12.28390,45.17878,IT,50.057
12.09898,45.07199,IT,50.057
12.06119,45.03981,IT,50.057
12.25314,45.06267,IT,50.057
12.29342,46.01839,IT,50.057
12.41747,45.00292,IT,50.057
12.37482,44.83941,IT,50.057
12.34448,44.83595,IT,50.057
12.43935,45.94606,IT,50.057
12.35049,45.58464,IT,50.057
12.35362,46.12498,IT,50.057
11.32387,45.80654,IT,50.057
11.78148,45.98548,IT,50.057
11.95455,45.99156,IT,50.057
12.22117,46.43177,IT,50.057
11.72432,45.91884,IT,50.057
12.38466,45.75130,IT,50.057
11.73240,45.93077,IT,50.057
11.94680,45.90384,IT,50.057
11.40424,45.17431,IT,50.057
10.77434,45.42740,IT,50.057
10.85308,45.34322,IT,50.057
11.82735,45.41744,IT,50.057
11.84919,45.38777,IT,50.057
12.37194,45.58234,IT,50.057
11.97196,45.59928,IT,50.057
12.24520,45.66991,IT,50.057
12.27180,45.66180,IT,50.057
12.27970,45.65976,IT,50.057
12.30027,45.65187,IT,50.057
12.37016,45.58414,IT,50.057
11.70304,45.08874,IT,50.057
11.64738,45.03078,IT,50.057
11.69454,45.05559,IT,50.057
12.18400,45.85447,IT,50.057
11.94847,45.40714,IT,50.057
12.02290,45.81575,IT,50.057
12.18348,46.11978,IT,50.057
12.33733,45.86176,IT,50.057
12.61812,45.77448,IT,50.057
12.00873,46.42225,IT,50.057
12.05781,45.64227,IT,50.057
11.64940,45.60900,IT,50.057
11.68470,45.63620,IT,50.057
11.91635,45.61157,IT,50.057
11.92710,45.59060,IT,50.057
10.89488,45.65660,IT,50.057
12.72649,45.78442,IT,50.057
11.30625,45.71781,IT,50.057
12.68253,45.73235,IT,50.057
12.83682,45.77002,IT,50.057
12.98040,45.81110,IT,50.057
12.84580,45.75436,IT,50.057
12.55406,45.78204,IT,50.057
12.74808,45.66006,IT,50.057
12.03868,45.35993,IT,50.057
12.20980,45.15540,IT,50.057
11.37050,45.73605,IT,50.057
11.51322,45.62411,IT,50.057
11.37359,45.33410,IT,50.057
11.44242,45.26997,IT,50.057
11.37315,45.30822,IT,50.057
11.26609,45.31806,IT,50.057
11.23399,45.52054,IT,50.057
11.28236,45.40738,IT,50.057
11.00136,45.18375,IT,50.057
11.05446,45.18785,IT,50.057
11.30510,45.09200,IT,50.057
11.80582,45.04786,IT,50.057
11.43637,44.98423,IT,50.057
11.89827,45.80827,IT,50.057
12.45872,45.87636,IT,50.057
11.53950,45.71060,IT,50.057
11.33451,45.71765,IT,50.057
11.52524,45.73971,IT,50.057
11.62069,45.63277,IT,50.057
11.48113,45.38618,IT,50.057
11.23994,45.70568,IT,50.057
11.38170,45.62214,IT,50.057
11.33370,45.49249,IT,50.057
11.35010,45.67780,IT,50.057
11.53693,45.58787,IT,50.057
11.36923,45.64904,IT,50.057
11.52470,45.31017,IT,50.057
11.18730,45.65570,IT,50.057
11.22920,45.61610,IT,50.057
12.11955,45.44611,IT,50.057
11.62092,45.60089,IT,50.057
12.11909,45.44287,IT,50.057
12.30429,45.52776,IT,50.057
12.19562,45.18877,IT,50.057
12.23305,45.49461,IT,50.057
12.13874,45.56510,IT,50.057
11.94218,45.49338,IT,50.057
11.80366,45.27548,IT,50.057
11.84918,45.18683,IT,50.057
12.17336,45.59247,IT,50.057
12.26621,45.48126,IT,50.057
11.73095,45.77071,IT,50.057
12.21499,45.45380,IT,50.057
12.33128,45.50047,IT,50.057
12.20076,45.19355,IT,50.057
12.17286,45.20894,IT,50.057
11.38681,45.54829,IT,50.057
11.58739,45.75223,IT,50.057
11.26370,45.66030,IT,50.057
12.54757,46.55907,IT,50.057
11.28641,45.64332,IT,50.057
12.13365,45.32738,IT,50.057
12.01280,45.61564,IT,50.057
11.68835,45.67693,IT,50.057
11.74516,45.62466,IT,50.057
11.69931,45.59614,IT,50.057
12.12290,45.64646,IT,50.057
12.04435,45.63891,IT,50.057
12.55714,46.55880,IT,50.057
12.72301,46.57398,IT,50.057
12.52544,46.53873,IT,50.057
12.03392,45.86370,IT,50.057
12.30877,46.28029,IT,50.057
12.21132,45.63734,IT,50.057
12.02116,46.28715,IT,50.057
12.08539,46.24814,IT,50.057
12.35304,46.39964,IT,50.057
12.08692,46.13710,IT,50.057
12.45609,46.50994,IT,50.057
12.30045,46.25990,IT,50.057
12.65965,45.74150,IT,50.057
12.05718,45.04668,IT,50.057
12.28951,44.88703,IT,50.057
12.14952,45.85331,IT,50.057
12.10280,46.43251,IT,50.057
11.70405,45.82683,IT,50.057
11.38190,45.47798,IT,50.057
12.41674,45.84465,IT,50.057
12.37165,45.85923,IT,50.057
11.77040,45.56898,IT,50.057
11.14169,45.39605,IT,50.057
12.43918,45.71093,IT,50.057
12.44192,45.71636,IT,50.057
12.51665,45.64963,IT,50.057
12.22778,45.66173,IT,50.057
12.78311,45.69671,IT,50.057
12.41886,46.55996,IT,50.057
12.97197,45.73921,IT,50.057
12.84484,45.68998,IT,50.057
12.85190,45.67263,IT,50.057
12.26406,45.66135,IT,50.057
12.31876,45.63420,IT,50.057
10.84596,45.47942,IT,50.057
10.70071,45.43125,IT,50.057
11.24703,45.59317,IT,50.057
11.04297,45.42234,IT,50.057
11.24916,45.41833,IT,50.057
11.29874,45.41707,IT,50.057
11.52374,45.55869,IT,50.057
11.55114,45.56430,IT,50.057
11.52760,45.53391,IT,50.057
13.43118,45.80293,IT,50.057
13.49833,45.88164,IT,50.057
13.58755,45.88979,IT,50.057
13.43848,45.97011,IT,50.057
13.45524,45.92066,IT,50.057
12.58458,45.81916,IT,50.057
12.52631,45.88532,IT,50.057
12.62248,45.91421,IT,50.057
12.57857,45.92290,IT,50.057
12.62112,45.83923,IT,50.057
12.67557,45.82945,IT,50.057
12.86262,45.84996,IT,50.057
13.86867,45.62027,IT,50.057
13.82014,45.60726,IT,50.057
13.83654,45.58248,IT,50.057
13.85682,45.61080,IT,50.057
13.05836,46.37348,IT,50.057
12.95722,46.17658,IT,50.057
12.96208,45.87881,IT,50.057
12.99656,45.77247,IT,50.057
13.12549,46.24736,IT,50.057
13.02744,46.20990,IT,50.057
13.16550,45.86879,IT,50.057
12.99152,45.94387,IT,50.057
13.06532,45.88792,IT,50.057
13.30712,45.82813,IT,50.057
13.19179,45.80499,IT,50.057
13.43279,46.09232,IT,50.057
13.38929,45.99243,IT,50.057
13.62897,46.52571,IT,50.057
12.98249,45.86671,IT,50.057
8.28619,44.38060,IT,50.057
8.70378,44.46480,IT,50.057
9.91410,44.16730,IT,50.057
9.88818,44.15686,IT,50.057
7.60377,43.79262,IT,50.057
10.32729,44.78649,IT,50.057
10.34693,44.82375,IT,50.057
10.94700,44.67980,IT,50.057
11.90471,44.67812,IT,50.057
11.96820,44.46540,IT,50.057
12.03140,44.33000,IT,50.057
12.10267,44.26665,IT,50.057
9.44561,45.09166,IT,50.057
9.69804,45.06161,IT,50.057
10.22651,45.02255,IT,50.057
10.55191,44.90813,IT,50.057
9.38913,45.06393,IT,50.057
9.44190,45.07293,IT,50.057
9.53746,45.01683,IT,50.057
9.47627,44.99037,IT,50.057
9.59049,44.92538,IT,50.057
9.66953,45.07224,IT,50.057
9.73779,44.96481,IT,50.057
9.79723,45.03503,IT,50.057
9.84422,44.96215,IT,50.057
9.87545,45.00734,IT,50.057
9.69029,44.84192,IT,50.057
10.00037,45.02534,IT,50.057
10.03357,44.63753,IT,50.057
10.08214,44.69074,IT,50.057
10.19594,44.76721,IT,50.057
10.25430,44.91687,IT,50.057
10.21976,44.95043,IT,50.057
10.01526,44.84312,IT,50.057
10.13055,44.92544,IT,50.057
10.21467,44.96619,IT,50.057
10.22183,44.98156,IT,50.057
10.32940,44.95840,IT,50.057
10.35778,44.95685,IT,50.057
10.28994,44.75969,IT,50.057
10.31883,44.79003,IT,50.057
10.37649,44.92806,IT,50.057
10.40068,44.56287,IT,50.057
10.38901,44.64033,IT,50.057
10.46814,44.89958,IT,50.057
10.53579,44.58825,IT,50.057
10.61698,44.72046,IT,50.057
10.57344,44.75953,IT,50.057
10.65439,44.67242,IT,50.057
10.64961,44.82148,IT,50.057
10.71326,44.49184,IT,50.057
10.76777,44.54303,IT,50.057
10.79214,44.60840,IT,50.057
10.77616,44.64044,IT,50.057
10.79380,44.64800,IT,50.057
10.97754,45.00842,IT,50.057
10.94562,44.92602,IT,50.057
10.94826,44.95748,IT,50.057
10.93072,44.92572,IT,50.057
10.96893,44.45324,IT,50.057
10.99405,44.62629,IT,50.057
10.96758,44.60407,IT,50.057
10.96103,44.62038,IT,50.057
11.04092,44.72740,IT,50.057
11.42321,44.88571,IT,50.057
12.23028,44.92004,IT,50.057
12.10716,44.82985,IT,50.057
11.21262,44.94338,IT,50.057
11.27630,44.94430,IT,50.057
11.27490,44.88660,IT,50.057
11.55952,44.85576,IT,50.057
11.38693,44.83128,IT,50.057
11.65385,44.76471,IT,50.057
11.67845,44.83121,IT,50.057
11.93130,44.77290,IT,50.057
12.09231,44.70994,IT,50.057
11.64400,44.71600,IT,50.057
12.09816,44.69772,IT,50.057
12.10263,44.63466,IT,50.057
11.11314,44.28778,IT,50.057
11.28155,44.47041,IT,50.057
11.11726,44.44987,IT,50.057
11.22831,44.56178,IT,50.057
11.24795,44.65557,IT,50.057
11.53610,44.71861,IT,50.057
11.62504,44.67300,IT,50.057
11.68474,44.63858,IT,50.057
11.82140,44.61430,IT,50.057
11.82079,44.61377,IT,50.057
11.43969,44.44452,IT,50.057
11.40056,44.43135,IT,50.057
11.36178,44.45302,IT,50.057
11.42150,44.48387,IT,50.057
11.48231,44.51410,IT,50.057
11.50942,44.46555,IT,50.057
11.70607,44.57460,IT,50.057
11.76414,44.52806,IT,50.057
11.87524,44.57747,IT,50.057
11.81532,44.39401,IT,50.057
11.90363,44.53333,IT,50.057
11.78294,44.29418,IT,50.057
11.87930,44.55120,IT,50.057
12.19274,44.54013,IT,50.057
11.71684,44.19426,IT,50.057
11.81725,44.24124,IT,50.057
11.77640,44.11755,IT,50.057
11.88086,44.27564,IT,50.057
12.24896,44.45957,IT,50.057
12.02511,44.20302,IT,50.057
12.08666,44.20301,IT,50.057
12.11073,44.29767,IT,50.057
12.21562,44.39776,IT,50.057
12.19217,44.25015,IT,50.057
12.27972,44.32449,IT,50.057
12.27124,44.35550,IT,50.057
12.09236,43.85489,IT,50.057
12.19986,44.09105,IT,50.057
12.26013,44.25762,IT,50.057
12.29536,44.30563,IT,50.057
12.38810,44.20349,IT,50.057
12.42374,44.15749,IT,50.057
12.29430,44.14068,IT,50.057
12.28123,43.96080,IT,50.057
12.41366,44.03974,IT,50.057
12.45260,44.08544,IT,50.057
12.21517,43.80310,IT,50.057
12.28480,43.86805,IT,50.057
12.39959,43.96008,IT,50.057
12.40454,43.96916,IT,50.057
12.45350,44.04643,IT,50.057
12.53730,43.99670,IT,50.057
12.54600,44.06079,IT,50.057
12.55134,44.06480,IT,50.057
12.50333,43.92393,IT,50.057
12.63049,44.01207,IT,50.057
12.67787,43.93170,IT,50.057
12.73287,43.96360,IT,50.057
10.71020,44.12980,IT,50.057
12.13420,43.48560,IT,50.057
10.64570,43.78880,IT,50.057
10.24690,44.13710,IT,50.057
10.50740,44.02590,IT,50.057
10.48020,44.04040,IT,50.057
11.40220,44.00030,IT,50.057
10.71690,44.04490,IT,50.057
11.42220,43.77100,IT,50.057
11.04130,43.72000,IT,50.057
10.87900,43.58240,IT,50.057
10.34633,44.14401,IT,50.057
10.38597,44.16705,IT,50.057
10.43430,44.13450,IT,50.057
10.56219,44.04437,IT,50.057
11.65855,43.70463,IT,50.057
10.86392,43.92751,IT,50.057
11.02983,43.96794,IT,50.057
11.27424,43.93306,IT,50.057
11.39990,43.85008,IT,50.057
11.48088,43.99621,IT,50.057
11.52372,43.70454,IT,50.057
10.66406,44.12465,IT,50.057
10.31412,44.17232,IT,50.057
10.51366,44.02380,IT,50.057
10.50706,43.93416,IT,50.057
10.56276,44.00523,IT,50.057
10.25682,43.86620,IT,50.057
9.92566,44.17366,IT,50.057
10.16581,44.05654,IT,50.057
10.22338,43.99613,IT,50.057
10.25188,43.99542,IT,50.057
11.55347,43.24000,IT,50.057
11.47614,43.13539,IT,50.057
11.32138,42.93316,IT,50.057
11.18828,42.77936,IT,50.057
11.05751,43.12105,IT,50.057
11.32695,43.09713,IT,50.057
11.24057,42.51829,IT,50.057
12.03005,43.74807,IT,50.057
12.05351,43.64918,IT,50.057
12.15739,43.52546,IT,50.057
12.08243,43.50571,IT,50.057
10.74003,43.33363,IT,50.057
10.51444,43.31513,IT,50.057
10.91026,43.31220,IT,50.057
10.81963,43.35748,IT,50.057
10.70548,43.27197,IT,50.057
10.59762,42.95548,IT,50.057
10.71785,43.12537,IT,50.057
10.80102,42.93827,IT,50.057
11.65921,42.63435,IT,50.057
11.60067,42.75877,IT,50.057
11.58040,42.54924,IT,50.057
11.48469,44.17573,IT,50.057
11.42145,44.07533,IT,50.057
11.65852,43.83171,IT,50.057
11.03215,43.74639,IT,50.057
11.21115,43.98755,IT,50.057
11.31844,43.96748,IT,50.057
11.12468,43.85344,IT,50.057
11.10097,43.78269,IT,50.057
11.01870,43.86291,IT,50.057
11.05961,43.77711,IT,50.057
10.86297,43.43257,IT,50.057
10.64891,43.91458,IT,50.057
10.75732,43.80663,IT,50.057
10.79658,43.84549,IT,50.057
10.61348,43.79395,IT,50.057
11.28182,44.00239,IT,50.057
11.22075,43.97957,IT,50.057
10.49331,44.08457,IT,50.057
11.49803,43.94424,IT,50.057
11.39639,43.93795,IT,50.057
11.42994,44.21742,IT,50.057
11.34204,44.14342,IT,50.057
11.65892,44.10359,IT,50.057
11.72493,44.10330,IT,50.057
10.94740,43.56010,IT,50.057
11.88680,43.06070,IT,50.057
11.29397,43.93110,IT,50.057
10.95870,43.69880,IT,50.057
11.58436,43.92660,IT,50.057
10.11680,44.08148,IT,50.057
10.99724,42.85043,IT,50.057
11.27518,43.29865,IT,50.057
11.46423,43.76256,IT,50.057
10.66470,43.74791,IT,50.057
11.63054,43.02470,IT,50.057
12.75340,43.42060,IT,50.057
12.13124,42.73301,IT,50.057
12.50847,43.03259,IT,50.057
12.43830,43.02231,IT,50.057
12.70582,43.27578,IT,50.057
12.97545,42.78914,IT,50.057
12.73182,42.78125,IT,50.057
12.17019,42.85455,IT,50.057
12.78714,42.98047,IT,50.057
12.99993,42.88910,IT,50.057
12.51548,42.52543,IT,50.057
12.41285,42.44698,IT,50.057
12.36478,42.90899,IT,50.057
13.07412,42.79471,IT,50.057
13.02689,42.78509,IT,50.057
12.60034,42.98126,IT,50.057
12.23677,43.42594,IT,50.057
12.35549,43.28652,IT,50.057
12.42160,43.03445,IT,50.057
12.37402,42.78035,IT,50.057
12.91357,42.81514,IT,50.057
12.19560,43.75260,IT,50.057
12.31600,43.91720,IT,50.057
13.02790,43.54370,IT,50.057
13.06870,43.21500,IT,50.057
13.55615,42.87444,IT,50.057
13.49679,42.83027,IT,50.057
13.56915,42.84930,IT,50.057
13.42567,42.79288,IT,50.057
13.52567,42.84621,IT,50.057
13.80101,42.86707,IT,50.057
13.90026,42.89341,IT,50.057
12.99235,42.88038,IT,50.057
13.09181,42.93161,IT,50.057
13.05840,43.19197,IT,50.057
13.52327,43.36244,IT,50.057
13.04329,43.19043,IT,50.057
13.20551,43.23463,IT,50.057
13.48704,43.35320,IT,50.057
13.27170,43.20159,IT,50.057
13.51850,43.27131,IT,50.057
13.63713,43.26793,IT,50.057
13.04274,43.03683,IT,50.057
13.37922,43.20549,IT,50.057
13.42416,43.22475,IT,50.057
13.00270,43.07612,IT,50.057
13.15975,43.13783,IT,50.057
13.33476,42.94506,IT,50.057
13.40831,43.00885,IT,50.057
13.45141,43.04691,IT,50.057
13.53996,43.09852,IT,50.057
13.68281,43.17407,IT,50.057
13.39755,42.90815,IT,50.057
13.83844,43.10251,IT,50.057
13.87521,42.97893,IT,50.057
13.88583,42.94939,IT,50.057
13.75630,42.32060,IT,50.057
12.68440,41.56000,IT,50.057
12.90950,41.51920,IT,50.057
13.08840,41.38920,IT,50.057
13.20200,41.48480,IT,50.057
13.20040,41.46010,IT,50.057
12.75430,41.46980,IT,50.057
13.69600,41.26420,IT,50.057
13.04410,41.40520,IT,50.057
12.56910,41.92390,IT,50.057
12.80460,41.96100,IT,50.057
12.01970,42.14380,IT,50.057
11.63990,42.41940,IT,50.057
11.91910,42.46900,IT,50.057
11.75020,42.26240,IT,50.057
11.57897,42.33201,IT,50.057
13.66564,41.45460,IT,50.057
13.58963,41.69652,IT,50.057
13.83890,41.48334,IT,50.057
13.83427,41.44351,IT,50.057
13.60754,41.76263,IT,50.057
13.23942,41.65051,IT,50.057
13.41164,41.78175,IT,50.057
12.98348,41.48998,IT,50.057
13.15754,41.35866,IT,50.057
13.16966,41.36274,IT,50.057
12.79234,41.52500,IT,50.057
12.85489,41.52545,IT,50.057
12.81582,41.43127,IT,50.057
12.99386,41.42492,IT,50.057
13.09782,41.38853,IT,50.057
13.17800,41.31747,IT,50.057
13.26402,41.50302,IT,50.057
12.75322,41.46908,IT,50.057
13.71722,41.27942,IT,50.057
13.69463,41.26320,IT,50.057
12.95409,41.55537,IT,50.057
13.02681,41.41074,IT,50.057
13.09878,41.35509,IT,50.057
13.87880,41.32836,IT,50.057
12.92977,42.35865,IT,50.057
12.79453,42.41841,IT,50.057
13.15525,42.57646,IT,50.057
12.74529,42.50530,IT,50.057
12.82823,42.42892,IT,50.057
13.24885,42.15181,IT,50.057
13.00654,42.15778,IT,50.057
12.86255,42.38360,IT,50.057
12.64631,42.21212,IT,50.057
13.00117,42.36493,IT,50.057
12.80298,42.49173,IT,50.057
13.26379,42.73677,IT,50.057
13.15830,42.63613,IT,50.057
12.41850,41.80735,IT,50.057
12.47421,41.90689,IT,50.057
12.49694,41.98820,IT,50.057
12.63577,42.15347,IT,50.057
12.50897,41.94046,IT,50.057
12.66741,41.92732,IT,50.057
12.99026,42.02206,IT,50.057
12.64608,42.15301,IT,50.057
12.34101,41.81925,IT,50.057
12.39855,41.79479,IT,50.057
12.00972,42.15484,IT,50.057
12.07295,41.95178,IT,50.057
12.21675,41.87692,IT,50.057
12.31263,42.03827,IT,50.057
12.51988,41.59234,IT,50.057
12.20289,41.91751,IT,50.057
12.97875,41.75945,IT,50.057
12.97867,41.75950,IT,50.057
11.60746,42.52203,IT,50.057
11.68693,42.34957,IT,50.057
11.87795,42.39877,IT,50.057
11.70926,42.24300,IT,50.057
11.86232,42.76241,IT,50.057
12.27890,42.50586,IT,50.057
12.46060,42.35023,IT,50.057
11.91893,42.51740,IT,50.057
11.84315,42.21830,IT,50.057
12.09353,42.20867,IT,50.057
13.54590,42.81850,IT,50.057
13.76810,42.80640,IT,50.057
13.85740,42.81170,IT,50.057
13.87410,42.79360,IT,50.057
13.90640,42.78410,IT,50.057
13.68400,42.52150,IT,50.057
14.10130,42.48510,IT,50.057
14.13690,42.51490,IT,50.057
13.38370,42.34870,IT,50.057
13.82240,42.16470,IT,50.057
14.03870,42.30280,IT,50.057
13.82230,42.21500,IT,50.057
14.30240,42.37510,IT,50.057
14.34830,42.25590,IT,50.057
14.36490,42.22410,IT,50.057
14.47230,42.17576,IT,50.057
13.77689,41.85179,IT,50.057
14.35452,41.95298,IT,50.057
14.35924,42.12382,IT,50.057
14.20540,42.03789,IT,50.057
13.29023,42.05581,IT,50.057
13.11470,42.09973,IT,50.057
13.64518,42.78822,IT,50.057
13.91936,42.83599,IT,50.057
13.93763,42.77844,IT,50.057
13.65777,42.63011,IT,50.057
13.87530,42.69822,IT,50.057
13.95782,42.72325,IT,50.057
13.68124,42.58963,IT,50.057
13.84569,42.62027,IT,50.057
14.03032,42.65075,IT,50.057
13.83992,42.57561,IT,50.057
14.08084,42.53205,IT,50.057
13.97913,42.48873,IT,50.057
13.88273,42.44790,IT,50.057
14.08385,42.46401,IT,50.057
13.60872,42.22149,IT,50.057
13.90651,42.06271,IT,50.057
14.11334,42.34973,IT,50.057
14.02305,42.09584,IT,50.057
13.94797,42.25444,IT,50.057
14.09069,42.33336,IT,50.057
14.19663,42.45817,IT,50.057
13.86737,42.12517,IT,50.057
13.45630,42.35056,IT,50.057
14.36229,42.21715,IT,50.057
14.44383,42.30819,IT,50.057
14.53414,42.12193,IT,50.057
14.44520,41.73620,IT,50.057
14.14550,41.54980,IT,50.057
14.05330,41.45630,IT,50.057
14.09180,41.41840,IT,50.057
15.13001,40.25196,IT,50.057
14.47766,40.73274,IT,50.057
15.17580,41.72420,IT,50.057
15.50020,41.56360,IT,50.057
15.58900,41.65760,IT,50.057
15.60350,41.29760,IT,50.057
16.05530,41.26530,IT,50.057
15.36674,41.27498,IT,50.057
15.54084,41.22534,IT,50.057
15.04462,41.64724,IT,50.057
16.20583,41.34083,IT,50.057
15.36873,41.54708,IT,50.057
15.63531,41.62619,IT,50.057
15.12333,41.86000,IT,50.057
13.47730,38.08450,IT,50.057
14.40600,37.03260,IT,50.057
14.48300,36.89110,IT,50.057
14.59870,36.78930,IT,50.057
14.92230,36.93320,IT,50.057
14.78680,37.72890,IT,50.057
14.82965,37.93246,IT,50.057
14.88330,37.91339,IT,50.057
14.97270,37.89090,IT,50.057
14.97305,37.91482,IT,50.057
15.06779,37.90095,IT,50.057
11.20519,46.24408,IT,50.057
11.19516,46.25208,IT,50.057
11.58918,46.80171,IT,50.057
11.31138,46.47283,IT,50.057
11.69972,46.81595,IT,50.057
11.12636,46.19658,IT,50.057
11.14207,46.20604,IT,50.057
11.11286,46.04811,IT,50.057
11.10587,46.00823,IT,50.057
11.09463,45.94701,IT,50.057
11.09448,45.95402,IT,50.057
11.11585,46.07048,IT,50.057
11.03784,45.91244,IT,50.057
10.99714,45.85812,IT,50.057
11.10115,45.92838,IT,50.057
10.92538,45.69781,IT,50.057
10.97044,45.74228,IT,50.057
11.02232,45.88100,IT,50.057
11.06994,45.85885,IT,50.057
11.47568,46.05456,IT,50.057
11.41044,46.03908,IT,50.057
11.31284,46.00240,IT,50.057
10.76190,46.31119,IT,50.057
10.95568,46.36980,IT,50.057
10.80215,46.40715,IT,50.057
11.02798,46.42318,IT,50.057
11.05043,46.35026,IT,50.057
11.13209,46.43633,IT,50.057
11.04178,46.30708,IT,50.057
11.13174,46.40851,IT,50.057
11.05878,46.24220,IT,50.057
11.07516,46.36346,IT,50.057
11.10354,46.19386,IT,50.057
11.42484,46.27117,IT,50.057
11.73484,46.30276,IT,50.057
11.24668,46.18301,IT,50.057
11.13254,46.15064,IT,50.057
11.30470,46.22279,IT,50.057
11.10930,46.13513,IT,50.057
11.22386,46.06892,IT,50.057
11.11822,46.04421,IT,50.057
11.19397,46.08136,IT,50.057
11.77266,46.13828,IT,50.057
11.63574,46.21141,IT,50.057
11.25796,45.92073,IT,50.057
11.46563,46.05443,IT,50.057
10.82497,46.20127,IT,50.057
10.94502,46.04756,IT,50.057
10.87132,46.03256,IT,50.057
10.88092,46.04182,IT,50.057
10.78646,46.05059,IT,50.057
10.91226,45.96270,IT,50.057
10.82358,45.86350,IT,50.057
10.87308,45.87475,IT,50.057
10.54470,45.81711,IT,50.057
13.52827,41.51444,IT,50.057
13.33778,41.56896,IT,50.057
15.05025,40.84775,IT,50.057
15.03883,40.92593,IT,50.057
14.76219,41.14192,IT,50.057
13.77460,41.24210,IT,50.057
14.61548,41.04164,IT,50.057
14.58096,41.04530,IT,50.057
14.46376,41.10230,IT,50.057
15.18784,40.87293,IT,50.057
15.44726,40.88776,IT,50.057
14.77621,41.03967,IT,50.057
15.11976,40.59647,IT,50.057
15.04369,40.54942,IT,50.057
14.57340,40.78005,IT,50.057
14.50348,40.74028,IT,50.057
14.61030,41.05990,IT,50.057
15.44904,40.53829,IT,50.057
15.28365,41.01216,IT,50.057
15.18324,41.01279,IT,50.057
14.10453,41.47356,IT,50.057
14.21257,41.35304,IT,50.057
14.39634,41.25925,IT,50.057
15.13896,40.17279,IT,50.057
15.36178,40.59191,IT,50.057
15.50836,40.07140,IT,50.057
14.47601,41.18353,IT,50.057
14.93284,41.08575,IT,50.057
15.23842,40.37781,IT,50.057
15.20560,40.49745,IT,50.057
15.04320,40.51204,IT,50.057
15.27685,40.42010,IT,50.057
15.41167,40.24740,IT,50.057
15.28305,40.40660,IT,50.057
14.38197,40.93337,IT,50.057
14.06439,41.02951,IT,50.057
14.76435,41.13184,IT,50.057
15.23348,40.63813,IT,50.057
15.01487,40.49661,IT,50.057
15.35508,40.38241,IT,50.057
14.80430,41.12166,IT,50.057
14.59039,40.81844,IT,50.057
14.47504,40.72893,IT,50.057
14.83491,41.14919,IT,50.057
14.42772,41.24666,IT,50.057
14.79438,41.27932,IT,50.057
15.35741,40.58390,IT,50.057
15.03725,40.71824,IT,50.057
15.01230,40.64491,IT,50.057
15.05335,41.09038,IT,50.057
14.92629,41.13791,IT,50.057
14.45293,41.19401,IT,50.057
14.26015,41.13136,IT,50.057
14.10608,41.09219,IT,50.057
10.90377,45.11303,IT,50.057
11.01974,45.12130,IT,50.057
9.55173,39.34035,IT,50.057
9.59558,40.38893,IT,50.057
9.73546,40.58099,IT,50.057
8.87805,40.81644,IT,50.057
8.93360,40.62059,IT,50.057
9.15137,40.75559,IT,50.057
8.37548,40.60501,IT,50.057
8.66487,40.02349,IT,50.057
8.53632,39.99979,IT,50.057
8.80752,39.99819,IT,50.057
8.85708,39.95828,IT,50.057
8.64979,39.87140,IT,50.057
8.62165,39.82761,IT,50.057
8.62028,39.67634,IT,50.057
8.66939,39.10150,IT,50.057
8.73353,39.28042,IT,50.057
13.11920,46.30170,IT,50.057
12.36293,43.82289,IT,50.057
12.41200,43.84276,IT,50.057
12.31620,43.91640,IT,50.057
12.75225,43.95972,IT,50.057
14.53358,41.79206,IT,50.057
13.57340,41.79317,IT,50.057
15.54047,40.93898,IT,50.057
12.81027,43.86722,IT,50.057
12.89811,43.90860,IT,50.057
12.37664,43.71568,IT,50.057
12.42984,43.73021,IT,50.057
12.45878,43.75986,IT,50.057
12.60707,43.80381,IT,50.057
12.62250,43.78750,IT,50.057
12.68309,43.82355,IT,50.057
12.75926,43.84530,IT,50.057
12.89465,43.83985,IT,50.057
12.50941,43.59032,IT,50.057
12.53127,43.58753,IT,50.057
12.67412,43.58532,IT,50.057
12.70135,43.63623,IT,50.057
12.85380,43.70000,IT,50.057
12.92638,43.74697,IT,50.057
13.04065,43.81252,IT,50.057
13.05410,43.82710,IT,50.057
12.36304,43.65030,IT,50.057
12.69458,43.69037,IT,50.057
12.84796,43.57032,IT,50.057
12.95993,43.56672,IT,50.057
13.02800,43.54290,IT,50.057
13.12865,43.62564,IT,50.057
13.14714,43.65220,IT,50.057
13.20897,43.71164,IT,50.057
13.16271,43.49739,IT,50.057
13.31787,43.55870,IT,50.057
13.37049,43.64132,IT,50.057
12.78085,43.41521,IT,50.057
12.91045,43.35387,IT,50.057
12.86759,43.31753,IT,50.057
12.99524,43.34623,IT,50.057
12.96996,43.40407,IT,50.057
13.01756,43.42975,IT,50.057
13.60462,43.47514,IT,50.057
13.46076,43.46636,IT,50.057
13.53837,43.43817,IT,50.057
13.63738,43.47425,IT,50.057
13.48490,43.45084,IT,50.057
13.21181,43.41522,IT,50.057
23.92860,56.02470,LT,61.083
23.76530,55.96500,LT,61.083
23.34060,55.98780,LT,61.083
26.78491,55.28449,LT,61.083
26.29902,55.74212,LT,61.083
21.37720,55.29129,LT,61.083
22.72760,54.96201,LT,61.083
25.08044,54.68728,LT,61.083
21.34400,55.44780,LT,61.083
25.85752,55.02169,LT,61.083
22.80728,55.34325,LT,61.083
24.73606,54.90203,LT,61.083
22.23760,55.22060,LT,61.083
22.28482,55.21443,LT,61.083
22.16210,55.48090,LT,61.083
21.51390,55.96780,LT,61.083
21.72580,55.52500,LT,61.083
26.16640,55.62750,LT,61.083
23.07240,55.67150,LT,61.083
24.85080,56.41359,LT,61.083
25.85620,55.95810,LT,61.083
25.68840,55.71680,LT,61.083
24.43400,55.69590,LT,61.083
23.24197,54.66459,LT,61.083
23.82806,55.17744,LT,61.083
24.69333,55.65769,LT,61.083
25.74191,54.83726,LT,61.083
22.30939,56.37206,LT,61.083
25.00900,55.02860,LT,61.083
25.99126,55.25266,LT,61.083
26.02648,55.42563,LT,61.083
24.28005,54.11057,LT,61.083
24.27940,54.10710,LT,61.083
21.57367,56.19993,LT,61.083
21.50115,56.28625,LT,61.083
23.99890,54.87640,LT,61.083
22.95070,55.97990,LT,61.083
23.61030,56.09970,LT,61.083
24.40752,56.22891,LT,61.083
24.63510,56.17210,LT,61.083
24.96770,55.84370,LT,61.083
23.96225,56.02558,LT,61.083
6.10591,49.84541,LU,
6.02165,49.94943,LU,
6.06805,49.93469,LU,
25.75900,56.55130,LV,71.181
25.68330,57.16670,LV,71.181
23.92370,56.76560,LV,71.181
24.08330,57.02870,LV,71.181
24.03320,57.05650,LV,71.181
21.58390,57.35810,LV,71.181
24.04671,57.05687,LV,71.181
24.48739,56.97143,LV,71.181
27.00630,56.67440,LV,71.181
25.90856,56.49225,LV,71.181
26.26925,56.35377,LV,71.181
26.62593,55.86829,LV,71.181
27.43856,55.79522,LV,71.181
24.28057,57.14941,LV,71.181
25.45398,57.54142,LV,71.181
25.38651,57.51439,LV,71.181
25.22190,57.33560,LV,71.181
25.90360,57.13610,LV,71.181
24.39490,57.74773,LV,71.181
23.80136,56.96980,LV,71.181
23.58003,56.81382,LV,71.181
23.38446,56.47886,LV,71.181
23.71972,56.68833,LV,71.181
23.78853,56.64316,LV,71.181
24.62855,56.37542,LV,71.181
24.35601,56.27587,LV,71.181
21.21861,56.36444,LV,71.181
21.47694,56.29194,LV,71.181
21.20705,56.85732,LV,71.181
21.60119,56.74786,LV,71.181
21.67388,57.18025,LV,71.181
22.64626,57.01405,LV,71.181
21.97726,57.00678,LV,71.181
22.10208,56.48663,LV,71.181
21.86768,57.55179,LV,71.181
20.50000,41.48000,MK,93.720
20.60000,41.55000,MK,93.720
21.22000,42.08000,MK,93.720
21.62000,41.90000,MK,93.720
21.78000,41.73000,MK,93.720
21.91000,41.62000,MK,93.720
22.27000,41.40000,MK,93.720
22.53000,41.15000,MK,93.720
21.32000,42.27000,MK,93.720
22.38000,42.01000,MK,93.720
21.87000,42.31000,MK,93.720
21.70000,41.90000,MK,93.720
22.11000,42.14000,MK,93.720
22.21000,41.80000,MK,93.720
21.96000,41.64000,MK,93.720
21.30000,41.96000,MK,93.720
21.64000,40.97000,MK,93.720
21.97000,41.54000,MK,93.720
21.56000,40.95000,MK,93.720
22.87000,41.40000,MK,93.720
14.33690,35.89630,MT,
14.40520,35.85760,MT,
14.23357,36.03726,MT,
5.83180,51.07870,NL,32.466
6.11330,51.31860,NL,32.466
5.69910,50.77950,NL,32.466
5.92720,51.18760,NL,32.466
5.84240,51.13210,NL,32.466
6.15379,52.25220,NL,32.466
6.03860,52.62970,NL,32.466
5.13660,51.99110,NL,32.466
5.92390,52.55380,NL,32.466
6.09120,51.85420,NL,32.466
5.04030,51.81550,NL,32.466
4.49340,51.69250,NL,32.466
5.05310,51.79410,NL,32.466
4.69120,51.99670,NL,32.466
4.89440,51.72020,NL,32.466
4.56600,51.81160,NL,32.466
4.98490,51.60100,NL,32.466
11.44433,59.12783,NO,84.337
11.13429,59.27947,NO,84.337
10.75370,62.26810,NO,84.337
10.00903,59.75343,NO,84.337
10.06855,59.08610,NO,84.337
9.30416,59.88946,NO,84.337
9.61135,59.19808,NO,84.337
8.64136,58.40385,NO,84.337
8.11413,58.21527,NO,84.337
8.03225,58.60595,NO,84.337
7.95295,58.18667,NO,84.337
7.96961,58.38754,NO,84.337
7.54563,58.14315,NO,84.337
6.76702,58.20113,NO,84.337
6.99143,58.22699,NO,84.337
6.96060,58.31183,NO,84.337
6.65527,58.41357,NO,84.337
5.99554,58.47970,NO,84.337
6.08419,58.67427,NO,84.337
6.65368,59.05408,NO,84.337
6.44967,59.33004,NO,84.337
5.91029,59.49876,NO,84.337
5.99912,60.64705,NO,84.337
7.28042,61.40850,NO,84.337
5.68652,61.36862,NO,84.337
5.89623,61.44941,NO,84.337
6.21233,61.76420,NO,84.337
8.57124,62.66854,NO,84.337
8.72555,62.98006,NO,84.337
9.77194,63.20059,NO,84.337
10.26919,63.28612,NO,84.337
10.40589,63.43280,NO,84.337
10.99303,63.44846,NO,84.337
11.81870,64.44165,NO,84.337
13.23754,65.74958,NO,84.337
13.80544,66.10920,NO,84.337
14.17663,66.32275,NO,84.337
14.74921,66.99160,NO,84.337
18.59368,69.04247,NO,84.337
28.16909,70.22968,NO,84.337
30.60979,69.69518,NO,84.337
30.63181,69.70515,NO,84.337
9.42703,59.60757,NO,84.337
11.49970,64.01640,NO,84.337
5.59147,58.67730,NO,84.337
18.23476,54.83118,PL,82.436
18.54627,54.48571,PL,82.436
19.20656,53.76581,PL,82.436
18.39315,54.72780,PL,82.436
19.22187,54.27342,PL,82.436
18.94772,54.25667,PL,82.436
17.44750,53.80417,PL,82.436
17.21950,53.77228,PL,82.436
17.30305,54.28833,PL,82.436
16.85250,54.58917,PL,82.436
16.92778,54.54556,PL,82.436
17.63139,54.52694,PL,82.436
17.56417,54.65417,PL,82.436
17.54739,54.75776,PL,82.436
17.41111,54.45667,PL,82.436
17.21250,54.66222,PL,82.436
17.05553,54.66708,PL,82.436
17.47861,54.25583,PL,82.436
18.49580,54.61165,PL,82.436
19.80735,53.67030,PL,82.436
19.36197,54.21844,PL,82.436
22.47339,53.84839,PL,82.436
19.30958,54.23164,PL,82.436
21.81584,53.63730,PL,82.436
22.49130,54.05944,PL,82.436
20.52423,53.46864,PL,82.436
22.19833,54.12667,PL,82.436
18.96169,52.84711,PL,82.436
19.36046,53.18400,PL,82.436
18.73764,52.90563,PL,82.436
19.13366,52.65782,PL,82.436
18.96334,52.74515,PL,82.436
19.06565,52.66205,PL,82.436
19.36982,53.23706,PL,82.436
18.70308,52.99892,PL,82.436
18.41534,53.36213,PL,82.436
18.77476,53.55213,PL,82.436
19.04156,53.09509,PL,82.436
18.75223,53.02565,PL,82.436
18.12195,53.11165,PL,82.436
19.58211,53.28049,PL,82.436
21.29083,51.85083,PL,82.436
21.16722,52.13472,PL,82.436
19.69020,52.53860,PL,82.436
21.77333,51.22361,PL,82.436
20.80111,51.35806,PL,82.436
21.17833,51.51111,PL,82.436
21.41778,51.69167,PL,82.436
21.38722,51.85528,PL,82.436
21.27139,51.85528,PL,82.436
20.57250,51.60278,PL,82.436
21.22361,52.10055,PL,82.436
20.20792,52.37397,PL,82.436
19.75473,52.46936,PL,82.436
19.53235,52.59575,PL,82.436
21.56611,53.08861,PL,82.436
21.40083,52.91056,PL,82.436
21.09472,52.70028,PL,82.436
20.69623,52.43730,PL,82.436
21.54028,53.07528,PL,82.436
22.87056,52.36139,PL,82.436
22.56111,52.41583,PL,82.436
21.95861,52.68194,PL,82.436
21.45976,52.59109,PL,82.436
21.25944,52.53417,PL,82.436
21.90639,52.70250,PL,82.436
21.56278,52.59417,PL,82.436
21.64694,52.50417,PL,82.436
21.03500,52.43000,PL,82.436
20.42950,52.72807,PL,82.436
20.73861,52.47166,PL,82.436
21.93554,53.23932,PL,82.436
22.47250,52.64683,PL,82.436
22.45930,53.27390,PL,82.436
22.55441,53.21581,PL,82.436
22.26913,52.79168,PL,82.436
23.25029,52.82677,PL,82.436
22.87513,52.39456,PL,82.436
21.86748,53.23466,PL,82.436
22.62655,53.48665,PL,82.436
21.91553,53.37478,PL,82.436
21.87305,53.22993,PL,82.436
19.92376,51.30421,PL,82.436
19.82799,51.37737,PL,82.436
20.04393,51.53502,PL,82.436
20.47735,51.44976,PL,82.436
19.92888,52.11273,PL,82.436
20.10538,52.13908,PL,82.436
19.50372,52.16756,PL,82.436
19.65009,52.07349,PL,82.436
19.87080,52.13954,PL,82.436
20.13167,52.13573,PL,82.436
20.22287,51.52067,PL,82.436
19.23960,52.03940,PL,82.436
20.48408,50.64017,PL,82.436
20.45260,50.77427,PL,82.436
20.32854,50.88177,PL,82.436
20.46214,50.50478,PL,82.436
20.40601,50.75553,PL,82.436
20.80406,50.29644,PL,82.436
20.65060,50.20524,PL,82.436
21.70350,50.66200,PL,82.436
21.40010,50.48962,PL,82.436
20.84617,51.10162,PL,82.436
21.49439,50.90481,PL,82.436
21.75925,51.05647,PL,82.436
21.12053,50.89753,PL,82.436
21.26587,50.96943,PL,82.436
19.98564,50.92694,PL,82.436
19.85308,50.94736,PL,82.436
24.06274,50.67734,PL,82.436
24.14152,50.85687,PL,82.436
23.80783,51.18512,PL,82.436
23.56408,51.53686,PL,82.436
23.49979,52.14701,PL,82.436
23.95433,50.80808,PL,82.436
23.65372,51.26661,PL,82.436
22.50570,51.91775,PL,82.436
23.52780,52.10721,PL,82.436
21.82935,50.88545,PL,82.436
21.79611,51.10750,PL,82.436
21.87472,51.47667,PL,82.436
21.88417,51.29306,PL,82.436
23.14985,50.56017,PL,82.436
23.10902,51.06808,PL,82.436
22.77932,51.33773,PL,82.436
21.84167,51.54583,PL,82.436
23.18663,50.95343,PL,82.436
22.49875,51.10680,PL,82.436
22.49870,51.63465,PL,82.436
23.16713,52.28110,PL,82.436
18.84803,49.68052,PL,82.436
18.76694,49.91363,PL,82.436
18.98451,49.91853,PL,82.436
19.02111,49.93389,PL,82.436
19.19217,50.06382,PL,82.436
18.98171,50.45099,PL,82.436
19.22492,50.09755,PL,82.436
19.06866,49.48944,PL,82.436
19.79360,50.63622,PL,82.436
19.68271,50.77009,PL,82.436
19.38578,50.28035,PL,82.436
19.23714,50.05438,PL,82.436
19.36685,50.04732,PL,82.436
19.44064,50.03286,PL,82.436
19.60262,49.74297,PL,82.436
19.44558,49.99922,PL,82.436
20.09595,50.03206,PL,82.436
19.78524,50.04156,PL,82.436
19.90663,50.05660,PL,82.436
20.15109,50.04416,PL,82.436
19.97652,49.84890,PL,82.436
20.59663,50.15389,PL,82.436
20.50031,50.13487,PL,82.436
20.51111,50.11861,PL,82.436
20.52006,50.07656,PL,82.436
20.74388,50.17118,PL,82.436
20.98498,49.56420,PL,82.436
20.72899,50.24211,PL,82.436
20.40200,49.39211,PL,82.436
20.67585,49.66843,PL,82.436
20.92418,49.29857,PL,82.436
20.65872,49.56876,PL,82.436
20.65139,49.78694,PL,82.436
20.59472,50.14420,PL,82.436
20.21056,49.45917,PL,82.436
20.11487,49.26359,PL,82.436
21.33073,50.42755,PL,82.436
21.43613,49.51518,PL,82.436
21.30939,49.98842,PL,82.436
21.37064,50.41711,PL,82.436
22.46203,49.28408,PL,82.436
22.77758,49.65617,PL,82.436
22.58529,50.16641,PL,82.436
21.92563,49.53211,PL,82.436
22.54741,50.16247,PL,82.436
22.96708,49.91917,PL,82.436
23.12492,49.98469,PL,82.436
22.26621,50.49436,PL,82.436
22.03284,50.64440,PL,82.436
23.51841,50.24423,PL,82.436
21.31019,50.02106,PL,82.436
22.29436,50.11102,PL,82.436
14.46054,52.73942,PL,82.436
14.38193,53.12241,PL,82.436
14.31237,53.03468,PL,82.436
14.38869,53.02240,PL,82.436
14.29501,52.78488,PL,82.436
14.48010,53.24421,PL,82.436
14.61443,53.39759,PL,82.436
14.60208,53.46876,PL,82.436
14.79628,53.56520,PL,82.436
14.27568,53.68701,PL,82.436
14.66988,53.67429,PL,82.436
14.93596,53.64446,PL,82.436
14.78970,53.88672,PL,82.436
15.32315,53.75054,PL,82.436
15.26062,54.06355,PL,82.436
15.28588,54.14184,PL,82.436
15.87905,54.03253,PL,82.436
15.71362,54.09142,PL,82.436
15.57512,54.17286,PL,82.436
16.14184,54.23432,PL,82.436
16.06948,54.24052,PL,82.436
16.60603,54.44226,PL,82.436
16.69252,54.15105,PL,82.436
16.43566,54.30031,PL,82.436
16.56381,54.53934,PL,82.436
15.44290,54.12843,PL,82.436
14.85514,53.69210,PL,82.436
14.68825,53.80249,PL,82.436
15.22846,53.40836,PL,82.436
15.71935,53.73594,PL,82.436
14.70331,53.41590,PL,82.436
16.97647,54.15477,PL,82.436
16.75872,54.56593,PL,82.436
17.03556,54.14750,PL,82.436
16.92723,53.66591,PL,82.436
16.95538,53.54573,PL,82.436
15.66945,52.03820,PL,82.436
15.45211,51.56145,PL,82.436
15.39179,51.54849,PL,82.436
14.72921,51.95354,PL,82.436
14.71983,51.99086,PL,82.436
15.50090,52.60190,PL,82.436
15.47741,52.58763,PL,82.436
15.41052,52.73720,PL,82.436
14.64575,52.58363,PL,82.436
18.01991,52.04202,PL,82.436
15.98221,52.87192,PL,82.436
17.03460,52.44008,PL,82.436
16.72918,53.05679,PL,82.436
16.85634,52.24830,PL,82.436
18.56827,52.18069,PL,82.436
17.57668,52.10929,PL,82.436
17.85445,52.21142,PL,82.436
16.14599,51.98915,PL,82.436
17.19937,52.11417,PL,82.436
16.01219,52.86296,PL,82.436
15.98566,52.00685,PL,82.436
16.30289,52.68776,PL,82.436
16.74835,53.25720,PL,82.436
17.66551,52.12082,PL,82.436
16.74449,53.17462,PL,82.436
16.58067,52.60929,PL,82.436
16.81684,52.23189,PL,82.436
18.21389,51.69675,PL,82.436
16.90637,52.30654,PL,82.436
16.80965,52.65246,PL,82.436
17.76282,52.20370,PL,82.436
16.79289,53.30408,PL,82.436
18.11409,52.78704,PL,82.436
17.65901,53.10938,PL,82.436
18.83769,51.45813,PL,82.436
18.79126,51.97265,PL,82.436
18.76205,51.38811,PL,82.436
18.94329,51.46504,PL,82.436
18.98481,51.45845,PL,82.436
19.03072,52.04023,PL,82.436
18.64000,51.27287,PL,82.436
18.79017,51.75226,PL,82.436
18.87316,51.11067,PL,82.436
18.24556,50.27861,PL,82.436
18.18078,50.33719,PL,82.436
17.36648,50.31307,PL,82.436
17.00875,50.46789,PL,82.436
18.15231,50.33731,PL,82.436
17.88953,50.70925,PL,82.436
17.96408,50.46589,PL,82.436
17.39553,50.27203,PL,82.436
18.32709,49.92007,PL,82.436
18.89315,49.57221,PL,82.436
18.47840,49.91103,PL,82.436
18.50679,49.90266,PL,82.436
18.33773,49.94575,PL,82.436
18.26306,50.18979,PL,82.436
19.02408,50.57543,PL,82.436
18.66134,50.56725,PL,82.436
19.27147,50.60459,PL,82.436
19.13016,50.79989,PL,82.436
19.42549,50.88274,PL,82.436
19.43556,50.87472,PL,82.436
19.06858,51.03904,PL,82.436
16.73597,51.25965,PL,82.436
16.20870,51.68511,PL,82.436
16.92801,50.50338,PL,82.436
16.64236,50.41637,PL,82.436
16.41346,50.54999,PL,82.436
17.05508,51.10329,PL,82.436
16.90675,51.18812,PL,82.436
16.52037,50.87736,PL,82.436
16.82793,51.10439,PL,82.436
17.29081,51.08900,PL,82.436
16.44607,51.24330,PL,82.436
15.90952,51.00728,PL,82.436
16.40126,51.27953,PL,82.436
16.26574,51.68661,PL,82.436
16.69317,51.56352,PL,82.436
15.56839,51.32704,PL,82.436
15.58062,51.32679,PL,82.436
14.82276,50.87080,PL,82.436
15.03347,51.01619,PL,82.436
16.90850,51.46854,PL,82.436
16.89313,50.80147,PL,82.436
15.73988,50.77490,PL,82.436
22.69539,49.48118,PL,82.436
18.87981,49.53143,PL,82.436
19.67549,49.46868,PL,82.436
19.94842,54.41839,PL,82.436
15.37048,50.78154,PL,82.436
16.56046,50.16455,PL,82.436
23.02081,54.34426,PL,82.436
23.00679,54.06010,PL,82.436
23.45728,54.02695,PL,82.436
23.50210,53.87827,PL,82.436
23.80179,53.26307,PL,82.436
23.91423,53.15292,PL,82.436
22.56386,54.35062,PL,82.436
21.99961,54.25371,PL,82.436
21.04284,54.32255,PL,82.436
21.98010,54.32637,PL,82.436
18.25710,53.86190,PL,82.436
17.03530,54.45330,PL,82.436
17.44840,54.69230,PL,82.436
18.57310,53.95720,PL,82.436
20.15260,53.79360,PL,82.436
19.88220,53.56000,PL,82.436
21.83310,51.53030,PL,82.436
22.93750,52.95320,PL,82.436
22.92160,53.62560,PL,82.436
20.70890,50.77750,PL,82.436
21.74010,50.22360,PL,82.436
22.84220,49.72560,PL,82.436
23.27430,50.10320,PL,82.436
15.21980,52.33450,PL,82.436
16.73180,53.05500,PL,82.436
16.52110,52.70750,PL,82.436
16.81870,52.64290,PL,82.436
23.04010,54.31370,PL,82.436
23.47330,54.11990,PL,82.436
23.49550,53.96930,PL,82.436
-8.42772,41.61294,PT,41.512
-8.27551,41.37082,PT,41.512
-8.03452,40.46739,PT,41.512
-8.64115,40.17890,PT,41.512
-8.77059,39.68607,PT,41.512
-8.94689,39.53706,PT,41.512
-8.66043,39.38167,PT,41.512
-9.12596,38.85194,PT,41.512
-8.17376,37.12386,PT,41.512
22.67610,44.21420,RO,28.310
27.26840,44.12810,RO,28.310
29.55490,45.40790,RO,28.310
29.67000,45.15910,RO,28.310
23.41940,45.45080,RO,28.310
23.79750,44.25440,RO,28.310
22.22830,43.81380,RS,76.310
22.20230,43.82040,RS,76.310
20.23300,43.90960,RS,76.310
20.22900,43.91460,RS,76.310
20.22140,43.91680,RS,76.310
20.17540,43.90020,RS,76.310
20.15880,43.89780,RS,76.310
18.85860,45.85420,RS,76.310
19.07801,45.52910,RS,76.310
19.83670,45.22600,RS,76.310
22.41127,44.69614,RS,76.310
20.85580,45.43050,RS,76.310
21.01440,45.32450,RS,76.310
21.35080,44.99420,RS,76.310
21.47310,44.87100,RS,76.310
21.53620,44.71670,RS,76.310
20.34700,45.99900,RS,76.310
20.13460,45.58580,RS,76.310
20.31480,45.20460,RS,76.310
20.79870,45.65270,RS,76.310
20.75580,45.57870,RS,76.310
19.08410,44.87810,RS,76.310
19.60210,44.96700,RS,76.310
19.70127,44.77115,RS,76.310
19.63810,43.38270,RS,76.310
19.54164,43.97487,RS,76.310
19.35040,44.78820,RS,76.310
21.37320,43.72440,RS,76.310
21.19740,44.06850,RS,76.310
21.13250,44.58490,RS,76.310
20.73460,43.73400,RS,76.310
20.61430,43.29700,RS,76.310
20.68880,43.71850,RS,76.310
21.48540,43.63080,RS,76.310
22.81150,43.00710,RS,76.310
22.77270,42.99720,RS,76.310
21.90180,43.32600,RS,76.310
18.90260,45.85780,RS,76.310
19.23220,45.38780,RS,76.310
19.81610,45.28240,RS,76.310
20.08140,46.11420,RS,76.310
20.31055,44.73182,RS,76.310
13.59290,55.44943,SE,74.464
13.81616,55.64561,SE,74.464
13.07664,55.77973,SE,74.464
14.21933,55.94343,SE,74.464
12.77907,55.99983,SE,74.464
13.14527,56.12168,SE,74.464
14.75027,56.18921,SE,74.464
14.68510,56.28636,SE,74.464
12.97498,56.50964,SE,74.464
13.05156,56.51568,SE,74.464
16.17266,56.63152,SE,74.464
12.87366,56.69148,SE,74.464
12.49464,56.90312,SE,74.464
16.16188,57.00890,SE,74.464
16.45270,57.14127,SE,74.464
15.17180,57.22920,SE,74.464
18.60251,57.55869,SE,74.464
12.33679,57.55727,SE,74.464
16.49582,57.66356,SE,74.464
14.26408,57.79353,SE,74.464
12.00238,57.76386,SE,74.464
14.13631,57.86932,SE,74.464
11.91419,57.84557,SE,74.464
15.59330,57.91514,SE,74.464
14.13215,58.02400,SE,74.464
14.10621,58.11417,SE,74.464
16.62658,58.34751,SE,74.464
12.63838,58.36508,SE,74.464
12.37567,58.35911,SE,74.464
11.93927,58.34711,SE,74.464
11.68586,58.46035,SE,74.464
15.04379,58.53371,SE,74.464
16.12123,58.59286,SE,74.464
12.59298,58.59718,SE,74.464
13.82621,58.69358,SE,74.464
16.54851,58.74391,SE,74.464
16.92055,58.83057,SE,74.464
11.53738,58.87716,SE,74.464
14.11379,58.98420,SE,74.464
14.16573,59.09574,SE,74.464
17.90810,59.57066,SE,74.464
14.79242,59.69357,SE,74.464
17.65985,59.78693,SE,74.464
17.69159,59.83146,SE,74.464
17.57858,59.88663,SE,74.464
13.52595,60.06558,SE,74.464
16.47880,60.17670,SE,74.464
17.87330,60.29600,SE,74.464
12.86680,60.30480,SE,74.464
14.90006,60.48338,SE,74.464
17.44139,60.56421,SE,74.464
15.03452,60.60564,SE,74.464
13.62646,60.64505,SE,74.464
17.08190,61.21275,SE,74.464
17.08635,61.63785,SE,74.464
16.27128,62.26030,SE,74.464
16.96093,62.36424,SE,74.464
17.39854,62.52541,SE,74.464
12.57019,62.55570,SE,74.464
19.11565,63.34555,SE,74.464
15.56901,63.41668,SE,74.464
12.23319,63.61114,SE,74.464
19.59600,63.70233,SE,74.464
16.92323,64.03440,SE,74.464
20.94122,64.08681,SE,74.464
19.77751,64.24875,SE,74.464
19.29114,64.57621,SE,74.464
19.69976,64.68679,SE,74.464
20.76791,64.73974,SE,74.464
21.06912,64.90065,SE,74.464
21.29890,65.37900,SE,74.464
18.14620,65.67486,SE,74.464
22.00966,65.60132,SE,74.464
19.08766,65.78569,SE,74.464
23.17318,65.83960,SE,74.464
22.63954,65.93788,SE,74.464
24.13104,65.87547,SE,74.464
21.96819,66.02137,SE,74.464
23.32001,66.11376,SE,74.464
20.12467,66.76575,SE,74.464
18.77182,68.35625,SE,74.464
12.84670,56.13890,SE,74.464
18.11680,47.75130,SK,33.354
18.72760,47.79310,SK,33.354
18.33020,49.11960,SK,33.354
20.64902,42.25460,XK,85.467
20.57115,42.61405,XK,85.467
20.15980,42.69618,XK,85.467
20.56440,42.52184,XK,85.467
20.54116,42.51847,XK,85.467
20.92539,42.21379,XK,85.467
20.65157,42.19343,XK,85.467
21.06176,42.60881,XK,85.467
21.03835,42.70687,XK,85.467
20.88216,42.89752,XK,85.467
20.92322,42.51706,XK,85.467
20.99470,42.40740,XK,85.467
21.09417,42.44979,XK,85.467
21.36688,42.36000,XK,85.467
21.64165,42.50457,XK,85.467
21.40923,42.55473,XK,85.467
21.63270,42.51051,XK,85.467
