scope,key,n,samples,samples_below,below_loq,loq_gt_30pct_eqs,below_loq_no_loq,no_loq_any,qc_loq_unknown,declared_and_bounded,declared_not_bounded,undeclared_but_bounded,silent,has_eqs,loq_gt_eqs,censored,censored_with_value
total,,4190833,32993382,14808451,2533202,279073,9247,1127831,330973,3057040,61034,5962,1066797,696168,154565,2320139,2306365
substance,Ammonium,102122,990207,94902,32296,0,139,45281,139,56221,650,620,44631,0,0,22376,22269
substance,Nitrate,96039,928631,33013,12445,0,47,51506,47,43901,992,632,50514,0,0,6702,6698
substance,Phosphate,95320,917787,70807,28028,0,26,46648,26,48083,1448,589,45200,0,0,20953,20864
substance,Dissolved oxygen,86733,949423,7378,1266,0,0,53785,0,32320,1763,628,52022,0,0,193,193
substance,Total phosphorus,85650,902949,32285,14480,0,7,43962,7,41095,1477,593,42485,0,0,11302,11255
substance,pH,82016,482320,0,0,0,0,72424,0,9589,14650,3,57774,0,0,0,0
substance,BOD5,81354,740336,66588,23100,0,124,39200,124,42078,680,76,38520,0,0,20039,19989
substance,Nitrite,72002,675154,50723,19166,0,22,35034,22,36944,730,24,34304,0,0,14060,13982
substance,Water temperature,58621,483216,127,126,0,0,48083,0,10538,14666,0,33417,0,0,14,14
substance,Total nitrogen,58546,574772,36928,9466,0,1,33325,1,25211,1447,10,31878,0,0,6207,6083
substance,Oxygen saturation,55271,525892,791,253,0,0,48699,0,6530,1011,42,47688,0,0,246,246
substance,Lead and its compounds,44675,384624,181263,29400,20308,557,12510,12510,32040,0,125,12510,44675,6283,23669,23183
substance,Cadmium and its compounds,43655,382955,200116,29872,20877,149,11201,11201,32413,0,41,11201,43655,11186,26142,25795
substance,Electrical conductivity,43423,336094,524,234,0,0,27381,0,16042,12182,0,15199,0,0,141,141
substance,CODCr,42765,408282,6677,6831,0,1,26184,1,16552,648,29,25536,0,0,5907,5882
substance,Nickel and its compounds,42738,374847,103089,20822,19975,531,12562,12562,30050,0,126,12562,42738,4828,15259,15087
substance,Copper and its compounds,41622,341699,77527,17825,0,407,13912,13912,27590,0,120,13912,0,0,11393,11389
substance,Zinc and its compounds,40341,322125,105785,21794,0,427,14432,14432,25791,0,118,14432,0,0,14726,14330
substance,Total organic carbon (TOC),38291,360474,13166,3894,0,0,17373,0,20696,157,222,17216,0,0,2138,2138
substance,Mercury and its compounds,36628,312209,185761,27373,0,180,8311,8311,28278,0,39,8311,0,0,25851,25571
substance,Total suspended solids,36193,265865,37444,12401,0,0,13418,0,22775,34,0,13384,0,0,5121,5091
substance,Chromium and its compounds,34424,258539,122412,22189,0,244,9987,9987,24317,0,120,9987,0,0,19798,19483
substance,Chloride,34215,198552,17005,4263,0,0,14916,0,19299,64,0,14852,0,0,2699,2699
substance,Arsenic and its compounds,33984,267742,81773,17384,0,444,8876,8876,25037,0,71,8876,0,0,13073,12821
substance,Total oxidised nitrogen,33856,370574,0,376,0,0,31172,0,2624,480,60,30692,0,0,376,370
substance,Atrazine,30946,246712,159033,25039,0,274,5298,5298,25619,0,29,5298,0,0,23438,23214
substance,Simazine,30124,241557,171000,25422,0,131,4440,4440,25654,0,30,4440,0,0,24447,24224
substance,Alachlor,28284,224578,171892,24942,0,81,3233,3233,25040,0,11,3233,0,0,24542,24270
substance,Calcium,28256,170559,6778,1462,0,0,12879,12879,15377,0,0,12879,0,0,468,468
substance,Sulphate,27782,165554,10799,2156,0,0,15141,0,12641,386,0,14755,0,0,973,973
substance,Magnesium,27393,168614,10438,2134,0,0,12687,12687,14706,0,0,12687,0,0,1124,1124
substance,Hardness,26909,176336,6836,1430,0,0,16329,0,10580,3864,0,12465,0,0,385,385
substance,Gamma-HCH (Lindane),26422,199095,152234,22823,0,66,3199,3199,23207,0,16,3199,0,0,22084,21937
substance,Aldrin,26234,203173,149892,23097,0,32,2945,2945,23278,0,11,2945,0,0,23011,22658
substance,Trifluralin,26037,202067,159786,23313,9146,45,2682,2682,23334,0,21,2682,26037,2245,23174,22905
substance,Chlorpyrifos,25960,199801,160500,23527,23973,37,1949,1949,24003,0,8,1949,25960,23861,22786,22538
substance,Sodium,25847,136446,7091,1902,0,0,11479,11479,14368,0,0,11479,0,0,1050,1050
substance,Dieldrin,25763,190951,150505,22503,0,33,3062,3062,22688,0,13,3062,0,0,22296,22143
substance,Endrin,25629,189834,151446,22478,0,37,2949,2949,22667,0,13,2949,0,0,22294,22132
substance,Diuron,25218,203934,145976,21622,12129,479,3144,3144,22054,0,20,3144,25218,4282,19152,19024
substance,Potassium,25130,135635,15386,4047,0,0,10594,10594,14536,0,0,10594,0,0,2681,2681
substance,Isoproturon,24882,201310,148287,22022,889,486,2653,2653,22208,0,21,2653,24882,117,19192,19050
substance,"DDT, p,p'",24803,181197,141457,21852,4671,48,2820,2820,21960,0,23,2820,24803,1294,21453,21291
substance,Iron and its compounds,24102,194661,29114,7558,0,0,8832,8832,15270,0,0,8832,0,0,4252,4251
substance,Chlorfenvinphos,24088,183522,153453,22222,0,38,1745,1745,22331,0,12,1745,0,0,21912,21644
substance,Manganese and its compounds,24055,183277,30837,8059,0,0,8570,8570,15485,0,0,8570,0,0,4286,4286
substance,Isodrin,23842,178486,147642,21658,0,46,2074,2074,21757,0,11,2074,0,0,21461,21299
substance,Fluoranthene,23605,181196,91268,17599,20168,487,3263,3263,20320,0,22,3263,23605,18977,14309,14181
substance,Benzo(a)pyrene,23371,181072,104941,19074,0,368,3029,3029,20321,0,21,3029,0,0,15476,15350
substance,Hexachlorobenzene,23364,175102,134604,20350,0,33,2790,2790,20560,0,14,2790,0,0,20155,20030
substance,Benzene,23351,186631,143649,20799,1479,7,2458,2458,20886,0,7,2458,23351,152,20625,20449
substance,"Benzo(g,h,i)perylene",23275,186239,106766,19256,0,323,2758,2758,20497,0,20,2758,0,0,15618,15461
substance,"1,2-dichloroethane",23151,186900,142573,20505,916,2,2584,2584,20562,0,5,2584,23151,362,20371,20200
substance,Benzo(b)fluoranthene,22954,183248,106373,19044,0,365,2832,2832,20100,0,22,2832,0,0,15304,15101
substance,"Indeno(1,2,3-cd)pyrene",22709,177941,109266,19040,0,306,2694,2694,19996,0,19,2694,0,0,15745,15728
substance,Anthracene,22677,175965,132864,20532,1359,182,2061,2061,20598,0,18,2061,22677,1035,19100,18874
substance,Naphthalene,22514,178621,118016,19515,1887,436,2282,2282,20223,0,9,2282,22514,1337,16071,15929
substance,Trichloromethane,22438,182576,137075,19860,6379,32,2382,2382,20051,0,5,2382,22438,1062,19256,19082
substance,Benzo(k)fluoranthene,22359,178672,120688,19226,0,253,2619,2619,19720,0,20,2619,0,0,16588,16460
substance,"p,p'-DDE",22057,158587,131023,20578,0,32,1431,1431,20611,0,15,1431,0,0,20379,20217
substance,Tetrachloroethylene,22016,164430,118585,19027,429,27,2298,2298,19713,0,5,2298,22016,132,18494,18320
substance,CODMn,21960,256218,7,98,0,3,17059,3,4901,263,0,16796,0,0,91,91
substance,Dichloromethane,21912,176533,138719,20088,3805,16,1684,1684,20223,0,5,1684,21912,37,19761,19585
substance,Carbon tetrachloride,21793,160866,122871,19710,0,3,1891,1891,19897,0,5,1891,0,0,19556,19380
substance,Alpha-Endosulfan,21653,164808,132774,19608,0,33,1967,1967,19680,0,6,1967,0,0,19500,19194
substance,Trichloroethylene,21172,153762,117016,18903,237,8,1819,1819,19347,0,6,1819,21172,12,18723,18550
substance,Chlorophyll a,20973,182603,4438,2683,0,2,11886,2,9081,106,6,11780,0,0,1418,1391
substance,"p,p'-DDD",20739,148888,120148,18788,0,32,1883,1883,18838,0,18,1883,0,0,18642,18480
substance,Total inorganic nitrogen,20560,242817,0,0,0,0,19050,0,1510,0,0,19050,0,0,0,0
substance,Kjeldahl nitrogen,20227,173407,9023,7009,0,0,10993,0,9234,141,0,10852,0,0,6885,6760
substance,Terbuthylazine,20153,141960,95592,18007,0,0,1486,1486,18631,0,36,1486,0,0,15125,15048
substance,"DDT, o,p'",19438,142878,117912,17891,0,36,1501,1501,17932,0,5,1501,0,0,17657,17476
substance,Metolachlor,19313,136989,93796,17029,0,0,1407,1407,17885,0,21,1407,0,0,14117,14114
substance,Alpha-HCH,18845,132857,100271,16785,0,0,1781,1781,17049,0,15,1781,0,0,16364,16200
substance,Hexachlorobutadiene,18375,139991,103792,16083,16110,33,2127,2127,16242,0,6,2127,18375,15792,15937,15916
substance,Aluminium and its compounds,17861,134415,30680,7402,0,0,7299,7299,10562,0,0,7299,0,0,4866,4856
substance,Toluene,17760,109370,92887,16542,0,19,1138,1138,16609,0,13,1138,0,0,16182,16182
substance,Beta-HCH,17693,130240,94994,15575,0,0,1767,1767,15909,0,17,1767,0,0,15087,14925
substance,Heptachlor,17479,114168,96468,16189,0,0,1209,1209,16262,0,8,1209,0,0,16121,16121
substance,Selenium and its compounds,16903,124502,83128,14150,0,0,617,617,16282,0,4,617,0,0,12525,12517
substance,Pentachlorobenzene,16730,135894,112002,15295,6195,43,1130,1130,15597,0,3,1130,16730,3850,15162,14889
substance,"1,2,4-trichlorobenzene",16611,123415,99894,15140,0,0,1099,1099,15500,0,12,1099,0,0,15045,14883
substance,Beta-Endosulfan,16607,116620,94198,15357,0,0,986,986,15616,0,5,986,0,0,15264,15102
substance,Linuron,16501,130844,98397,14353,0,53,1918,1918,14564,0,19,1918,0,0,13949,13949
substance,Hydrogen Carbonate (Bicarbonate) HCO3,16459,95324,6819,1207,0,0,8574,0,7885,1437,0,7137,0,0,560,560
substance,"1,2,3-trichlorobenzene",15960,116058,97212,14780,0,0,855,855,15098,0,7,855,0,0,14730,14568
substance,MCPA,15847,124454,98647,14767,0,167,1023,1023,14805,0,19,1023,0,0,12686,12685
substance,Total organic nitrogen,15592,131060,56,48,0,0,14345,0,1247,669,0,13676,0,0,28,28
substance,Dichlorvos,15397,112700,92374,14202,14201,0,1160,1160,14216,0,21,1160,15397,11370,14137,14137
substance,Terbutryn,15393,102756,89065,14547,5539,0,376,376,15017,0,0,376,15393,815,13417,13417
substance,"1,3,5-trichlorobenzene",15343,112153,95179,14271,0,0,741,741,14584,0,18,741,0,0,14241,14079
substance,Pentachlorophenol,15233,122028,93130,13246,2243,9,1869,1869,13352,0,12,1869,15233,988,13075,12891
substance,Delta-HCH,15162,112452,90420,14191,0,0,739,739,14417,0,6,739,0,0,14048,13887
substance,"1,1,1-trichloroethane",15131,86774,60565,13915,0,0,1210,1210,13911,0,10,1210,0,0,13890,13890
substance,Malathion,13520,96637,76097,12339,0,0,1118,1118,12381,0,21,1118,0,0,12241,12241
substance,Parathion,13201,90570,72146,12265,0,0,935,935,12247,0,19,935,0,0,12225,12225
substance,Ethylbenzene,13173,74004,63252,12408,0,0,737,737,12429,0,7,737,0,0,12339,12339
substance,Prometryn,12920,93431,78409,12065,0,0,841,841,12051,0,28,841,0,0,11946,11946
substance,"1,2-dichlorobenzene",12770,68237,66094,12445,0,0,318,318,12442,0,10,318,0,0,12408,12408
substance,Dicofol,12738,83648,75098,12428,5521,0,269,269,12469,0,0,269,12738,4006,12333,12333
substance,Aclonifen,12711,89963,88778,12696,1438,0,2,2,12709,0,0,2,12711,119,12497,12497
substance,Parathion-methyl,12485,82462,64337,11532,0,0,945,945,11525,0,15,945,0,0,11511,11511
substance,Dimethoate,12346,93955,70454,11058,0,0,1247,1247,11072,0,27,1247,0,0,10831,10831
substance,Desethylatrazine,12343,88350,64342,10912,0,0,1130,1130,11213,0,0,1130,0,0,10483,10483
substance,Heptachlor epoxide,12298,79243,74657,11786,0,0,447,447,11848,0,3,447,0,0,11742,11742
substance,"1,3-dichlorobenzene",12224,65338,63380,11904,0,0,317,317,11901,0,6,317,0,0,11885,11885
substance,Quinoxyfen,12064,87539,87385,12052,769,0,2,2,12062,0,0,2,12064,121,12039,12039
substance,Non-ionised ammonia,11899,88636,18058,6370,0,0,4211,0,7688,193,0,4018,0,0,5299,5118
substance,Pendimethalin,11631,83706,62566,10717,0,0,794,794,10837,0,0,794,0,0,10006,10004
substance,Barium,11545,74074,9892,2537,0,0,985,985,10530,0,30,985,0,0,1759,1759
substance,Glyphosate,11496,79700,48487,9869,7795,0,184,184,11312,0,0,184,11496,826,6832,6832
substance,"1,4-dichlorobenzene",11468,58460,57079,11272,0,0,195,195,11269,0,4,195,0,0,11261,11261
substance,O-xylene,11346,60046,59245,11283,0,0,55,55,11284,0,7,55,0,0,11227,11227
substance,Bifenox,11129,76366,76099,11119,3974,0,2,2,11127,0,0,2,11129,1959,11093,11093
substance,Chlorobenzene,11102,63724,59716,10796,0,0,304,304,10792,0,6,304,0,0,10777,10777
substance,Metribuzin,11021,78144,65113,10532,0,0,465,465,10545,0,11,465,0,0,10240,10238
substance,Cybutryne,11015,78834,78223,11011,10160,0,0,0,11015,0,0,0,11015,3674,10975,10975
substance,Cobalt and its compounds,10975,77995,56196,9349,0,0,1054,1054,9905,0,16,1054,0,0,8915,8910
substance,Propazine,10910,69947,55107,10000,0,0,839,839,10071,0,0,839,0,0,9969,9969
substance,Boron,10700,74221,21242,5156,0,0,628,628,10070,0,2,628,0,0,4036,4036
substance,Chrysene,10403,74902,48090,9259,0,0,550,550,9853,0,0,550,0,0,7869,7869
substance,"Octylphenol (4-(1,1',3,3'-tetramethylbutyl)-phenol)",10328,88221,73647,9357,0,136,828,828,9495,0,5,828,0,0,8864,8690
substance,Phenanthrene,10325,80462,36702,7767,0,0,360,360,9955,0,10,360,0,0,6315,6315
substance,Fluoride,10225,45918,16482,5181,0,0,38,38,10187,0,0,38,0,0,4125,4125
substance,Ametryn,10124,74040,62448,9477,0,0,643,643,9451,0,30,643,0,0,9439,9439
substance,Pyrene,10055,73383,37524,7864,0,0,506,506,9549,0,0,506,0,0,6720,6720
substance,Mecoprop,10037,79583,71291,9564,0,128,529,529,9493,0,15,529,0,0,8764,8764
substance,Diazinon,10012,67275,65329,9909,0,0,24,24,9984,0,4,24,0,0,9650,9650
substance,Acid neutralizing capacity,9977,86938,19,110,0,0,4876,0,5101,132,0,4744,0,0,98,98
substance,Antimony,9837,68792,62123,9503,0,0,106,106,9715,0,16,106,0,0,9224,9224
substance,Fenitrothion,9825,66178,55515,8764,0,0,998,998,8807,0,20,998,0,0,8698,8698
substance,Metazachlor,9660,77921,52130,8799,0,0,706,706,8932,0,22,706,0,0,7574,7574
substance,Benzo(a)anthracene,9651,69662,45743,8834,0,0,522,522,9129,0,0,522,0,0,7367,7367
substance,Vanadium and its compounds,9519,74686,29373,6091,0,0,1279,1279,8206,0,34,1279,0,0,5116,5102
substance,"Dibenzo(a,h)anthracene",9450,68913,56645,9006,0,0,430,430,9020,0,0,430,0,0,8720,8720
substance,Molybdenum and its compounds,9211,64180,45547,7945,0,0,263,263,8934,0,14,263,0,0,7104,7104
substance,Aminomethylphosphonic acid (AMPA),9030,63609,32584,6803,0,0,5,5,9025,0,0,5,0,0,4303,4302
substance,Fluorene,8945,68641,39490,7938,0,0,200,200,8745,0,0,200,0,0,6770,6770
substance,"2,4-dichlorophenoxyacetic acid, 2-4 D",8563,65951,49399,7564,0,0,811,811,7734,0,18,811,0,0,7046,7045
substance,Dissolved organic carbon (DOC),8457,86677,50,94,0,0,6122,0,2334,710,1,5412,0,0,56,56
substance,Di(2-ethylhexyl)phthalate (DEHP),8403,71538,48916,7105,4711,396,1348,1348,7052,0,3,1348,8403,632,5822,5648
substance,Metamitron,8207,53049,52116,8160,0,0,39,39,8168,0,0,39,0,0,8083,8083
substance,Pirimicarb,8168,55196,48568,8063,0,0,93,93,8067,0,8,93,0,0,7906,7906
substance,"o,p'-DDE",8120,55207,54157,8004,0,0,59,59,8061,0,0,59,0,0,8001,8001
substance,Endosulfan sulfate,8002,46850,46224,7959,0,0,0,0,8002,0,0,0,0,0,7897,7897
substance,"o,p'-DDD",7792,53850,53315,7733,0,0,59,59,7733,0,0,59,0,0,7715,7715
substance,Acenaphthene,7700,54695,34555,7014,0,0,229,229,7471,0,0,229,0,0,6289,6289
substance,4-nonylphenol,7671,65573,53543,7026,0,124,470,470,7201,0,0,470,0,0,6808,6633
substance,Chlortoluron,7657,57731,49956,7446,0,0,33,33,7614,0,10,33,0,0,6437,6437
substance,Bromacil,7576,54994,40248,7030,0,0,537,537,7015,0,24,537,0,0,6969,6969
substance,Beryllium,7567,56055,43506,7153,0,0,88,88,7443,0,36,88,0,0,6147,6147
substance,Bentazone,7552,62439,39495,6267,0,0,984,984,6544,0,24,984,0,0,5537,5537
substance,Cyanazine,7126,47155,35396,6837,0,0,288,288,6838,0,0,288,0,0,6835,6835
substance,Cypermethrin,7104,51341,49023,7059,7102,0,2,2,7102,0,0,2,7104,7102,6689,6689
substance,Acenaphthylene,7062,46291,34469,6785,0,0,200,200,6862,0,0,200,0,0,6684,6684
substance,Desisopropylatrazine,6988,47892,35387,6516,0,0,449,449,6539,0,0,449,0,0,6433,6433
substance,Tin and its compounds,6956,39574,34365,6568,0,0,135,135,6786,0,35,135,0,0,6491,6479
substance,Bromodichloromethane,6945,33622,32974,6827,0,0,114,114,6831,0,0,114,0,0,6803,6803
substance,Nitrate to orthophosphate ratio,6877,48548,0,0,0,0,6877,0,0,0,0,6877,0,0,0,0
substance,Desethylterbuthylazine,6815,47585,38955,6300,0,0,412,412,6403,0,0,412,0,0,5542,5542
substance,Bromoform,6691,31885,31777,6686,0,0,2,2,6689,0,0,2,0,0,6670,6669
substance,Molinate,6672,39033,38984,6667,0,0,0,0,6672,0,0,0,0,0,6657,6657
substance,Metalaxyl,6627,43430,29580,6098,0,0,501,501,6126,0,0,501,0,0,5947,5947
substance,Chloroalkanes C10-13,6559,54290,51431,6287,3796,2,262,262,6286,0,11,262,6559,923,6124,5987
substance,Oxyfluorfen,6325,40303,37554,6260,0,0,0,0,6325,0,0,0,0,0,5857,5857
substance,Chlorpyrifos-methyl,6200,38866,21437,5758,0,0,431,431,5769,0,0,431,0,0,5752,5752
substance,Dibromochlorometane,6186,29166,29075,6182,0,0,2,2,6184,0,0,2,0,0,6166,6166
substance,Thiacloprid,5820,35113,34650,5816,5726,0,0,0,5820,0,0,0,5820,1899,5771,5771
substance,Methoxychlor,5594,37051,25363,4786,0,0,573,573,5021,0,0,573,0,0,4766,4745
substance,"3,4-dichloroaniline",5569,35475,34912,5565,0,0,0,0,5569,0,0,0,0,0,5492,5492
substance,Oxadiazon,5487,31968,30418,5361,0,0,100,100,5387,0,0,100,0,0,5280,5280
substance,Hexazinone,5424,58370,40775,4685,0,0,714,714,4682,0,28,714,0,0,4533,4533
substance,Imidacloprid,5396,29296,25883,5163,5306,0,0,0,5396,0,0,0,5396,4091,4654,4654
substance,Hydrogen cyanide,5335,16048,15998,5329,0,0,0,0,5335,0,0,0,0,0,5319,5319
substance,Thallium,5213,44509,37218,4803,0,0,238,238,4956,0,19,238,0,0,4672,4672
substance,Trietazine,5201,26843,26769,5195,0,0,0,0,5201,0,0,0,0,0,5194,5194
substance,Carbendazim,5159,34389,31621,5041,0,0,0,0,5159,0,0,0,0,0,4767,4767
substance,Meta xylene + para xylene,5105,19319,19240,5102,0,0,0,0,5105,0,0,0,0,0,5094,5094
substance,"Dichlorprop (2,4-DP)",5059,42406,41607,5039,0,0,20,20,5020,0,19,20,0,0,4940,4940
substance,"BDE 99 (2,2’,4,4’,5-pentabromodiphenyl ether)",5049,34419,29397,4652,0,0,34,34,5014,0,1,34,0,0,4361,4335
substance,Azinphos-ethyl,4949,26996,26981,4949,0,0,0,0,4949,0,0,0,0,0,4943,4943
substance,Fenamiphos,4917,28043,27957,4917,0,0,0,0,4917,0,0,0,0,0,4912,4912
substance,Hexachlorocyclohexane,4895,34505,25143,3973,892,0,864,864,4031,0,0,864,4895,240,3827,3759
substance,"BDE 47 (2,2’,4,4’-tetrabromodiphenyl ether)",4775,32325,30810,4637,0,0,0,0,4774,0,1,0,0,0,4561,4535
substance,"BDE 153 (2,2’,4,4’,5,5’-hexabromodiphenyl ether)",4757,32444,31197,4625,0,0,31,31,4725,0,1,31,0,0,4566,4540
substance,BOD7,4725,43275,0,388,0,0,3438,0,1287,0,0,3438,0,0,388,388
substance,"BDE 100 (2,2’,4,4’,6-pentabromodiphenyl ether)",4708,32028,30778,4566,0,0,0,0,4707,0,1,0,0,0,4483,4457
substance,Chloridazon,4685,49726,31788,4069,0,0,575,575,4091,0,19,575,0,0,3855,3855
substance,"BDE 154 (2,2’,4,4’,5,6’-hexabromodiphenyl ether)",4651,31306,30631,4550,0,0,0,0,4650,0,1,0,0,0,4535,4509
substance,Imazalil,4621,26993,25735,4573,0,0,0,0,4621,0,0,0,0,0,4386,4386
substance,Tributyltin-cation,4602,39368,33680,4166,3290,11,318,318,4248,0,36,318,4602,1388,3427,3294
substance,"BDE 28 (2,4,4'-tribromodiphenyl ether)",4590,31455,29255,4477,0,0,31,31,4557,0,2,31,0,0,4429,4403
substance,4-chlorotoluene,4502,36204,20875,3936,0,0,566,566,3935,0,1,566,0,0,3929,3929
substance,"1,1-dichloroethane",4482,33287,17105,3918,0,0,549,549,3932,0,1,549,0,0,3899,3899
substance,"2,4,5-T",4429,37703,26958,3849,0,0,573,573,3840,0,16,573,0,0,3820,3820
substance,Phosalone,4414,22329,13672,4111,0,0,303,303,4111,0,0,303,0,0,4106,4106
substance,Total cyanide,4390,19986,14482,3935,0,0,373,373,4017,0,0,373,0,0,3906,3901
substance,Isopropylbenzene,4376,37978,37356,4307,0,0,69,69,4304,0,3,69,0,0,4303,4303
substance,Propyzamide,4375,28982,17713,3992,0,0,358,358,4017,0,0,358,0,0,3927,3927
substance,Tebuconazole,4347,26428,24306,4322,0,0,0,0,4347,0,0,0,0,0,4036,4036
substance,Endosulfan,4341,33374,24525,3516,1605,0,791,791,3550,0,0,791,4341,797,3463,3209
substance,Alpha-Chlordan,4329,23561,23547,4329,0,0,0,0,4329,0,0,0,0,0,4328,4328
substance,Trans-chlordane,4329,23794,23745,4329,0,0,0,0,4329,0,0,0,0,0,4328,4328
substance,Terbumeton,4285,26814,22813,3836,0,0,449,449,3836,0,0,449,0,0,3834,3834
substance,Total nitrogen to total phosphorus ratio,4231,35655,0,0,0,0,4231,0,0,0,0,4231,0,0,0,0
substance,Ethoprophos,4185,24799,24789,4185,0,0,0,0,4185,0,0,0,0,0,4184,4184
substance,Ethion,4162,19527,19521,4162,0,0,0,0,4162,0,0,0,0,0,4159,4159
substance,Xylene,4161,20168,16879,3752,0,0,406,406,3755,0,0,406,0,0,3727,3453
substance,"trans-1,2-dichloroethene",4161,30720,30206,4085,0,0,69,69,4092,0,0,69,0,0,4061,4061
substance,Carbonate,4135,22642,22133,4050,0,0,0,0,4135,0,0,0,0,0,3916,3916
substance,Epsilon-HCH,4001,33986,32453,3882,0,0,112,112,3889,0,0,112,0,0,3859,3697
substance,Trichlorobenzenes (all isomers),3986,28121,18829,3120,0,0,860,860,3126,0,0,860,0,0,3045,2809
substance,Propiconazole,3954,39270,25933,3470,0,0,331,331,3618,0,5,331,0,0,3290,3290
substance,"cis-1,2-dichloroethene",3939,29956,27973,3756,0,0,138,138,3801,0,0,138,0,0,3671,3671
substance,"1,1-dichloroethene",3897,24573,23496,3737,0,0,152,152,3741,0,4,152,0,0,3702,3702
substance,Silver,3872,36784,31848,3719,3796,0,76,76,3793,0,3,76,3872,3369,3401,3401
substance,"1,2-dibromoethane",3869,29203,16918,3525,0,0,344,344,3517,0,8,344,0,0,3513,3513
substance,Acetochlor,3779,37954,26442,3456,0,0,266,266,3513,0,0,266,0,0,3253,3253
substance,Procymidone,3722,17321,17303,3722,0,0,0,0,3722,0,0,0,0,0,3719,3719
substance,"1,1,2-trichloroethane",3624,21629,20552,3472,0,0,150,150,3469,0,5,150,0,0,3452,3452
substance,Pirimiphos-methyl,3601,15897,15892,3600,0,0,0,0,3601,0,0,0,0,0,3599,3599
substance,Dicamba,3589,29887,21909,3377,0,0,198,198,3391,0,0,198,0,0,3253,3253
substance,Thiamethoxam,3540,20814,20200,3530,1294,0,1,1,3539,0,0,1,3540,111,3467,3467
substance,Omethoate,3520,19547,13106,3128,0,0,392,392,3126,0,2,392,0,0,3125,3125
substance,Ethofumesate,3438,28648,24218,3117,0,0,312,312,3126,0,0,312,0,0,2910,2910
substance,Total dissolved solids,3328,38325,2,2,0,0,34,0,3294,34,0,0,0,0,1,1
substance,Styrene,3324,22302,20980,3243,0,0,81,81,3243,0,0,81,0,0,3231,3231
substance,Mevinphos,3301,14058,13993,3301,0,0,0,0,3301,0,0,0,0,0,3241,3241
substance,Ethanimidamide,3181,17554,16996,3136,1025,0,2,2,3179,0,0,2,3181,115,3007,3007
substance,Desmetryn,3140,29896,21195,2999,0,0,141,141,2999,0,0,141,0,0,2993,2993
substance,Perfluorooctane sulfonic acid (PFOS) and its derivatives,3097,27208,21503,2847,0,0,1,1,3096,0,0,1,0,0,2531,2531
substance,Phenols,3051,38634,2684,572,0,0,2348,2348,703,0,0,2348,0,0,445,445
substance,Myclobutanil,2974,16499,16395,2974,0,0,0,0,2974,0,0,0,0,0,2969,2969
substance,Clothianidin,2963,16020,15810,2956,2962,0,0,0,2963,0,0,0,2963,1081,2937,2937
substance,Dichlorobenzene,2949,10263,9688,2813,0,0,136,136,2813,0,0,136,0,0,2812,2561
substance,Secbumeton,2931,19726,18166,2739,0,0,192,192,2739,0,0,192,0,0,2738,2738
substance,Pyrimethanil,2913,12641,12324,2886,0,0,0,0,2913,0,0,0,0,0,2828,2828
substance,Permethrin-cis+trans,2895,16545,7468,2457,2623,0,255,255,2640,0,0,255,2895,2623,2408,2408
substance,Diclofenac,2859,23067,7980,1880,1584,0,6,6,2853,0,0,6,2859,678,967,967
substance,Carbofuran,2856,19683,8931,2357,0,0,447,447,2409,0,0,447,0,0,2309,2309
substance,Lenacil,2772,25484,17040,2561,0,0,200,200,2572,0,0,200,0,0,2499,2499
substance,Dichlobenil,2768,24339,13276,2327,0,0,377,377,2391,0,0,377,0,0,2321,2321
substance,"cis-1,3-dichloropropene",2753,15831,15824,2753,0,0,0,0,2753,0,0,0,0,0,2749,2749
substance,AOX,2697,32822,251,132,0,0,15,15,2682,2,0,13,0,0,7,7
substance,Silicate,2688,25153,0,8,0,0,2289,0,399,8,0,2281,0,0,8,8
substance,Chlordane,2650,18291,8655,2228,0,0,422,422,2218,0,10,422,0,0,2217,2217
substance,"Total DDT (DDT, p,p' + DDT, o,p' + DDE, p,p' + DDD, p,p')",2593,15504,14705,2501,0,0,88,88,2505,0,0,88,0,0,2484,2229
substance,Fenthion,2547,11905,11894,2547,0,0,0,0,2547,0,0,0,0,0,2547,2547
substance,Chlorinated benzene,2540,10210,10188,2540,0,0,0,0,2540,0,0,0,0,0,2538,2538
substance,"1,2-dichloropropane",2509,13217,12624,2440,0,0,69,69,2437,0,3,69,0,0,2435,2435
substance,Cadusafos,2473,12471,12471,2473,0,0,0,0,2473,0,0,0,0,0,2473,2473
substance,Phenol,2458,19442,18192,2440,0,0,11,11,2447,0,0,11,0,0,2355,2355
substance,Octylphenol,2452,24050,20067,2370,0,0,46,46,2406,0,0,46,0,0,2348,2334
substance,"1,1,2,2-tetrachloroethane",2422,9358,9227,2407,0,0,15,15,2401,0,6,15,0,0,2400,2400
substance,MCPB,2380,25794,24114,2245,0,0,128,128,2252,0,0,128,0,0,2233,2233
substance,Fenpropimorph,2337,24225,23758,2324,0,0,6,6,2331,0,0,6,0,0,2312,2312
substance,Bisphenol A,2316,21497,14614,2190,2263,0,44,44,2272,0,0,44,2316,2263,1410,1410
substance,2-chlorotoluene,2315,16501,15436,2168,0,0,147,147,2168,0,0,147,0,0,2168,2168
substance,Uranium,2313,20624,5583,1215,0,0,294,294,2017,0,2,294,0,0,1095,1095
substance,Epoxiconazole,2300,27102,26508,2299,0,0,0,0,2290,0,10,0,0,0,2227,2227
substance,Chromium (VI),2296,9480,9453,2291,0,0,0,0,2296,0,0,0,0,0,2286,2286
substance,"2,6-dichlorobenzamide",2278,17590,13376,2166,0,0,102,102,2176,0,0,102,0,0,2043,2043
substance,Strontium,2269,12853,2310,549,0,0,148,148,2121,0,0,148,0,0,214,214
substance,Tri-allate,2266,13571,13511,2266,0,0,0,0,2266,0,0,0,0,0,2259,2259
substance,Detergents,2253,55003,513,131,0,0,1966,0,287,0,0,1966,0,0,120,120
substance,Diflufenican,2235,16723,15179,2148,0,0,2,2,2228,0,5,2,0,0,2031,2031
substance,"trans-1,3-dichloropropene",2230,9392,9390,2230,0,0,0,0,2230,0,0,0,0,0,2229,2229
substance,Hydroxyterbuthylazine,2223,23674,12593,1685,0,0,0,0,2223,0,0,0,0,0,1189,1189
substance,Bromobenzene,2199,13048,13048,2199,0,0,0,0,2199,0,0,0,0,0,2199,2199
substance,Dimethachlor,2196,24702,24015,2196,0,0,0,0,2196,0,0,0,0,0,2107,2107
substance,Hydroxyatrazine,2142,21457,13631,1842,0,0,0,0,2142,0,0,0,0,0,1431,1431
substance,Clopyralid,2126,13854,8204,2051,0,0,66,66,2060,0,0,66,0,0,1963,1963
substance,Metolachlor OA,2093,20944,13511,1817,0,0,0,0,2093,0,0,0,0,0,1271,1271
substance,Metolachlor ESA,2090,20906,7586,1157,0,0,0,0,2090,0,0,0,0,0,746,746
substance,Acetochlor ESA,2085,20776,13585,1743,0,0,0,0,2085,0,0,0,0,0,1406,1406
substance,Acetochlor OA,2085,20778,18840,2039,0,0,0,0,2085,0,0,0,0,0,1878,1878
substance,Alachlor ESA,2083,20754,9610,1329,0,0,0,0,2083,0,0,0,0,0,989,989
substance,Alachlor OA,2083,20755,20411,2073,0,0,0,0,2083,0,0,0,0,0,2048,2048
substance,Prometon,2071,13194,11784,1909,0,0,162,162,1909,0,0,162,0,0,1908,1908
substance,PFOA,2042,16125,15256,1997,0,0,3,3,2039,0,0,3,0,0,1883,1883
substance,Ammonia,2041,16022,12752,1956,0,0,0,0,2041,0,0,0,0,0,1382,1382
substance,Methamidophos,2035,13820,4895,1672,0,0,363,363,1658,0,14,363,0,0,1657,1657
substance,n-propylbenzene,2023,11688,11676,2023,0,0,0,0,2023,0,0,0,0,0,2022,2022
substance,Chlorsulfuron,1957,13748,8940,1937,0,0,12,12,1945,0,0,12,0,0,1927,1927
substance,Chloroethene (vinylchloride),1946,15068,13906,1807,0,0,138,138,1806,0,2,138,0,0,1793,1793
substance,Demeton-S-methyl,1922,14335,4223,1445,0,0,477,477,1437,0,8,477,0,0,1436,1436
substance,Fenchlorphos,1857,11457,11457,1857,0,0,0,0,1857,0,0,0,0,0,1857,1857
substance,Bromoxynil,1851,16845,9019,1707,0,0,142,142,1699,0,10,142,0,0,1694,1694
substance,Methiocarb,1849,11847,11805,1849,0,0,0,0,1849,0,0,0,0,0,1845,1845
substance,"1,3,5-trimethylbenzene",1842,12229,12225,1842,0,0,0,0,1842,0,0,0,0,0,1842,1842
substance,"1,1,1,2-tetrachloroethane",1838,10516,10516,1838,0,0,0,0,1838,0,0,0,0,0,1838,1838
substance,Metazachlor ESA,1800,17337,3603,665,0,0,0,0,1800,0,0,0,0,0,318,318
substance,Benfluralin,1761,13375,4217,1431,0,0,330,330,1431,0,0,330,0,0,1431,1431
substance,Sebuthylazine,1754,13025,11813,1644,0,0,109,109,1645,0,0,109,0,0,1642,1642
substance,sec-butylbenzene,1682,10917,10914,1682,0,0,0,0,1682,0,0,0,0,0,1682,1682
substance,Pentabromodiphenylether,1676,12673,4629,1163,0,0,99,99,1577,0,0,99,0,0,1077,1072
substance,n-butylbenzene,1676,10893,10886,1676,0,0,0,0,1676,0,0,0,0,0,1676,1676
substance,Carbamazepin,1644,16994,4087,891,0,0,7,7,1637,0,0,7,1644,0,365,365
substance,Clarithromycin,1617,10424,5916,1438,633,0,2,2,1615,0,0,2,1617,113,958,958
substance,Dibutyltin,1614,12441,3996,1325,0,0,187,187,1427,0,0,187,0,0,1297,1297
substance,Trichlorofluoromethane,1589,8068,7808,1534,0,0,55,55,1534,0,0,55,0,0,1529,1529
substance,Ibuprofen,1584,15890,5668,1125,104,0,0,0,1584,0,0,0,1584,0,381,381
substance,"2,4,6-trichlorophenol",1568,16955,15758,1412,0,0,156,156,1408,0,4,156,0,0,1406,1406
substance,EDTA,1565,18074,2526,628,0,0,12,12,1553,0,0,12,0,0,144,144
substance,"2,4,5-trichlorophenol",1560,16891,15890,1430,0,0,130,130,1426,0,4,130,0,0,1421,1421
substance,4-methyl-phenol,1548,17312,16820,1548,0,0,0,0,1548,0,0,0,0,0,1476,1476
substance,NTA,1548,17586,7730,1295,0,0,0,0,1548,0,0,0,0,0,447,447
substance,Pyridate,1525,9053,3259,1390,0,0,128,128,1397,0,0,128,0,0,1389,1389
substance,Metazachlor OA,1505,14802,4585,798,0,0,0,0,1505,0,0,0,0,0,379,379
substance,"4-nonylphenol, branched",1494,7364,6086,1283,0,0,20,20,1474,0,0,20,0,0,1160,1160
substance,"1,2,4-trimethylbenzene",1467,9034,9022,1467,0,0,0,0,1467,0,0,0,0,0,1467,1467
substance,"PCB 118 (2,3’,4,4’,5-pentachlorobiphenyl)",1432,8729,6733,1171,0,0,148,148,1252,0,32,148,0,0,1091,1091
substance,4-Isopropylaniline,1409,7814,7719,1409,0,0,0,0,1409,0,0,0,0,0,1362,1362
substance,"2,3,4,5-tetrachlorophenol",1396,15514,15418,1396,0,0,0,0,1396,0,0,0,0,0,1375,1375
substance,Erythromycin,1374,8704,7989,1368,99,0,0,0,1374,0,0,0,1374,91,1253,1253
substance,Nicosulfuron,1360,6570,6071,1348,1311,0,0,0,1360,0,0,0,1360,1204,1277,1277
substance,Musk xylene,1349,15278,15198,1349,0,0,0,0,1349,0,0,0,0,0,1337,1337
substance,2-methyl-phenol,1318,16004,15869,1318,0,0,0,0,1318,0,0,0,0,0,1313,1313
substance,2-naphthol,1317,15168,14761,1292,0,0,25,25,1292,0,0,25,0,0,1267,1267
substance,"1,3-dichloropropane",1299,8275,8274,1299,0,0,0,0,1299,0,0,0,0,0,1299,1299
substance,"1,1-dichloropropene",1289,8233,8233,1289,0,0,0,0,1289,0,0,0,0,0,1289,1289
substance,Chloridazon methyl desphenyl,1285,13552,7258,902,0,0,0,0,1285,0,0,0,0,0,698,698
substance,Triclosan,1278,14414,13617,1274,1116,0,0,0,1278,0,0,0,1278,328,1234,1234
substance,4-isopropyltoluene,1263,6999,6992,1263,0,0,0,0,1263,0,0,0,0,0,1261,1261
substance,Quintozene,1257,7695,3202,1126,0,0,124,124,1133,0,0,124,0,0,1125,1125
substance,tert-butylbenzene,1249,6940,6920,1249,0,0,0,0,1249,0,0,0,0,0,1229,1229
substance,Chlordecone (Kepone),1245,7585,2479,1059,0,0,179,179,1066,0,0,179,0,0,1058,1058
substance,"PCB 28 (2,4,4’-trichlorobiphenyl)",1243,7626,6350,1114,0,0,81,81,1149,0,13,81,0,0,1051,1051
substance,Bis(pentabromophenyl) ether,1239,11213,4230,1023,0,0,44,44,1195,0,0,44,0,0,888,888
substance,Thiabendazole,1221,6595,6472,1217,0,0,0,0,1221,0,0,0,0,0,1204,1204
substance,Azitromycin,1214,7005,6133,1119,1195,0,0,0,1214,0,0,0,1214,926,957,957
substance,Fluquinconazole,1211,7949,2695,1099,0,0,102,102,1109,0,0,102,0,0,1099,1099
substance,Fluorine,1195,10316,1652,206,0,0,236,0,959,0,0,236,0,0,174,174
substance,Diethyltoluamide (DEET),1185,13865,4599,1037,0,0,0,0,1185,0,0,0,0,0,132,132
substance,Deltamethrin,1125,3920,3920,1125,1125,0,0,0,1125,0,0,0,1125,1125,1125,1125
substance,Azinphos-methyl,1124,6637,6618,1124,0,0,0,0,1124,0,0,0,0,0,1121,1121
substance,"2,3,4,6-tetrachlorophenol",1118,13733,13727,1118,0,0,0,0,1118,0,0,0,0,0,1116,1116
substance,Sulfamethoxazol,1104,11800,5673,934,0,0,1,1,1103,0,0,1,0,0,471,471
substance,Bifenthrin,1100,3842,3841,1100,1100,0,0,0,1100,0,0,0,1100,1100,1100,1100
substance,Esfenvalerate,1098,3840,3839,1098,1098,0,0,0,1098,0,0,0,1098,1098,1097,1097
substance,Deisopropyldeethylatrazine,1068,9058,6874,1049,0,0,10,10,1058,0,0,10,0,0,1031,1031
substance,"1,2,3-trichloropropane",1066,5002,5002,1066,0,0,0,0,1066,0,0,0,0,0,1066,1066
substance,Iodofenphos,1052,6540,2902,944,0,0,108,108,944,0,0,108,0,0,943,943
substance,Free cyanide,1040,13473,6599,756,0,0,2,2,1038,0,0,2,0,0,556,556
substance,Ioxynil,1031,6910,0,818,0,0,212,212,819,0,0,212,0,0,818,818
substance,"1,2,5,6,9,10-hexabromocyclododecane",1028,9521,9446,1028,0,0,0,0,1028,0,0,0,0,0,1022,1022
substance,Bromochloromethane,1019,7847,7843,1019,0,0,0,0,1019,0,0,0,0,0,1019,1019
substance,Octabromodiphenyl ether,1001,8460,2980,818,0,0,24,24,977,0,0,24,0,0,699,699
substance,Monolinuron,994,4742,4734,994,0,0,0,0,994,0,0,0,0,0,991,991
substance,"2,2-dichloropropane",959,6078,6078,959,0,0,0,0,959,0,0,0,0,0,959,959
substance,Benzotriazol,954,10414,1118,299,0,0,3,3,951,0,0,3,0,0,79,79
substance,Fonofos,946,4239,4239,946,0,0,0,0,946,0,0,0,0,0,946,946
substance,Chloridazon desphenyl,943,10433,6438,698,0,0,0,0,943,0,0,0,0,0,579,579
substance,Captan,942,5554,5156,883,0,0,59,59,883,0,0,59,0,0,883,883
substance,Bromophos,931,7460,7460,931,0,0,0,0,931,0,0,0,0,0,931,931
substance,"PCB 52 (2,2’,5,5’-tetrachlorobiphenyl)",929,5641,4416,785,0,0,77,77,838,0,14,77,0,0,732,732
substance,"PCB 153 (2,2’,4,4’,5,5’-hexachlorobiphenyl)",928,5644,4006,746,0,0,79,79,835,0,14,79,0,0,700,700
substance,"PCB 138 (2,2’,3,4,4’,5’-hexachlorobiphenyl)",928,5636,4174,760,0,0,65,65,849,0,14,65,0,0,704,704
substance,M-xylene,926,6077,1698,907,0,0,0,0,924,0,2,0,0,0,892,746
substance,"2,6-dichlorophenol",920,9740,9445,871,0,0,49,49,871,0,0,49,0,0,870,870
substance,Methidathion,899,7295,7293,899,0,0,0,0,899,0,0,0,0,0,899,899
substance,Dibutylphthalate,887,9394,6353,637,0,0,196,196,691,0,0,196,0,0,626,626
substance,"PCB 101 (2,2’,4,5,5’-pentachlorobiphenyl)",881,5479,4124,719,0,1,74,74,793,0,14,74,0,0,673,673
substance,"1,2-dibromo-3-chloropropane",881,4363,4363,881,0,0,0,0,881,0,0,0,0,0,881,881
substance,Secchi depth,858,3068,0,0,0,0,843,0,15,0,0,843,0,0,0,0
substance,Dibromomethane,845,5568,5567,845,0,0,0,0,845,0,0,0,0,0,845,845
substance,"PCB 126 (3,3’,4,4’,5-pentachlorobiphenyl)",844,4798,1614,799,0,0,45,45,799,0,0,45,0,0,783,783
substance,Trimethoprim,840,8490,6893,800,0,0,1,1,839,0,0,1,0,0,707,707
substance,Isobenzane,825,4726,4723,825,0,0,0,0,825,0,0,0,0,0,825,825
substance,2-methylnaphthalene,797,9153,91,686,0,0,87,87,710,0,0,87,0,0,683,683
substance,"2,4-dinitrotoluene",796,9621,9426,796,0,0,0,0,796,0,0,0,0,0,782,782
substance,"2,4-DB",783,3699,447,781,0,0,0,0,783,0,0,0,0,0,781,781
substance,Terbufos,782,4343,4082,715,0,0,67,67,715,0,0,67,0,0,714,714
substance,Silicon,779,3085,8,5,0,0,0,0,779,0,0,0,0,0,2,2
substance,"1,2-dichloroethene",748,6125,4764,596,0,0,146,146,602,0,0,146,0,0,567,567
substance,Metoxuron,739,1674,1674,739,0,0,0,0,739,0,0,0,0,0,739,739
substance,Metobromuron,739,1681,1669,739,0,0,0,0,739,0,0,0,0,0,733,733
substance,Prochloraz,726,6771,6677,726,0,0,0,0,726,0,0,0,0,0,712,712
substance,Thifensulfuron-methyl,724,1567,1566,724,0,0,0,0,724,0,0,0,0,0,724,724
substance,BDE 183  (Heptabromodiphenylether),719,7615,7242,711,0,0,0,0,719,0,0,0,0,0,686,686
substance,Caffeine,714,8124,2522,604,0,0,4,4,710,0,0,4,0,0,110,110
substance,Methomyl,712,4637,3019,555,0,0,157,157,555,0,0,157,0,0,554,554
substance,Perfluorotridecanoic acid (PFTrDA),710,2802,2802,710,0,0,0,0,710,0,0,0,0,0,710,710
substance,Nonadecafluorodecanoic acid,710,2802,2764,710,0,0,0,0,710,0,0,0,0,0,700,700
substance,Perfluorodecanesulfonate (PFDS),710,2802,2802,710,0,0,0,0,710,0,0,0,0,0,710,710
substance,Perfluorohexane-1-sulphonic acid,710,2952,2817,701,0,0,0,0,710,0,0,0,0,0,689,689
substance,Perfluoropentanesulfonic acid (PFPeS),710,2802,2789,710,0,0,0,0,710,0,0,0,0,0,709,709
substance,Perfluoro dodecanoic acid,710,2802,2801,710,0,0,0,0,710,0,0,0,0,0,710,710
substance,Perfluorobutane sulfonic acid,710,2802,2449,693,0,0,0,0,710,0,0,0,0,0,619,619
substance,Perfluoroheptanoic acid,710,2802,2561,698,0,0,0,0,710,0,0,0,0,0,675,675
substance,Perfluoroheptanesulfonic acid (PFHpS),710,2802,2800,710,0,0,0,0,710,0,0,0,0,0,710,710
substance,Perfluorononanoic acid,710,2802,2755,706,0,0,0,0,710,0,0,0,0,0,697,697
substance,Perfluoro undecanoic acid,710,2802,2800,710,0,0,0,0,710,0,0,0,0,0,710,710
substance,2-Ethylhexyl 4-methoxycinnamate,708,7740,7275,700,0,0,0,0,708,0,0,0,0,0,661,661
substance,Naproxen,688,7207,4361,627,0,0,2,2,686,0,0,2,0,0,377,377
substance,Atenolol,688,7206,5698,670,0,0,3,3,685,0,0,3,0,0,570,570
substance,Perfluorononanesulfonic acid (PFNS),676,2649,2648,676,0,0,0,0,676,0,0,0,0,0,676,676
substance,Perfluorotridecanesulfonic acid (PFTrDS),676,2649,2649,676,0,0,0,0,676,0,0,0,0,0,676,676
substance,Perfluorodecane sulfonic acid (PFDoDS),676,2649,2649,676,0,0,0,0,676,0,0,0,0,0,676,676
substance,Perfluoroundecanesulfonic acid (PFUnDS),676,2649,2649,676,0,0,0,0,676,0,0,0,0,0,676,676
substance,Prosulfocarb,671,2059,1938,669,0,0,0,0,671,0,0,0,0,0,659,659
substance,Metoprolol,669,6977,1719,430,0,0,4,4,665,0,0,4,0,0,149,149
substance,Chlorine Cl-,665,9501,43,8,0,0,153,0,512,0,0,153,0,0,2,2
substance,"PCB 180 (2,2’,3,4,4’,5,5’-heptachlorobiphenyl)",663,3346,2817,599,0,0,64,64,599,0,0,64,0,0,574,574
substance,Hydroxysimazine,658,3037,253,600,0,0,57,57,601,0,0,57,0,0,600,600
substance,Simetryn,651,4378,4378,651,0,0,0,0,651,0,0,0,0,0,651,651
substance,Dichlorprop-P,625,4797,3423,606,0,0,19,19,606,0,0,19,0,0,605,605
substance,Polychlorinated biphenyls,623,2773,0,38,0,0,556,556,67,0,0,556,0,0,38,38
substance,"2,4-dichlorophenol",607,4887,3611,439,0,0,161,161,442,0,4,161,0,0,434,434
substance,Dichlorodifluoromethane,593,5449,5447,593,0,0,0,0,593,0,0,0,0,0,591,591
substance,Tebufenozide,592,3877,2672,484,0,0,108,108,484,0,0,108,0,0,484,484
substance,"PCB 209 (5,5’,6,6’-decachlorobiphenyl)",590,2491,79,554,0,0,36,36,554,0,0,36,0,0,554,542
substance,Heptachlor Epoxide A,581,3007,3007,581,0,0,0,0,581,0,0,0,0,0,581,581
substance,"2,6-Ditert-butyl-4-methylphenol",564,5957,5733,563,0,0,0,0,564,0,0,0,0,0,535,535
substance,Mirex,550,4053,3825,502,0,0,48,48,502,0,0,48,0,0,502,502
substance,"BDE 85 (2,2’,3,4,4’-pentabromodiphenyl ether)",534,3383,2705,499,0,0,34,34,500,0,0,34,0,0,415,415
substance,MTBE,511,4870,4170,482,0,0,16,16,495,0,0,16,0,0,433,433
substance,Chlorite,511,1407,1383,509,0,0,0,0,511,0,0,0,0,0,491,491
substance,Bromate,511,1407,1397,511,0,0,0,0,511,0,0,0,0,0,507,507
substance,Mecoprop-P (MCPP-P),502,3785,3520,502,0,0,0,0,502,0,0,0,0,0,489,489
substance,Metconazole,490,4225,4201,489,0,0,0,0,490,0,0,0,0,0,483,483
substance,Spinosad,490,1750,1750,490,0,0,0,0,490,0,0,0,0,0,490,490
substance,Dimethyl phthalate,467,4449,4416,464,0,0,3,3,464,0,0,3,0,0,463,463
substance,Bromomethane,461,4305,4289,455,0,0,6,6,455,0,0,6,0,0,455,455
substance,Titanium,429,4647,2443,237,0,0,89,89,330,0,10,89,0,0,204,204
substance,Chlorthiamid,415,3002,1799,307,0,0,108,108,307,0,0,108,0,0,307,307
substance,Butyl benzyl phthalate (BBP),409,4430,3442,320,0,0,80,80,329,0,0,80,0,0,320,320
substance,Chromium trioxide (CrO3),401,2025,508,325,0,0,20,20,381,0,0,20,0,0,317,309
substance,Amoxicillin,387,3286,3181,382,0,0,0,0,387,0,0,0,0,0,338,338
substance,"PCB 194 (1,2,3,4-tetrachloro-5-(2,3,4,5-tetrachlorophenyl)benzene)",371,2164,2140,368,0,0,3,3,368,0,0,3,0,0,366,366
substance,"BDE 138 (2,2’,3,4,4’,5’-hexabromodiphenyl ether)",368,2523,1883,334,0,0,34,34,334,0,0,34,0,0,332,332
substance,"PCB 169 (3,3’,4,4’,5,5’-hexachlorobiphenyl)",364,1942,1895,344,0,0,20,20,344,0,0,20,0,0,342,342
substance,Thiram,358,3859,3820,358,0,0,0,0,358,0,0,0,0,0,352,352
substance,"PCB 77 (3,3’,4,4’-tetrachlorobiphenyl)",358,1929,1830,333,0,0,25,25,333,0,0,25,0,0,329,329
substance,Metsulfuronmethyl,352,979,961,350,0,0,2,2,350,0,0,2,0,0,350,350
substance,Terbumeton-Desethyl,350,979,977,349,0,0,0,0,350,0,0,0,0,0,349,349
substance,Imidacloprid (Watch list only alternative code),346,4241,3100,320,206,0,0,0,346,0,0,0,346,99,228,228
substance,Hexabromocyclododecanes (HBCDD),344,2420,2246,336,0,0,0,0,344,0,0,0,0,0,314,314
substance,P-xylene,344,1703,1681,344,0,0,0,0,342,0,2,0,0,0,341,341
substance,Paraoxon,341,1009,1009,341,0,0,0,0,341,0,0,0,0,0,341,341
substance,3-methyl-4-chlorophenol,336,3467,3464,336,0,0,0,0,332,0,4,0,0,0,332,332
substance,Diclofop,334,954,946,333,0,0,0,0,334,0,0,0,0,0,331,331
substance,Fenazaquin,320,1844,1843,319,0,0,1,1,319,0,0,1,0,0,319,319
substance,"Brominated diphenylethers (congener numbers 28, 47, 99, 100, 153 and 154)",318,2631,2626,318,0,0,0,0,318,0,0,0,0,0,317,317
substance,Di-ethyl phthalate,316,3430,3389,310,0,0,6,6,310,0,0,6,0,0,310,310
substance,Bromoxynil octanoate,316,2169,675,315,0,0,1,1,315,0,0,1,0,0,315,315
substance,Dimoxystrobin,312,2447,2437,312,0,0,0,0,312,0,0,0,0,0,310,310
substance,"Octylphenols (CAS 1806-26-4) including isomer 4-(1,1',3,3'-tetramethylbutyl)-phenol (CAS 140-66-9)",309,3745,3202,302,0,0,0,0,309,0,0,0,0,0,259,259
substance,Desamino-diketo-metribuzin,304,2897,2799,304,0,0,0,0,304,0,0,0,0,0,294,294
substance,O-desmethylvenlafaxine,301,2550,942,154,0,0,0,0,301,0,0,0,0,0,86,86
substance,Chromium (III),289,976,471,195,0,0,94,94,195,0,0,94,0,0,139,139
substance,"Total PAHs (Benzo(a)pyrene, Benzo(b)fluoranthene, Benzo(k)fluoranthene, Benzo(ghi)perylene, Indeno(1,2,3-cd)pyrene)",269,893,845,266,0,0,0,0,269,0,0,0,0,0,260,260
substance,Desmedipham,268,2145,1905,268,0,0,0,0,268,0,0,0,0,0,244,244
substance,Methabenzthiazuron,258,3150,3142,258,0,0,0,0,258,0,0,0,0,0,258,258
substance,Flufenacet,251,3024,2699,250,0,0,0,0,251,0,0,0,0,0,204,204
substance,"1,3-dichloropropene",236,2007,1438,167,0,0,69,69,167,0,0,69,0,0,167,167
substance,1-methylnaphthalene,233,1793,93,221,0,0,10,10,223,0,0,10,0,0,217,217
substance,Venlafaxine,232,1871,824,163,0,0,0,0,232,0,0,0,0,0,89,89
substance,Dinoseb,231,1522,1377,231,0,0,0,0,231,0,0,0,0,0,230,230
substance,Sulcotrione,220,2536,2532,220,0,0,0,0,220,0,0,0,0,0,219,219
substance,Nonylphenol,220,917,879,219,0,0,0,0,220,0,0,0,0,0,206,206
substance,Nitrophen,217,1257,1252,216,0,0,1,1,216,0,0,1,0,0,216,216
substance,Ciprofloxacin,216,1335,1265,182,0,0,0,0,216,0,0,0,0,0,175,175
substance,Fluconazole,216,1946,1616,182,0,0,0,0,216,0,0,0,0,0,158,158
substance,Alkalinity,208,715,3,3,0,0,0,0,208,0,0,0,0,0,0,0
substance,Estrone (E1),205,1152,548,169,187,0,0,0,205,0,0,0,205,95,104,104
substance,4-chloro-2-methylphenol,203,2278,2203,189,0,0,14,14,189,0,0,14,0,0,188,188
substance,Tetraconazole,197,1352,1351,197,0,0,0,0,197,0,0,0,0,0,197,197
substance,17beta-estradiol (E2),194,1152,1102,194,176,0,0,0,194,0,0,0,194,176,189,189
substance,17alpha-ethinylestradiol (EE2),194,1152,1124,194,176,0,0,0,194,0,0,0,194,176,191,191
substance,Dimethenamid,186,343,343,186,0,0,0,0,186,0,0,0,0,0,186,186
substance,Picolinafen,181,2424,2418,181,0,0,0,0,181,0,0,0,0,0,181,181
substance,"Naphthalene, chloro derivatives",177,1019,329,74,0,0,90,90,87,0,0,90,0,0,70,59
substance,Famoxadone,177,1317,1305,177,0,0,0,0,177,0,0,0,0,0,177,177
substance,Ipconazole,176,1316,1308,170,0,0,0,0,176,0,0,0,0,0,169,169
substance,Penconazole,176,1324,1321,176,0,0,0,0,176,0,0,0,0,0,175,175
substance,Miconazole,174,1314,1293,173,0,0,0,0,174,0,0,0,0,0,170,170
substance,Clotrimazole,174,1314,1280,173,0,0,0,0,174,0,0,0,0,0,171,171
substance,Bezafibrate,173,2051,2024,171,0,0,2,2,171,0,0,2,0,0,171,171
substance,Chloroacetic acid,170,900,852,170,0,0,0,0,170,0,0,0,0,0,161,161
substance,Hexachloroethane,169,547,547,169,0,0,0,0,169,0,0,0,0,0,169,169
substance,Bromopho-Ethyl,169,853,853,169,0,0,0,0,169,0,0,0,0,0,169,169
substance,Tributyltin compounds,164,640,629,164,0,0,0,0,164,0,0,0,0,0,158,158
substance,"1,1,1,3-tetrachloropropane",161,653,653,161,0,0,0,0,161,0,0,0,0,0,161,161
substance,Tolyltriazole,160,1944,1885,160,0,0,0,0,160,0,0,0,0,0,157,157
substance,Dichlophenthion,156,796,796,156,0,0,0,0,156,0,0,0,0,0,156,156
substance,Disulfoton,155,589,589,155,0,0,0,0,155,0,0,0,0,0,155,155
substance,Fenbutatin oxide,150,675,675,150,0,0,0,0,150,0,0,0,0,0,150,150
substance,Trichloroacetic acid,149,589,572,136,0,0,12,12,137,0,0,12,0,0,135,135
substance,Triazophos,148,717,717,148,0,0,0,0,148,0,0,0,0,0,148,148
substance,Hydrocarbons,146,852,390,80,0,0,66,0,80,0,0,66,0,0,69,69
substance,Quizalofop,146,298,298,146,0,0,0,0,146,0,0,0,0,0,146,146
substance,Epichlorohydrin,144,617,617,144,0,0,0,0,144,0,0,0,0,0,144,144
substance,Acrylamide,142,580,565,141,0,0,0,0,142,0,0,0,0,0,132,132
substance,Pentabromoethylbenzene,142,1718,0,45,0,0,70,70,72,0,0,70,0,0,45,45
substance,Dichloroacetic acid,137,575,574,136,0,0,0,0,137,0,0,0,0,0,136,136
substance,Phoxim,133,1607,1607,133,0,0,0,0,133,0,0,0,0,0,133,133
substance,Diketo-metribuzin,126,383,379,126,0,0,0,0,126,0,0,0,0,0,124,124
substance,Demeton-S-methylsulfon,126,895,735,93,0,0,33,33,92,0,1,33,0,0,92,92
substance,Turbidity,122,868,3,2,0,0,0,0,122,0,0,0,0,0,0,0
substance,2-chloroethylphosphonic acid,120,747,738,120,0,0,0,0,120,0,0,0,0,0,107,107
substance,Aminotriazole,119,260,260,119,0,0,0,0,119,0,0,0,0,0,119,119
substance,Fluroxypyr,119,260,260,119,0,0,0,0,119,0,0,0,0,0,119,119
substance,Microcystin,102,132,132,102,0,0,0,0,102,0,0,0,0,0,102,102
substance,3-hydroxycarbofuran,99,253,252,99,0,0,0,0,99,0,0,0,0,0,99,99
substance,Sulfosulfuron,99,252,252,99,0,0,0,0,99,0,0,0,0,0,99,99
substance,"2,6-dichlorobenzoic acid",96,245,245,96,0,0,0,0,96,0,0,0,0,0,96,96
substance,"PCB 157 (2,3,3’,4,4’,5’-hexachlorobiphenyl)",95,328,95,33,0,0,62,62,33,0,0,62,0,0,32,32
substance,"Total DDD (DDD, o,p' + DDD, p,p')",92,323,131,58,0,0,34,34,58,0,0,34,0,0,57,57
substance,Ziram,92,368,223,91,0,0,1,1,91,0,0,1,0,0,59,59
substance,Nitrophenol,89,218,216,89,0,0,0,0,89,0,0,0,0,0,88,88
substance,Phosphorothioic acid,88,1001,1001,88,0,0,0,0,88,0,0,0,0,0,88,88
substance,Nitrobenzene,86,888,836,86,0,0,0,0,86,0,0,0,0,0,82,82
substance,Fenoprop,84,495,351,84,0,0,0,0,84,0,0,0,0,0,84,84
substance,Carbaryl,81,90,90,81,0,0,0,0,81,0,0,0,0,0,81,81
substance,Total cyclodiene pesticides (aldrin + dieldrin + endrin + isodrin),76,943,943,76,0,0,0,0,76,0,0,0,0,0,76,76
substance,"Polychlorinated biphenyls(7 PCB: 28,52,101,118,138,153,180)",73,393,275,43,0,0,29,29,44,0,0,29,0,0,41,41
substance,Dipropyl phthalate,73,463,456,73,0,0,0,0,73,0,0,0,0,0,72,72
substance,Dipentyl phthalate,73,463,462,73,0,0,0,0,73,0,0,0,0,0,72,72
substance,Atraton,72,82,82,72,0,0,0,0,72,0,0,0,0,0,72,72
substance,Oxamyl,72,82,82,72,0,0,0,0,72,0,0,0,0,0,72,72
substance,Benfuracarb,72,82,82,72,0,0,0,0,72,0,0,0,0,0,72,72
substance,Formaldehyde,68,467,184,63,0,0,2,2,66,0,0,2,0,0,61,61
substance,Total trihalomethanes,68,187,187,68,0,0,0,0,68,0,0,0,0,0,68,58
substance,Heptachlor and heptachlor epoxide,67,921,921,67,0,0,0,0,67,0,0,0,0,0,67,67
substance,Piperonyl butoxide,67,90,90,67,0,0,0,0,67,0,0,0,0,0,67,67
substance,Lithium,65,532,79,18,0,0,14,14,51,0,0,14,0,0,14,14
substance,"PCB 156 (2,3,3’,4,4’,5-hexachlorobiphenyl)",64,214,147,44,0,0,20,20,44,0,0,20,0,0,38,38
substance,Total phytoplankton biomass,63,66,0,0,0,0,63,0,0,0,0,63,0,0,0,0
substance,"PCB 105 (2,3,3’,4,4’-pentachlorobiphenyl)",60,175,97,33,0,0,27,27,33,0,0,27,0,0,28,28
substance,Mono basic phenols,59,406,339,59,0,0,0,0,59,0,0,0,0,0,46,46
substance,4-bromophenyl phenyl ether,57,417,109,26,0,0,31,31,26,0,0,31,0,0,26,26
substance,Oil fractions (C10-40),54,225,220,54,0,0,0,0,54,0,0,0,0,0,51,51
substance,"TCDD (2,3,7,8-tetrachlorodibenzo-p-dioxin)",53,163,90,17,0,0,36,36,17,0,0,36,0,0,10,10
substance,trans-Nonachlor,52,317,172,33,0,0,12,12,40,0,0,12,0,0,33,33
substance,Cymoxanil,52,61,61,52,0,0,0,0,52,0,0,0,0,0,52,52
substance,Surfactants (anionic),51,390,305,49,0,0,1,1,50,0,0,1,0,0,42,42
substance,Cyanobacteria proportion,48,49,0,0,0,0,48,0,0,0,0,48,0,0,0,0
substance,Hexabromobiphenyl,45,62,62,45,0,0,0,0,45,0,0,0,0,0,45,45
substance,1-chloro-2-nitrobenzene,43,407,399,43,0,0,0,0,43,0,0,0,0,0,43,43
substance,Metaflumizone,42,77,77,42,0,0,0,0,42,0,0,0,0,0,42,42
substance,1-chloro-4-nitrobenzene,42,382,380,42,0,0,0,0,42,0,0,0,0,0,42,42
substance,Dichlorophenol,40,221,221,40,0,0,0,0,40,0,0,0,0,0,40,40
substance,Fipronil,40,62,58,36,0,0,0,0,40,0,0,0,0,0,36,36
substance,"PCB 81 (3,4,4',5-tetrachlorobiphenyl)",39,139,137,39,0,0,0,0,39,0,0,0,0,0,39,39
substance,Hexachlorocyclopentadiene (HCCP),37,155,154,37,0,0,0,0,37,0,0,0,0,0,37,37
substance,Triphenyltin and compounds,37,178,175,36,0,0,0,0,37,0,0,0,0,0,34,34
substance,Fludioxonil,37,92,83,35,0,0,0,0,37,0,0,0,0,0,31,31
substance,Pentachloroanisole,36,295,147,17,0,0,12,12,24,0,0,12,0,0,17,17
substance,Total dioxins and furans (PCDD + PCDF),36,66,0,0,0,0,36,36,0,0,0,36,0,0,0,0
substance,Diflubenzuron,36,36,36,36,0,0,0,0,36,0,0,0,0,0,36,36
substance,Azoxystrobin,35,45,33,29,0,0,0,0,35,0,0,0,0,0,24,24
substance,Aniline,33,265,196,29,0,0,0,0,33,0,0,0,0,0,20,20
substance,"PCB 114 (2,3,4,4',5-pentachlorobiphenyl)",33,97,97,33,0,0,0,0,33,0,0,0,0,0,33,33
substance,"PCB 167 (1,2,3-trichloro-5-(2,4,5-trichlorophenyl)benzene)",33,97,90,33,0,0,0,0,33,0,0,0,0,0,31,31
substance,"PCB 189 (1,2,3,4-tetrachloro-5-(3,4,5-trichlorophenyl)benzene)",33,97,95,33,0,0,0,0,33,0,0,0,0,0,32,32
substance,"PCB 123 (1,2,3-trichloro-5-(2,4-dichlorophenyl)benzene)",33,97,97,33,0,0,0,0,33,0,0,0,0,0,33,33
substance,Chlorthal-dimethyl,30,74,74,30,0,0,0,0,30,0,0,0,0,0,30,30
substance,Boscalid,30,85,68,28,0,0,0,0,30,0,0,0,0,0,25,25
substance,Bromide,27,226,38,12,0,0,1,1,26,0,0,1,0,0,10,10
substance,"2,4,6-tri-tert-butylphenol",25,224,0,6,0,0,0,0,25,0,0,0,0,0,6,6
substance,"1,3,5,7,9,11-hexabromocyclododecane",23,276,182,16,0,0,0,0,23,0,0,0,0,0,14,14
substance,Teradifon,22,43,43,22,0,0,0,0,22,0,0,0,0,0,22,22
substance,Chlorpropham,21,42,42,21,0,0,0,0,21,0,0,0,0,0,21,21
substance,Pyridaben,21,42,42,21,0,0,0,0,21,0,0,0,0,0,21,21
substance,Propetamphos,20,23,23,20,0,0,0,0,20,0,0,0,0,0,20,20
substance,Cyproconazole,20,41,41,20,0,0,0,0,20,0,0,0,0,0,20,20
substance,Kresoxim-methyl,20,41,41,20,0,0,0,0,20,0,0,0,0,0,20,20
substance,Lambda-Cyhalothrin,20,41,41,20,0,0,0,0,20,0,0,0,0,0,20,20
substance,Metformin,19,20,2,2,0,0,0,0,19,0,0,0,0,0,2,2
substance,Oxybenzone,19,20,20,19,0,0,0,0,19,0,0,0,0,0,19,19
substance,Guanylurea,19,20,7,7,0,0,0,0,19,0,0,0,0,0,7,7
substance,Avobenzone,19,20,20,19,0,0,0,0,19,0,0,0,0,0,19,19
substance,Clindamycin,19,20,9,9,0,0,0,0,19,0,0,0,0,0,8,8
substance,Ofloxacin,19,20,0,0,0,0,0,0,19,0,0,0,0,0,0,0
substance,Octocrylene,19,20,20,19,0,0,0,0,19,0,0,0,0,0,19,19
substance,Tritium,18,208,64,7,0,0,10,10,8,10,0,0,0,0,6,6
substance,Dalapon,17,147,147,17,0,0,0,0,17,0,0,0,0,0,17,17
substance,Dinitro-o-cresol (DNOC),16,156,85,15,0,0,0,0,16,0,0,0,0,0,15,15
substance,Cyfluthrin,16,25,25,16,0,0,0,0,16,0,0,0,0,0,16,16
substance,Buprofezin,16,25,25,16,0,0,0,0,16,0,0,0,0,0,16,16
substance,Fluroxypyr-meptyl,16,25,25,16,0,0,0,0,16,0,0,0,0,0,16,16
substance,Flusilazole,16,25,25,16,0,0,0,0,16,0,0,0,0,0,16,16
substance,Methylparaoxon,16,25,25,16,0,0,0,0,16,0,0,0,0,0,16,16
substance,Chlorothalonil,16,25,25,16,0,0,0,0,16,0,0,0,0,0,16,16
substance,Trichloronate,16,25,25,16,0,0,0,0,16,0,0,0,0,0,16,16
substance,Iprovalicarb,16,25,25,16,0,0,0,0,16,0,0,0,0,0,16,16
substance,cis-Nonachlor,16,25,25,16,0,0,0,0,16,0,0,0,0,0,16,16
substance,Prothiofos,16,25,25,16,0,0,0,0,16,0,0,0,0,0,16,16
substance,Vinclozolin,16,25,25,16,0,0,0,0,16,0,0,0,0,0,16,16
substance,Glufosinate,16,25,23,16,0,0,0,0,16,0,0,0,0,0,14,14
substance,Trichlorfon,16,25,25,16,0,0,0,0,16,0,0,0,0,0,16,16
substance,Coumaphos,16,25,25,16,0,0,0,0,16,0,0,0,0,0,16,16
substance,Dimethomorph,16,25,25,16,0,0,0,0,16,0,0,0,0,0,16,16
substance,Sulprofos,16,25,25,16,0,0,0,0,16,0,0,0,0,0,16,16
substance,Propanil,16,25,25,16,0,0,0,0,16,0,0,0,0,0,16,16
substance,Folpet,16,25,25,16,0,0,0,0,16,0,0,0,0,0,16,16
substance,Bromopropylate,16,25,25,16,0,0,0,0,16,0,0,0,0,0,16,16
substance,Benalaxyl,16,25,25,16,0,0,0,0,16,0,0,0,0,0,16,16
substance,EPTC,16,25,25,16,0,0,0,0,16,0,0,0,0,0,16,16
substance,Phorate,16,25,25,16,0,0,0,0,16,0,0,0,0,0,16,16
substance,Quizalofop-Ethyl,16,25,25,16,0,0,0,0,16,0,0,0,0,0,16,16
substance,Malaoxon,16,25,25,16,0,0,0,0,16,0,0,0,0,0,16,16
substance,Fensulfothion,16,25,25,16,0,0,0,0,16,0,0,0,0,0,16,16
substance,Aldicarb,16,25,25,16,0,0,0,0,16,0,0,0,0,0,16,16
substance,Bronopol,14,117,117,14,0,0,0,0,14,0,0,0,0,0,14,14
substance,"2,4,6-trinitrotoluene",14,79,79,14,0,0,0,0,14,0,0,0,0,0,14,14
substance,Difenoconazole,12,39,38,12,0,0,0,0,12,0,0,0,0,0,11,11
substance,Toxaphene,10,40,40,10,0,0,0,0,10,0,0,0,0,0,10,10
substance,Cyanobacteria biomass,9,9,0,0,0,0,9,0,0,0,0,9,0,0,0,0
substance,"1,4-dioxane",9,63,52,9,0,0,0,0,9,0,0,0,0,0,7,7
substance,Cyprodinil,9,19,19,9,0,0,0,0,9,0,0,0,0,0,9,9
substance,Metalaxyl-M,8,74,2,2,0,0,5,5,3,0,0,5,0,0,2,1
substance,Methylbenzotriazol,6,81,11,3,0,0,3,3,3,0,0,3,0,0,2,2
substance,Propachlor,6,8,8,6,0,0,0,0,6,0,0,0,0,0,6,6
substance,2-chloroaniline,6,72,70,6,0,0,0,0,6,0,0,0,0,0,6,6
substance,Benzo[e]pyrene,6,18,18,6,0,0,0,0,6,0,0,0,0,0,6,6
substance,Biphenyl,5,17,17,5,0,0,0,0,5,0,0,0,0,0,5,5
substance,Fenbuconazole,5,17,17,5,0,0,0,0,5,0,0,0,0,0,5,5
substance,Perylene,5,17,17,5,0,0,0,0,5,0,0,0,0,0,5,5
substance,TAME,4,4,4,4,0,0,0,0,4,0,0,0,0,0,4,4
substance,Diclofenac sodium,4,7,1,1,0,0,0,0,4,0,0,0,4,0,1,1
substance,Benzosulfonazole,3,36,6,2,0,0,0,0,3,0,0,0,0,0,0,0
substance,Monobutyltin,3,12,8,3,0,0,0,0,3,0,0,0,0,0,2,2
substance,Ethylenethiourea (ETU),2,9,0,0,0,0,2,2,0,0,0,2,0,0,0,0
substance,Extractable organically bound chlorine,2,22,22,2,0,0,0,0,2,0,0,0,0,0,2,2
substance,Perfluorotetradecanoic acid (PFTeDA),2,3,3,2,0,0,0,0,2,0,0,0,0,0,2,2
substance,6:2 Fluorotelomer alcohol (6:2 FTOH),2,3,3,2,0,0,0,0,2,0,0,0,0,0,2,2
substance,"Ammonium 4,8-dioxa-3H-perfluorononanoate",2,3,3,2,0,0,0,0,2,0,0,0,0,0,2,2
substance,8:2 Fluorotelomer alcohol (8:2 FTOH),2,3,3,2,0,0,0,0,2,0,0,0,0,0,2,2
substance,Perfluorooctadecanoic acid (PFOcDA),2,3,3,2,0,0,0,0,2,0,0,0,0,0,2,2
substance,Ammonium perfluoro (2-methyl-3-oxahexanoate) (HFPO-DA),2,3,3,2,0,0,0,0,2,0,0,0,0,0,2,2
substance,Perfluorohexadecanoic acid (PFHxDA),2,3,3,2,0,0,0,0,2,0,0,0,0,0,2,2
substance,"4,4`-dichlorobenzophenone",2,8,8,2,0,0,0,0,2,0,0,0,0,0,2,2
substance,Hydrogen sulphide,1,4,0,1,0,0,0,0,1,0,0,0,0,0,1,1
substance,2-chlorophenol,1,1,1,1,0,0,0,0,1,0,0,0,0,0,1,1
substance,2-methylthiobenzothiazole,1,12,2,1,0,0,0,0,1,0,0,0,0,0,0,0
country,ES,1811731,9452832,6686727,1444783,138442,0,154629,8863,1657102,28399,0,126230,316783,77358,1353539,1349859
country,FR,691605,5909604,2226567,392531,55750,8842,279979,72758,411626,0,0,279979,124560,29378,364960,364960
country,CZ,521356,5856609,3396616,359072,38983,0,33646,5748,487710,16249,0,17397,86245,19138,303053,303053
country,IT,275159,1934847,653865,117158,18627,7,137735,71194,137414,0,10,137735,49405,12923,111488,111353
country,DE,176815,2531304,909248,92643,11347,0,33547,27529,137638,0,5630,33547,37077,6795,80955,80953
country,FI,94289,757922,16939,3372,222,0,88258,26298,6031,0,0,88258,4801,159,3076,3075
country,BE,79009,945767,453674,43736,3946,0,27975,9256,51034,9647,0,18328,21589,2312,37222,30026
country,PL,66409,733607,44701,6073,1282,0,54745,21879,11664,0,0,54745,11736,791,4420,4325
country,SE,59337,619797,2707,1739,33,0,44186,10336,15151,1,0,44185,3170,23,1396,1279
country,AT,49374,514106,2935,2672,777,0,44729,14081,4645,0,0,44729,4685,237,2253,2253
country,HU,44693,924768,0,0,0,0,43525,13220,1168,0,0,43525,4620,0,0,0
country,RO,38884,339241,72288,14216,3207,2,11008,1408,27876,0,0,11008,4531,1453,9054,7117
country,IE,35142,369333,92422,11651,1008,0,12247,6159,22689,0,206,12247,3801,573,10565,10565
country,RS,29092,191275,22950,5009,432,0,22200,10212,6892,0,0,22200,3053,171,4195,4195
country,SK,26294,278068,89382,10757,1546,24,9824,1349,16469,1054,1,8770,3554,964,9919,9919
country,LT,25819,235830,7985,2308,378,0,15771,5493,10048,0,0,15771,3088,200,2174,1795
country,EE,22543,168518,2936,993,62,372,21710,1299,833,3274,0,18436,533,28,534,534
country,BG,19072,124576,2053,1226,276,0,13770,1574,5302,0,0,13770,1495,187,1061,1061
country,NO,17653,71297,2025,1003,67,0,14888,6725,2765,0,0,14888,1486,0,746,746
country,LV,15906,114438,2803,1207,232,0,11322,2295,4584,0,0,11322,1137,229,1179,1179
country,HR,15360,151703,19928,3721,323,0,7682,4013,7678,0,0,7682,2233,210,3304,3304
country,NL,12527,177072,60723,7126,774,0,4067,1555,8460,0,0,4067,2044,446,6037,5998
country,BA,9068,47583,4661,726,120,0,6734,2355,2334,0,0,6734,992,90,374,365
country,DK,8280,171271,0,126,0,0,7806,0,474,1920,0,5886,0,0,126,126
country,AL,7916,26882,292,378,0,0,3497,15,4388,458,31,3039,15,0,269,269
country,CY,7491,35359,18215,4914,462,0,1107,435,6384,0,0,1107,935,315,4571,4559
country,EL,7169,24675,0,1025,25,0,3635,2044,3450,0,84,3635,556,16,1025,896
country,MK,5541,46212,817,196,95,0,5193,1672,348,0,0,5193,791,71,54,54
country,XK,4218,23944,795,567,289,0,3605,641,613,0,0,3605,420,189,552,552
country,CH,4159,164859,7699,203,21,0,2885,149,1274,0,0,2885,117,19,139,139
country,PT,3387,20441,2134,1245,223,0,1406,36,1981,0,0,1406,286,210,1194,1151
country,LI,2079,10252,0,0,0,0,2075,0,4,0,0,2075,0,0,0,0
country,LU,1339,10589,3848,493,82,0,752,313,587,0,0,752,255,52,386,386
country,ME,1222,5287,0,0,0,0,1222,0,0,0,0,1222,0,0,0,0
country,TR,336,1757,0,0,0,0,336,0,0,32,0,304,0,0,0,0
country,IS,283,1343,138,79,6,0,113,53,170,0,0,113,25,4,69,69
country,MT,276,414,378,254,36,0,22,16,254,0,0,22,150,24,250,250
class,Organic micropollutants,561228,4247971,3283479,503710,214117,2786,45102,45102,515859,0,267,45102,561228,128899,474397,470664
class,Metals,134940,1179210,516316,83813,64956,1237,36349,36349,98296,0,295,36349,134940,25666,68471,67466
era,pre2015,2147102,19659498,5186385,842424,120555,9247,1076718,330963,1064422,9921,5962,1066797,312881,70873,770858,767455
era,2015plus,2043731,13333884,9622066,1690778,158518,0,51113,10,1992618,51113,0,0,383287,83692,1549281,1538910
era_country,ES:2015plus,1545684,8111832,6492609,1337433,118546,0,28399,0,1517285,28399,0,0,289686,63960,1251458,1250191
era_country,FR:pre2015,691605,5909604,2226567,392531,55750,8842,279979,72758,411626,0,0,279979,124560,29378,364960,364960
era_country,CZ:2015plus,403024,4055493,2435182,286412,31893,0,14043,10,388981,14043,0,0,68346,15732,242597,242597
era_country,IT:pre2015,275159,1934847,653865,117158,18627,7,137735,71194,137414,0,10,137735,49405,12923,111488,111353
era_country,ES:pre2015,266047,1341000,194118,107350,19896,0,126230,8863,139817,0,0,126230,27097,13398,102081,99668
era_country,DE:pre2015,133801,1938869,535332,59205,6930,0,33547,27529,94624,0,5630,33547,24321,4519,52515,52513
era_country,CZ:pre2015,118332,1801116,961434,72660,7090,0,19603,5738,98729,2206,0,17397,17899,3406,60456,60456
era_country,FI:pre2015,94289,757922,16939,3372,222,0,88258,26298,6031,0,0,88258,4801,159,3076,3075
era_country,PL:pre2015,66409,733607,44701,6073,1282,0,54745,21879,11664,0,0,54745,11736,791,4420,4325
era_country,SE:pre2015,59318,619777,2707,1739,33,0,44185,10336,15133,0,0,44185,3170,23,1396,1279
era_country,AT:pre2015,49374,514106,2935,2672,777,0,44729,14081,4645,0,0,44729,4685,237,2253,2253
era_country,BE:pre2015,45128,525083,172955,18425,2041,0,21359,9256,23769,3031,0,18328,10985,1266,14974,14945
era_country,HU:pre2015,44693,924768,0,0,0,0,43525,13220,1168,0,0,43525,4620,0,0,0
era_country,DE:2015plus,43014,592435,373916,33438,4417,0,0,0,43014,0,0,0,12756,2276,28440,28440
era_country,IE:pre2015,35142,369333,92422,11651,1008,0,12247,6159,22689,0,206,12247,3801,573,10565,10565
era_country,BE:2015plus,33881,420684,280719,25311,1905,0,6616,0,27265,6616,0,0,10604,1046,22248,15081
era_country,RS:pre2015,29092,191275,22950,5009,432,0,22200,10212,6892,0,0,22200,3053,171,4195,4195
era_country,SK:pre2015,26294,278068,89382,10757,1546,24,9824,1349,16469,1054,1,8770,3554,964,9919,9919
era_country,LT:pre2015,25819,235830,7985,2308,378,0,15771,5493,10048,0,0,15771,3088,200,2174,1795
era_country,RO:pre2015,24866,223904,32935,6319,1450,2,11008,1408,13858,0,0,11008,2636,775,4694,4694
era_country,EE:pre2015,22543,168518,2936,993,62,372,21710,1299,833,3274,0,18436,533,28,534,534
era_country,BG:pre2015,19072,124576,2053,1226,276,0,13770,1574,5302,0,0,13770,1495,187,1061,1061
era_country,NO:pre2015,17653,71297,2025,1003,67,0,14888,6725,2765,0,0,14888,1486,0,746,746
era_country,LV:pre2015,15906,114438,2803,1207,232,0,11322,2295,4584,0,0,11322,1137,229,1179,1179
era_country,HR:pre2015,15360,151703,19928,3721,323,0,7682,4013,7678,0,0,7682,2233,210,3304,3304
era_country,RO:2015plus,14018,115337,39353,7897,1757,0,0,0,14018,0,0,0,1895,678,4360,2423
era_country,NL:pre2015,12527,177072,60723,7126,774,0,4067,1555,8460,0,0,4067,2044,446,6037,5998
era_country,BA:pre2015,9068,47583,4661,726,120,0,6734,2355,2334,0,0,6734,992,90,374,365
era_country,CY:pre2015,7491,35359,18215,4914,462,0,1107,435,6384,0,0,1107,935,315,4571,4559
era_country,EL:pre2015,7169,24675,0,1025,25,0,3635,2044,3450,0,84,3635,556,16,1025,896
era_country,DK:pre2015,6684,141764,0,126,0,0,6210,0,474,324,0,5886,0,0,126,126
era_country,MK:pre2015,5541,46212,817,196,95,0,5193,1672,348,0,0,5193,791,71,54,54
era_country,AL:pre2015,5421,18306,5,91,0,0,3039,15,2351,0,31,3039,15,0,91,91
era_country,XK:pre2015,4218,23944,795,567,289,0,3605,641,613,0,0,3605,420,189,552,552
era_country,CH:pre2015,4159,164859,7699,203,21,0,2885,149,1274,0,0,2885,117,19,139,139
era_country,PT:pre2015,3387,20441,2134,1245,223,0,1406,36,1981,0,0,1406,286,210,1194,1151
era_country,AL:2015plus,2495,8576,287,287,0,0,458,0,2037,458,0,0,0,0,178,178
era_country,LI:pre2015,2079,10252,0,0,0,0,2075,0,4,0,0,2075,0,0,0,0
era_country,DK:2015plus,1596,29507,0,0,0,0,1596,0,0,1596,0,0,0,0,0,0
era_country,LU:pre2015,1339,10589,3848,493,82,0,752,313,587,0,0,752,255,52,386,386
era_country,ME:pre2015,1222,5287,0,0,0,0,1222,0,0,0,0,1222,0,0,0,0
era_country,TR:pre2015,336,1757,0,0,0,0,336,0,0,32,0,304,0,0,0,0
era_country,IS:pre2015,283,1343,138,79,6,0,113,53,170,0,0,113,25,4,69,69
era_country,MT:pre2015,276,414,378,254,36,0,22,16,254,0,0,22,150,24,250,250
era_country,SE:2015plus,19,20,0,0,0,0,1,0,18,1,0,0,0,0,0,0
period,2020-2024,1416091,8871317,6681224,1201353,105820,0,40677,0,1375414,40677,0,0,264135,54833,1108835,1098464
period,2010-2014,905845,7793410,3728784,485746,73643,379,312226,123259,592269,9649,1350,302577,171682,42126,435702,435072
period,2005-2009,745949,6597459,1457439,351926,46824,8868,316737,96720,427947,272,1265,316465,110738,28731,330406,327679
period,2015-2019,627640,4462567,2940842,489425,52698,0,10436,10,617204,10436,0,0,119152,28859,440446,440446
period,2000-2004,223424,2359512,141,3734,71,0,198653,75062,24749,0,22,198653,21193,16,3732,3687
period,1995-1999,117411,1327511,5,519,1,0,106738,18464,10652,0,21,106738,5657,0,519,518
period,1990-1994,73767,819419,16,261,16,0,67214,8519,6023,0,530,67214,2221,0,261,261
period,1985-1989,33574,380940,0,133,0,0,29884,3331,1973,0,1717,29884,399,0,133,133
period,1980-1984,23503,202889,0,94,0,0,21654,2829,792,0,1057,21654,440,0,94,94
period,1975-1979,17068,120883,0,11,0,0,17051,2779,17,0,0,17051,551,0,11,11
period,1970-1974,5317,44118,0,0,0,0,5317,0,0,0,0,5317,0,0,0,0
period,1965-1969,1244,13357,0,0,0,0,1244,0,0,0,0,1244,0,0,0,0
year,2023,333792,2234208,1585367,272236,23071,0,13006,0,320786,13006,0,0,62180,10851,251710,248778
year,2022,307240,1658223,1290703,267984,21123,0,8683,0,298557,8683,0,0,59103,10246,251287,247125
year,2024,299392,1626461,1278123,255508,26477,0,8448,0,290944,8448,0,0,55545,15685,240950,240498
year,2012,276192,2500225,1352184,162582,25887,0,88902,29887,186679,1153,611,87749,58325,14981,148141,148117
year,2019,257069,1716169,1206942,212236,22606,0,2861,0,254208,2861,0,0,50130,12854,195723,195723
year,2011,248272,2183666,993071,128570,20784,0,93968,38970,153729,1105,575,92863,49751,11344,118576,118449
year,2021,239555,1622801,1224574,212603,18468,0,7728,0,231827,7728,0,0,45022,9290,183832,181007
year,2010,239020,2006936,708383,93111,16450,7,122302,54028,116554,337,164,121965,40730,10404,80582,80103
year,2020,236112,1729624,1302457,193022,16681,0,2812,0,233300,2812,0,0,42285,8761,181056,181056
year,2008,198386,1542106,641418,110408,12704,24,69348,16678,128566,0,472,69348,25157,7846,103317,103273
year,2007,194010,1744199,14067,94522,12277,0,80667,31109,113147,0,196,80667,29626,8355,94309,94194
year,2009,193910,1795324,801124,100485,15641,8844,78037,21655,115446,272,427,77765,36826,8728,86281,83860
year,2018,137465,1100714,671026,100651,11424,0,3427,0,134038,3427,0,0,25908,5556,87730,87730
year,2006,94531,856969,209,41271,5789,0,35531,3732,58881,0,119,35531,12514,3522,41264,41136
year,2016,80652,564681,376063,62319,6806,0,1361,4,79291,1361,0,0,15886,4053,56202,56202
year,2017,77762,545353,346816,58223,5797,0,1367,4,76395,1367,0,0,14183,3147,51294,51294
year,2015,74692,535650,339995,55996,6065,0,1420,2,73272,1420,0,0,13045,3249,49497,49497
year,2014,72302,548721,336767,52216,5599,190,3506,192,68796,3506,0,0,11902,2869,45766,45766
year,2013,70059,553862,338379,49267,4923,182,3548,182,66511,3548,0,0,10974,2528,42637,42637
year,2005,65112,658861,621,5240,413,0,53154,23546,11907,0,51,53154,6615,280,5235,5216
year,2004,56289,584044,68,1661,38,0,48191,20923,8094,0,4,48191,5086,4,1661,1641
year,2003,48006,521164,17,1317,8,0,41344,15715,6662,0,0,41344,4507,4,1317,1297
year,2002,42245,450633,20,335,8,0,37733,13990,4511,0,1,37733,4414,4,333,328
year,2001,42238,431539,21,255,8,0,40382,14682,1856,0,0,40382,4221,4,255,255
year,2000,34646,372132,15,166,9,0,31003,9752,3626,0,17,31003,2965,0,166,166
year,1999,29369,339274,0,119,0,0,27762,7771,1590,0,17,27762,2385,0,119,119
year,1998,23518,262667,0,116,0,0,20751,2755,2766,0,1,20751,854,0,116,116
year,1997,23376,268992,0,102,0,0,20585,2735,2791,0,0,20585,835,0,102,102
year,1996,21261,238460,0,89,0,0,19528,2740,1732,0,1,19528,861,0,89,88
year,1995,19887,218118,5,93,1,0,18112,2463,1773,0,2,18112,722,0,93,93
year,1994,19442,215186,1,86,1,0,17635,2156,1699,0,108,17635,634,0,86,86
year,1993,16707,188602,0,58,0,0,15150,1745,1467,0,90,15150,475,0,58,58
year,1992,15763,172557,0,46,0,0,14303,1699,1367,0,93,14303,409,0,46,46
year,1991,11206,121485,15,42,15,0,10320,1758,784,0,102,10320,457,0,42,42
year,1990,10649,121589,0,29,0,0,9806,1161,706,0,137,9806,246,0,29,29
year,1989,8665,105377,0,39,0,0,7866,948,616,0,183,7866,191,0,39,39
year,1988,7449,92090,0,35,0,0,6702,624,574,0,173,6702,53,0,35,35
year,1987,6936,85373,0,21,0,0,6297,592,280,0,359,6297,46,0,21,21
year,1985,5321,49882,0,22,0,0,4461,584,254,0,606,4461,55,0,22,22
year,1986,5203,48218,0,16,0,0,4558,583,249,0,396,4558,54,0,16,16
year,1982,5027,46643,0,21,0,0,4456,519,238,0,333,4456,68,0,21,21
year,1984,5024,47997,0,25,0,0,4382,494,265,0,377,4382,64,0,25,25
year,1983,4959,46738,0,21,0,0,4372,618,240,0,347,4372,69,0,21,21
year,1981,4556,32789,0,16,0,0,4524,465,32,0,0,4524,59,0,16,16
year,1980,3937,28722,0,11,0,0,3920,733,17,0,0,3920,180,0,11,11
year,1979,3929,27568,0,10,0,0,3914,804,15,0,0,3914,194,0,10,10
year,1977,3884,27037,0,1,0,0,3883,641,1,0,0,3883,150,0,1,1
year,1978,3857,26780,0,0,0,0,3857,812,0,0,0,3857,192,0,0,0
year,1976,3750,26555,0,0,0,0,3749,256,1,0,0,3749,3,0,0,0
year,1975,1648,12943,0,0,0,0,1648,266,0,0,0,1648,12,0,0,0
year,1971,1595,10248,0,0,0,0,1595,0,0,0,0,1595,0,0,0,0
year,1972,1458,9924,0,0,0,0,1458,0,0,0,0,1458,0,0,0,0
year,1974,849,9155,0,0,0,0,849,0,0,0,0,849,0,0,0,0
year,1973,833,8944,0,0,0,0,833,0,0,0,0,833,0,0,0,0
year,1970,582,5847,0,0,0,0,582,0,0,0,0,582,0,0,0,0
year,1969,445,4887,0,0,0,0,445,0,0,0,0,445,0,0,0,0
year,1968,275,3265,0,0,0,0,275,0,0,0,0,275,0,0,0,0
year,1967,233,2301,0,0,0,0,233,0,0,0,0,233,0,0,0,0
year,1966,170,1483,0,0,0,0,170,0,0,0,0,170,0,0,0,0
year,1965,121,1421,0,0,0,0,121,0,0,0,0,121,0,0,0,0
country_year,ES|2022,301657,1596536,1255394,264358,20742,0,7699,0,293958,7699,0,0,57729,10067,248392,247125
country_year,ES|2024,297895,1612955,1273921,254753,26299,0,8300,0,289595,8300,0,0,55367,15626,240498,240498
country_year,ES|2023,263019,1514276,1157856,222768,18129,0,8889,0,254130,8889,0,0,50462,8486,209140,209140
country_year,ES|2019,172763,829220,695377,153255,15548,0,0,0,172763,0,0,0,34197,9391,146484,146484
country_year,ES|2021,165536,891629,791733,160021,13036,0,3511,0,162025,3511,0,0,32825,6695,139571,139571
country_year,ES|2020,164907,1042832,893982,143363,10955,0,0,0,164907,0,0,0,30090,6029,139140,139140
country_year,FR|2007,112947,1061046,0,81166,9742,0,22502,5309,90445,0,0,22502,17951,6523,81166,81166
country_year,FR|2008,103918,742642,466390,78399,7775,0,21888,1464,82030,0,0,21888,12530,4341,73874,73874
country_year,FR|2012,88901,778523,535601,60481,11857,0,26523,8455,62378,0,0,26523,26956,6115,56159,56159
country_year,FR|2009,86349,890597,542694,53301,8869,8842,38104,13829,48245,0,0,38104,21738,4198,43696,43696
country_year,CZ|2018,77558,752835,443193,54598,6610,0,2452,0,75106,2452,0,0,14037,3384,46161,46161
country_year,FR|2011,72478,620771,395298,45530,7579,0,24989,7723,47489,0,0,24989,17925,2995,42328,42328
country_year,CZ|2021,68367,668673,398084,48938,5046,0,3226,0,65141,3226,0,0,10824,2414,41436,41436
country_year,CZ|2019,66721,675719,387317,46054,5400,0,1904,0,64817,1904,0,0,11370,2739,38280,38280
country_year,CZ|2023,65541,659566,392459,45922,4537,0,3324,0,62217,3324,0,0,10340,2151,39638,39638
country_year,CZ|2020,65467,629615,376109,45910,5321,0,1882,0,63585,1882,0,0,10822,2561,38948,38948
country_year,IT|2012,64869,428111,275533,44178,5570,0,17247,5901,47622,0,0,17247,11554,3851,42308,42308
country_year,FR|2010,64124,484378,286584,37903,5861,0,24436,7244,39688,0,0,24436,14333,2693,31986,31986
country_year,IT|2010,58800,390816,68194,10004,1690,7,44515,32275,14285,0,0,44515,10002,1203,9173,9117
country_year,IT|2011,56640,368648,195683,33293,5073,0,19059,7092,37571,0,10,19059,10777,3313,31876,31832
country_year,ES|2016,47500,170831,130433,37955,3771,0,0,0,47500,0,0,0,8027,2433,35672,35672
country_year,FR|2006,44986,397442,0,33023,4067,0,8314,0,36672,0,0,8314,6678,2513,33023,33023
country_year,ES|2017,44547,147333,98024,33975,2999,0,0,0,44547,0,0,0,6658,1677,30810,30810
country_year,ES|2018,44512,147111,99047,34528,3357,0,0,0,44512,0,0,0,7513,1486,31930,31930
country_year,ES|2010,43612,229846,0,13991,5133,0,27773,3656,15839,0,0,27773,6165,4337,13991,13965
country_year,ES|2015,43348,159109,96842,32457,3710,0,0,0,43348,0,0,0,6818,2070,29821,29821
country_year,ES|2014,38061,142681,82525,27760,3215,0,0,0,38061,0,0,0,5364,1631,25468,25468
country_year,ES|2013,35584,139616,77851,24553,2626,0,0,0,35584,0,0,0,4511,1404,22161,22161
country_year,IT|2007,33410,275578,0,6926,1754,0,24539,13791,8871,0,0,24539,6343,1309,6926,6926
country_year,IT|2008,29929,243767,95370,16390,3282,0,9274,3670,20655,0,0,9274,6090,2265,15106,15071
country_year,ES|2009,24160,108694,0,11006,2346,0,11985,704,12175,0,0,11985,2835,1919,11006,8619
country_year,ES|2011,23179,94141,0,12122,3837,0,8229,2499,14950,0,0,8229,4733,2504,12122,12122
country_year,PL|2012,22501,212291,44572,5514,1237,0,16883,6782,5618,0,0,16883,5017,768,3869,3857
country_year,ES|2012,21657,99663,33742,11562,2739,0,7312,2004,14345,0,0,7312,3489,1603,10977,10977
country_year,CZ|2016,20191,223195,145031,15294,1909,0,418,4,19773,418,0,0,4025,946,12987,12987
country_year,CZ|2017,19880,224291,147311,15025,1627,0,420,4,19460,420,0,0,3582,845,12887,12887
country_year,CZ|2014,19303,222068,143232,14478,1507,0,417,2,18886,417,0,0,3351,739,12051,12051
country_year,CZ|2015,19299,221599,145678,14671,1443,0,417,2,18882,417,0,0,3346,692,12260,12260
country_year,CZ|2013,17960,211941,133950,13284,1292,0,396,0,17564,396,0,0,2991,580,10909,10909
country_year,CZ|2012,17639,374624,236594,13161,1211,0,398,0,17241,398,0,0,2877,554,10855,10855
country_year,PL|2011,16086,147739,0,530,42,0,15439,11038,647,0,0,15439,5064,22,530,447
country_year,FR|2005,15510,145763,0,1008,0,0,13752,9536,1758,0,0,13752,1523,0,1008,1008
country_year,CZ|2011,15118,310884,185587,10857,1003,0,386,0,14732,386,0,0,2360,501,8924,8924
country_year,ES|2008,15008,70183,0,4221,0,0,9951,0,5057,0,0,9951,0,0,4221,4221
country_year,DE|2011,14831,187489,98878,10409,1268,0,431,0,13835,0,565,431,2683,790,9075,9075
country_year,CZ|2010,14332,303450,182894,10263,978,0,337,0,13995,337,0,0,2256,507,8451,8451
country_year,FR|2004,13417,128938,0,982,0,0,11798,8095,1619,0,0,11798,1312,0,982,982
country_year,CZ|2009,13261,126496,78632,9471,776,0,272,0,12989,272,0,0,1848,345,8120,8120
country_year,DE|2012,11943,142211,74715,8082,1041,0,390,0,10942,0,611,390,2146,658,7021,7021
country_year,DE|2019,11853,148835,89970,9177,1287,0,0,0,11853,0,0,0,3191,546,7991,7991
country_year,DE|2009,11233,156731,82384,8367,838,0,415,10,10391,0,427,415,2272,517,7255,7255
country_year,IT|2009,11151,64601,19085,5774,1258,0,4358,1300,6793,0,0,4358,2209,982,5506,5506
country_year,DE|2010,10744,158999,83518,7827,873,0,487,12,10093,0,164,487,2122,499,6971,6971
country_year,DE|2018,9654,135485,90357,7602,1009,0,0,0,9654,0,0,0,2990,518,6520,6520
country_year,DE|2001,9256,98913,0,43,0,0,8193,7976,1063,0,0,8193,2094,0,43,43
country_year,DE|2013,8231,113513,86630,7309,677,0,0,0,8231,0,0,0,1983,357,6402,6402
country_year,DE|2017,7801,111675,66764,5812,832,0,0,0,7801,0,0,0,2615,442,4822,4822
country_year,FR|2003,7719,72037,0,737,0,0,6418,2422,1301,0,0,6418,499,0,737,737
country_year,DE|2008,7540,109372,37879,4008,583,0,488,16,6693,0,359,488,763,529,3442,3442
country_year,DE|2016,7518,108751,66321,5694,778,0,0,0,7518,0,0,0,2458,471,4805,4805
country_year,IE|2009,7275,88938,29846,2874,224,0,1324,2,5951,0,0,1324,972,77,2458,2458
country_year,AT|2004,7241,81482,0,0,0,0,7241,4331,0,0,0,7241,1174,0,0,0
country_year,DE|2014,6985,97976,71328,5963,529,0,0,0,6985,0,0,0,1665,304,5109,5109
country_year,BE|2011,6932,78538,32529,3893,445,0,2410,1299,4522,719,0,1691,1893,239,3147,3147
country_year,AT|2006,6785,67613,0,1853,489,0,3120,0,3665,0,0,3120,773,175,1853,1853
country_year,AT|2005,6662,77543,0,0,0,0,6662,3752,0,0,0,6662,882,0,0,0
country_year,DE|2002,6557,88240,0,43,0,0,5707,5340,850,0,0,5707,1639,0,43,43
country_year,DE|2000,6451,86135,0,30,0,0,5375,5173,1059,0,17,5375,1550,0,30,30
country_year,IE|2010,6213,77712,14107,2279,232,0,844,375,5369,0,0,844,344,137,2139,2139
country_year,DE|2015,6188,87689,60504,5153,511,0,0,0,6188,0,0,0,1502,299,4302,4302
country_year,IE|2011,6151,73342,27687,3289,296,0,1214,604,4937,0,0,1214,549,215,3014,3014
country_year,ES|2007,6011,64668,0,2135,0,0,3366,0,2645,0,0,3366,0,0,2135,2135
country_year,ES|2005,5954,35029,0,0,0,0,5954,0,0,0,0,5954,0,0,0,0
country_year,DE|1999,5871,85773,0,22,0,0,4853,4600,1001,0,17,4853,1384,0,22,22
country_year,FR|2000,5742,42510,0,0,0,0,5742,1176,0,0,0,5742,391,0,0,0
country_year,BE|2012,5723,65488,36854,3851,430,0,1248,143,4475,755,0,493,1497,253,3249,3249
country_year,FR|2001,5683,45219,0,0,0,0,5683,1247,0,0,0,5683,398,0,0,0
country_year,DE|2005,5628,84680,0,3605,402,0,194,0,5383,0,51,194,1177,276,3605,3603
country_year,DE|2003,5611,87947,0,46,0,0,4574,4401,1037,0,0,4574,1434,0,46,46
country_year,FR|2002,5543,46864,0,1,0,0,5542,1529,1,0,0,5542,506,0,1,1
country_year,ES|2004,5514,38767,0,0,0,0,5514,0,0,0,0,5514,0,0,0,0
country_year,DE|2006,5473,70471,0,3081,521,0,186,1,5168,0,119,186,1211,391,3081,3081
country_year,ES|2003,5416,35624,0,0,0,0,5416,0,0,0,0,5416,0,0,0,0
country_year,RS|2011,5214,28786,0,0,0,0,5214,3454,0,0,0,5214,790,0,0,0
country_year,IE|2012,5087,64765,20782,2440,256,0,1035,576,4052,0,0,1035,426,144,2185,2185
country_year,ES|2001,5048,32686,0,0,0,0,5048,0,0,0,0,5048,0,0,0,0
country_year,RS|2010,5039,27625,0,0,0,0,5039,3281,0,0,0,5039,677,0,0,0
country_year,FR|1999,4815,36492,0,0,0,0,4815,805,0,0,0,4815,300,0,0,0
country_year,ES|2002,4669,31762,0,0,0,0,4669,0,0,0,0,4669,0,0,0,0
country_year,ES|2000,4529,28379,0,0,0,0,3368,0,1161,0,0,3368,0,0,0,0
country_year,FR|1998,4518,35589,0,0,0,0,4518,545,0,0,0,4518,225,0,0,0
country_year,FI|2012,4442,37517,8693,1254,133,0,3124,981,1318,0,0,3124,363,94,1148,1148
country_year,FR|1997,4427,32272,0,0,0,0,4427,569,0,0,0,4427,221,0,0,0
country_year,RO|2012,4372,35044,11288,1999,373,0,1115,228,3257,0,0,1115,629,216,1601,1601
country_year,RS|2009,4299,25399,5027,2079,258,0,2095,345,2204,0,0,2095,567,58,1820,1820
country_year,RS|2012,4280,36377,17615,2622,169,0,892,511,3388,0,0,892,687,108,2067,2067
country_year,IT|2005,4230,32862,0,143,0,0,3949,1388,281,0,0,3949,444,0,143,143
country_year,FI|2009,4125,33086,0,0,0,0,2937,301,1188,0,0,2937,208,0,0,0
country_year,FI|2011,4058,31811,5124,690,65,0,3368,829,690,0,0,3368,219,50,598,598
country_year,IT|2004,4048,33053,0,157,0,0,3765,1198,283,0,0,3765,404,0,157,157
country_year,BE|2013,4029,51918,34967,3033,164,0,763,0,3266,763,0,0,1188,108,2637,2637
country_year,BE|2014,4029,51946,34284,2959,172,0,794,0,3235,794,0,0,1188,108,2601,2601
country_year,BE|2015,4029,49263,33155,2999,257,0,786,0,3243,786,0,0,1188,109,2669,2669
country_year,SE|2012,3969,41922,1231,329,20,0,3238,1650,731,0,0,3238,324,16,251,251
country_year,PL|2008,3898,28755,0,0,0,0,3878,2399,20,0,0,3878,991,0,0,0
country_year,FI|2008,3827,30243,0,0,0,0,3827,1210,0,0,0,3827,211,0,0,0
country_year,RO|2011,3806,34502,8215,1528,282,0,1038,179,2768,0,0,1038,434,159,1280,1280
country_year,BE|2019,3802,46468,30590,2847,187,0,745,0,3057,745,0,0,1188,118,2505,2505
country_year,BE|2018,3802,49304,34741,2924,268,0,763,0,3039,763,0,0,1188,109,2645,2645
country_year,BE|2020,3802,41315,27721,2851,220,0,728,0,3074,728,0,0,1188,111,2494,2494
country_year,BE|2009,3798,44272,18955,2360,392,0,612,106,3186,0,0,612,1092,242,1673,1673
country_year,FR|1996,3781,27526,0,0,0,0,3781,662,0,0,0,3781,258,0,0,0
country_year,FR|1995,3779,26642,0,0,0,0,3779,637,0,0,0,3779,252,0,0,0
country_year,ES|2006,3775,26078,0,0,0,0,3775,0,0,0,0,3775,0,0,0,0
country_year,FI|2007,3741,25184,0,0,0,0,3741,1331,0,0,0,3741,229,0,0,0
country_year,IT|2006,3735,27200,0,144,0,0,3465,2127,270,0,0,3465,788,0,144,144
country_year,IT|2003,3724,30733,0,149,0,0,3459,1102,265,0,0,3459,353,0,149,149
country_year,BE|2023,3706,46682,30626,2761,215,0,633,0,3073,633,0,0,1188,152,2417,0
country_year,BE|2022,3706,47080,30986,2743,195,0,746,0,2960,746,0,0,1188,118,2374,0
country_year,BE|2021,3706,46736,30316,2742,201,0,753,0,2953,753,0,0,1188,121,2376,0
country_year,SK|2008,3704,40772,24244,2324,309,24,577,38,3127,0,0,577,686,177,2139,2139
country_year,BE|2017,3664,46590,31293,2735,206,0,731,0,2933,731,0,0,1144,104,2398,2398
country_year,BE|2016,3664,47246,31291,2709,156,0,731,0,2933,731,0,0,1144,104,2370,2370
country_year,FI|2010,3595,29500,3122,367,24,0,3228,722,367,0,0,3228,147,15,269,269
country_year,SE|2011,3577,36882,470,243,5,0,2172,1320,1405,0,0,2172,276,4,177,177
country_year,SE|2010,3491,35859,388,219,2,0,2139,1283,1352,0,0,2139,254,1,143,143
country_year,IE|2007,3488,18625,0,0,0,0,3488,2650,0,0,0,3488,969,0,0,0
country_year,BE|2010,3475,39992,7268,1197,290,0,1805,1286,1670,0,0,1805,1032,197,780,780
country_year,ES|1996,3461,23569,0,0,0,0,3461,0,0,0,0,3461,0,0,0,0
country_year,ES|1997,3426,21870,0,0,0,0,3426,0,0,0,0,3426,0,0,0,0
country_year,FR|1992,3409,24191,0,0,0,0,3409,385,0,0,0,3409,142,0,0,0
country_year,FR|1993,3407,25688,0,0,0,0,3407,336,0,0,0,3407,126,0,0,0
country_year,RO|2010,3368,26881,4994,1209,268,0,956,226,2412,0,0,956,406,164,959,959
country_year,PL|2009,3349,26891,129,29,3,0,3301,1486,48,0,0,3301,624,1,21,21
country_year,FR|1994,3327,25250,0,0,0,0,3327,370,0,0,0,3327,147,0,0,0
country_year,ES|1999,3283,22182,0,0,0,0,3283,0,0,0,0,3283,0,0,0,0
country_year,HU|2007,3255,28485,0,0,0,0,3255,1343,0,0,0,3255,431,0,0,0
country_year,AT|2003,3170,32733,0,0,0,0,3170,1644,0,0,0,3170,555,0,0,0
country_year,ES|1998,3153,21044,0,0,0,0,3153,0,0,0,0,3153,0,0,0,0
country_year,FI|2006,3112,22203,0,0,0,0,3112,734,0,0,0,3112,129,0,0,0
country_year,FR|1991,3106,19893,0,0,0,0,3106,344,0,0,0,3106,119,0,0,0
country_year,SE|2009,3091,33510,295,190,0,0,1152,528,1939,0,0,1152,240,0,142,129
country_year,SK|2012,3066,35509,20424,2065,276,0,560,106,2506,0,0,560,645,208,1961,1961
country_year,RS|2008,2902,22836,0,0,0,0,2902,1445,0,0,0,2902,151,0,0,0
country_year,FI|2004,2896,26246,0,68,0,0,2734,893,162,0,0,2734,161,0,68,68
country_year,FI|2003,2882,26959,0,80,0,0,2669,868,213,0,0,2669,145,0,80,80
country_year,FI|2005,2874,25520,0,67,0,0,2709,875,165,0,0,2709,148,0,67,67
country_year,FI|2002,2873,26775,0,76,0,0,2663,855,210,0,0,2663,151,0,76,76
country_year,AT|2010,2862,36925,2316,636,213,0,2168,956,694,0,0,2168,396,42,276,276
country_year,ES|1994,2799,19383,0,0,0,0,2799,0,0,0,0,2799,0,0,0,0
country_year,FI|2001,2785,27134,0,87,0,0,2595,834,190,0,0,2595,148,0,87,87
country_year,SE|2007,2768,26869,6,132,1,0,948,399,1820,0,0,948,280,0,132,132
country_year,FI|2000,2760,28046,0,79,0,0,2570,802,190,0,0,2570,145,0,79,79
country_year,AT|2002,2759,31303,0,0,0,0,2759,1250,0,0,0,2759,400,0,0,0
country_year,AT|2001,2732,29269,0,0,0,0,2732,1246,0,0,0,2732,397,0,0,0
country_year,SE|2008,2727,28521,308,224,5,0,713,276,2014,0,0,713,285,2,155,155
country_year,FR|1990,2725,18691,0,0,0,0,2725,76,0,0,0,2725,30,0,0,0
country_year,HU|2006,2720,38818,0,0,0,0,1552,0,1168,0,0,1552,291,0,0,0
country_year,CZ|2006,2695,31110,0,1030,323,0,981,0,1714,0,0,981,519,180,1030,1030
country_year,SE|2005,2651,26748,0,97,0,0,1604,1019,1047,0,0,1604,244,0,97,80
country_year,SE|2003,2639,26123,0,73,0,0,1579,1047,1060,0,0,1579,243,0,73,53
country_year,FR|1989,2637,16750,0,0,0,0,2637,0,0,0,0,2637,0,0,0,0
country_year,IT|2002,2632,21437,0,0,0,0,2632,990,0,0,0,2632,316,0,0,0
country_year,SE|2004,2621,25511,0,76,0,0,1553,1042,1068,0,0,1553,244,0,76,56
country_year,SK|2007,2604,24900,0,1575,256,0,225,19,2379,0,0,225,604,167,1575,1575
country_year,SE|2006,2593,26112,5,152,0,0,685,123,1908,0,0,685,233,0,148,101
country_year,RS|2007,2592,15877,147,147,0,0,2445,1099,147,0,0,2445,91,0,147,147
country_year,ES|1995,2516,18077,0,0,0,0,2516,0,0,0,0,2516,0,0,0,0
country_year,HU|2004,2507,55491,0,0,0,0,2507,925,0,0,0,2507,287,0,0,0
country_year,SK|2011,2469,25120,13416,1526,216,0,459,69,2010,0,0,459,350,148,1478,1478
country_year,HU|2003,2466,58328,0,0,0,0,2466,917,0,0,0,2466,296,0,0,0
country_year,LT|2005,2458,19206,0,4,0,0,1852,1667,606,0,0,1852,601,0,4,4
country_year,RS|2006,2449,13787,161,161,5,0,1296,77,1153,0,0,1296,90,5,161,161
country_year,FI|1999,2441,25625,0,69,0,0,2286,719,155,0,0,2286,137,0,69,69
country_year,FI|1998,2413,24755,0,72,0,0,2267,723,146,0,0,2267,141,0,72,72
country_year,CZ|2005,2411,34089,0,31,0,0,1632,1487,779,0,0,1632,424,0,31,31
country_year,FI|1997,2410,23200,0,53,0,0,2266,724,144,0,0,2266,137,0,53,53
country_year,HR|2010,2391,25062,9888,1089,93,0,859,471,1532,0,0,859,484,62,805,805
country_year,RO|2009,2389,23028,487,168,29,2,1235,362,1154,0,0,1235,122,13,91,91
country_year,HR|2009,2386,23581,0,0,0,0,2386,1539,0,0,0,2386,459,0,0,0
country_year,HU|2002,2374,53595,0,0,0,0,2374,894,0,0,0,2374,287,0,0,0
country_year,FI|1995,2367,21994,0,42,0,0,2264,736,103,0,0,2264,139,0,42,42
country_year,IE|2008,2361,28528,0,0,0,0,2361,1767,0,0,0,2361,513,0,0,0
country_year,SK|2009,2350,27228,13393,1218,148,0,563,91,1787,0,0,563,253,57,1173,1173
country_year,HU|2001,2346,52152,0,0,0,0,2346,862,0,0,0,2346,276,0,0,0
country_year,FI|1996,2343,21431,0,51,0,0,2211,715,132,0,0,2211,134,0,51,50
country_year,CZ|2007,2341,26000,0,0,0,0,2341,1389,0,0,0,2341,427,0,0,0
country_year,CZ|2004,2335,28044,0,35,0,0,1556,1412,779,0,0,1556,408,0,35,35
country_year,CZ|2008,2325,27372,545,50,0,0,2275,1448,50,0,0,2275,438,0,50,50
country_year,HU|1999,2304,50092,0,0,0,0,2304,839,0,0,0,2304,272,0,0,0
country_year,HU|2000,2296,51098,0,0,0,0,2296,838,0,0,0,2296,274,0,0,0
country_year,HU|1998,2287,49715,0,0,0,0,2287,824,0,0,0,2287,270,0,0,0
country_year,BE|2007,2275,25132,0,37,0,0,2048,1397,227,0,0,2048,495,0,37,37
country_year,SK|2010,2270,27422,17700,1556,242,0,356,65,1914,0,0,356,500,158,1162,1162
country_year,HU|1997,2267,48690,0,0,0,0,2267,819,0,0,0,2267,262,0,0,0
country_year,BE|2008,2247,26555,7501,973,148,0,791,210,1456,0,0,791,547,119,733,733
country_year,FI|1994,2247,21167,0,45,0,0,2143,680,104,0,0,2143,129,0,45,45
country_year,FI|1991,2223,16294,0,15,0,0,2181,707,42,0,0,2181,142,0,15,15
country_year,HU|1994,2218,45805,0,0,0,0,2218,772,0,0,0,2218,267,0,0,0
country_year,PL|2006,2215,25981,0,0,0,0,2211,0,4,0,0,2211,0,0,0,0
country_year,NL|2010,2210,28526,16178,1552,124,0,658,436,1552,0,0,658,352,69,1100,1082
country_year,HU|1996,2184,47618,0,0,0,0,2184,745,0,0,0,2184,254,0,0,0
country_year,HU|1995,2178,46863,0,0,0,0,2178,748,0,0,0,2178,256,0,0,0
country_year,FI|1979,2165,11585,0,10,0,0,2150,804,15,0,0,2150,194,0,10,10
country_year,HR|2012,2133,16206,4727,996,64,0,728,327,1405,0,0,728,359,54,932,932
country_year,FI|1978,2126,10824,0,0,0,0,2126,812,0,0,0,2126,192,0,0,0
country_year,FR|1988,2126,13819,0,0,0,0,2126,0,0,0,0,2126,0,0,0,0
country_year,BE|2006,2123,23506,0,37,0,0,476,0,1647,0,0,476,454,0,37,8
country_year,FI|1990,2118,16625,0,12,0,0,2088,578,30,0,0,2088,72,0,12,12
country_year,PL|2007,2112,21768,0,0,0,0,2112,6,0,0,0,2112,0,0,0,0
country_year,HR|2011,2108,17081,5313,1019,76,0,673,298,1435,0,0,673,368,63,950,950
country_year,FR|1981,2078,13724,0,0,0,0,2078,0,0,0,0,2078,0,0,0,0
country_year,FI|1992,2070,15741,0,24,0,0,2020,547,50,0,0,2020,68,0,24,24
country_year,FI|1983,2061,14590,0,20,0,0,2021,618,40,0,0,2021,69,0,20,20
country_year,FI|1989,2061,15593,0,18,0,0,2024,585,37,0,0,2024,61,0,18,18
country_year,PL|2005,2049,24345,0,0,0,0,2049,0,0,0,0,2049,0,0,0,0
country_year,FI|1980,2044,11244,0,11,0,0,2027,733,17,0,0,2027,180,0,11,11
country_year,FI|1993,2020,16779,0,30,0,0,1955,558,65,0,0,1955,69,0,30,30
country_year,FI|1985,2020,15358,0,21,0,0,1982,584,38,0,0,1982,55,0,21,21
country_year,FI|1986,2009,13158,0,14,0,0,1977,583,32,0,0,1977,54,0,14,14
country_year,EE|2014,2004,12189,1700,458,0,190,1622,190,382,1622,0,0,112,0,206,206
country_year,NL|2011,1999,27854,16467,1411,161,0,588,511,1411,0,0,588,366,105,1206,1206
country_year,FI|1982,1986,13873,0,20,0,0,1950,519,36,0,0,1950,68,0,20,20
country_year,EE|2013,1982,11253,1108,414,0,182,1652,182,330,1652,0,0,95,0,207,207
country_year,BE|2005,1957,22463,597,62,0,0,1895,1351,62,0,0,1895,418,0,57,57
country_year,FI|1984,1952,14489,0,24,0,0,1905,494,47,0,0,1905,64,0,24,24
country_year,RO|2008,1943,18823,585,199,82,0,903,275,1040,0,0,903,210,35,105,105
country_year,FI|1988,1920,15452,0,19,0,0,1877,533,43,0,0,1877,45,0,19,19
country_year,HU|2005,1895,36981,0,0,0,0,1895,301,0,0,0,1895,62,0,0,0
country_year,FI|1987,1887,13837,0,17,0,0,1859,483,28,0,0,1859,23,0,17,17
country_year,NL|2012,1861,24859,13823,1282,129,0,579,479,1282,0,0,579,341,71,1077,1077
country_year,CY|2012,1859,10490,5856,1271,106,0,284,131,1575,0,0,284,243,54,1241,1229
country_year,FI|1981,1852,11813,0,16,0,0,1820,465,32,0,0,1820,59,0,16,16
country_year,FR|1987,1850,11382,0,0,0,0,1850,0,0,0,0,1850,0,0,0,0
country_year,HU|1993,1838,39286,0,0,0,0,1838,523,0,0,0,1838,191,0,0,0
country_year,BG|2011,1830,8066,965,372,105,0,634,244,1196,0,0,634,140,57,298,298
country_year,FR|1982,1814,13324,0,0,0,0,1814,0,0,0,0,1814,0,0,0,0
country_year,FI|1977,1812,9877,0,1,0,0,1811,641,1,0,0,1811,150,0,1,1
country_year,NL|2009,1812,24603,357,970,128,0,214,0,1598,0,0,214,345,64,956,935
country_year,SE|2002,1808,17915,4,3,0,0,1045,490,763,0,0,1045,243,0,1,1
country_year,HU|1992,1802,38263,0,0,0,0,1802,490,0,0,0,1802,184,0,0,0
country_year,BG|2012,1772,7523,789,491,20,0,230,28,1542,0,0,230,40,15,462,462
country_year,SE|2001,1769,16504,0,0,0,0,1765,581,4,0,0,1765,241,0,0,0
country_year,HU|1991,1725,38052,0,0,0,0,1725,436,0,0,0,1725,158,0,0,0
country_year,BG|2010,1710,8310,0,249,151,0,467,162,1243,0,0,467,159,115,249,249
country_year,HU|1989,1688,39125,0,0,0,0,1688,363,0,0,0,1688,130,0,0,0
country_year,FR|1976,1666,8964,0,0,0,0,1666,0,0,0,0,1666,0,0,0,0
country_year,EL|2008,1645,1717,0,787,25,0,0,0,1563,0,82,0,164,16,787,778
country_year,HU|1990,1640,38147,0,0,0,0,1640,381,0,0,0,1640,141,0,0,0
country_year,CY|2010,1611,7067,4136,1151,122,0,156,63,1455,0,0,156,208,92,1065,1065
country_year,AT|2009,1601,21112,419,46,14,0,1505,291,96,0,0,1505,22,4,41,41
country_year,CY|2009,1578,7257,3973,1054,103,0,198,88,1380,0,0,198,248,76,888,888
country_year,FR|1984,1564,11058,0,0,0,0,1564,0,0,0,0,1564,0,0,0,0
country_year,NL|2007,1559,23500,13887,1230,115,0,166,0,1393,0,0,166,295,72,1018,1018
country_year,NO|2004,1555,5227,52,52,30,0,1503,813,52,0,0,1503,228,0,52,52
country_year,BA|2010,1555,9884,3838,578,105,0,977,318,578,0,0,977,269,81,270,270
country_year,EE|2012,1526,11245,10,10,6,0,1516,269,10,0,0,1516,95,0,10,10
country_year,LT|2009,1511,15055,2488,474,110,0,289,35,1222,0,0,289,178,47,454,454
country_year,FR|1985,1509,11130,0,0,0,0,1509,0,0,0,0,1509,0,0,0,0
country_year,FI|1976,1503,10764,0,0,0,0,1502,256,1,0,0,1502,3,0,0,0
country_year,FR|1983,1492,11274,0,0,0,0,1492,0,0,0,0,1492,0,0,0,0
country_year,FR|1977,1491,9919,0,0,0,0,1491,0,0,0,0,1491,0,0,0,0
country_year,LT|2010,1482,13306,1689,465,0,0,261,13,1221,0,0,261,196,0,382,3
country_year,EL|2002,1477,5214,0,14,0,0,1039,794,437,0,1,1039,198,0,14,9
country_year,RO|2021,1474,11847,4441,902,185,0,0,0,1474,0,0,0,185,60,449,0
country_year,EE|2010,1468,9252,0,0,0,0,1468,213,0,0,0,1468,66,0,0,0
country_year,FR|1986,1468,10485,0,0,0,0,1468,0,0,0,0,1468,0,0,0,0
country_year,RO|2018,1468,11707,3624,935,180,0,0,0,1468,0,0,0,180,59,462,462
country_year,RO|2020,1464,12034,4645,898,185,0,0,0,1464,0,0,0,185,60,474,474
country_year,BE|2003,1459,16227,0,4,0,0,1455,950,4,0,0,1455,323,0,4,4
country_year,RO|2019,1458,11599,3688,903,184,0,0,0,1458,0,0,0,184,60,463,463
country_year,IT|2001,1453,12679,0,0,0,0,1453,348,0,0,0,1453,119,0,0,0
country_year,LT|2011,1452,13738,2,7,1,0,600,294,852,0,0,600,80,0,6,6
country_year,EL|2007,1451,6551,0,224,0,0,0,0,1450,0,1,0,0,0,224,109
country_year,PL|2001,1436,21823,0,0,0,0,1436,0,0,0,0,1436,0,0,0,0
country_year,PL|2002,1432,21239,0,0,0,0,1432,0,0,0,0,1432,0,0,0,0
country_year,PL|2000,1432,22208,0,0,0,0,1432,0,0,0,0,1432,0,0,0,0
country_year,PL|1999,1430,21606,0,0,0,0,1430,0,0,0,0,1430,0,0,0,0
country_year,PL|2003,1429,20757,0,0,0,0,1299,0,130,0,0,1299,0,0,0,0
country_year,BE|2002,1414,15516,0,1,0,0,1413,911,1,0,0,1413,309,0,1,1
country_year,ES|1990,1408,9362,0,0,0,0,1408,0,0,0,0,1408,0,0,0,0
country_year,RO|2022,1405,10930,4323,883,186,0,0,0,1405,0,0,0,186,61,521,0
country_year,LT|2003,1402,11889,0,4,0,0,682,465,720,0,0,682,142,0,4,4
country_year,RO|2017,1394,11703,3379,631,133,0,0,0,1394,0,0,0,184,79,337,337
country_year,AT|2000,1389,14227,0,0,0,0,1389,63,0,0,0,1389,0,0,0,0
country_year,AT|2012,1387,16697,53,53,28,0,1334,240,53,0,0,1334,28,8,28,28
country_year,NL|2008,1385,18580,11,681,117,0,161,0,1224,0,0,161,276,65,680,680
country_year,AT|2011,1380,16365,47,45,26,0,1335,240,45,0,0,1335,26,8,24,24
country_year,NO|2010,1373,6293,504,248,0,0,650,459,723,0,0,650,153,0,123,123
country_year,LT|2002,1370,11936,0,0,0,0,634,439,736,0,0,634,183,0,0,0
country_year,RO|2023,1366,10784,4426,785,190,0,0,0,1366,0,0,0,190,62,515,0
country_year,RO|2013,1365,13703,3745,631,164,0,0,0,1365,0,0,0,206,79,314,314
country_year,HU|1987,1363,33680,0,0,0,0,1363,109,0,0,0,1363,23,0,0,0
country_year,ES|1993,1360,9517,0,0,0,0,1360,0,0,0,0,1360,0,0,0,0
country_year,NO|2005,1355,5086,8,8,3,0,1347,602,8,0,0,1347,144,0,8,8
country_year,RO|2024,1349,10657,4202,755,178,0,0,0,1349,0,0,0,178,59,452,0
country_year,NO|2006,1347,5488,13,13,8,0,1334,641,13,0,0,1334,157,0,13,13
country_year,EE|2011,1346,8884,0,0,0,0,1346,185,0,0,0,1346,62,0,0,0
country_year,BE|2001,1345,14671,0,4,0,0,1341,858,4,0,0,1341,291,0,4,4
country_year,HU|1988,1340,34484,0,0,0,0,1340,91,0,0,0,1340,8,0,0,0
country_year,RO|2015,1333,13636,3700,600,144,0,0,0,1333,0,0,0,191,79,338,338
country_year,AT|1999,1327,13480,0,0,0,0,1327,0,0,0,0,1327,0,0,0,0
country_year,PL|2004,1321,17134,0,0,0,0,1195,0,126,0,0,1195,0,0,0,0
country_year,LT|2001,1320,11465,0,0,0,0,1320,441,0,0,0,1320,185,0,0,0
country_year,BG|2009,1318,6979,299,112,0,0,346,0,972,0,0,346,115,0,50,50
country_year,AT|1998,1318,12074,0,0,0,0,1318,0,0,0,0,1318,0,0,0,0
country_year,LT|2006,1309,13520,0,469,84,0,265,0,1044,0,0,265,182,50,469,469
country_year,RO|2016,1307,10440,2925,605,192,0,0,0,1307,0,0,0,232,99,349,349
country_year,BG|2008,1300,6290,0,2,0,0,1298,278,2,0,0,1298,136,0,2,2
country_year,LT|2008,1300,13616,3806,505,105,0,106,0,1194,0,0,106,201,56,475,475
country_year,AT|1996,1298,10815,0,0,0,0,1298,0,0,0,0,1298,0,0,0,0
country_year,NO|2011,1292,6334,497,237,0,0,593,410,699,0,0,593,138,0,187,187
country_year,AT|1997,1292,11660,0,0,0,0,1292,0,0,0,0,1292,0,0,0,0
country_year,BG|2004,1290,10325,0,0,0,0,1290,287,0,0,0,1290,287,0,0,0
country_year,SK|2005,1281,9078,0,22,0,0,922,521,359,0,0,922,157,0,22,22
country_year,FR|1980,1281,10162,0,0,0,0,1281,0,0,0,0,1281,0,0,0,0
country_year,BG|2007,1280,5380,0,0,0,0,1280,315,0,0,0,1280,229,0,0,0
country_year,AT|1995,1277,6219,0,0,0,0,1277,0,0,0,0,1277,0,0,0,0
country_year,LT|2000,1275,11552,0,0,0,0,1275,353,0,0,0,1275,165,0,0,0
country_year,NO|2008,1267,5346,0,0,0,0,1267,583,0,0,0,1267,135,0,0,0
country_year,ES|1992,1266,9331,0,0,0,0,1266,0,0,0,0,1266,0,0,0,0
country_year,RO|2007,1266,10051,0,18,76,0,749,135,517,0,0,749,213,22,18,18
country_year,AT|1994,1259,6301,0,0,0,0,1259,0,0,0,0,1259,0,0,0,0
country_year,DE|1998,1254,28860,0,26,0,0,169,0,1084,0,1,169,0,0,26,26
country_year,BA|2007,1251,4001,0,0,0,0,1251,692,0,0,0,1251,212,0,0,0
country_year,LT|2004,1240,10804,0,0,0,0,514,284,726,0,0,514,128,0,0,0
country_year,NO|2007,1236,5496,0,0,0,0,1236,571,0,0,0,1236,135,0,0,0
country_year,DE|1997,1224,29766,0,24,0,0,173,0,1051,0,0,173,0,0,24,24
country_year,DE|2004,1224,27738,0,43,0,0,186,0,1035,0,3,186,0,0,43,43
country_year,LT|2007,1217,11135,0,380,78,0,265,0,952,0,0,265,163,47,380,380
country_year,DE|1996,1209,31096,0,33,0,0,170,0,1038,0,1,170,0,0,33,33
country_year,HR|2007,1207,12500,0,317,43,0,288,6,919,0,0,288,106,12,317,317
country_year,LT|1999,1201,10580,0,0,0,0,1201,356,0,0,0,1201,168,0,0,0
country_year,ES|1991,1198,8848,0,0,0,0,1198,0,0,0,0,1198,0,0,0,0
country_year,AT|1993,1191,5435,0,0,0,0,1191,0,0,0,0,1191,0,0,0,0
country_year,HR|2008,1190,14335,0,0,0,0,1190,448,0,0,0,1190,97,0,0,0
country_year,LT|2012,1188,11798,0,0,0,0,413,178,775,0,0,413,44,0,0,0
country_year,SE|2000,1187,11570,0,1,0,0,1184,147,3,0,0,1184,33,0,1,1
country_year,BE|2000,1183,12478,0,12,0,0,1171,745,12,0,0,1171,258,0,12,12
country_year,LT|1998,1182,10490,0,0,0,0,1182,338,0,0,0,1182,159,0,0,0
country_year,DE|1995,1171,25288,0,43,0,0,175,0,994,0,2,175,0,0,43,43
country_year,BG|2005,1169,8060,0,0,0,0,1169,260,0,0,0,1169,141,0,0,0
country_year,FR|1979,1169,8914,0,0,0,0,1169,0,0,0,0,1169,0,0,0,0
country_year,PL|1997,1168,30524,0,0,0,0,8,0,1160,0,0,8,0,0,0,0
country_year,PL|1998,1167,22515,0,0,0,0,8,0,1159,0,0,8,0,0,0,0
country_year,NO|2012,1163,5594,449,195,0,0,578,411,585,0,0,578,159,0,145,145
country_year,LT|1997,1146,10059,0,0,0,0,1146,315,0,0,0,1146,157,0,0,0
country_year,RO|2014,1145,11691,3621,567,176,0,0,0,1145,0,0,0,222,87,326,326
country_year,LT|1996,1144,9068,0,0,0,0,1144,315,0,0,0,1144,156,0,0,0
country_year,FR|1971,1136,4840,0,0,0,0,1136,0,0,0,0,1136,0,0,0,0
country_year,CY|2011,1132,5915,2315,633,31,0,273,153,859,0,0,273,79,16,609,609
country_year,SE|1999,1124,11393,0,0,0,0,1121,84,3,0,0,1121,12,0,0,0
country_year,FR|1978,1123,8761,0,0,0,0,1123,0,0,0,0,1123,0,0,0,0
country_year,SE|1998,1116,11320,0,0,0,0,1114,75,2,0,0,1114,9,0,0,0
country_year,CH|2012,1112,20668,7510,165,19,0,456,55,656,0,0,456,73,18,113,113
country_year,SE|1997,1107,11151,0,0,0,0,1105,64,2,0,0,1105,6,0,0,0
country_year,LV|2003,1106,9625,0,29,0,0,582,104,524,0,0,582,52,0,29,29
country_year,DE|1994,1098,25767,0,40,0,0,135,0,855,0,108,135,0,0,40,40
country_year,XK|2011,1095,5058,206,206,141,0,889,202,206,0,0,889,141,47,206,206
country_year,LV|2007,1094,4790,11,3,1,0,1091,452,3,0,0,1091,129,0,2,2
country_year,SE|1996,1091,10852,0,0,0,0,1089,56,2,0,0,1089,3,0,0,0
country_year,HR|2006,1087,12423,0,215,47,0,139,0,948,0,0,139,105,19,215,215
country_year,LV|2002,1080,8845,0,47,0,0,512,137,568,0,0,512,69,0,47,47
country_year,EE|2008,1070,8152,0,0,0,0,1070,117,0,0,0,1070,47,0,0,0
country_year,LV|2008,1066,8029,1630,493,108,0,241,1,825,0,0,241,129,108,476,476
country_year,EL|2003,1066,3823,0,0,0,0,1066,834,0,0,0,1066,130,0,0,0
country_year,RS|2005,1056,10131,0,0,0,0,1056,0,0,0,0,1056,0,0,0,0
country_year,PT|2006,1052,5907,0,468,90,0,297,0,755,0,0,297,91,90,468,425
country_year,BG|2006,1045,4686,0,0,0,0,698,0,347,0,0,698,248,0,0,0
country_year,SE|1995,1039,10498,0,0,0,0,1036,42,3,0,0,1036,0,0,0,0
country_year,RO|2006,1036,5321,0,0,0,0,836,3,200,0,0,836,194,0,0,0
country_year,SK|2006,1027,1542,0,355,99,0,132,0,895,0,0,132,172,49,355,355
country_year,DE|1993,1026,25643,0,28,0,0,134,0,802,0,90,134,0,0,28,28
country_year,XK|2008,1025,5095,95,64,7,0,961,335,64,0,0,961,138,1,56,56
country_year,SE|1993,1011,10532,0,0,0,0,1010,36,1,0,0,1010,0,0,0,0
country_year,SE|1994,1011,10684,0,0,0,0,1008,36,3,0,0,1008,0,0,0,0
country_year,SE|1992,1011,10210,0,0,0,0,1011,38,0,0,0,1011,0,0,0,0
country_year,EE|2009,1008,8110,0,0,0,0,1008,0,0,0,0,1008,0,0,0,0
country_year,DE|1992,1007,23664,0,22,0,0,136,0,778,0,93,136,0,0,22,22
country_year,HR|2005,999,10378,0,25,0,0,495,343,504,0,0,495,95,0,25,25
country_year,BA|2009,994,6928,0,0,0,0,994,323,0,0,0,994,90,0,0,0
country_year,RS|2004,979,7651,0,0,0,0,979,0,0,0,0,979,0,0,0,0
country_year,BA|2008,976,4214,0,0,0,0,976,430,0,0,0,976,93,0,0,0
country_year,SE|1990,970,10309,0,0,0,0,968,0,2,0,0,968,0,0,0,0
country_year,HR|2004,969,10229,0,30,0,0,449,315,520,0,0,449,80,0,30,30
country_year,SE|1991,967,10286,0,0,0,0,967,0,0,0,0,967,0,0,0,0
country_year,SE|1989,958,10377,0,0,0,0,957,0,1,0,0,957,0,0,0,0
country_year,FR|1972,957,4018,0,0,0,0,957,0,0,0,0,957,0,0,0,0
country_year,SE|1987,952,10340,0,0,0,0,952,0,0,0,0,952,0,0,0,0
country_year,LV|2004,951,8826,0,23,0,0,499,116,452,0,0,499,58,0,23,23
country_year,DE|1991,949,17435,0,12,0,0,132,0,715,0,102,132,0,0,12,12
country_year,DE|1990,944,18490,0,17,0,0,133,0,674,0,137,133,0,0,17,17
country_year,SE|1988,938,10224,0,0,0,0,938,0,0,0,0,938,0,0,0,0
country_year,XK|2012,919,4953,494,297,141,0,576,102,343,0,0,576,141,141,290,290
country_year,CH|2011,919,11048,116,26,0,0,419,5,500,0,0,419,6,0,21,21
country_year,LV|2005,899,7697,0,7,0,0,503,64,396,0,0,503,27,0,7,7
country_year,PT|2009,894,6700,1115,427,77,0,371,0,523,0,0,371,97,64,403,403
country_year,SK|2004,894,8064,0,36,0,0,331,226,562,0,1,331,78,0,36,36
country_year,HR|2003,890,9908,0,30,0,0,475,266,415,0,0,475,80,0,30,30
country_year,DE|1989,882,16591,0,21,0,0,121,0,578,0,183,121,0,0,21,21
country_year,LV|2009,873,3197,1054,319,60,0,298,24,575,0,0,298,72,60,317,317
country_year,SE|1986,867,9247,0,0,0,0,867,0,0,0,0,867,0,0,0,0
country_year,EE|2007,866,6956,16,16,8,0,850,20,16,0,0,850,8,4,16,16
country_year,EE|2004,856,7037,16,16,8,0,840,24,16,0,0,840,8,4,16,16
country_year,PT|2007,845,3497,0,18,1,0,542,10,303,0,0,542,42,1,18,18
country_year,CY|2008,845,3535,1935,656,100,0,90,0,755,0,0,90,157,77,619,619
country_year,RO|2001,845,10140,0,0,0,0,845,0,0,0,0,845,0,0,0,0
country_year,EE|2003,843,6897,17,17,8,0,826,19,17,0,0,826,8,4,17,17
country_year,EE|2005,843,6971,16,16,8,0,827,20,16,0,0,827,8,4,16,16
country_year,CZ|2003,842,9766,0,0,0,0,842,0,0,0,0,842,0,0,0,0
country_year,LV|2001,839,7196,0,1,0,0,832,0,7,0,0,832,0,0,1,1
country_year,AT|2007,839,8329,0,19,4,0,816,37,23,0,0,816,17,0,19,19
country_year,RO|2002,838,10308,0,0,0,0,838,0,0,0,0,838,0,0,0,0
country_year,RO|2005,835,4032,0,0,0,0,835,0,0,0,0,835,0,0,0,0
country_year,RO|2003,831,10212,0,0,0,0,831,0,0,0,0,831,0,0,0,0
country_year,SK|2003,830,7568,0,6,0,0,526,214,304,0,0,526,109,0,6,6
country_year,FR|1975,828,5280,0,0,0,0,828,0,0,0,0,828,0,0,0,0
country_year,RO|2004,827,10168,0,0,0,0,827,0,0,0,0,827,0,0,0,0
country_year,DE|1988,826,15597,0,16,0,0,122,0,531,0,173,122,0,0,16,16
country_year,EE|2002,825,6565,16,16,8,0,809,20,16,0,0,809,8,4,16,16
country_year,AT|2008,823,10547,100,20,3,0,754,31,69,0,0,754,15,0,12,12
country_year,EE|2001,817,6313,21,14,8,0,803,20,14,0,0,803,8,4,14,14
country_year,CZ|1999,807,9710,0,0,0,0,807,0,0,0,0,807,0,0,0,0
country_year,SE|1985,795,8591,0,0,0,0,795,0,0,0,0,795,0,0,0,0
country_year,CZ|1998,794,9553,0,0,0,0,794,0,0,0,0,794,0,0,0,0
country_year,BG|2003,783,7846,0,0,0,0,783,0,0,0,0,783,0,0,0,0
country_year,CZ|2000,782,9414,0,0,0,0,782,0,0,0,0,782,0,0,0,0
country_year,AT|1992,782,3977,0,0,0,0,782,0,0,0,0,782,0,0,0,0
country_year,CZ|2002,778,9435,0,0,0,0,778,0,0,0,0,778,0,0,0,0
country_year,CZ|2001,778,9431,0,0,0,0,778,0,0,0,0,778,0,0,0,0
country_year,NO|2009,750,3528,466,214,0,0,101,101,649,0,0,101,145,0,182,182
country_year,LV|2006,745,4199,14,112,48,0,352,1,393,0,0,352,52,46,109,109
country_year,CZ|1997,743,8931,0,0,0,0,743,0,0,0,0,743,0,0,0,0
country_year,SE|1984,741,7738,0,0,0,0,741,0,0,0,0,741,0,0,0,0
country_year,EE|1998,736,6382,0,0,0,0,736,0,0,0,0,736,0,0,0,0
country_year,BA|2006,735,2904,0,9,0,0,518,0,217,0,0,518,80,0,9,0
country_year,SK|2013,732,8894,128,43,0,0,561,0,171,561,0,0,0,0,7,7
country_year,EE|1999,728,6217,0,0,0,0,728,0,0,0,0,728,0,0,0,0
country_year,EE|2006,727,5778,16,16,8,0,711,20,16,0,0,711,8,4,16,16
country_year,BG|2002,725,7599,0,0,0,0,725,0,0,0,0,725,0,0,0,0
country_year,EE|1997,718,6144,0,0,0,0,718,0,0,0,0,718,0,0,0,0
country_year,EE|2000,714,6082,0,0,0,0,714,0,0,0,0,714,0,0,0,0
country_year,EE|1994,713,6351,0,0,0,0,713,0,0,0,0,713,0,0,0,0
country_year,EE|1995,704,6061,0,0,0,0,704,0,0,0,0,704,0,0,0,0
country_year,EE|1996,702,6064,0,0,0,0,702,0,0,0,0,702,0,0,0,0
country_year,LT|1994,699,7528,0,0,0,0,699,0,0,0,0,699,0,0,0,0
country_year,LT|1995,699,7189,0,0,0,0,699,0,0,0,0,699,0,0,0,0
country_year,DE|1985,695,13628,0,1,0,0,79,0,216,0,400,79,0,0,1,1
country_year,DE|1986,692,13924,0,2,0,0,79,0,217,0,396,79,0,0,2,2
country_year,SE|1983,692,7291,0,0,0,0,692,0,0,0,0,692,0,0,0,0
country_year,LV|1994,689,5929,0,0,0,0,689,171,0,0,0,689,86,0,0,0
country_year,EE|1993,689,5729,0,0,0,0,689,0,0,0,0,689,0,0,0,0
country_year,DE|1987,685,14178,0,4,0,0,74,0,252,0,359,74,0,0,4,4
country_year,BG|1999,677,6845,0,0,0,0,677,0,0,0,0,677,0,0,0,0
country_year,DE|1984,676,13636,0,1,0,0,81,0,218,0,377,81,0,0,1,1
country_year,BA|2012,675,4837,122,27,0,0,648,170,27,0,0,648,54,0,11,11
country_year,BG|2000,675,6904,0,0,0,0,675,0,0,0,0,675,0,0,0,0
country_year,CZ|1995,674,8553,0,0,0,0,674,0,0,0,0,674,0,0,0,0
country_year,AL|2008,670,2055,0,15,0,0,436,0,203,0,31,436,0,0,15,15
country_year,BG|2001,666,6995,0,0,0,0,666,0,0,0,0,666,0,0,0,0
country_year,BA|2011,665,6327,701,112,15,0,534,98,131,0,0,534,54,9,84,84
country_year,LV|1993,658,6014,0,0,0,0,658,166,0,0,0,658,86,0,0,0
country_year,EE|1992,658,3886,0,0,0,0,658,0,0,0,0,658,0,0,0,0
country_year,CZ|1996,655,7868,0,0,0,0,655,0,0,0,0,655,0,0,0,0
country_year,CZ|1994,655,8268,0,0,0,0,655,0,0,0,0,655,0,0,0,0
country_year,DE|2007,648,4213,0,35,198,0,0,0,453,0,195,0,198,198,35,35
country_year,LV|1995,647,5266,0,0,0,0,647,128,0,0,0,647,64,0,0,0
country_year,LV|1998,635,4460,0,0,0,0,635,100,0,0,0,635,50,0,0,0
country_year,LV|1996,634,4704,0,0,0,0,634,112,0,0,0,634,56,0,0,0
country_year,DE|1983,625,12655,0,1,0,0,78,0,200,0,347,78,0,0,1,1
country_year,LV|2000,625,4871,0,0,0,0,569,108,56,0,0,569,54,0,0,0
country_year,BG|1998,619,5733,0,0,0,0,619,0,0,0,0,619,0,0,0,0
country_year,LT|1993,618,6467,0,0,0,0,618,0,0,0,0,618,0,0,0,0
country_year,PL|2010,616,6661,0,0,0,0,616,168,0,0,0,616,40,0,0,0
country_year,LV|1999,615,4226,0,0,0,0,615,104,0,0,0,615,52,0,0,0
country_year,DE|1982,612,12250,0,1,0,0,77,0,202,0,333,77,0,0,1,1
country_year,PL|1995,612,13939,0,0,0,0,8,0,604,0,0,8,0,0,0,0
country_year,AL|2006,606,2680,0,5,0,0,354,0,252,0,0,354,0,0,5,5
country_year,LT|1992,606,5429,0,0,0,0,606,0,0,0,0,606,0,0,0,0
country_year,LV|1997,598,4515,0,0,0,0,598,104,0,0,0,598,52,0,0,0
country_year,PL|1994,596,13095,0,0,0,0,0,0,596,0,0,0,0,0,0,0
country_year,PT|2008,596,4337,1019,332,55,0,196,26,400,0,0,196,56,55,305,305
country_year,SK|2014,595,7077,77,31,0,0,493,0,102,493,0,0,0,0,5,5
country_year,SK|2002,593,6166,0,0,0,0,240,0,353,0,0,240,0,0,0,0
country_year,XK|2010,592,4627,0,0,0,0,592,0,0,0,0,592,0,0,0,0
country_year,XK|2009,587,4211,0,0,0,0,587,2,0,0,0,587,0,0,0,0
country_year,PL|1993,584,12639,0,0,0,0,0,0,584,0,0,0,0,0,0,0
country_year,AL|2007,583,2513,0,14,0,0,339,0,244,0,0,339,0,0,14,14
country_year,LV|2012,580,1795,0,20,0,0,285,32,295,0,0,285,0,0,20,20
country_year,CZ|1993,573,7492,0,0,0,0,573,0,0,0,0,573,0,0,0,0
country_year,LV|1992,568,6263,0,0,0,0,568,113,0,0,0,568,12,0,0,0
country_year,EL|2004,563,3401,0,0,0,0,563,416,0,0,0,563,64,0,0,0
country_year,IE|2004,562,2716,0,141,0,0,382,111,180,0,0,382,18,0,141,141
country_year,BE|2004,558,7116,0,2,0,0,556,0,2,0,0,556,0,0,2,2
country_year,SE|1976,555,6699,0,0,0,0,555,0,0,0,0,555,0,0,0,0
country_year,SE|1977,555,7128,0,0,0,0,555,0,0,0,0,555,0,0,0,0
country_year,SE|1978,555,6812,0,0,0,0,555,0,0,0,0,555,0,0,0,0
country_year,SE|1982,555,6710,0,0,0,0,555,0,0,0,0,555,0,0,0,0
country_year,SE|1981,548,6484,0,0,0,0,548,0,0,0,0,548,0,0,0,0
country_year,NO|2000,542,1893,15,15,9,0,527,235,15,0,0,527,30,0,15,15
country_year,SE|1980,541,6707,0,0,0,0,541,0,0,0,0,541,0,0,0,0
country_year,SE|1975,541,6007,0,0,0,0,541,0,0,0,0,541,0,0,0,0
country_year,IT|2000,538,5362,0,0,0,0,20,12,518,0,0,20,6,0,0,0
country_year,SE|1979,534,6497,0,0,0,0,534,0,0,0,0,534,0,0,0,0
country_year,CZ|1992,531,6617,0,0,0,0,531,0,0,0,0,531,0,0,0,0
country_year,IE|2005,522,2835,0,141,0,0,343,74,179,0,0,343,10,0,141,141
country_year,MK|2011,521,6020,396,98,51,0,423,107,98,0,0,423,57,51,24,24
country_year,SE|1974,520,6132,0,0,0,0,520,0,0,0,0,520,0,0,0,0
country_year,EL|2001,509,1442,0,0,0,0,509,0,0,0,0,509,0,0,0,0
country_year,LV|2010,508,2163,60,104,7,0,260,80,248,0,0,260,18,7,101,101
country_year,NO|1995,502,1703,5,5,1,0,497,172,5,0,0,497,11,0,5,5
country_year,MK|2010,500,5810,0,0,0,0,500,220,0,0,0,500,60,0,0,0
country_year,SE|1973,499,5881,0,0,0,0,499,0,0,0,0,499,0,0,0,0
country_year,SE|1972,499,5898,0,0,0,0,499,0,0,0,0,499,0,0,0,0
country_year,PL|1996,493,13382,0,0,0,0,8,0,485,0,0,8,0,0,0,0
country_year,BA|2004,485,1825,0,0,0,0,172,139,313,0,0,172,46,0,0,0
country_year,PL|1992,483,8315,0,0,0,0,0,0,483,0,0,0,0,0,0,0
country_year,IE|2002,482,2053,0,114,0,0,344,0,138,0,0,344,0,0,114,114
country_year,IE|2001,480,1591,0,106,0,0,352,0,128,0,0,352,0,0,106,106
country_year,BG|1997,477,2950,0,0,0,0,477,0,0,0,0,477,0,0,0,0
country_year,MK|2012,475,4749,421,98,44,0,377,107,98,0,0,377,57,20,30,30
country_year,NO|1999,466,1919,0,0,0,0,466,160,0,0,0,466,0,0,0,0
country_year,NO|2001,466,1836,0,0,0,0,466,160,0,0,0,466,0,0,0,0
country_year,SK|1998,460,5410,0,0,0,0,460,0,0,0,0,460,0,0,0,0
country_year,SK|1997,459,5917,0,0,0,0,459,0,0,0,0,459,0,0,0,0
country_year,EL|2000,458,2527,0,0,0,0,458,0,0,0,0,458,0,0,0,0
country_year,SE|1971,457,5406,0,0,0,0,457,0,0,0,0,457,0,0,0,0
country_year,SK|1995,456,5768,0,0,0,0,456,0,0,0,0,456,0,0,0,0
country_year,NO|2003,454,1827,0,0,0,0,454,155,0,0,0,454,0,0,0,0
country_year,BA|2003,451,1832,0,0,0,0,132,99,319,0,0,132,50,0,0,0
country_year,SK|1996,451,5945,0,0,0,0,451,0,0,0,0,451,0,0,0,0
country_year,SE|1970,450,5228,0,0,0,0,450,0,0,0,0,450,0,0,0,0
country_year,NO|1998,446,1506,0,0,0,0,446,150,0,0,0,446,0,0,0,0
country_year,NO|2002,442,1692,0,0,0,0,442,150,0,0,0,442,0,0,0,0
country_year,SK|2000,441,5118,0,0,0,0,441,0,0,0,0,441,0,0,0,0
country_year,SK|1999,440,5231,0,0,0,0,440,0,0,0,0,440,0,0,0,0
country_year,ME|2009,432,2160,0,0,0,0,432,0,0,0,0,432,0,0,0,0
country_year,SE|1969,429,4629,0,0,0,0,429,0,0,0,0,429,0,0,0,0
country_year,NO|1997,419,1381,0,0,0,0,419,140,0,0,0,419,0,0,0,0
country_year,MK|2009,419,4596,0,0,0,0,419,180,0,0,0,419,60,0,0,0
country_year,NO|1991,417,1375,15,15,15,0,402,172,15,0,0,402,37,0,15,15
country_year,IE|2000,415,16,0,12,0,0,61,0,354,0,0,61,0,0,12,12
country_year,IE|2003,414,2001,0,130,0,0,260,0,154,0,0,260,0,0,130,130
country_year,BE|1999,409,5175,0,0,0,0,409,0,0,0,0,409,0,0,0,0
country_year,AL|2009,406,1606,0,0,0,0,105,0,301,0,0,105,0,0,0,0
country_year,NO|1996,406,1387,0,0,0,0,406,135,0,0,0,406,0,0,0,0
country_year,LV|2011,397,1157,34,49,8,0,155,79,242,0,0,155,18,8,47,47
country_year,BA|2002,396,1538,0,0,0,0,116,86,280,0,0,116,44,0,0,0
country_year,ME|2011,395,1547,0,0,0,0,395,0,0,0,0,395,0,0,0,0
country_year,ME|2012,395,1580,0,0,0,0,395,0,0,0,0,395,0,0,0,0
country_year,IE|1999,394,0,0,0,0,0,55,0,339,0,0,55,0,0,0,0
country_year,AL|2005,390,1805,0,2,0,0,156,0,234,0,0,156,0,0,2,2
country_year,LU|2011,387,4737,2977,313,40,0,34,13,353,0,0,34,84,28,233,233
country_year,BA|2005,386,1562,0,0,0,0,386,0,0,0,0,386,0,0,0,0
country_year,IE|1997,381,5612,0,0,0,0,71,0,310,0,0,71,0,0,0,0
country_year,NO|1993,380,1885,0,0,0,0,380,126,0,0,0,380,3,0,0,0
country_year,MK|2006,380,3071,0,0,0,0,228,0,152,0,0,228,57,0,0,0
country_year,BE|1998,378,4773,0,0,0,0,378,0,0,0,0,378,0,0,0,0
country_year,NO|1992,376,1559,0,0,0,0,376,126,0,0,0,376,3,0,0,0
country_year,BE|1997,374,4130,0,0,0,0,374,0,0,0,0,374,0,0,0,0
country_year,NO|1994,373,1386,1,1,1,0,372,127,1,0,0,372,5,0,1,1
country_year,BG|1996,367,2770,0,0,0,0,367,0,0,0,0,367,0,0,0,0
country_year,BE|1996,366,4137,0,0,0,0,366,0,0,0,0,366,0,0,0,0
country_year,BG|1994,363,3066,0,0,0,0,363,0,0,0,0,363,0,0,0,0
country_year,BG|1993,362,2885,0,0,0,0,362,0,0,0,0,362,0,0,0,0
country_year,SK|1994,359,5012,0,0,0,0,359,0,0,0,0,359,0,0,0,0
country_year,BG|1995,358,3131,0,0,0,0,358,0,0,0,0,358,0,0,0,0
country_year,NO|1990,353,1283,0,0,0,0,353,126,0,0,0,353,3,0,0,0
country_year,AL|2004,351,1667,0,0,0,0,156,0,195,0,0,156,0,0,0,0
country_year,MK|2005,342,2817,0,0,0,0,342,152,0,0,0,342,57,0,0,0
country_year,SK|1992,340,4608,0,0,0,0,340,0,0,0,0,340,0,0,0,0
country_year,MK|2007,333,2744,0,0,0,0,333,133,0,0,0,333,57,0,0,0
country_year,FR|1973,332,3045,0,0,0,0,332,0,0,0,0,332,0,0,0,0
country_year,SK|1993,330,4235,0,0,0,0,330,0,0,0,0,330,0,0,0,0
country_year,FR|1974,325,2914,0,0,0,0,325,0,0,0,0,325,0,0,0,0
country_year,MK|2003,323,2116,0,0,0,0,323,152,0,0,0,323,57,0,0,0
country_year,IE|1998,322,0,0,0,0,0,55,0,267,0,0,55,0,0,0,0
country_year,MK|2008,317,3540,0,0,0,0,317,120,0,0,0,317,60,0,0,0
country_year,AL|2016,312,1248,62,62,0,0,52,0,260,52,0,0,0,0,19,19
country_year,AL|2015,312,1248,116,116,0,0,52,0,260,52,0,0,0,0,107,107
country_year,AL|2017,312,636,45,45,0,0,52,0,260,52,0,0,0,0,40,40
country_year,AL|2019,312,1248,0,0,0,0,52,0,260,52,0,0,0,0,0,0
country_year,AL|2020,312,936,0,0,0,0,42,0,270,42,0,0,0,0,0,0
country_year,AL|2021,312,1116,0,0,0,0,78,0,234,78,0,0,0,0,0,0
country_year,BA|2001,312,1054,0,0,0,0,30,0,282,0,0,30,0,0,0,0
country_year,AL|2022,312,900,0,0,0,0,78,0,234,78,0,0,0,0,0,0
country_year,AL|2018,311,1244,64,64,0,0,52,0,259,52,0,0,0,0,12,12
country_year,MK|2004,307,2028,0,0,0,0,307,117,0,0,0,307,39,0,0,0
country_year,BE|1995,303,2312,0,0,0,0,303,0,0,0,0,303,0,0,0,0
country_year,AL|2011,302,906,0,0,0,0,302,0,0,0,0,302,0,0,0,0
country_year,MK|1999,302,1711,0,0,0,0,302,94,0,0,0,302,56,0,0,0
country_year,MK|2001,300,2585,0,0,0,0,300,100,0,0,0,300,60,0,0,0
country_year,BE|1994,296,2550,0,0,0,0,296,0,0,0,0,296,0,0,0,0
country_year,AL|2010,292,1108,5,5,0,0,287,15,5,0,0,287,15,0,5,5
country_year,BG|1992,286,2233,0,0,0,0,286,0,0,0,0,286,0,0,0,0
country_year,MK|2002,285,2085,0,0,0,0,285,95,0,0,0,285,57,0,0,0
country_year,MK|2000,285,2231,0,0,0,0,285,95,0,0,0,285,57,0,0,0
country_year,RS|2003,282,2806,0,0,0,0,282,0,0,0,0,282,0,0,0,0
country_year,AL|2003,280,756,0,2,0,0,112,0,168,0,0,112,0,0,2,2
country_year,SE|1968,275,3265,0,0,0,0,275,0,0,0,0,275,0,0,0,0
country_year,FI|1975,269,1630,0,0,0,0,269,266,0,0,0,269,12,0,0,0
country_year,AL|2001,259,699,0,0,0,0,103,0,156,0,0,103,0,0,0,0
country_year,AL|2012,252,945,0,0,0,0,242,0,10,0,0,242,0,0,0,0
country_year,DK|2004,251,5938,0,0,0,0,251,0,0,0,0,251,0,0,0,0
country_year,DK|2000,245,6203,0,0,0,0,245,0,0,0,0,245,0,0,0,0
country_year,DK|2003,243,6340,0,0,0,0,243,0,0,0,0,243,0,0,0,0
country_year,DK|2002,243,5761,0,0,0,0,243,0,0,0,0,243,0,0,0,0
country_year,CY|2007,242,549,0,66,0,0,66,0,176,0,0,66,0,0,66,66
country_year,DK|2001,242,5628,0,0,0,0,242,0,0,0,0,242,0,0,0,0
country_year,DK|1993,241,5415,0,0,0,0,241,0,0,0,0,241,0,0,0,0
country_year,DK|1999,239,6058,0,0,0,0,239,0,0,0,0,239,0,0,0,0
country_year,DK|1998,238,5722,0,0,0,0,238,0,0,0,0,238,0,0,0,0
country_year,SE|1967,233,2301,0,0,0,0,233,0,0,0,0,233,0,0,0,0
country_year,DK|1997,232,7079,0,0,0,0,232,0,0,0,0,232,0,0,0,0
country_year,DK|1994,231,5393,0,0,0,0,231,0,0,0,0,231,0,0,0,0
country_year,DK|1996,229,7029,0,0,0,0,229,0,0,0,0,229,0,0,0,0
country_year,DK|1995,228,6227,0,0,0,0,228,0,0,0,0,228,0,0,0,0
country_year,DK|1992,226,4943,0,0,0,0,226,0,0,0,0,226,0,0,0,0
country_year,DK|1991,226,5561,0,0,0,0,226,0,0,0,0,226,0,0,0,0
country_year,DK|1989,225,5454,0,0,0,0,225,0,0,0,0,225,0,0,0,0
country_year,DK|1990,224,5690,0,0,0,0,224,0,0,0,0,224,0,0,0,0
country_year,DK|2007,218,3744,0,64,0,0,99,0,119,0,0,99,0,0,64,64
country_year,DK|2006,215,4800,0,0,0,0,96,0,119,0,0,96,0,0,0,0
country_year,DK|2005,214,4687,0,0,0,0,96,0,118,0,0,96,0,0,0,0
country_year,LU|2010,211,1377,871,160,36,0,28,0,183,0,0,28,60,21,133,133
country_year,AL|2002,208,728,0,9,0,0,78,0,130,0,0,78,0,0,9,9
country_year,DK|2008,207,3663,0,62,0,0,89,0,118,0,0,89,0,0,62,62
country_year,IE|1985,206,0,0,0,0,0,0,0,0,0,206,0,0,0,0,0
country_year,DK|2010,205,3566,0,0,0,0,205,0,0,0,0,205,0,0,0,0
country_year,IE|2006,205,599,0,125,0,0,58,0,147,0,0,58,0,0,125,125
country_year,DK|2009,204,3682,0,0,0,0,204,0,0,0,0,204,0,0,0,0
country_year,BA|2000,187,677,0,0,0,0,0,0,187,0,0,0,0,0,0,0
country_year,CH|2003,176,16271,0,0,0,0,176,11,0,0,0,176,4,0,0,0
country_year,SE|1966,170,1483,0,0,0,0,170,0,0,0,0,170,0,0,0,0
country_year,CH|2005,169,15613,0,0,0,0,169,5,0,0,0,169,2,0,0,0
country_year,DK|2012,164,2924,0,0,0,0,164,0,0,0,0,164,0,0,0,0
country_year,DK|2014,164,3039,0,0,0,0,164,0,0,164,0,0,0,0,0,0
country_year,DK|2015,164,3086,0,0,0,0,164,0,0,164,0,0,0,0,0,0
country_year,DK|2017,164,3125,0,0,0,0,164,0,0,164,0,0,0,0,0,0
country_year,CH|2002,163,13136,0,0,0,0,163,10,0,0,0,163,4,0,0,0
country_year,DK|2011,162,2914,0,0,0,0,162,0,0,0,0,162,0,0,0,0
country_year,CH|2001,161,10043,0,0,0,0,161,9,0,0,0,161,4,0,0,0
country_year,CH|1999,161,12811,0,0,0,0,161,10,0,0,0,161,4,0,0,0
country_year,DK|2023,160,2900,0,0,0,0,160,0,0,160,0,0,0,0,0,0
country_year,DK|2018,160,3028,0,0,0,0,160,0,0,160,0,0,0,0,0,0
country_year,DK|2019,160,3080,0,0,0,0,160,0,0,160,0,0,0,0,0,0
country_year,CH|2006,160,12681,0,0,0,0,160,5,0,0,0,160,2,0,0,0
country_year,DK|2020,160,2892,0,0,0,0,160,0,0,160,0,0,0,0,0,0
country_year,AL|1998,160,253,0,7,0,0,72,0,88,0,0,72,0,0,7,7
country_year,DK|2021,160,2800,0,0,0,0,160,0,0,160,0,0,0,0,0,0
country_year,DK|2022,160,2777,0,0,0,0,160,0,0,160,0,0,0,0,0,0
country_year,DK|2013,160,2957,0,0,0,0,160,0,0,160,0,0,0,0,0,0
country_year,DK|2016,160,2970,0,0,0,0,160,0,0,160,0,0,0,0,0,0
country_year,AL|1997,157,139,0,11,0,0,67,0,90,0,0,67,0,0,11,11
country_year,LU|2004,153,126,0,0,0,0,153,132,0,0,0,153,39,0,0,0
country_year,CH|2004,151,15883,0,0,0,0,151,5,0,0,0,151,2,0,0,0
country_year,DK|2024,148,2849,0,0,0,0,148,0,0,148,0,0,0,0,0,0
country_year,CH|2000,147,9970,0,0,0,0,147,5,0,0,0,147,2,0,0,0
country_year,CH|2007,147,13046,0,0,0,0,107,5,40,0,0,107,2,0,0,0
country_year,CH|2010,146,3678,64,7,0,0,73,14,73,0,0,73,6,0,1,1
country_year,SK|2001,143,1484,0,0,0,0,143,0,0,0,0,143,0,0,0,0
country_year,DK|1988,140,2161,0,0,0,0,140,0,0,0,0,140,0,0,0,0
country_year,MT|2012,138,276,252,128,18,0,10,7,128,0,0,10,75,12,124,124
country_year,MT|2011,138,138,126,126,18,0,12,9,126,0,0,12,75,12,126,126
country_year,FR|1970,132,619,0,0,0,0,132,0,0,0,0,132,0,0,0,0
country_year,AL|1996,132,117,0,5,0,0,57,0,75,0,0,57,0,0,5,5
country_year,NL|2002,130,2007,0,0,0,0,130,0,0,0,0,130,0,0,0,0
country_year,NL|1996,130,2454,0,0,0,0,130,0,0,0,0,130,0,0,0,0
country_year,LI|2011,129,541,0,0,0,0,129,0,0,0,0,129,0,0,0,0
country_year,NL|2000,126,1907,0,0,0,0,126,0,0,0,0,126,0,0,0,0
country_year,NL|1997,123,2309,0,0,0,0,123,0,0,0,0,123,0,0,0,0
country_year,AL|1995,122,107,0,3,0,0,60,0,62,0,0,60,0,0,3,3
country_year,LI|2008,122,565,0,0,0,0,122,0,0,0,0,122,0,0,0,0
country_year,SE|1965,121,1421,0,0,0,0,121,0,0,0,0,121,0,0,0,0
country_year,LI|2007,121,562,0,0,0,0,121,0,0,0,0,121,0,0,0,0
country_year,LI|2009,121,564,0,0,0,0,121,0,0,0,0,121,0,0,0,0
country_year,LI|2003,121,571,0,0,0,0,120,0,1,0,0,120,0,0,0,0
country_year,NL|2003,120,1535,0,0,0,0,120,45,0,0,0,120,27,0,0,0
country_year,LI|2005,120,613,0,0,0,0,119,0,1,0,0,119,0,0,0,0
country_year,LI|2004,120,541,0,0,0,0,119,0,1,0,0,119,0,0,0,0
country_year,LI|2006,119,523,0,0,0,0,119,0,0,0,0,119,0,0,0,0
country_year,NL|2001,118,1792,0,0,0,0,118,0,0,0,0,118,0,0,0,0
country_year,NL|1998,117,2020,0,0,0,0,117,0,0,0,0,117,0,0,0,0
country_year,DK|1987,114,1736,0,0,0,0,114,0,0,0,0,114,0,0,0,0
country_year,BE|1990,109,1359,0,0,0,0,109,0,0,0,0,109,0,0,0,0
country_year,LU|2005,108,126,0,0,0,0,108,87,0,0,0,108,30,0,0,0
country_year,LU|2008,107,833,0,0,0,0,107,81,0,0,0,107,33,0,0,0
country_year,CH|2008,107,9099,0,0,0,0,107,10,0,0,0,107,4,0,0,0
country_year,NL|1995,106,1917,0,0,0,0,106,0,0,0,0,106,0,0,0,0
country_year,DK|1986,103,1206,0,0,0,0,103,0,0,0,0,103,0,0,0,0
country_year,BE|1991,103,1436,0,0,0,0,103,0,0,0,0,103,0,0,0,0
country_year,LI|2002,101,621,0,0,0,0,100,0,1,0,0,100,0,0,0,0
country_year,BE|1992,100,1508,0,0,0,0,100,0,0,0,0,100,0,0,0,0
country_year,LV|1991,99,671,0,0,0,0,99,99,0,0,0,99,1,0,0,0
country_year,IE|1994,99,0,0,0,0,0,0,0,99,0,0,0,0,0,0,0
country_year,LI|2010,99,444,0,0,0,0,99,0,0,0,0,99,0,0,0,0
country_year,LI|1994,98,347,0,0,0,0,98,0,0,0,0,98,0,0,0,0
country_year,NL|2004,98,2040,0,0,0,0,98,42,0,0,0,98,21,0,0,0
country_year,LI|1999,97,470,0,0,0,0,97,0,0,0,0,97,0,0,0,0
country_year,LI|2000,97,525,0,0,0,0,97,0,0,0,0,97,0,0,0,0
country_year,LI|2001,97,534,0,0,0,0,97,0,0,0,0,97,0,0,0,0
country_year,NL|2005,96,1841,0,0,0,0,96,42,0,0,0,96,21,0,0,0
country_year,BE|1993,94,1126,0,0,0,0,94,0,0,0,0,94,0,0,0,0
country_year,DK|1984,91,1076,0,0,0,0,91,0,0,0,0,91,0,0,0,0
country_year,LI|1997,91,370,0,0,0,0,91,0,0,0,0,91,0,0,0,0
country_year,LI|1998,91,394,0,0,0,0,91,0,0,0,0,91,0,0,0,0
country_year,LI|1993,88,311,0,0,0,0,88,0,0,0,0,88,0,0,0,0
country_year,DK|1983,87,926,0,0,0,0,87,0,0,0,0,87,0,0,0,0
country_year,IS|2010,86,211,65,52,6,0,23,15,63,0,0,23,10,4,48,48
country_year,AL|1994,86,97,0,0,0,0,45,0,41,0,0,45,0,0,0,0
country_year,DK|1985,85,1027,0,0,0,0,85,0,0,0,0,85,0,0,0,0
country_year,NL|1991,85,1302,0,0,0,0,85,0,0,0,0,85,0,0,0,0
country_year,NL|1994,85,1687,0,0,0,0,85,0,0,0,0,85,0,0,0,0
country_year,LI|1996,84,358,0,0,0,0,84,0,0,0,0,84,0,0,0,0
country_year,NL|1992,83,1437,0,0,0,0,83,0,0,0,0,83,0,0,0,0
country_year,AL|1999,83,72,0,9,0,0,35,0,48,0,0,35,0,0,9,9
country_year,AL|2000,82,53,0,4,0,0,33,0,49,0,0,33,0,0,4,4
country_year,NL|1990,81,1363,0,0,0,0,81,0,0,0,0,81,0,0,0,0
country_year,NL|1993,80,1389,0,0,0,0,80,0,0,0,0,80,0,0,0,0
country_year,DK|1981,77,767,0,0,0,0,77,0,0,0,0,77,0,0,0,0
country_year,NO|1987,76,76,0,0,0,0,76,0,0,0,0,76,0,0,0,0
country_year,NO|1988,76,76,0,0,0,0,76,0,0,0,0,76,0,0,0,0
country_year,CH|1998,75,0,0,0,0,0,75,0,0,0,0,75,0,0,0,0
country_year,DK|1980,70,608,0,0,0,0,70,0,0,0,0,70,0,0,0,0
country_year,CH|1997,70,0,0,0,0,0,70,0,0,0,0,70,0,0,0,0
country_year,CY|1999,64,142,0,19,0,0,24,0,40,0,0,24,0,0,19,19
country_year,TR|2012,64,339,0,0,0,0,64,0,0,0,0,64,0,0,0,0
country_year,NL|1999,63,1201,0,0,0,0,63,0,0,0,0,63,0,0,0,0
country_year,MK|1992,63,0,0,0,0,0,63,0,0,0,0,63,0,0,0,0
country_year,MK|1994,63,0,0,0,0,0,63,0,0,0,0,63,0,0,0,0
country_year,MK|1993,63,0,0,0,0,0,63,0,0,0,0,63,0,0,0,0
country_year,DK|1979,61,572,0,0,0,0,61,0,0,0,0,61,0,0,0,0
country_year,CH|1994,60,0,0,0,0,0,60,0,0,0,0,60,0,0,0,0
country_year,CH|1993,60,0,0,0,0,0,60,0,0,0,0,60,0,0,0,0
country_year,CH|1995,60,0,0,0,0,0,60,0,0,0,0,60,0,0,0,0
country_year,CH|1996,60,0,0,0,0,0,60,0,0,0,0,60,0,0,0,0
country_year,IE|1992,56,0,0,0,0,0,0,0,56,0,0,0,0,0,0,0
country_year,DK|1982,55,481,0,0,0,0,55,0,0,0,0,55,0,0,0,0
country_year,CH|2009,55,912,9,5,2,0,50,0,5,0,0,50,2,1,4,4
country_year,NO|1986,55,55,0,0,0,0,55,0,0,0,0,55,0,0,0,0
country_year,NO|1989,55,55,0,0,0,0,55,0,0,0,0,55,0,0,0,0
country_year,MK|1989,54,0,0,0,0,0,54,0,0,0,0,54,0,0,0,0
country_year,MK|1988,54,0,0,0,0,0,54,0,0,0,0,54,0,0,0,0
country_year,MK|1990,54,0,0,0,0,0,54,0,0,0,0,54,0,0,0,0
country_year,MK|1991,54,0,0,0,0,0,54,0,0,0,0,54,0,0,0,0
country_year,DK|1978,53,383,0,0,0,0,53,0,0,0,0,53,0,0,0,0
country_year,LU|2009,51,706,0,20,6,0,0,0,51,0,0,0,9,3,20,20
country_year,BE|1989,49,759,0,0,0,0,49,0,0,0,0,49,0,0,0,0
country_year,IS|2012,44,216,34,11,0,0,22,14,22,0,0,22,6,0,7,7
country_year,IS|2011,44,176,22,6,0,0,24,16,20,0,0,24,4,0,6,6
country_year,LI|1995,42,232,0,0,0,0,42,0,0,0,0,42,0,0,0,0
country_year,CY|1997,41,86,0,14,0,0,11,0,30,0,0,11,0,0,14,14
country_year,IS|2009,40,158,17,7,0,0,16,8,24,0,0,16,4,0,5,5
country_year,TR|2009,40,208,0,0,0,0,40,0,0,0,0,40,0,0,0,0
country_year,TR|2010,40,186,0,0,0,0,40,0,0,0,0,40,0,0,0,0
country_year,TR|2011,40,207,0,0,0,0,40,0,0,0,0,40,0,0,0,0
country_year,LU|2012,36,486,0,0,0,0,36,0,0,0,0,36,0,0,0,0
country_year,LI|1989,32,301,0,0,0,0,32,0,0,0,0,32,0,0,0,0
country_year,TR|2008,30,156,0,0,0,0,30,0,0,0,0,30,0,0,0,0
country_year,TR|2006,30,153,0,0,0,0,30,0,0,0,0,30,0,0,0,0
country_year,TR|2007,30,231,0,0,0,0,30,0,0,0,0,30,0,0,0,0
country_year,TR|2005,30,156,0,0,0,0,30,0,0,0,0,30,0,0,0,0
country_year,LU|2006,28,322,0,0,0,0,28,0,0,0,0,28,0,0,0,0
country_year,CY|2002,27,172,0,11,0,0,0,0,27,0,0,0,0,0,11,11
country_year,MK|1995,27,0,0,0,0,0,27,0,0,0,0,27,0,0,0,0
country_year,DK|1977,26,113,0,0,0,0,26,0,0,0,0,26,0,0,0,0
country_year,DK|1976,26,128,0,0,0,0,26,0,0,0,0,26,0,0,0,0
country_year,CY|2003,26,26,0,10,0,0,0,0,26,0,0,0,0,0,10,10
country_year,LU|2007,25,223,0,0,0,0,25,0,0,0,0,25,0,0,0,0
country_year,NL|1989,24,372,0,0,0,0,24,0,0,0,0,24,0,0,0,0
country_year,LI|1991,23,198,0,0,0,0,23,0,0,0,0,23,0,0,0,0
country_year,LI|1992,23,264,0,0,0,0,23,0,0,0,0,23,0,0,0,0
country_year,LI|1990,23,270,0,0,0,0,23,0,0,0,0,23,0,0,0,0
country_year,CY|2000,22,22,0,13,0,0,0,0,22,0,0,0,0,0,13,13
country_year,LU|1996,21,161,0,0,0,0,21,0,0,0,0,21,0,0,0,0
country_year,LU|2001,21,168,0,0,0,0,21,0,0,0,0,21,0,0,0,0
country_year,LU|2002,21,126,0,0,0,0,21,0,0,0,0,21,0,0,0,0
country_year,LU|2000,21,154,0,0,0,0,21,0,0,0,0,21,0,0,0,0
country_year,LU|1999,20,165,0,0,0,0,20,0,0,0,0,20,0,0,0,0
country_year,CY|1998,20,20,0,11,0,0,0,0,20,0,0,0,0,0,11,11
country_year,LI|1988,20,133,0,0,0,0,20,0,0,0,0,20,0,0,0,0
country_year,MK|1996,20,109,0,0,0,0,20,0,0,0,0,20,0,0,0,0
country_year,LU|1991,19,134,0,0,0,0,19,0,0,0,0,19,0,0,0,0
country_year,LU|1993,19,135,0,0,0,0,19,0,0,0,0,19,0,0,0,0
country_year,LU|1998,19,79,0,0,0,0,19,0,0,0,0,19,0,0,0,0
country_year,LU|1997,19,161,0,0,0,0,19,0,0,0,0,19,0,0,0,0
country_year,SE|2015,19,20,0,0,0,0,1,0,18,1,0,0,0,0,0,0
country_year,LU|1994,18,120,0,0,0,0,18,0,0,0,0,18,0,0,0,0
country_year,LU|1995,18,132,0,0,0,0,18,0,0,0,0,18,0,0,0,0
country_year,LU|1992,17,118,0,0,0,0,17,0,0,0,0,17,0,0,0,0
country_year,FR|1969,16,258,0,0,0,0,16,0,0,0,0,16,0,0,0,0
country_year,TR|2014,16,54,0,0,0,0,16,0,0,16,0,0,0,0,0,0
country_year,TR|2013,16,67,0,0,0,0,16,0,0,16,0,0,0,0,0,0
country_year,IE|1993,15,0,0,0,0,0,0,0,15,0,0,0,0,0,0,0
country_year,IE|1991,12,0,0,0,0,0,0,0,12,0,0,0,0,0,0,0
country_year,CY|2005,11,49,0,2,0,0,5,0,6,0,0,5,0,0,2,2
country_year,DK|1975,10,26,0,0,0,0,10,0,0,0,0,10,0,0,0,0
country_year,NL|1987,9,144,0,0,0,0,9,0,0,0,0,9,0,0,0,0
country_year,IS|2008,9,33,0,3,0,0,2,0,7,0,0,2,1,0,3,3
country_year,CY|2006,9,23,0,3,0,0,0,0,9,0,0,0,0,0,3,3
country_year,NL|1985,9,146,0,0,0,0,9,0,0,0,0,9,0,0,0,0
country_year,NL|1986,9,143,0,0,0,0,9,0,0,0,0,9,0,0,0,0
country_year,NL|1988,9,144,0,0,0,0,9,0,0,0,0,9,0,0,0,0
country_year,IS|2001,8,87,0,0,0,0,4,0,4,0,0,4,0,0,0,0
country_year,IS|2003,8,81,0,0,0,0,4,0,4,0,0,4,0,0,0,0
country_year,IS|2005,8,95,0,0,0,0,3,0,5,0,0,3,0,0,0,0
country_year,IS|2006,8,28,0,0,0,0,3,0,5,0,0,3,0,0,0,0
country_year,IS|2007,8,56,0,0,0,0,3,0,5,0,0,3,0,0,0,0
country_year,IS|1999,8,98,0,0,0,0,4,0,4,0,0,4,0,0,0,0
country_year,IS|1997,7,76,0,0,0,0,3,0,4,0,0,3,0,0,0,0
country_year,IS|2004,5,28,0,0,0,0,2,0,3,0,0,2,0,0,0,0
country_year,NO|1982,5,5,0,0,0,0,5,0,0,0,0,5,0,0,0,0
country_year,DK|1974,4,109,0,0,0,0,4,0,0,0,0,4,0,0,0,0
country_year,CY|2001,4,6,0,0,0,0,0,0,4,0,0,0,0,0,0,0
country_year,IE|1995,2,0,0,0,0,0,0,0,2,0,0,0,0,0,0,0
country_year,NO|1983,2,2,0,0,0,0,2,0,0,0,0,2,0,0,0,0
country_year,NO|1985,2,2,0,0,0,0,2,0,0,0,0,2,0,0,0,0
country_year,DK|1971,2,2,0,0,0,0,2,0,0,0,0,2,0,0,0,0
country_year,DK|1972,2,8,0,0,0,0,2,0,0,0,0,2,0,0,0,0
country_year,DK|1973,2,18,0,0,0,0,2,0,0,0,0,2,0,0,0,0
country_year,NO|1980,1,1,0,0,0,0,1,0,0,0,0,1,0,0,0,0
country_year,NO|1981,1,1,0,0,0,0,1,0,0,0,0,1,0,0,0,0
run_scope,pairs_multiyear,557956,0,0,0,0,0,0,0,0,0,0,0,0,0,0,0
run_scope,pairs_multi_limit,314922,0,0,0,0,0,0,0,0,0,0,0,0,0,0,0
run_scope,pairs_crossing_standard,21043,0,0,0,0,0,0,0,0,0,0,0,0,0,0,0
run_scope,pairs_with_any_method,13654,0,0,0,0,0,0,0,0,0,0,0,0,0,0,0
run_scope,pairs_multi_method,3356,0,0,0,0,0,0,0,0,0,0,0,0,0,0,0
eqs_decade,-2,175861,1354558,984877,149729,75926,721,21174,21174,154579,0,108,21174,175861,30528,140000,139026
eqs_decade,0,142412,1209200,592446,97593,53260,1952,31091,31091,111053,0,268,31091,142412,14142,80442,79294
eqs_decade,1,111602,868256,660542,99322,6866,60,10843,10843,100731,0,28,10843,111602,695,97974,97104
eqs_decade,-1,110197,845813,669935,100635,19125,679,7035,7035,103100,0,62,7035,110197,4333,91451,90762
eqs_decade,-4,93549,713402,505346,80587,82991,568,9116,9116,84340,0,93,9116,93549,76545,74707,74177
eqs_decade,-3,51926,371857,324902,49081,30304,43,2190,2190,49733,0,3,2190,51926,17721,48092,47565
eqs_decade,-5,9496,60175,57827,9451,9476,0,2,2,9494,0,0,2,9496,9476,9077,9077
eqs_decade,-6,1125,3920,3920,1125,1125,0,0,0,1125,0,0,0,1125,1125,1125,1125
