station_code,country,lat,lon,n_obs
ALRV-072,AL,,,1
ATFW10000037,AT,47.32480,16.05150,3
ATFW10000077,AT,47.95455,17.07873,4
ATFW10000107,AT,47.03295,16.42141,2
ATFW10000116,AT,47.32190,16.16170,2
ATFW10000146,AT,47.28560,16.29950,1
ATFW10000157,AT,47.45790,16.66180,1
ATFW10000177,AT,47.20361,16.41486,1
ATFW21500027,AT,46.77410,13.34590,1
ATFW21500097,AT,46.64040,14.94296,2
ATFW21500306,AT,46.59417,14.03551,1
ATFW21500327,AT,46.63270,14.70980,1
ATFW21520107,AT,46.78877,13.49993,1
ATFW21520117,AT,46.89983,13.52950,1
ATFW21531167,AT,46.53695,13.64813,2
ATFW21531177,AT,46.56553,13.69114,1
ATFW21540427,AT,46.56380,14.53560,1
ATFW21550207,AT,46.86500,14.43790,1
ATFW21550377,AT,46.60520,14.44229,1
ATFW21551267,AT,46.60628,14.40153,2
ATFW21560277,AT,46.88560,14.86700,1
ATFW21560297,AT,46.66331,14.94478,1
ATFW30800027,AT,48.22718,14.53282,1
ATFW30900027,AT,48.08800,14.82540,1
ATFW30900037,AT,48.10187,14.94072,1
ATFW30900057,AT,48.19156,15.06485,1
ATFW30900067,AT,48.00810,15.16490,3
ATFW30900097,AT,48.09650,15.51380,1
ATFW30900107,AT,48.21149,15.37915,2
ATFW30900127,AT,48.14527,15.63999,2
ATFW30900167,AT,47.91275,15.20308,1
ATFW30900187,AT,47.92523,15.48207,2
ATFW30900197,AT,48.36974,15.85505,1
ATFW30900207,AT,47.90300,14.83740,1
ATFW30900227,AT,48.36702,15.77878,1
ATFW31000037,AT,48.61508,15.19960,2
ATFW31000047,AT,48.62660,15.64390,4
ATFW31000067,AT,48.41189,15.70696,1
ATFW31000077,AT,47.88560,15.98755,1
ATFW31000087,AT,47.86480,16.18080,2
ATFW31000137,AT,48.14390,16.52945,2
ATFW31000147,AT,47.98000,16.06770,3
ATFW31000167,AT,48.05830,16.40492,2
ATFW31000177,AT,48.12035,16.60938,1
ATFW31000187,AT,48.11660,16.80332,2
ATFW31000207,AT,48.50560,15.00030,2
ATFW31000217,AT,48.44531,15.56676,1
ATFW31000227,AT,48.46716,15.44949,2
ATFW31000267,AT,48.11673,15.88469,1
ATFW31000277,AT,48.20010,15.00410,1
ATFW31000357,AT,48.15080,16.53420,1
ATFW31000377,AT,48.16339,16.99035,4
ATFW31100037,AT,48.71618,16.88904,6
ATFW31100057,AT,48.60163,16.93385,1
ATFW31100087,AT,48.69650,15.93350,1
ATFW31100097,AT,48.71890,16.27250,1
ATFW31200107,AT,47.77360,15.73420,1
ATFW40401017,AT,48.20300,12.87430,2
ATFW40502017,AT,48.26101,13.03435,3
ATFW40502037,AT,48.55699,13.43858,1
ATFW40505037,AT,48.34667,13.40754,2
ATFW40533016,AT,48.05300,13.35380,1
ATFW40607017,AT,48.52066,13.70221,3
ATFW40619016,AT,48.35795,13.99359,1
ATFW40627016,AT,48.45762,13.92227,1
ATFW40627026,AT,48.65930,13.86040,1
ATFW40631016,AT,48.32120,14.10260,1
ATFW40634016,AT,48.58834,14.16526,1
ATFW40709047,AT,47.93700,13.80230,1
ATFW40709117,AT,48.24742,14.32475,1
ATFW40709126,AT,47.56500,13.72160,1
ATFW40712036,AT,47.87320,13.94420,1
ATFW40713047,AT,48.19950,14.26613,1
ATFW40721026,AT,48.01850,13.42450,1
ATFW40735016,AT,47.89650,13.62200,1
ATFW40814017,AT,47.75440,14.64240,1
ATFW40814027,AT,48.03870,14.41920,1
ATFW40815027,AT,48.05120,14.35600,1
ATFW40828016,AT,47.84259,14.35525,1
ATFW40829016,AT,47.70840,14.52720,1
ATFW40907057,AT,48.23985,14.51108,4
ATFW40916017,AT,48.26595,14.44966,1
ATFW40917017,AT,48.25357,14.58627,3
ATFW40932016,AT,48.51482,14.69636,2
ATFW41000076,AT,48.42990,13.46326,1
ATFW51120447,AT,47.23510,12.99320,1
ATFW51210037,AT,47.36640,12.73650,1
ATFW51210087,AT,47.66220,12.75370,2
ATFW51220017,AT,47.37590,12.57520,1
ATFW52120107,AT,47.16323,13.10777,2
ATFW52120147,AT,47.25168,13.19772,1
ATFW52120437,AT,47.53373,13.16632,1
ATFW52220197,AT,47.38528,13.49228,1
ATFW52220237,AT,47.40602,13.57326,1
ATFW53110037,AT,47.58507,13.17595,2
ATFW53110047,AT,47.58084,13.17441,1
ATFW53210017,AT,47.64175,13.12958,1
ATFW54110017,AT,47.75199,13.07933,3
ATFW54110087,AT,47.95816,12.90280,1
ATFW55020267,AT,47.16640,13.71510,1
ATFW55020277,AT,47.14590,13.79060,1
ATFW60800027,AT,47.40530,13.72470,2
ATFW60800047,AT,47.50140,14.46750,2
ATFW60800057,AT,47.55150,14.30440,1
ATFW60800376,AT,47.58796,14.53681,1
ATFW60800406,AT,47.76060,15.31610,1
ATFW61300317,AT,47.28690,15.68750,2
ATFW61300337,AT,47.07639,16.08784,2
ATFW61300426,AT,47.06490,16.00250,1
ATFW61300436,AT,47.42466,15.81729,2
ATFW61300446,AT,47.39450,16.05180,1
ATFW61400067,AT,47.21150,14.49840,1
ATFW61400087,AT,47.19404,14.80715,1
ATFW61400097,AT,47.37170,15.09570,1
ATFW61400127,AT,46.96774,15.48847,3
ATFW61400137,AT,46.70980,15.63397,2
ATFW61400157,AT,47.19146,14.72843,1
ATFW61400167,AT,47.33680,15.02002,1
ATFW61400197,AT,47.59270,15.66120,2
ATFW61400207,AT,47.51900,15.46920,3
ATFW61400217,AT,47.41220,15.27403,3
ATFW61400257,AT,46.95420,15.34200,2
ATFW61400267,AT,46.88286,15.49705,1
ATFW61400277,AT,46.74420,15.35600,1
ATFW61400287,AT,46.75497,15.54587,2
ATFW61400476,AT,47.22410,14.09790,1
ATFW61400486,AT,46.73980,15.76680,2
ATFW61400496,AT,46.80220,15.71930,1
ATFW61400506,AT,46.83480,15.29370,1
ATFW61400597,AT,47.40696,15.26140,1
ATFW71500967,AT,46.77950,12.89270,3
ATFW71560407,AT,46.97546,12.54980,2
ATFW72100107,AT,47.24839,10.26426,1
ATFW72100507,AT,47.38520,10.55830,1
ATFW72100967,AT,47.55712,10.68660,1
ATFW72290817,AT,47.45230,10.92300,1
ATFW73100007,AT,46.88910,10.47000,2
ATFW73100517,AT,47.18460,10.62929,3
ATFW73161207,AT,47.14140,10.30430,2
ATFW73161807,AT,47.11964,10.47667,2
ATFW73190967,AT,47.23152,10.83995,2
ATFW73191817,AT,46.92980,11.00120,1
ATFW73200617,AT,47.27950,11.53382,2
ATFW73200987,AT,47.70106,12.16327,3
ATFW73210707,AT,47.22600,11.23310,2
ATFW73220507,AT,47.11130,11.45610,1
ATFW73224707,AT,47.06860,11.39430,1
ATFW73229907,AT,47.15660,11.35830,2
ATFW73290257,AT,47.17980,11.86500,1
ATFW73300407,AT,47.48590,12.03090,2
ATFW73340907,AT,47.49730,12.06320,1
ATFW73360517,AT,47.51840,12.20270,2
ATFW73390307,AT,47.46960,12.38430,2
ATFW73390507,AT,47.55710,12.45170,1
ATFW73395907,AT,47.52030,12.40290,1
ATFW77122013,AT,46.83013,12.33794,3
ATFW80112037,AT,47.13064,10.08200,3
ATFW80114017,AT,47.13120,9.85359,2
ATFW80124046,AT,47.23810,9.91905,1
ATFW80207027,AT,47.48693,9.72173,2
ATFW80211037,AT,47.43656,9.88819,1
ATFW80213067,AT,47.47858,9.66988,2
ATFW80214057,AT,47.46369,9.59504,2
ATFW80218017,AT,47.53503,9.73675,1
ATFW80222076,AT,47.52960,9.87435,1
ATFW80404017,AT,47.27404,9.53512,1
ATFW80404027,AT,47.26777,9.57458,1
ATFW80411046,AT,47.25813,9.78724,1
ATFW91400637,AT,48.21979,16.21263,2
ATFW92001017,AT,48.26190,16.37100,2
BAB0,BA,43.81670,18.28330,1
BAB01,BA,45.05400,18.43200,2
BAB02,BA,44.78900,18.06100,1
BAB11,BA,44.55000,18.08330,2
BAB7,BA,44.18330,17.93330,1
BAB8,BA,44.25000,17.86670,3
BABI2,BA,43.83880,16.95630,1
BAC1,BA,43.50100,18.78400,1
BAD01,BA,44.78100,19.34900,1
BADR-5-10,BA,43.66750,18.94610,1
BAL1,BA,43.72800,19.21100,1
BAN0,BA,43.63200,17.99930,1
BAN3,BA,43.36750,17.82930,2
BAN7,BA,43.05320,17.68390,1
BARV-B2,BA,43.88330,18.31670,5
BAS01,BA,44.88800,19.35400,1
BAS04,BA,45.13500,17.25500,2
BATR1,BA,42.70100,18.42600,1
BAU01,BA,45.09300,17.49600,1
BAU04,BA,45.01670,16.36400,1
BAU13,BA,45.04300,16.40300,2
BAUBO,BA,44.96670,16.18330,2
BAUK2,BA,45.08200,17.96000,2
BAUS1,BA,44.70100,18.05500,1
BAV02,BA,44.82200,17.22800,1
BAV2,BA,43.93330,17.58330,2
BAV4,BA,44.33330,17.26670,1
BEBR-IBGE-ZEN025,BE,50.81593,4.30341,6
BERW-00360,BE,50.51583,3.42299,12
BERW-00395,BE,50.70087,3.35222,9
BERW-00400,BE,50.72864,3.38828,17
BERW-00630,BE,50.75714,3.46444,18
BERW-00670,BE,50.75160,2.95061,11
BERW-01259,BE,50.61004,3.81287,17
BERW-01281,BE,50.73820,3.86296,16
BERW-01395,BE,50.66988,4.15717,15
BERW-01670,BE,50.77628,4.63720,20
BERW-01780,BE,50.75046,4.67166,13
BERW-02280,BE,50.44916,3.68134,20
BERW-02295,BE,50.38483,3.69110,17
BERW-02420,BE,50.61488,3.79282,23
BERW-03190,BE,,,20
BERW-03260,BE,50.49391,5.09585,23
BERW-03315,BE,50.73729,5.69026,14
BERW-03410,BE,49.52660,5.47901,13
BERW-03450,BE,50.09351,4.69104,13
BERW-03570,BE,49.71037,5.32545,16
BERW-03621,BE,49.86433,4.88413,22
BERW-03700,BE,50.04293,4.84424,23
BERW-03780,BE,50.21909,4.94580,17
BERW-03801,BE,49.98907,5.31935,6
BERW-03803,BE,50.11514,5.29752,22
BERW-03820,BE,50.13928,5.16413,12
BERW-03850,BE,50.31849,4.85640,16
BERW-03880,BE,50.30472,4.11747,15
BERW-03960,BE,50.46429,4.85594,19
BERW-04050,BE,50.36731,4.39651,18
BERW-04110,BE,50.62686,5.04417,12
BERW-04130,BE,50.55100,5.18414,20
BERW-04313,BE,50.42220,5.51574,14
BERW-04430,BE,50.48176,5.59102,11
BERW-04513,BE,50.36383,5.88617,12
BERW-04532,BE,50.40963,5.76924,6
BERW-04630,BE,50.60010,5.63322,18
BERW-04770,BE,50.14056,6.13601,21
BERW-04780,BE,50.00119,5.81032,25
BERW-04800,BE,49.86717,5.75568,15
BERW-05720,BE,50.74422,4.87185,13
BERW-11211,BE,,,21
BERW-11216,BE,,,9
BERW-11221,BE,,,14
BERW-12111,BE,49.74534,5.68541,16
BERW-12144,BE,49.81090,5.16740,20
BERW-12181,BE,49.97736,4.17286,24
BERW-12235,BE,50.40506,4.58714,13
BERW-12283,BE,50.59751,4.24273,20
BERW-12409,BE,50.75052,5.94087,16
BERW-15006,BE,50.45617,5.56608,17
BERW-15024,BE,50.46333,5.27623,11
BERW-15057,BE,50.55359,5.80467,17
BERW-15060,BE,50.29914,4.17308,14
BERW-40032,BE,50.45805,5.00144,21
BERW-40039,BE,50.33807,4.90686,13
BERW-50109,BE,,,14
BERW-50139,BE,50.02283,5.27959,8
BERW-50140,BE,50.42238,5.74697,5
BEVL-VMM-12000,BE,51.27213,3.71246,18
BEVL-VMM-122050,BE,51.12921,5.82389,7
BEVL-VMM-164000,BE,51.04082,4.12334,8
BEVL-VMM-168900,BE,51.00578,3.80358,12
BEVL-VMM-172100,BE,51.00160,3.72403,6
BEVL-VMM-212400,BE,51.02332,4.49727,13
BEVL-VMM-221000,BE,50.80278,4.64254,10
BEVL-VMM-221500,BE,50.77611,4.63732,5
BEVL-VMM-253000,BE,51.10270,4.73611,12
BEVL-VMM-272000,BE,51.18843,4.73873,5
BEVL-VMM-30000,BE,51.20761,3.80311,5
BEVL-VMM-341000,BE,51.04567,4.42210,4
BEVL-VMM-345000,BE,50.96047,4.45574,6
BEVL-VMM-346500,BE,50.91130,4.41436,5
BEVL-VMM-350100,BE,50.70967,4.21761,11
BEVL-VMM-351000,BE,51.06586,4.36510,1
BEVL-VMM-390000,BE,50.96997,4.71869,6
BEVL-VMM-426990,BE,50.95792,5.11631,15
BEVL-VMM-427000,BE,50.94875,5.12041,3
BEVL-VMM-499500,BE,51.03731,4.07721,16
BEVL-VMM-511000,BE,50.76183,3.86690,10
BEVL-VMM-581000,BE,50.80110,3.18859,3
BEVL-VMM-6000,BE,51.32546,3.22940,8
BEVL-VMM-603000,BE,50.92122,3.41373,1
BEVL-VMM-680000,BE,51.12144,2.74824,6
BEVL-VMM-72000,BE,51.50256,4.78131,9
BEVL-VMM-744000,BE,50.72071,3.36443,10
BEVL-VMM-745000,BE,50.72797,3.34664,5
BEVL-VMM-765007,BE,51.32384,3.22988,14
BEVL-VMM-768000,BE,51.07366,3.56898,5
BEVL-VMM-770000,BE,51.22209,2.94940,16
BEVL-VMM-824000,BE,50.80926,5.67230,11
BEVL-VMM-865800,BE,51.22384,2.96119,2
BEVL-VMM-91000,BE,51.26785,5.42833,17
BEVL-VMM-910000,BE,51.12675,2.80192,7
BEVL-VMM-916000,BE,50.92022,2.62289,6
BG1IS00111MS010,BG,43.70600,24.45640,3
BG1IS00119MS020,BG,43.58770,24.35870,1
BG1OS00011MS010,BG,43.67440,24.84820,2
BG1OS00715MS050,BG,43.19500,24.80470,3
BG1OS00799MS060,BG,42.95730,24.68670,1
BG1VT00011MS010,BG,43.63350,24.69760,3
BG1VT00055MS040,BG,43.30680,24.36040,3
BG1VT09931MS080,BG,42.84130,24.37380,1
BG1YN00319MS030,BG,43.38690,25.66810,2
BG1YN04111MS050,BG,43.21730,25.64170,1
BG1YN06413MS150,BG,43.22170,25.95450,1
BG2KA00819MS025,BG,43.21680,26.79028,1
BG30009019,BG,43.73730,23.88180,2
BG30010194,BG,42.92250,23.79570,1
BG30011039,BG,43.41640,24.52890,1
BG30028061,BG,43.18370,26.87050,1
BG30028066,BG,43.02010,27.88680,2
BG30028504,BG,43.14730,26.51650,2
BG30047603,BG,42.31080,27.62380,1
BG30055517,BG,42.06980,27.45360,1
BG30059243,BG,42.62760,24.97200,2
BG30060108,BG,42.13160,24.57280,1
BG30060533,BG,41.87140,25.44710,2
BG30061273,BG,41.56880,24.79770,1
BG30065123,BG,41.85690,23.13770,1
BG30065557,BG,41.56930,23.03760,1
BG3AR00041MS0110,BG,41.56780,25.38944,1
BG3AR00053MS0190,BG,41.63255,25.36480,1
BG3AR00071MS0220,BG,41.68722,25.15250,2
BG3AR00133MS0010,BG,41.58117,26.10725,2
BG3AR00159MS0040,BG,41.64171,25.86918,1
BG3MA00001MS0003,BG,41.43239,26.14668,1
BG3MA00017MS0020,BG,41.89810,25.98393,2
BG3MA00055MS0670,BG,42.15290,24.74322,2
BG3MA00077MS1060,BG,42.18467,24.31464,1
BG3MA00317MS0230,BG,42.05348,25.65498,2
BG3MA00371MS0320,BG,42.11608,25.21387,1
BG3MA00523MS0600,BG,41.94445,24.85278,1
BG3MA00811MS1070,BG,42.20777,24.29607,1
BG3MA00853MS1170,BG,42.50233,23.99687,1
BG3MA00997MS1580,BG,42.27580,23.68503,1
BG3MA01191MS0010,BG,41.76903,26.19185,1
BG3MA05213MS0570,BG,42.14555,24.87723,1
BG3MA08911MS1270,BG,42.65831,24.13799,4
BG3TU00013MS0010,BG,42.05220,26.47327,1
BG3TU00579MS0090,BG,42.39250,26.51528,1
BG3TU00937MS0290,BG,42.54544,25.56118,1
BG4ME00043MS110,BG,41.50149,23.89230,3
BG4ME04733MS030,BG,41.71000,23.70000,2
BG4ST00631MS060,BG,41.42000,23.32000,2
BG4ST00641MS770,BG,41.43503,23.25198,1
BG4ST00649MS250,BG,41.39000,22.97000,1
BG4ST00681MS090,BG,42.49000,22.75000,1
BG4ST06571MS180,BG,42.03494,23.03694,1
BG4ST06731MS160,BG,42.25624,22.85310,2
CHRW-2078,CH,47.58990,7.58930,1
CHRW-6315,CH,47.18098,7.56432,1
CY3-7-11-R3-O1,CY,35.13160,33.08080,5
CY6-1-21-R3-O1,CY,35.09130,33.28050,1
CY6-1-51-R3-O1,CY,35.12320,33.38220,2
CY6-5-2-R3-O2,CY,35.01960,33.39450,5
CY8-4-1-R3-HM-O2,CY,34.89290,33.53430,2
CYR1-3-5-05,CY,34.92728,32.69967,3
CYR1-4-3-35,CY,34.94089,32.61124,1
CYR3-3-3-95,CY,35.03690,32.89530,1
CYR3-5-4-40,CY,35.06652,33.01941,7
CYR3-7-3-71,CY,35.01191,33.15459,1
CYR6-5-1-85,CY,34.99482,33.33499,1
CYR8-7-2-60,CY,34.87759,33.33779,2
CYR8-9-5-40,CY,34.81830,33.24133,9
CYR9-4-3-80,CY,34.74549,32.97454,2
CYR9-6-3-36,CY,34.91222,32.94329,1
CYR9-6-4-92,CY,34.77005,32.91140,4
CZ1077,CZ,49.30560,13.15140,3
CZ1133,CZ,49.61351,17.25316,2
CZ1145,CZ,49.88712,18.16341,1
CZ1154,CZ,49.74810,18.29360,1
CZ1158,CZ,49.93080,18.42080,1
CZ3311,CZ,49.58440,15.93440,1
CZ3813,CZ,49.76626,13.40200,2
CZPLA-1,CZ,50.57280,15.63873,11
CZPLA-10,CZ,50.20653,15.95582,33
CZPLA-101,CZ,50.66487,15.59350,2
CZPLA-102,CZ,50.54978,15.69657,2
CZPLA-103,CZ,50.54146,15.72613,3
CZPLA-104,CZ,50.51581,15.75180,7
CZPLA-105,CZ,50.50373,15.74276,6
CZPLA-106,CZ,50.59494,15.87760,3
CZPLA-107,CZ,50.57640,15.96148,1
CZPLA-108,CZ,50.50643,16.02565,4
CZPLA-111,CZ,50.41096,16.05648,4
CZPLA-112,CZ,50.52212,16.21509,8
CZPLA-114,CZ,50.49375,16.22821,3
CZPLA-115,CZ,50.49085,16.18312,3
CZPLA-117,CZ,50.28862,15.82899,1
CZPLA-119,CZ,50.09671,16.46068,7
CZPLA-12,CZ,50.09477,15.80663,34
CZPLA-120,CZ,50.09686,16.29950,13
CZPLA-121,CZ,,,9
CZPLA-122,CZ,50.13005,16.18583,6
CZPLA-123,CZ,50.03704,16.60132,12
CZPLA-124,CZ,49.98870,16.39654,13
CZPLA-125,CZ,49.96533,16.39857,5
CZPLA-128,CZ,49.88696,16.25929,5
CZPLA-129,CZ,49.88526,16.25712,6
CZPLA-131,CZ,,,15
CZPLA-132,CZ,49.80277,15.74217,6
CZPLA-134,CZ,49.89199,15.82144,7
CZPLA-135,CZ,49.97757,15.84482,2
CZPLA-137,CZ,49.95552,15.93973,3
CZPLA-138,CZ,49.98695,15.86887,2
CZPLA-140,CZ,49.70391,15.73107,1
CZPLA-141,CZ,49.81730,15.59552,6
CZPLA-142,CZ,49.88775,15.48922,1
CZPLA-143,CZ,49.97593,15.39031,1
CZPLA-145,CZ,49.96636,15.31289,5
CZPLA-148,CZ,50.25652,15.67876,7
CZPLA-15,CZ,50.03330,15.61820,42
CZPLA-151,CZ,50.27934,15.16047,5
CZPLA-152,CZ,50.27114,15.18826,3
CZPLA-157,CZ,50.15172,15.00953,4
CZPLA-16,CZ,50.01996,15.35035,21
CZPLA-160,CZ,50.63061,15.46513,1
CZPLA-161,CZ,50.59129,15.33163,6
CZPLA-162,CZ,50.78477,15.22160,3
CZPLA-163,CZ,50.73598,15.30820,3
CZPLA-164,CZ,50.73915,15.30789,4
CZPLA-165,CZ,50.57773,15.14883,2
CZPLA-166,CZ,50.55059,15.04707,7
CZPLA-167,CZ,50.55970,14.97843,7
CZPLA-17,CZ,50.02315,15.30315,11
CZPLA-170,CZ,50.47008,14.94172,2
CZPLA-171,CZ,50.40753,14.90118,2
CZPLA-172,CZ,50.22734,14.57967,4
CZPLA-173,CZ,50.27681,14.54942,1
CZPLA-174,CZ,50.30192,14.46685,9
CZPLA-175,CZ,50.78655,15.02574,3
CZPLA-177,CZ,50.81701,14.96474,5
CZPLA-178,CZ,50.89466,15.14379,3
CZPLA-179,CZ,50.90566,15.11913,3
CZPLA-180,CZ,50.92727,15.09064,6
CZPLA-183,CZ,50.76161,15.39739,1
CZPLA-199,CZ,,,10
CZPLA-20,CZ,50.18727,15.06301,15
CZPLA-216,CZ,,,11
CZPLA-22,CZ,50.63198,15.46369,8
CZPLA-225,CZ,49.95967,15.91213,3
CZPLA-23,CZ,50.63345,15.30030,13
CZPLA-232,CZ,50.63277,15.51936,3
CZPLA-24,CZ,50.63419,15.30020,28
CZPLA-240,CZ,50.18035,14.83548,35
CZPLA-241,CZ,50.31138,14.49606,40
CZPLA-242,CZ,50.72533,14.18654,28
CZPLA-246,CZ,50.88745,14.23430,31
CZPLA-248,CZ,50.88711,14.23436,1
CZPLA-25,CZ,50.57152,15.06070,23
CZPLA-27,CZ,50.39643,14.87611,7
CZPLA-279,CZ,50.14121,15.36524,5
CZPLA-287,CZ,50.38785,15.93065,6
CZPLA-289,CZ,50.08531,15.84232,5
CZPLA-291,CZ,50.74649,15.06455,5
CZPLA-293,CZ,50.76542,15.05730,2
CZPLA-304,CZ,,,5
CZPLA-310,CZ,50.24914,14.77527,19
CZPLA-311,CZ,50.12738,15.24178,37
CZPLA-312,CZ,50.03667,15.90665,24
CZPLA-325,CZ,50.23828,16.31434,17
CZPLA-33,CZ,50.52536,14.19808,12
CZPLA-333,CZ,50.02953,15.62161,7
CZPLA-334,CZ,49.87554,15.33525,5
CZPLA-341,CZ,50.53934,14.06208,4
CZPLA-343,CZ,50.05700,15.17551,20
CZPLA-346,CZ,50.57473,15.96020,5
CZPLA-35,CZ,50.63631,14.04975,6
CZPLA-352,CZ,50.67861,15.91105,9
CZPLA-367,CZ,50.54023,15.83581,3
CZPLA-368,CZ,50.68076,15.78624,2
CZPLA-369,CZ,50.67654,15.79407,3
CZPLA-371,CZ,50.57910,15.96530,2
CZPLA-372,CZ,50.52901,15.96076,2
CZPLA-376,CZ,50.77781,15.41125,2
CZPLA-380,CZ,50.63586,15.05614,3
CZPLA-381,CZ,50.62669,14.98694,2
CZPLA-388,CZ,50.09361,16.70581,2
CZPLA-39,CZ,50.73467,15.10575,10
CZPLA-390,CZ,50.44937,16.19892,1
CZPLA-392,CZ,50.14211,16.57941,2
CZPLA-398,CZ,50.17046,16.28790,5
CZPLA-4,CZ,50.36683,15.91128,19
CZPLA-400,CZ,49.87753,16.05082,6
CZPLA-403,CZ,49.81040,15.53203,4
CZPLA-409,CZ,50.25023,15.64726,3
CZPLA-41,CZ,50.85454,14.82351,36
CZPLA-414,CZ,49.90502,15.06065,7
CZPLA-42,CZ,51.01453,15.03312,28
CZPLA-43,CZ,50.19748,15.98117,20
CZPLA-435,CZ,49.84635,15.95656,1
CZPLA-44,CZ,50.00815,15.28530,2
CZPLA-445,CZ,50.04123,15.00659,6
CZPLA-449,CZ,50.03527,15.02829,12
CZPLA-45,CZ,50.19173,15.49519,24
CZPLA-46,CZ,50.17726,15.54767,14
CZPLA-47,CZ,50.18350,15.04111,4
CZPLA-48,CZ,50.15971,15.01084,17
CZPLA-49,CZ,50.20468,14.95118,14
CZPLA-5,CZ,50.35608,15.93120,29
CZPLA-50,CZ,50.16240,14.79498,7
CZPLA-503,CZ,49.84202,16.50906,1
CZPLA-51,CZ,50.79163,14.23238,10
CZPLA-52,CZ,50.55053,16.40393,27
CZPLA-531,CZ,50.03331,16.20205,2
CZPLA-55,CZ,50.21902,15.83217,6
CZPLA-56,CZ,50.28691,16.05955,5
CZPLA-569,CZ,50.58671,16.40734,5
CZPLA-58,CZ,50.01496,15.79626,30
CZPLA-59,CZ,50.37377,15.54489,11
CZPLA-6,CZ,50.34142,15.92596,27
CZPLA-606,CZ,50.77366,15.40649,1
CZPLA-614,CZ,50.23825,15.51999,4
CZPLA-649,CZ,50.51818,15.44145,1
CZPLA-672,CZ,50.21345,15.12691,6
CZPLA-680,CZ,49.99156,16.55816,4
CZPLA-681,CZ,50.06527,16.14218,3
CZPLA-7,CZ,50.21318,15.82747,28
CZPLA-711,CZ,50.23428,15.13431,2
CZPLA-731,CZ,50.03298,16.49748,1
CZPLA-747,CZ,50.14776,16.47735,5
CZPLA-749,CZ,50.13903,16.19760,1
CZPLA-750,CZ,50.08655,16.70824,3
CZPLA-751,CZ,50.29569,16.25921,2
CZPLA-752,CZ,50.29378,16.14913,1
CZPLA-753,CZ,49.74546,15.86302,2
CZPLA-754,CZ,49.87138,15.49706,1
CZPLA-755,CZ,49.89085,15.41037,3
CZPLA-756,CZ,50.87153,14.82713,5
CZPLA-757,CZ,50.76275,15.39619,4
CZPLA-758,CZ,49.86978,15.85997,1
CZPLA-8,CZ,50.12207,16.14652,35
CZPLA-811,CZ,50.48352,15.69465,4
CZPLA-845,CZ,50.18974,16.39988,1
CZPLA-85,CZ,50.80768,15.29302,6
CZPLA-9,CZ,50.12400,16.07618,38
CZPMO-1132,CZ,49.75564,16.97612,14
CZPMO-1134,CZ,49.52982,17.27062,26
CZPMO-1166,CZ,49.74561,16.94652,14
CZPMO-1167,CZ,49.71823,17.16264,23
CZPMO-1168,CZ,49.39514,17.26497,11
CZPMO-1169,CZ,49.33093,17.33882,13
CZPMO-1171,CZ,49.50165,17.90728,6
CZPMO-1173,CZ,49.47430,18.00763,10
CZPMO-1174,CZ,49.20902,17.52160,17
CZPMO-1175,CZ,49.04677,17.42601,17
CZPMO-1181,CZ,48.95027,16.61823,27
CZPMO-1185,CZ,49.04468,16.61746,14
CZPMO-1188,CZ,48.92784,16.57251,31
CZPMO-1189,CZ,49.11116,16.35212,12
CZPMO-1190,CZ,49.08607,16.37874,11
CZPMO-1193,CZ,48.74377,16.38141,5
CZPMO-1196,CZ,48.71759,16.97093,16
CZPMO-1197,CZ,48.82416,16.46628,7
CZPMO-1199,CZ,49.09408,16.61979,2
CZPMO-1201,CZ,49.14763,16.63098,20
CZPMO-1202,CZ,49.20937,15.99148,10
CZPMO-1205,CZ,,,30
CZPMO-1209,CZ,48.95757,17.09347,2
CZPMO-3546,CZ,49.95144,16.87239,3
CZPMO-3554,CZ,49.35311,17.32006,3
CZPMO-3636,CZ,50.07663,16.95792,5
CZPMO-3639,CZ,49.91247,16.93182,12
CZPMO-3643,CZ,49.86105,16.91279,14
CZPMO-3664,CZ,49.44424,17.97033,19
CZPMO-3670,CZ,49.42821,17.32850,34
CZPMO-3684,CZ,48.91061,17.31105,3
CZPMO-3686,CZ,49.40047,16.36433,6
CZPMO-3742,CZ,48.95678,15.47304,24
CZPMO-3764,CZ,48.81764,16.83268,5
CZPMO-3770,CZ,49.59401,17.32342,5
CZPMO-3950,CZ,48.88515,17.21104,13
CZPMO-3952,CZ,49.88765,16.92309,7
CZPMO-3953,CZ,49.08558,16.31681,5
CZPMO-401,CZ,48.68750,16.98913,20
CZPMO-402,CZ,48.72350,16.88532,20
CZPMO-501-002,CZ,49.33131,16.43920,9
CZPMO-501-007,CZ,49.25349,16.45886,1
CZPMO-501-011,CZ,49.40699,16.63370,3
CZPMO-501-015,CZ,49.40559,16.77937,3
CZPMO-501-031,CZ,49.17385,16.75401,4
CZPMO-501-032,CZ,49.06693,16.67541,6
CZPMO-502-006,CZ,48.98269,16.92001,4
CZPMO-502-035,CZ,49.01847,16.61179,5
CZPMO-503-016,CZ,48.95728,17.09419,3
CZPMO-503-028,CZ,48.81988,17.51089,1
CZPMO-504-019,CZ,49.02964,15.38783,3
CZPMO-504-022,CZ,48.99127,15.35896,3
CZPMO-505-013,CZ,49.27491,17.39512,2
CZPMO-505-017,CZ,49.21841,17.50331,3
CZPMO-507-002,CZ,49.69496,16.88348,1
CZPMO-507-013,CZ,49.43546,17.18524,3
CZPMO-507-023,CZ,49.32452,17.14891,3
CZPMO-508-004,CZ,49.52118,17.76338,5
CZPMO-509-001,CZ,49.86935,16.62793,6
CZPMO-509-003,CZ,49.84982,16.65106,6
CZPMO-509-008,CZ,49.76403,16.66850,4
CZPMO-509-029,CZ,49.47207,16.62169,4
CZPMO-509-035,CZ,49.68031,16.74755,6
CZPMO-509-039,CZ,49.90024,16.62791,3
CZPMO-510-021,CZ,49.78820,16.96438,2
CZPMO-510-031,CZ,49.94705,16.96690,3
CZPMO-511-005,CZ,49.34600,15.94098,2
CZPMO-511-008,CZ,49.20990,16.13490,9
CZPMO-511-031,CZ,49.21106,15.99091,3
CZPMO-511-032,CZ,49.33873,16.03263,6
CZPMO-511-034,CZ,49.09614,15.89445,2
CZPMO-514-006,CZ,49.21062,17.56290,4
CZPMO-514-016,CZ,49.12931,17.48236,2
CZPMO-515-031,CZ,49.02387,15.56754,3
CZPMO-515-032,CZ,48.98610,15.65798,5
CZPMO-515-033,CZ,48.98492,15.87792,2
CZPMO-515-034,CZ,48.92758,16.02395,3
CZPMO-515-035,CZ,48.92090,16.20163,1
CZPMO-516-005,CZ,49.50197,16.35669,2
CZPMO-516-019,CZ,,,2
CZPMO-516-027,CZ,,,5
CZPMO-517-018,CZ,49.27419,17.00240,1
CZPMO-517-025,CZ,49.14820,17.08271,3
CZPMO-BPPBS006,CZ,49.41767,17.96450,7
CZPMO-BPPJU005,CZ,49.49885,17.89817,2
CZPMO-BPPSE004,CZ,49.31204,18.00165,3
CZPMO-BPPVB009,CZ,49.31141,18.00457,4
CZPMO-BPPVE008,CZ,49.57181,17.72605,3
CZPMO-BPTKA001,CZ,,,3
CZPMO-DPPDY004,CZ,48.89398,15.81606,10
CZPMO-DPPDY022,CZ,48.81925,16.46896,27
CZPMO-DPPMD025,CZ,49.13392,15.46558,7
CZPMO-DPPMY001,CZ,49.14090,15.44382,4
CZPMO-DPPSK008,CZ,48.88453,16.21504,5
CZPMO-DPPVA007,CZ,49.07944,15.44064,3
CZPMO-DPPZE011,CZ,,,5
CZPMO-DPPZE024,CZ,49.04341,15.56879,3
CZPMO-DPTLA001,CZ,,,7
CZPMO-DPTNR002,CZ,,,2
CZPMO-DPTZN002,CZ,,,9
CZPMO-JPPBA020,CZ,49.33455,15.95437,3
CZPMO-JPPBG024,CZ,49.12829,16.33099,4
CZPMO-JPPBT005,CZ,49.33442,15.72768,4
CZPMO-JPPJH004,CZ,49.36340,15.59198,2
CZPMO-JPPJI012,CZ,49.34366,15.74264,4
CZPMO-JPPJI016,CZ,49.34566,15.46912,10
CZPMO-JPPJI019,CZ,49.40996,15.51516,7
CZPMO-JPPJV023,CZ,48.98416,15.88138,3
CZPMO-JPPKV023,CZ,49.21541,15.93588,6
CZPMO-JPPOS014,CZ,49.36401,16.01521,9
CZPMO-JPPOS032,CZ,,,5
CZPMO-JPPPO027,CZ,49.27591,16.09750,3
CZPMO-JPPRC009,CZ,49.04809,16.14667,2
CZPMO-JPPRY015,CZ,49.03634,16.11702,5
CZPMO-JPPRY031,CZ,49.09123,15.87827,1
CZPMO-JPPSP001,CZ,49.21231,15.87137,3
CZPMO-JPPTP002,CZ,49.30361,15.48275,1
CZPMO-JPTHU001,CZ,,,5
CZPMO-JPTMO002,CZ,,,12
CZPMO-KPPDY003,CZ,48.80374,16.85386,2
CZPMO-KPPTR014,CZ,48.97482,16.93543,1
CZPMO-KPPVC010,CZ,48.76309,16.85417,3
CZPMO-SPPBC048,CZ,49.55640,16.31198,2
CZPMO-SPPBF040,CZ,49.36605,16.42459,2
CZPMO-SPPBI039,CZ,49.27052,16.42414,4
CZPMO-SPPBO007,CZ,49.35633,16.40131,2
CZPMO-SPPBO050,CZ,49.36053,16.35434,6
CZPMO-SPPBV017,CZ,49.12028,16.56872,2
CZPMO-SPPFS018,CZ,,,8
CZPMO-SPPKR041,CZ,49.54016,16.57048,4
CZPMO-SPPKU053,CZ,49.27840,16.45724,3
CZPMO-SPPLB025,CZ,49.35688,16.35101,2
CZPMO-SPPLI011,CZ,49.12894,16.84968,7
CZPMO-SPPNE005,CZ,49.45653,16.33650,2
CZPMO-SPPPU034,CZ,49.34881,16.65325,1
CZPMO-SPPPU042,CZ,49.41619,16.74018,2
CZPMO-SPPRI045,CZ,49.15276,16.73708,7
CZPMO-SPPRI050,CZ,49.07439,16.69216,4
CZPMO-SPPRK012,CZ,49.12950,16.84019,3
CZPMO-SPPSI027,CZ,49.56498,16.56729,5
CZPMO-SPPSV014,CZ,49.27746,16.43970,4
CZPMO-SPPSV030,CZ,49.14456,16.62793,1
CZPMO-SPTBS002,CZ,,,5
CZPMO-SPTBS004,CZ,,,6
CZPMO-SPTVI003,CZ,,,4
CZPMO-SPTVI014,CZ,,,5
CZPMO-SPTVI018,CZ,,,6
CZPMO-VPPBU003,CZ,49.10357,18.02652,2
CZPMO-VPPKN012,CZ,48.88072,17.72777,4
CZPMO-VPPRF005,CZ,49.09861,17.92564,1
CZPMO-VPPVL001,CZ,49.03592,18.05132,26
CZPMO-VPPVL004,CZ,49.12904,17.93684,3
CZPMO-XPPBM036,CZ,49.96327,16.86179,3
CZPMO-XPPBR002,CZ,49.87454,16.76946,1
CZPMO-XPPBY033,CZ,49.70706,17.43856,4
CZPMO-XPPHC030,CZ,49.86130,16.69965,3
CZPMO-XPPJE009,CZ,49.71234,16.76196,4
CZPMO-XPPJE027,CZ,49.62397,16.73508,4
CZPMO-XPPLC034,CZ,49.68930,17.44801,1
CZPMO-XPPLF044,CZ,50.00315,17.02210,1
CZPMO-XPPLG048,CZ,49.88322,16.94081,2
CZPMO-XPPME045,CZ,50.02534,17.08485,1
CZPMO-XPPMI003,CZ,49.78225,16.95356,5
CZPMO-XPPMS029,CZ,49.91050,16.64148,6
CZPMO-XPPOB024,CZ,49.82453,17.11353,2
CZPMO-XPPOC031,CZ,49.86318,16.74150,3
CZPMO-XPPSK017,CZ,49.67452,17.24561,2
CZPMO-XPPTE023,CZ,49.71305,16.76061,5
CZPMO-XPPTE028,CZ,49.74370,16.65319,1
CZPMO-XPPTU011,CZ,49.65234,17.27382,1
CZPMO-XPPVF038,CZ,50.16372,16.94627,1
CZPMO-YPNHL026,CZ,49.46198,17.01445,4
CZPMO-YPNKL028,CZ,49.46170,17.02028,3
CZPMO-YPPBD005,CZ,49.34309,17.17474,3
CZPMO-YPPBD033,CZ,49.40405,17.01507,1
CZPMO-YPPBH008,CZ,49.41859,17.28626,3
CZPMO-YPPFE032,CZ,49.36939,17.03160,4
CZPMO-YPPHA009,CZ,49.28872,16.98649,3
CZPMO-YPPHL002,CZ,49.47534,17.13846,3
CZPMO-YPPHL034,CZ,49.46470,16.97795,4
CZPMO-YPPMA024,CZ,49.21122,17.50573,22
CZPMO-YPPMT022,CZ,49.33853,17.40145,8
CZPMO-YPPMT035,CZ,49.43817,17.61250,11
CZPMO-YPPRU007,CZ,49.30273,17.47736,7
CZPMO-YPPZB031,CZ,49.46349,16.97949,1
CZPMO-YPTOP002,CZ,,,3
CZPMO-ZPPBN004,CZ,49.09535,17.49939,3
CZPMO-ZPPDE008,CZ,49.21912,17.78099,2
CZPMO-ZPPDR025,CZ,49.02850,17.38143,4
CZPMO-ZPPLP005,CZ,49.03826,17.69330,1
CZPMO-ZPPLT011,CZ,49.21731,17.78018,1
CZPMO-ZPPMA015,CZ,49.06223,17.42333,20
CZPMO-ZPPNI001,CZ,49.01854,17.65713,3
CZPMO-ZPPOK003,CZ,48.98237,17.39540,2
CZPMO-ZPPOV009,CZ,49.03043,17.71112,3
CZPMO-ZPPRA026,CZ,48.87804,17.27878,2
CZPMO-ZPTFR002,CZ,,,4
CZPMO-ZPTSL002,CZ,,,5
CZPOD-1141,CZ,50.08275,17.66788,3
CZPOD-1143,CZ,49.98695,17.84573,7
CZPOD-1144,CZ,49.93229,17.93998,22
CZPOD-1146,CZ,49.83216,18.21914,18
CZPOD-1152,CZ,49.84723,18.29393,30
CZPOD-1154,CZ,49.83081,18.29725,20
CZPOD-1155,CZ,49.71817,18.62810,1
CZPOD-1159,CZ,49.66313,17.98283,5
CZPOD-1161,CZ,49.81978,18.21711,12
CZPOD-1163,CZ,49.92029,18.32708,32
CZPOD-1164,CZ,49.65685,17.98710,24
CZPOD-1165,CZ,49.73517,18.16475,17
CZPOD-3566,CZ,50.09860,17.68875,4
CZPOD-3578,CZ,,,3
CZPOD-3581,CZ,,,3
CZPOD-3585,CZ,49.91141,17.89093,3
CZPOD-3596,CZ,50.30354,17.33004,24
CZPOD-3616,CZ,49.84906,18.51463,4
CZPOD-3625,CZ,49.72637,18.12999,4
CZPOD-3801,CZ,49.74173,18.29368,5
CZPOD-3802,CZ,49.82954,18.56892,5
CZPOD-5006,CZ,49.90286,18.32528,9
CZPOD-5008,CZ,49.61749,17.91943,2
CZPOD-5009,CZ,49.58734,18.02877,6
CZPOD-5012,CZ,49.68443,17.98887,1
CZPOD-5015,CZ,49.69228,18.06482,7
CZPOD-5021,CZ,49.73127,18.18421,4
CZPOD-5024,CZ,49.81459,18.21089,6
CZPOD-5037,CZ,49.58221,18.19360,2
CZPOD-5107,CZ,50.16208,17.58431,1
CZPOD-5109,CZ,50.01943,17.77416,5
CZPOD-5111,CZ,49.99248,17.81693,3
CZPOD-5112,CZ,49.95387,17.88666,5
CZPOD-5203,CZ,,,6
CZPOD-5210,CZ,,,2
CZPOD-5215,CZ,,,5
CZPOD-5301,CZ,,,1
CZPOD-5304,CZ,49.83148,18.29561,9
CZPOD-5311,CZ,,,2
CZPOD-5315,CZ,49.56776,18.36110,1
CZPOD-5320,CZ,49.67276,18.36109,3
CZPOD-5324,CZ,49.64033,18.32132,2
CZPOD-5328,CZ,49.69831,18.46356,2
CZPOD-5333,CZ,49.78804,18.41276,1
CZPOD-5334,CZ,49.77971,18.36137,3
CZPOD-5407,CZ,49.94860,18.33387,20
CZPOD-5411,CZ,,,2
CZPOD-5413,CZ,49.72776,18.62443,2
CZPOD-5416,CZ,49.70816,18.53380,3
CZPOD-5420,CZ,49.88786,18.48840,4
CZPOD-5501,CZ,50.27228,17.39561,5
CZPOD-5504,CZ,50.29194,17.73996,6
CZPOD-5507,CZ,50.21295,17.20058,3
CZPOD-5509,CZ,50.23249,17.20277,3
CZPOD-5514,CZ,50.37943,17.19166,3
CZPOD-5516,CZ,50.40523,17.03271,2
CZPOD-5517,CZ,50.02971,18.07777,2
CZPOD-5522,CZ,49.94026,18.27221,2
CZPOD-5526,CZ,49.90096,18.47943,22
CZPOD-5535,CZ,49.92660,17.93826,12
CZPOD-5539,CZ,49.90248,18.50721,3
CZPOD-5544,CZ,49.68907,17.56257,1
CZPOD-5545,CZ,49.73788,17.69117,2
CZPOD-5546,CZ,49.73492,18.15454,7
CZPOD-5550,CZ,49.91454,18.12637,7
CZPOD-5555,CZ,49.98089,18.20852,3
CZPOD-5556,CZ,50.36304,17.16472,1
CZPOD-5557,CZ,50.36200,17.16460,3
CZPOD-5559,CZ,50.30388,17.33473,4
CZPOD-5563,CZ,49.54921,18.20004,1
CZPOD-5567,CZ,50.12582,17.36305,1
CZPOD-5568,CZ,50.06387,17.47583,2
CZPOD-5569,CZ,49.86710,18.27598,4
CZPOD-5573,CZ,49.56776,18.35471,4
CZPOD-5576,CZ,49.61428,18.48928,4
CZPOD-5577,CZ,49.73665,18.44026,3
CZPOD-5578,CZ,49.77665,18.37415,3
CZPOD-5580,CZ,50.24217,17.71962,2
CZPOD-5581,CZ,50.29832,17.74222,5
CZPOD-5583,CZ,50.42266,16.96873,1
CZPOD-5585,CZ,50.40535,17.08351,4
CZPOD-5586,CZ,50.38428,17.04664,3
CZPOD-5591,CZ,50.44181,16.92037,2
CZPOD-5592,CZ,50.05223,18.03585,2
CZPOH-1001,CZ,50.51115,14.15649,32
CZPOH-1006,CZ,50.34047,13.58629,3
CZPOH-1007,CZ,50.36828,13.44555,2
CZPOH-10076,CZ,50.70689,13.53990,5
CZPOH-1008,CZ,50.36410,13.29335,35
CZPOH-1011,CZ,50.37008,13.11145,6
CZPOH-1012,CZ,50.27761,12.98789,4
CZPOH-1014,CZ,50.22741,12.84475,6
CZPOH-1015,CZ,50.17265,12.62051,10
CZPOH-1016,CZ,50.10629,12.39585,5
CZPOH-1018,CZ,50.10445,12.48290,5
CZPOH-10184,CZ,50.18324,13.44777,5
CZPOH-10187,CZ,50.65720,14.03100,6
CZPOH-1019,CZ,50.18338,12.64037,24
CZPOH-1021,CZ,50.22728,12.83605,18
CZPOH-1022,CZ,50.23342,12.84690,20
CZPOH-1023,CZ,50.23428,12.86999,9
CZPOH-1024,CZ,50.30384,12.96917,19
CZPOH-10245,CZ,50.67276,14.16769,1
CZPOH-1025,CZ,50.33239,13.51371,6
CZPOH-1027,CZ,50.36470,13.70345,21
CZPOH-1028,CZ,50.65759,14.04089,32
CZPOH-1031,CZ,50.52792,13.55386,12
CZPOH-1032,CZ,50.76199,14.24144,27
CZPOH-1033,CZ,50.68297,14.53512,13
CZPOH-1034,CZ,50.69187,14.74885,7
CZPOH-1035,CZ,50.61240,13.88639,5
CZPOH-1036,CZ,50.87375,14.24127,21
CZPOH-1037,CZ,50.26218,12.24360,18
CZPOH-1038,CZ,50.90552,14.64970,30
CZPOH-1058,CZ,50.65948,14.72692,4
CZPOH-1060,CZ,50.66959,14.64693,3
CZPOH-1087,CZ,50.57906,13.80449,16
CZPOH-1088,CZ,50.58762,13.80237,1
CZPOH-1093,CZ,50.64677,14.00648,10
CZPOH-1096,CZ,50.65278,14.00204,2
CZPOH-1099,CZ,50.01783,12.39721,4
CZPOH-1101,CZ,50.09625,12.23940,19
CZPOH-1105,CZ,50.09208,12.25181,2
CZPOH-1109,CZ,50.77164,14.20119,4
CZPOH-1110,CZ,50.65183,14.62861,1
CZPOH-1113,CZ,50.68036,14.51128,3
CZPOH-1114,CZ,50.67261,14.49946,4
CZPOH-1116,CZ,50.84073,14.38335,2
CZPOH-1117,CZ,50.94321,14.57948,4
CZPOH-1121,CZ,,,12
CZPOH-1134,CZ,50.17586,12.87601,5
CZPOH-1141,CZ,,,6
CZPOH-1143,CZ,,,4
CZPOH-1147,CZ,50.02503,12.36887,5
CZPOH-1158,CZ,,,13
CZPOH-1179,CZ,,,5
CZPOH-1190,CZ,,,6
CZPOH-1267,CZ,50.51137,13.04252,5
CZPOH-1268,CZ,50.61894,13.36028,5
CZPOH-1269,CZ,50.61886,13.41214,3
CZPOH-1275,CZ,50.50401,14.22813,3
CZPOH-1306,CZ,50.88370,14.62946,3
CZPOH-1308,CZ,50.31471,12.10790,6
CZPOH-1312,CZ,50.30589,12.12600,5
CZPOH-1319,CZ,50.97796,14.28736,1
CZPOH-1321,CZ,50.43227,12.73443,5
CZPOH-1360,CZ,50.61240,14.59111,6
CZPOH-1378,CZ,50.78545,13.90052,8
CZPOH-1389,CZ,50.55982,13.22366,7
CZPOH-1396,CZ,50.72283,13.62787,3
CZPOH-1398,CZ,50.10686,12.39583,15
CZPOH-1479,CZ,50.28916,13.43401,3
CZPOH-1483,CZ,50.82928,14.35637,7
CZPOH-1493,CZ,50.49664,13.08294,3
CZPOH-1507,CZ,49.99431,12.84777,3
CZPOH-1530,CZ,50.13216,12.46387,6
CZPOH-15306,CZ,50.54875,13.59963,4
CZPOH-1531,CZ,50.12525,12.44405,11
CZPOH-1532,CZ,50.18522,12.75850,3
CZPOH-15373,CZ,50.42464,13.47925,6
CZPOH-15374,CZ,50.09736,12.23065,5
CZPOH-15375,CZ,50.13721,12.42887,4
CZPOH-15376,CZ,50.21628,12.44141,6
CZPOH-15377,CZ,50.12230,12.51446,7
CZPOH-15380,CZ,50.18317,12.64490,7
CZPOH-15381,CZ,50.32026,12.73132,1
CZPOH-15382,CZ,50.24339,12.89310,2
CZPOH-15383,CZ,50.42873,12.73378,9
CZPOH-15385,CZ,50.36217,13.71767,3
CZPOH-15386,CZ,50.70428,13.94980,4
CZPOH-15387,CZ,50.67755,13.94135,4
CZPOH-15388,CZ,50.75295,14.66408,3
CZPOH-15390,CZ,50.62221,14.53641,5
CZPOH-15391,CZ,50.92309,14.40327,5
CZPOH-15393,CZ,51.03408,14.44894,4
CZPOH-15406,CZ,50.26242,12.99905,5
CZPOH-15409,CZ,50.99054,14.34063,2
CZPOH-15506,CZ,50.32683,12.73200,4
CZPOH-15507,CZ,50.20290,12.42937,6
CZPOH-15510,CZ,50.81211,13.98303,6
CZPOH-1558,CZ,50.30844,12.93624,2
CZPOH-15638,CZ,50.57370,14.67471,2
CZPOH-15639,CZ,50.56973,14.65583,2
CZPOH-1772,CZ,50.12403,12.55305,7
CZPOH-302-011,CZ,50.13933,12.41177,3
CZPOH-304-009,CZ,50.31245,12.89554,1
CZPOH-305-016,CZ,50.52736,14.20130,1
CZPOH-305-021,CZ,50.40224,13.94944,3
CZPOH-305-026,CZ,50.41145,14.07758,7
CZPOH-305-040,CZ,50.50296,14.08640,3
CZPOH-307-016,CZ,50.40085,13.72680,6
CZPOH-307-029,CZ,50.19411,13.46875,2
CZPVL-0700,CZ,49.66112,15.08753,2
CZPVL-1041,CZ,48.92244,14.43658,23
CZPVL-1042,CZ,49.04569,14.44703,27
CZPVL-1044,CZ,49.94197,14.38899,20
CZPVL-1048,CZ,48.93443,14.48952,16
CZPVL-1049,CZ,49.17723,14.69774,19
CZPVL-105,CZ,50.31822,14.44121,20
CZPVL-1051,CZ,49.18160,14.70912,21
CZPVL-1055,CZ,49.26752,13.95116,1
CZPVL-1058,CZ,49.23818,14.13779,12
CZPVL-1059,CZ,49.41953,14.11767,2
CZPVL-1060,CZ,49.43853,14.12691,3
CZPVL-1062,CZ,49.74229,15.10119,20
CZPVL-1064,CZ,49.87836,14.42742,28
CZPVL-1066,CZ,49.78899,14.93281,17
CZPVL-1070,CZ,49.75222,13.00849,16
CZPVL-1072,CZ,49.75068,13.37559,31
CZPVL-1074,CZ,49.82674,12.83907,1
CZPVL-1076,CZ,49.74669,13.38524,4
CZPVL-1078,CZ,49.42484,13.25219,11
CZPVL-1080,CZ,49.71963,13.39251,31
CZPVL-1081,CZ,49.41194,13.26622,14
CZPVL-1083,CZ,49.75709,13.41213,9
CZPVL-1084,CZ,49.77293,13.44281,15
CZPVL-1088,CZ,49.98730,14.04588,9
CZPVL-1089,CZ,49.93724,14.13281,2
CZPVL-1090,CZ,49.99421,14.39752,41
CZPVL-1091,CZ,49.80115,13.50557,1
CZPVL-1092,CZ,49.91584,13.51965,11
CZPVL-1093,CZ,50.03217,13.86743,2
CZPVL-1094,CZ,49.96030,14.07522,24
CZPVL-1095,CZ,49.96042,14.12927,4
CZPVL-1096,CZ,50.23954,14.30420,28
CZPVL-2023,CZ,49.53942,13.04099,2
CZPVL-2027,CZ,49.60261,13.52394,1
CZPVL-2029,CZ,49.90347,13.59205,1
CZPVL-2030,CZ,49.99292,13.61813,1
CZPVL-2031,CZ,49.99965,13.63717,2
CZPVL-2033,CZ,49.88068,13.73541,2
CZPVL-2034,CZ,49.92444,13.73676,1
CZPVL-2035,CZ,49.96442,13.83881,1
CZPVL-2037,CZ,50.10747,13.67047,3
CZPVL-2059,CZ,49.55603,15.79926,1
CZPVL-2060,CZ,49.61969,15.72903,1
CZPVL-2064,CZ,49.49446,15.07837,5
CZPVL-2065,CZ,49.63917,15.07742,3
CZPVL-2066,CZ,49.85966,14.65865,1
CZPVL-2100,CZ,49.61291,15.20523,3
CZPVL-2101,CZ,49.07614,14.28799,2
CZPVL-2196,CZ,49.90880,13.98688,1
CZPVL-2364,CZ,49.63375,14.81761,2
CZPVL-2402,CZ,49.11949,14.70453,1
CZPVL-2454,CZ,48.99245,14.30927,1
CZPVL-2504,CZ,48.92781,13.79477,2
CZPVL-2518,CZ,48.79258,14.30517,1
CZPVL-2531,CZ,49.06375,14.36307,1
CZPVL-2535,CZ,49.18152,14.44540,1
CZPVL-2549,CZ,49.01527,14.43790,1
CZPVL-2550,CZ,49.03408,14.44714,1
CZPVL-2579,CZ,48.99007,14.71100,2
CZPVL-2582,CZ,50.08519,14.03357,1
CZPVL-2585,CZ,49.02901,14.74665,1
CZPVL-2715,CZ,49.39826,14.67970,1
CZPVL-2721,CZ,49.25786,14.72098,2
CZPVL-2722,CZ,49.38167,14.69343,3
CZPVL-2723,CZ,49.43484,14.39835,4
CZPVL-2727,CZ,49.30022,14.45960,2
CZPVL-2738,CZ,49.19225,14.70144,2
CZPVL-2739,CZ,49.27806,14.46026,5
CZPVL-2804,CZ,49.24836,13.53742,2
CZPVL-2828,CZ,49.28891,13.80321,1
CZPVL-2950,CZ,49.50321,13.73575,3
CZPVL-2962,CZ,49.54679,13.97055,5
CZPVL-2966,CZ,49.15485,14.17571,2
CZPVL-3000,CZ,49.58130,15.20632,4
CZPVL-3001,CZ,49.81669,12.55524,3
CZPVL-3023,CZ,49.79939,12.57141,1
CZPVL-3043,CZ,49.83468,13.05498,1
CZPVL-3114,CZ,49.67649,13.31577,9
CZPVL-3132,CZ,49.54130,13.05949,3
CZPVL-3133,CZ,49.44743,12.99233,1
CZPVL-3209,CZ,48.85220,13.92035,7
CZPVL-3216,CZ,49.85406,14.40178,2
CZPVL-3227,CZ,49.44453,13.24811,8
CZPVL-3228,CZ,49.46309,13.28658,2
CZPVL-3230,CZ,49.55978,13.33737,4
CZPVL-3237,CZ,49.32451,13.15389,1
CZPVL-3241,CZ,49.43581,13.33828,1
CZPVL-3267,CZ,49.18866,15.06407,1
CZPVL-3285,CZ,49.26779,13.62656,1
CZPVL-3288,CZ,49.27250,13.82421,12
CZPVL-3312,CZ,49.56083,15.86024,5
CZPVL-3316,CZ,49.60053,15.59548,3
CZPVL-3329,CZ,49.60054,15.59500,1
CZPVL-3336,CZ,49.65585,15.38240,1
CZPVL-3341,CZ,49.94264,13.74294,1
CZPVL-3364,CZ,50.10396,13.88333,1
CZPVL-3376,CZ,49.96188,13.69849,1
CZPVL-3380,CZ,49.60782,13.09947,3
CZPVL-3407,CZ,49.86360,13.50405,5
CZPVL-3449,CZ,50.31011,14.32378,12
CZPVL-3603,CZ,50.09282,13.01859,2
CZPVL-3615,CZ,49.95290,13.52591,2
CZPVL-3616,CZ,50.09335,13.75151,1
CZPVL-3638,CZ,50.10299,13.10474,1
CZPVL-3706,CZ,49.65682,13.94443,1
CZPVL-3727,CZ,49.87096,14.00468,1
CZPVL-3730,CZ,49.87413,13.99702,1
CZPVL-3911,CZ,49.12224,13.20727,1
CZPVL-3922,CZ,48.65565,14.45681,9
CZPVL-3923,CZ,48.78251,14.51963,29
CZPVL-4004,CZ,49.28846,14.47078,34
CZPVL-4005,CZ,49.32891,14.15406,27
CZPVL-4200,CZ,49.53683,15.19976,27
CZPVL-4600,CZ,49.52741,15.21578,8
CZPVL-5012,CZ,49.60661,15.52844,1
CZPVL-5014,CZ,49.59963,15.70207,1
CZPVL-5015,CZ,49.60140,15.57716,1
CZPVL-5018,CZ,49.67094,15.41136,1
CZPVL-5020,CZ,49.74846,15.02816,1
CZPVL-5021,CZ,49.75899,14.91472,3
CZPVL-5022,CZ,49.54813,14.81694,6
CZPVL-5025,CZ,50.08088,14.60756,1
CZPVL-5031,CZ,49.83955,14.67992,4
CZPVL-5033,CZ,49.67012,14.29313,3
CZPVL-5034,CZ,49.71457,14.41339,2
CZPVL-5046,CZ,50.23176,14.28023,2
CZPVL-5047,CZ,50.27975,14.22449,5
CZPVL-5049,CZ,50.28015,14.20037,5
CZPVL-5600,CZ,49.49985,15.28206,5
CZPVL-6800,CZ,49.48221,15.24853,3
CZPVL-6900,CZ,49.46259,15.23711,15
CZPVL-7800,CZ,49.49355,15.07904,9
CZPVL-8953,CZ,49.63690,12.59507,1
CZPVL-8964,CZ,49.74196,15.10387,1
CZPVL-9104,CZ,49.04322,14.67095,1
CZPVL-9115,CZ,49.17247,14.21641,4
CZPVL-9202,CZ,49.62111,15.72663,2
CZPVL-9207,CZ,49.41892,15.16844,5
CZPVL-9214,CZ,49.88298,14.85946,5
CZPVL-9309,CZ,50.10316,13.66464,3
CZPVL-9311,CZ,49.91274,14.20557,2
CZPVL-9408,CZ,48.89015,14.41557,2
CZPVL-9409,CZ,48.82845,14.38856,1
CZPVL-9414,CZ,49.24289,15.21848,1
CZPVL-9420,CZ,49.11063,14.62203,2
CZPVL-9422,CZ,49.16267,15.01023,2
CZPVL-9424,CZ,49.16050,14.64232,5
CZPVL-9431,CZ,49.43845,14.00842,5
CZPVL-9432,CZ,49.53838,14.02467,1
CZPVL-9434,CZ,49.43554,13.78482,1
CZPVL-9439,CZ,49.09483,14.05719,5
CZPVL-9445,CZ,49.27092,13.92445,3
CZPVL-9448,CZ,49.29431,14.04986,2
CZPVL-9449,CZ,49.26361,14.07194,3
CZPVL-9451,CZ,49.24420,14.72151,2
CZPVL-9454,CZ,49.41238,14.76070,1
CZPVL-9457,CZ,49.39182,14.74765,1
CZPVL-9460,CZ,49.26337,14.42671,2
CZPVL-9461,CZ,49.22937,14.72071,1
CZPVL-9601,CZ,49.56215,14.82087,5
CZPVL-9603,CZ,49.80615,14.60166,2
CZPVL-9607,CZ,49.63869,15.48220,1
CZPVL-9608,CZ,49.69708,15.27907,1
CZPVL-9614,CZ,49.42440,15.16355,5
CZPVL-9623,CZ,49.60761,14.47262,1
CZPVL-9624,CZ,49.72294,14.43787,2
CZSM-PLA0022,CZ,50.63200,15.46370,4
CZSM-PM1135,CZ,49.30160,17.39970,4
CZSM-PM1180,CZ,49.03330,16.61890,3
CZSM-PM1187,CZ,49.08220,16.41080,3
CZSM-POD3619,CZ,49.68830,17.80030,1
CZSM-PVL0105,CZ,50.31850,14.44210,2
CZSM-VUV0101,CZ,50.03330,15.61940,5
CZSM-VUV0102,CZ,50.18040,14.83610,3
CZSM-VUV0202,CZ,50.87380,14.23590,6
CZSM-VUV1014,CZ,50.40250,14.44850,4
CZSM-VUV1089,CZ,49.93720,14.13280,2
CZSM-VUV1123,CZ,50.65760,14.04130,5
DEBW12,DE,48.41660,10.01700,8
DEBW19,DE,48.02110,7.57559,7
DEHH-SM-91496,DE,53.54029,9.87972,8
DENW19,DE,51.68520,6.15184,4
DERW-DEHH-VIP-AL-14,DE,53.66970,10.09270,4
DERW-DEHH-VIP-SEEMANNSH,DE,53.54180,9.88190,12
DERW-DEHH-VIP-ZOLLENSPI,DE,53.39840,10.17960,9
DESH06,DE,,,4
DESL03,DE,49.64830,6.98697,11
DESL04,DE,49.63610,7.00514,4
DESM-205130022,DE,53.14500,11.26430,11
DESM-BB-236-0143,DE,53.24410,14.25890,6
DESM-BB-HV-0080,DE,52.63610,13.21536,6
DESM-BB-NE-0040,DE,51.90962,14.69232,13
DESM-BB-NE-0061,DE,52.05985,14.75580,6
DESM-BB-OD-0040,DE,52.35765,14.55186,13
DESM-BB-OD-0070,DE,52.83602,14.12264,23
DESM-BB-RH-0130,DE,52.75512,12.31959,19
DESM-BB-SP-0060,DE,51.76283,14.34157,12
DESM-BB-SP-0210,DE,52.39244,13.74427,17
DESM-BWU01,DE,47.62943,9.59781,5
DESM-BWU02,DE,47.67201,9.53495,6
DESM-BWU03,DE,47.65879,9.49640,7
DESM-BWU04,DE,47.72172,8.86831,9
DESM-BWU11,DE,48.59392,7.82382,10
DESM-BWU24,DE,48.99929,9.13966,16
DESM-BWU27,DE,49.22325,9.20766,8
DESM-BWU29,DE,49.24548,9.19336,6
DESM-BWU30,DE,49.75872,9.51559,12
DESM-BWU36,DE,47.67529,8.79546,15
DESM-BWU37,DE,47.57099,8.33860,3
DESM-BWU38,DE,47.58644,8.13327,21
DESM-BWU40,DE,48.92298,8.16898,19
DESM-BWU41,DE,49.48374,8.45493,20
DESM-BWU42,DE,48.44444,8.80014,6
DESM-BWU43,DE,48.53485,9.13344,12
DESM-BWU44,DE,48.72105,9.37875,17
DESM-BWU45,DE,48.91270,9.24796,12
DESM-BWU46,DE,49.00232,9.14720,12
DESM-BWU47,DE,49.21649,9.20810,23
DESM-BWU48,DE,49.49429,8.46871,21
DESM-BWU50,DE,48.07238,9.39654,14
DESM-BWU51,DE,48.37390,9.96426,20
DESM-DEBE-160,DE,52.53563,13.21577,17
DESM-DEBE-430,DE,52.39869,13.14516,12
DESM-DEBY-10751,DE,48.82507,12.96000,2
DESM-DEBY-10754,DE,47.42602,11.25958,6
DESM-DEBY-10988,DE,48.45798,11.94870,5
DESM-DEBY-11233,DE,48.46074,11.86503,6
DESM-DEBY-11444,DE,48.77738,12.89496,4
DESM-DEBY-11446,DE,48.77153,12.88403,3
DESM-DEBY-11449,DE,48.76515,13.01924,8
DESM-DEBY-11700,DE,48.61082,13.14570,5
DESM-DEBY-11801,DE,48.93695,13.41313,2
DESM-DEBY-11899,DE,48.69357,13.45271,3
DESM-DEBY-11938,DE,47.78191,12.12611,4
DESM-DEBY-12302,DE,48.25220,12.69689,4
DESM-DEBY-12341,DE,47.78196,12.47573,2
DESM-DEBY-12771,DE,47.93827,12.92704,13
DESM-DEBY-12872,DE,48.26097,13.03409,3
DESM-DEBY-13243,DE,48.55331,13.43650,10
DESM-DEBY-13306,DE,48.52071,13.70213,15
DESM-DEBY-16122,DE,49.92454,10.86251,6
DESM-DEBY-17984,DE,49.68719,11.04582,8
DESM-DEBY-19268,DE,49.92421,10.78723,2
DESM-DEBY-20256,DE,49.85488,9.85468,9
DESM-DEBY-21142,DE,50.06097,9.69194,6
DESM-DEBY-22559,DE,50.06392,8.99030,20
DESM-DEBY-2322,DE,48.37052,9.98861,9
DESM-DEBY-2344,DE,48.36522,10.00460,1
DESM-DEBY-2346,DE,48.42405,10.02689,2
DESM-DEBY-2384,DE,48.49779,10.38994,6
DESM-DEBY-2389,DE,48.56832,10.50016,10
DESM-DEBY-24026,DE,50.37134,11.84066,12
DESM-DEBY-2929,DE,48.79357,10.68817,2
DESM-DEBY-2962,DE,48.71699,10.84638,5
DESM-DEBY-3044,DE,48.34559,10.93555,4
DESM-DEBY-3074,DE,48.10353,10.66612,2
DESM-DEBY-3095,DE,48.72746,10.92126,4
DESM-DEBY-3164,DE,48.73485,11.14321,3
DESM-DEBY-3306,DE,48.75675,11.53928,8
DESM-DEBY-3413,DE,48.91598,11.86676,4
DESM-DEBY-4172,DE,49.02505,11.57249,9
DESM-DEBY-4373,DE,48.94169,12.03365,2
DESM-DEBY-8104,DE,49.11871,11.93621,5
DESM-DEBY-9734,DE,49.22264,12.17535,2
DESM-DEHH-90342,DE,53.69366,10.11797,3
DESM-DEHH-91053,DE,53.39691,10.17831,6
DESM-DEMV-0103430016,DE,54.24734,12.46731,14
DESM-DEMV-0106250029,DE,53.87609,11.02346,7
DESM-DEMV-0108170014,DE,54.06407,12.17102,22
DESM-DEMV-0201070034,DE,53.83868,12.00559,2
DESM-DEMV-0203210010,DE,53.69080,12.32195,6
DESM-DEMV-0204880024,DE,53.33914,10.79749,15
DESM-DEMV-0205130022,DE,53.14559,11.26425,5
DESM-DEMV-0207180015,DE,53.44739,11.81102,4
DESM-DEMV-0302020028,DE,53.85887,13.68624,13
DESM-DEMV-0303070035,DE,53.89931,13.04220,5
DESM-DEMV-0313240018,DE,53.73485,14.04844,6
DESM-DEMV-NEBEL-104,DE,53.82523,12.06870,1
DESM-DEMV-TREBEL-3,DE,54.02014,12.77637,3
DESM-DEMV-UECKER-3,DE,53.72543,14.04323,10
DESM-DENI-12046,DE,53.05279,8.87458,2
DESM-DENI-36912024,DE,52.69524,7.34741,6
DESM-DENI-37712010,DE,53.03160,7.31422,12
DESM-DENI-38832017,DE,53.18024,7.70153,4
DESM-DENI-39892014,DE,53.35262,7.05676,3
DESM-DENI-43352010,DE,51.50061,9.60460,7
DESM-DENI-45752064,DE,52.15799,9.24872,3
DESM-DENI-47692123,DE,52.58336,9.06254,1
DESM-DENI-47912026,DE,52.68845,9.21019,2
DESM-DENI-48132055,DE,52.46076,10.92656,7
DESM-DENI-48162282,DE,52.49439,10.55795,2
DESM-DENI-48292018,DE,52.35185,10.43008,7
DESM-DENI-48332010,DE,52.55969,10.29454,6
DESM-DENI-48492040,DE,52.54416,10.16753,3
DESM-DENI-48542230,DE,52.50796,10.05424,2
DESM-DENI-48812210,DE,51.40599,9.93014,9
DESM-DENI-48822869,DE,51.71352,10.00017,1
DESM-DENI-48852542,DE,52.13589,9.76159,4
DESM-DENI-48862863,DE,52.24773,9.82860,1
DESM-DENI-48892026,DE,52.50964,9.46636,11
DESM-DENI-48992097,DE,52.92435,9.22471,5
DESM-DENI-49282075,DE,53.00301,8.57217,2
DESM-DENI-49452244,DE,53.10694,9.14034,1
DESM-DENI-49482303,DE,53.20312,8.82025,1
DESM-DENI-49572011,DE,53.19737,8.51926,5
DESM-DENI-49652163,DE,52.82550,8.47318,2
DESM-DENI-49692157,DE,53.16126,8.32211,5
DESM-DENI-59152010,DE,53.03823,11.56970,9
DESM-DENI-59292010,DE,53.12705,11.06000,3
DESM-DENI-59452251,DE,53.14977,10.46405,6
DESM-DENI-59652013,DE,53.49210,9.55550,4
DESM-DENI-59872220,DE,53.75368,9.14766,2
DESM-DENI-59942126,DE,53.80612,8.89815,7
DESM-DENI-92862534,DE,52.61160,6.73863,3
DESM-DENI-93912880,DE,53.59162,7.78604,7
DESM-DERP-2511510500,DE,50.00686,8.27705,8
DESM-DERP-2549523200,DE,49.91157,7.91078,16
DESM-DERP-2589535400,DE,50.30805,7.61229,6
DESM-DERP-2599511100,DE,50.34959,7.59982,13
DESM-DERP-2619521200,DE,49.56778,6.36592,12
DESM-DERP-2629532500,DE,49.72606,6.49572,4
DESM-DERP-2649525000,DE,49.66808,6.57537,10
DESM-DERP-2691510700,DE,50.12309,7.22621,10
DESM-DERP-2699511700,DE,50.36600,7.58135,11
DESM-DERP2391566500,DE,49.63110,8.37930,3
DESM-DESL100,DE,49.64609,6.98857,1
DESM-DESL101,DE,49.63287,7.00131,4
DESM-DESL1561,DE,49.19701,7.02841,12
DESM-DESL1620,DE,49.40935,6.64742,16
DESM-DESL189,DE,49.34226,6.59272,7
DESM-DESL31,DE,49.13580,7.18305,3
DESM-DESN-OBF00200,DE,50.89131,14.23015,23
DESM-DESN-OBF01800,DE,51.20933,13.40405,24
DESM-DESN-OBF02810,DE,51.64857,12.89513,18
DESM-DESN-OBF17300,DE,51.09662,14.98034,18
DESM-DESN-OBF17700,DE,51.58178,14.72998,15
DESM-DESN-OBF26800,DE,51.49991,14.06854,17
DESM-DESN-OBF30410,DE,51.43434,13.44660,13
DESM-DESN-OBF32300,DE,51.15767,12.80096,24
DESM-DESN-OBF40500,DE,51.15682,12.79351,19
DESM-DESN-OBF47600,DE,51.59069,12.58043,19
DESM-DESN-OBF49500,DE,50.27030,12.24748,20
DESM-DEST-2110020-A,DE,51.85743,12.65120,5
DESM-DEST-2130040-A,DE,51.87167,12.23731,16
DESM-DEST-2150020-A,DE,51.80287,12.86788,9
DESM-DEST-310030-A,DE,51.28938,12.06184,3
DESM-DEST-310070,DE,51.51059,11.95454,5
DESM-DEST-310115-A,DE,51.42296,11.98382,11
DESM-DEST-310140-A,DE,51.20969,11.76938,9
DESM-DEST-410020-A,DE,52.06650,11.67912,10
DESM-DEST-410195-A,DE,51.84575,11.70623,1
DESM-DEST-410200-A,DE,51.91651,11.87450,12
DESM-DEST-410610-A,DE,52.99616,11.60191,1
DESM-DEST-410720-A,DE,52.85361,12.05242,4
DESM-DETH-2150,DE,51.30614,11.18253,15
DESM-DETH-2167,DE,51.14863,11.03669,20
DESM-DETH-2198,DE,51.07229,11.69431,18
DESM-DETH-2217,DE,50.93174,12.01798,23
DESM-DETH-2258,DE,50.71679,11.33370,9
DESM-DETH-2371,DE,50.96644,10.07621,10
DESM-DETH-2381,DE,50.57359,10.41310,16
DESM-HE-107,DE,49.69870,8.41000,7
DESM-HE-115,DE,49.95610,8.35730,20
DESM-HE-130,DE,49.99940,8.34550,17
DESM-HE-149,DE,50.14180,8.91800,8
DESM-HE-214,DE,50.38480,8.01190,8
DESM-HE-215,DE,50.54750,8.42910,3
DESM-HE-269,DE,51.38520,9.79580,6
DESM-HE-284,DE,51.36320,9.54660,12
DESM-HE-286,DE,51.00370,9.72040,3
DESM-HE-354,DE,51.11770,9.40610,6
DESM-HE-378,DE,51.63140,9.46550,6
DESM-HE-380,DE,50.10020,8.56060,15
DESM-HE-425,DE,51.17050,9.05420,2
DESM-NW000103,DE,,,20
DESM-NW000309,DE,,,7
DESM-NW000504,DE,,,13
DESM-NW001004,DE,,,11
DESM-NW002008,DE,51.07017,6.99434,19
DESM-NW003001,DE,51.15940,6.68753,15
DESM-NW004005,DE,51.44447,6.73438,8
DESM-NW004108,DE,,,11
DESM-NW005009,DE,51.55731,6.72010,17
DESM-NW006002,DE,,,16
DESM-NW022810,DE,,,7
DESM-NW030650,DE,51.66282,7.36755,6
DESM-NW031318,DE,52.30086,8.88783,9
DESM-NW101904,DE,,,6
DESM-NW107610,DE,51.11119,6.09134,1
DESM-NW107657,DE,51.12594,6.08094,5
DESM-NW206106,DE,50.81190,7.18341,5
DESM-NW212350,DE,50.77014,7.65474,8
DESM-NW265901,DE,50.76595,6.84606,3
DESM-NW273600,DE,51.03983,6.97753,2
DESM-NW315321,DE,51.70895,6.06915,1
DESM-NW318103,DE,51.17264,6.27947,4
DESM-NW318644,DE,51.22755,6.08309,1
DESM-NW402801,DE,51.43576,7.57982,4
DESM-NW416204,DE,,,7
DESM-NW422800,DE,51.36812,7.54696,10
DESM-NW441200,DE,51.38503,7.44960,11
DESM-NW451400,DE,50.84506,7.96684,5
DESM-NW463309,DE,50.99670,8.49882,5
DESM-NW501580,DE,51.73598,7.19003,1
DESM-NW515103,DE,51.61694,7.51238,10
DESM-NW517800,DE,51.68841,7.83990,7
DESM-NW602700,DE,51.74240,8.71053,2
DESM-NW614208,DE,51.66488,8.01481,4
DESM-NW628700,DE,51.47578,8.19463,5
DESM-NW702705,DE,,,5
DESM-NW723502,DE,51.95429,8.22538,1
DESM-NW731808,DE,52.21949,8.82540,10
DESM-NW734913,DE,52.03753,8.79142,2
DESM-NW740706,DE,52.11958,8.66942,1
DESM-NW741917,DE,52.19704,8.66431,2
DESM-NW745900,DE,51.48308,9.19695,1
DESM-NW752824,DE,,,3
DESM-NW800016,DE,,,9
DESM-NW800132,DE,,,10
DESM-NW800703,DE,52.09382,6.75344,7
DESM-NW801562,DE,,,3
DESM-NW803157,DE,,,5
DESM-NW803510,DE,52.01532,7.69007,7
DESM-NW805180,DE,52.30786,7.42164,8
DESM-SH-120003,DE,53.50534,10.24089,4
DESM-SH-120015,DE,54.01008,9.80671,5
DESM-SH-120019,DE,53.92930,9.46908,6
DESM-SH-120098,DE,53.94611,10.01435,5
DESM-SH-123009,DE,54.33880,9.13944,3
DESM-SH-123016,DE,54.37130,9.08460,7
DESM-SH-123030,DE,54.68249,8.75687,9
DESM-SH-126015,DE,54.53499,9.63761,4
DESM-SH-126029,DE,54.32716,10.18804,7
DESM-SH-126053,DE,53.91794,10.71630,5
DESM-SH-126134,DE,54.20226,10.80804,6
DESM-SH-126194,DE,53.84718,10.64102,7
DESM-SH-126200,DE,53.92951,10.28157,1
DESM-SH-126201,DE,54.26625,10.54556,7
DESM-SH-126202,DE,54.16564,10.77798,2
DETH03,DE,,,3
EELM17,EE,,,1
EELM18,EE,,,1
EESJA0307000,EE,58.42465,23.05947,1
EESJA1858000,EE,58.51513,25.06172,1
EESJA2051000,EE,59.25945,23.87334,1
EESJA2302000,EE,58.38493,26.13411,2
EESJA3956000,EE,59.54338,26.40476,2
EESJA4328000,EE,59.00093,27.74062,1
EESJA4385000,EE,58.47972,24.99444,1
EESJA4483000,EE,58.73361,23.98945,1
EESJA5140000,EE,59.46120,24.85578,1
EESJA5258000,EE,59.55165,25.78497,1
EESJA5321000,EE,59.04744,27.07508,1
EESJA6180000,EE,59.44974,25.17847,1
EESJA6435002,EE,59.36056,25.69524,1
EESJA7164000,EE,58.08794,27.47620,1
EESJA7631000,EE,57.59868,26.34957,1
EESJA7675000,EE,58.26895,27.13095,1
EESJA7837000,EE,59.43143,24.36389,3
EESJA8007000,EE,58.37698,27.04508,1
EESJA9977000,EE,57.88934,27.73618,1
EL000001,EL,,,1
EL000017,EL,,,1
EL026110,EL,37.87420,22.65180,1
EL031030,EL,36.83950,22.69420,1
EL042020,EL,38.36000,21.55200,1
EL051220,EL,40.02020,20.81510,1
EL054040,EL,39.16360,20.79400,2
EL071040,EL,38.43330,23.16870,1
EL072060,EL,38.82470,22.52050,2
EL081101,EL,39.53820,21.71460,1
EL081103,EL,39.51530,21.86410,2
EL081106,EL,39.58660,22.14820,1
EL081107,EL,39.66240,22.42150,1
EL081202,EL,39.87500,22.08260,1
EL081203,EL,39.70450,22.20500,1
EL091150,EL,40.59090,22.45730,1
EL103010,EL,40.76830,22.37340,1
EL111130,EL,40.96620,23.64820,2
EL121150,EL,41.33600,26.51310,1
EL121180,EL,40.86290,26.21650,1
EL121310,EL,41.58720,26.20980,1
EL122010,EL,41.45590,24.04010,1
EL123020,EL,40.97390,25.36180,1
EL124010,EL,41.14860,25.21020,2
ES010ESPFMS002FQ,ES,42.03650,-8.64690,1
ES010ESPFMS003FQ,ES,42.07923,-8.49734,18
ES010ESPFMS010FQ,ES,,,7
ES010ESPFMS012FQ,ES,43.18150,-7.47721,7
ES010ESPFMS013FQ,ES,42.06652,-8.63610,17
ES010ESPFMS015FQ,ES,,,3
ES010ESPFMS016FQ,ES,42.24418,-8.13598,9
ES010ESPFMS017FQ,ES,,,8
ES010ESPFMS018FQ,ES,,,14
ES010ESPFMS021FQ,ES,,,4
ES010ESPFMS022FQ,ES,,,10
ES010ESPFMS023FQ,ES,42.34365,-7.87195,11
ES010ESPFMS024FQ,ES,,,11
ES010ESPFMS026FQ,ES,42.46808,-6.80767,14
ES010ESPFMS035FQ,ES,42.51430,-6.81013,17
ES010ESPFMS036FQ,ES,42.54282,-6.59636,11
ES010ESPFMS043FQ,ES,,,13
ES010ESPFMS046FQ,ES,42.46209,-7.34929,9
ES010ESPFMS050FQ,ES,,,11
ES010ESPFMS055FQ,ES,,,10
ES010ESPFMS056FQ,ES,42.41211,-6.91270,5
ES010ESPFMS057FQ,ES,42.41575,-6.81522,11
ES010ESPFMS061FQ,ES,,,2
ES010ESPFMS063FQ,ES,,,6
ES010ESPFMS064FQ,ES,,,14
ES010ESPFMS065FQ,ES,42.61095,-6.81424,5
ES010ESPFMS067FQ,ES,,,5
ES010ESPFMS068FQ,ES,,,5
ES010ESPFMS069FQ,ES,42.61298,-6.42029,8
ES010ESPFMS072FQ,ES,,,11
ES010ESPFMS073FQ,ES,,,15
ES010ESPFMS074FQ,ES,,,9
ES010ESPFMS076FQ,ES,,,11
ES010ESPFMS077FQ,ES,,,10
ES010ESPFMS079FQ,ES,,,7
ES010ESPFMS081FQ,ES,,,2
ES010ESPFMS082FQ,ES,,,5
ES010ESPFMS083FQ,ES,,,3
ES010ESPFMS084FQ,ES,,,6
ES010ESPFMS086FQ,ES,43.30342,-7.71151,17
ES010ESPFMS088FQ,ES,42.02116,-7.88353,16
ES010ESPFMS101FQ,ES,42.06500,-8.67520,8
ES010ESPFMS102FQ,ES,,,8
ES010ESPFMS103FQ,ES,,,4
ES010ESPFMS104FQ,ES,,,15
ES010ESPFMS109FQ,ES,,,3
ES010ESPFMS110FQ,ES,,,12
ES010ESPFMS111FQ,ES,,,11
ES010ESPFMS112FQ,ES,,,8
ES010ESPFMS113FQ,ES,,,5
ES010ESPFMS121FQ,ES,42.55740,-7.47937,2
ES010ESPFMS126FQ,ES,,,8
ES010ESPFMS128FQ,ES,,,11
ES010ESPFMS129FQ,ES,,,1
ES010ESPFMS203FQ,ES,42.95419,-7.52218,25
ES010ESPFMS206FQ,ES,42.62599,-7.48002,8
ES010ESPFMS207FQ,ES,,,11
ES010ESPFMS208FQ,ES,,,5
ES010ESPFMS210FQ,ES,,,1
ES010ESPFMS212FQ,ES,,,8
ES010ESPFMS214FQ,ES,,,10
ES010ESPFMS215FQ,ES,,,3
ES010ESPFMS216FQ,ES,,,5
ES010ESPFMS219FQ,ES,,,16
ES010ESPFMS220FQ,ES,,,14
ES010ESPFMS221FQ,ES,,,11
ES010ESPFMS222FQ,ES,,,14
ES010ESPFMS223FQ,ES,42.30628,-7.86281,8
ES010ESPFMS225FQ,ES,42.60511,-6.81752,2
ES010ESPFMS227FQ,ES,42.41320,-6.68027,4
ES010ESPFMS239FQ,ES,42.60290,-6.47840,3
ES010ESPFMS243FQ,ES,42.66857,-6.72608,3
ES010ESPFMS403FQ,ES,43.18749,-7.88808,9
ES010ESPFMS405FQ,ES,43.00113,-7.57017,6
ES010ESPFMS409FQ,ES,42.37013,-8.23806,10
ES010ESPFMS413FQ,ES,42.45965,-8.24987,4
ES010ESPFMS415FQ,ES,41.98890,-7.72061,14
ES010ESPFMS416FQ,ES,42.36381,-7.40337,7
ES010ESPFMS417FQ,ES,42.30170,-7.38860,2
ES010ESPFMS505FQ,ES,42.27328,-7.49429,9
ES010ESPFMS508FQ,ES,42.22801,-8.47027,5
ES010ESPFMS518FQ,ES,41.93112,-8.13170,6
ES010ESPFMS519FQ,ES,42.16192,-7.18288,3
ES010ESPFMS601FQ,ES,43.18904,-7.59857,3
ES010ESPFMS602FQ,ES,43.03949,-7.76728,2
ES010ESPFMS603FQ,ES,42.86425,-7.49592,5
ES010ESPFMS608FQ,ES,42.03489,-7.68394,16
ES010ESPFMS609FQ,ES,42.05998,-7.68275,12
ES010ESPFMS610FQ,ES,41.92573,-7.79891,6
ES010ESPFMS611FQ,ES,42.08518,-7.75955,10
ES010ESPFMS612FQ,ES,42.03269,-7.84496,13
ES010ESPFMS613FQ,ES,42.61360,-6.69955,8
ES010ESPFMS614FQ,ES,,,11
ES010ESPFMS615FQ,ES,42.43242,-7.05482,15
ES010ESPFMS616FQ,ES,42.22689,-7.02593,7
ES010ESPFMS617FQ,ES,42.68742,-7.37415,11
ES010ESPFMS618FQ,ES,42.50864,-7.55914,11
ES010ESPFMS619FQ,ES,42.53823,-7.47458,7
ES010ESPFMS620FQ,ES,42.88587,-7.45480,9
ES010ESPFMS621FQ,ES,42.21439,-8.60032,5
ES010ESPFMS622FQ,ES,43.23791,-7.45312,9
ES010ESPFMS623FQ,ES,43.00714,-7.54015,7
ES010ESPFMS624FQ,ES,43.19003,-7.81742,5
ES010ESPFMS625FQ,ES,42.55767,-7.30419,6
ES010ESPFMS626FQ,ES,42.59126,-7.45592,7
ES010ESPFMS627FQ,ES,42.49885,-7.58222,12
ES010ESPFMS628FQ,ES,42.82837,-6.46180,8
ES010ESPFMS629FQ,ES,42.59618,-6.51656,11
ES010ESPFMS630FQ,ES,42.41918,-6.70027,3
ES010ESPFMS631FQ,ES,42.30099,-7.12564,14
ES010ESPFMS632FQ,ES,42.31250,-7.24337,10
ES010ESPFMS633FQ,ES,42.26425,-7.19505,15
ES010ESPFMS634FQ,ES,42.26130,-7.63462,15
ES010ESPFMS635FQ,ES,42.00900,-8.69263,7
ES010ESPFMS636FQ,ES,41.99503,-8.72525,7
ES010ESPFMS637FQ,ES,42.54956,-6.76525,14
ES010ESPFMS638FQ,ES,42.69466,-6.52271,10
ES010ESPFMS639FQ,ES,42.67312,-6.49987,20
ES010ESPFMS640FQ,ES,42.81655,-7.37370,10
ES010ESPFMS641FQ,ES,42.77887,-7.42419,7
ES010ESPFMS642FQ,ES,42.38443,-8.11889,12
ES010ESPFMS643FQ,ES,,,10
ES010ESPFMS644FQ,ES,42.62028,-6.40900,14
ES010ESPFMS645FQ,ES,42.21046,-8.02650,5
ES010ESPFMS646FQ,ES,42.43565,-6.95527,8
ES010ESPFMS647FQ,ES,43.17068,-7.53673,8
ES010ESPFMS648FQ,ES,43.26082,-7.38951,1
ES010ESPFMS649FQ,ES,42.73571,-6.64865,8
ES010ESPFMS650FQ,ES,,,9
ES010ESPFMS651FQ,ES,,,8
ES010ESPFMS652FQ,ES,41.99663,-7.93723,12
ES010ESPFMS653FQ,ES,42.75415,-6.65128,9
ES010ESPFMS654FQ,ES,42.72356,-6.65998,8
ES010ESPFMS655FQ,ES,42.37605,-6.85030,6
ES010ESPFMS656FQ,ES,42.83182,-6.51057,5
ES010ESPFMS657FQ,ES,42.14458,-8.62511,10
ES010ESPFMS658FQ,ES,42.57034,-6.73029,10
ES010ESPFMS659FQ,ES,42.06162,-7.80684,12
ES010ESPFMS661FQ,ES,43.32824,-7.75903,3
ES010ESPFMS662FQ,ES,,,5
ES010ESPFMS663FQ,ES,43.29269,-7.50163,7
ES010ESPFMS664FQ,ES,43.21775,-7.42871,11
ES010ESPFMS667FQ,ES,43.13166,-7.60888,1
ES010ESPFMS668FQ,ES,43.04725,-7.69358,3
ES010ESPFMS670FQ,ES,42.93879,-7.51207,7
ES010ESPFMS671FQ,ES,42.73960,-7.29354,7
ES010ESPFMS672FQ,ES,,,12
ES010ESPFMS673FQ,ES,42.91903,-7.39657,7
ES010ESPFMS675FQ,ES,42.86921,-7.65640,2
ES010ESPFMS676FQ,ES,42.93953,-6.26683,7
ES010ESPFMS677FQ,ES,42.72277,-6.51849,9
ES010ESPFMS678FQ,ES,42.54286,-6.87548,3
ES010ESPFMS680FQ,ES,42.46383,-6.89406,4
ES010ESPFMS681FQ,ES,42.11821,-7.18308,1
ES010ESPFMS682FQ,ES,42.47740,-7.24622,5
ES010ESPFMS683FQ,ES,42.65659,-7.25720,3
ES010ESPFMS684FQ,ES,42.39547,-8.14303,4
ES010ESPFMS685FQ,ES,42.17995,-8.13710,8
ES010ESPFMS686FQ,ES,42.07652,-8.54876,10
ES010ESPFMS687FQ,ES,43.00154,-7.59640,11
ES010ESPFMS688FQ,ES,43.13879,-7.84271,9
ES010ESPFMS689FQ,ES,42.80749,-6.70447,4
ES010ESPFMS690FQ,ES,42.13600,-8.18850,1
ES010ESPFMS692FQ,ES,42.97437,-7.18658,2
ES010ESPFMS693FQ,ES,42.78521,-6.27042,8
ES010ESPFMS695FQ,ES,,,2
ES010ESPFMS696FQ,ES,42.86378,-6.73123,3
ES010ESPFMS698FQ,ES,42.31462,-6.49038,6
ES010ESPFMS699FQ,ES,42.19733,-6.86645,1
ES010ESPFMS700FQ,ES,42.25093,-6.94521,4
ES010ESPFMS703FQ,ES,42.37211,-8.28976,1
ES010ESPFMS704FQ,ES,42.13616,-7.51921,2
ES010ESPFMS705FQ,ES,42.23818,-6.97539,6
ES010ESPFMS706FQ,ES,42.87060,-6.45082,7
ES010ESPFMS708FQ,ES,42.32915,-7.21291,12
ES010ESPFMS709FQ,ES,42.47217,-7.54848,12
ES010ESPFMS710FQ,ES,42.23374,-8.06793,7
ES010ESPFMS711FQ,ES,42.28855,-8.31734,7
ES010ESPFMS712FQ,ES,42.48777,-7.60767,10
ES010ESPFMS713FQ,ES,42.66920,-6.72796,6
ES010ESPFMS714FQ,ES,42.54669,-6.56696,13
ES010ESPFMS715FQ,ES,42.42256,-6.99774,7
ES010ESPFMS720FQ,ES,42.14590,-8.23900,9
ES010ESPFMS721FQ,ES,42.16017,-8.46244,5
ES010ESPFMS722FQ,ES,42.43559,-8.17708,9
ES010ESPFMS723FQ,ES,42.34883,-7.28939,8
ES010ESPFMS724FQ,ES,42.14211,-7.19616,4
ES010ESPFMS725FQ,ES,41.86154,-8.10737,11
ES010ESPFMS726FQ,ES,42.53044,-7.11861,8
ES010ESPFMS727FQ,ES,42.64009,-6.42250,8
ES010ESPFMS728FQ,ES,42.56833,-6.50512,12
ES010ESPFMS729FQ,ES,42.63873,-6.91558,11
ES010ESPFMS730FQ,ES,42.35540,-6.67341,11
ES010ESPFMS731FQ,ES,42.33697,-7.00634,9
ES010ESPFMS732FQ,ES,41.93065,-7.99321,9
ES010ESPFMS733FQ,ES,42.33956,-7.12629,9
ES010ESPFMS734FQ,ES,42.37182,-7.49821,8
ES010ESPFMS735FQ,ES,42.25437,-8.17347,6
ES010ESPFMS736FQ,ES,42.09335,-8.39014,8
ES010ESPFMS737FQ,ES,41.94604,-8.05755,11
ES010ESPFMS738FQ,ES,42.46343,-7.74381,11
ES010ESPFMS739FQ,ES,42.87456,-7.64195,3
ES010ESPFMS740FQ,ES,42.10931,-7.13777,8
ES010ESPFMS741FQ,ES,42.82136,-6.50965,3
ES010ESPFMS742FQ,ES,42.73644,-7.52257,5
ES010ESPFMS743FQ,ES,42.32450,-7.99936,3
ES010ESPFMS744FQ,ES,42.09352,-7.85450,1
ES010ESPFMS745FQ,ES,41.90078,-8.07080,4
ES010ESPFMS746FQ,ES,42.25797,-6.99076,5
ES010ESPFMS747FQ,ES,42.80946,-7.70188,8
ES010ESPFMS748FQ,ES,42.64994,-7.75661,8
ES010ESPFMS749FQ,ES,42.43529,-7.02979,4
ES010ESPFMS750FQ,ES,42.52755,-7.72293,9
ES010ESPFMS751FQ,ES,42.07530,-7.34661,2
ES010ESPFMS753FQ,ES,42.56258,-7.54704,7
ES010ESPFMS754FQ,ES,42.65747,-7.76789,7
ES010ESPFMS755FQ,ES,43.08254,-7.60824,8
ES010ESPFMS756FQ,ES,42.93669,-7.53378,9
ES010ESPFMS757FQ,ES,42.27640,-8.16299,4
ES010ESPFMS759FQ,ES,42.34502,-6.82658,4
ES010ESPFMS761FQ,ES,42.60280,-6.39634,3
ES010ESPFMS762FQ,ES,42.74207,-6.64870,8
ES010ESPFMS764FQ,ES,42.31979,-7.34520,5
ES010SPFMS023FQ,ES,42.34463,-7.87332,3
ES010SPFMS056FQ,ES,42.41034,-6.91067,2
ES010SPFMS689FQ,ES,42.80749,-6.70450,4
ES010SPFMS766FQ,ES,43.18754,-7.51703,2
ES010SPFMS767FQ,ES,42.90641,-7.75681,4
ES010SPFMS768FQ,ES,42.89357,-7.69759,1
ES010SPFMS769FQ,ES,42.57605,-7.05491,1
ES010SPFMS770FQ,ES,42.53847,-7.01124,3
ES010SPFMS772FQ,ES,43.23439,-7.73149,3
ES010SPFMS774FQ,ES,42.39321,-7.19065,2
ES010SPFMS775FQ,ES,42.87883,-7.71443,2
ES010SPFMS777FQ,ES,42.87904,-7.44259,1
ES010SPFMS778FQ,ES,42.15973,-8.12828,2
ES010SPFMS779FQ,ES,42.19353,-8.03547,2
ES010SPFMS780FQ,ES,42.35288,-8.00360,2
ES010SPFMS781FQ,ES,42.47310,-8.16308,1
ES010SPFMS782FQ,ES,42.42593,-8.11451,3
ES010SPFMS785FQ,ES,42.09327,-6.99510,5
ES010SPFMS786FQ,ES,42.14931,-7.23257,2
ES010SPFMS788FQ,ES,42.22728,-8.52036,2
ES010SPFMS790FQ,ES,42.24846,-8.40491,4
ES010SPFMS792FQ,ES,42.66545,-6.93169,1
ES010SPFMS793FQ,ES,42.73721,-6.70335,2
ES010SPFMS794FQ,ES,42.81601,-6.39263,2
ES010SPFMS795FQ,ES,42.26224,-6.62778,2
ES010SPFMS796FQ,ES,42.61953,-6.94142,3
ES010SPFMS797FQ,ES,42.49325,-6.76663,5
ES010SPFMS798FQ,ES,42.68354,-6.29406,1
ES010SPFMS799FQ,ES,42.35751,-6.60405,2
ES010SPFMS800FQ,ES,42.72723,-6.71455,2
ES010SPFMS801FQ,ES,42.27273,-6.55592,3
ES010SPFMS802FQ,ES,42.99526,-6.18915,2
ES010SPFMS805FQ,ES,42.36520,-6.50781,1
ES014ESPF14-RW-01-040,ES,42.39247,-8.46484,2
ES014ESPF14-RW-01-080,ES,42.35260,-8.44671,1
ES014ESPF14-RW-01-100,ES,42.34557,-8.55911,3
ES014ESPF14-RW-01-110,ES,42.33951,-8.55590,2
ES014ESPF14-RW-01-135,ES,,,2
ES014ESPF14-RW-01-140,ES,42.20159,-8.76525,1
ES014ESPF14-RW-02-010,ES,,,1
ES014ESPF14-RW-03-050,ES,,,2
ES014ESPF14-RW-03-070,ES,42.51814,-8.51488,2
ES014ESPF14-RW-03-080,ES,42.45152,-8.59555,1
ES014ESPF14-RW-04-020,ES,,,2
ES014ESPF14-RW-04-040,ES,,,2
ES014ESPF14-RW-04-050,ES,42.60258,-8.63107,1
ES014ESPF14-RW-04-070,ES,,,3
ES014ESPF14-RW-04-085,ES,,,2
ES014ESPF14-RW-04-090,ES,42.52703,-8.75806,5
ES014ESPF14-RW-05-030,ES,,,3
ES014ESPF14-RW-05-050,ES,,,2
ES014ESPF14-RW-05-060,ES,,,3
ES014ESPF14-RW-05-080,ES,,,1
ES014ESPF14-RW-05-100,ES,,,1
ES014ESPF14-RW-05-110,ES,42.84398,-8.06478,1
ES014ESPF14-RW-05-140,ES,,,1
ES014ESPF14-RW-05-160,ES,,,1
ES014ESPF14-RW-05-190,ES,,,2
ES014ESPF14-RW-05-200,ES,42.75267,-8.52372,1
ES014ESPF14-RW-05-205,ES,,,3
ES014ESPF14-RW-05-220,ES,,,1
ES014ESPF14-RW-05-240,ES,,,2
ES014ESPF14-RW-05-250,ES,42.82092,-8.33203,6
ES014ESPF14-RW-05-290,ES,,,1
ES014ESPF14-RW-05-300,ES,,,1
ES014ESPF14-RW-05-305,ES,,,1
ES014ESPF14-RW-05-310,ES,42.74370,-8.60183,6
ES014ESPF14-RW-05-320,ES,,,4
ES014ESPF14-RW-05-330,ES,42.85612,-8.63395,5
ES014ESPF14-RW-05-380,ES,42.74340,-8.65991,1
ES014ESPF14-RW-05-400,ES,,,1
ES014ESPF14-RW-05-410,ES,,,3
ES014ESPF14-RW-05-430,ES,,,3
ES014ESPF14-RW-06-020,ES,,,1
ES014ESPF14-RW-06-050,ES,,,3
ES014ESPF14-RW-06-060,ES,,,3
ES014ESPF14-RW-06-070,ES,43.15393,-8.45210,1
ES014ESPF14-RW-06-080,ES,,,3
ES014ESPF14-RW-06-100,ES,,,4
ES014ESPF14-RW-06-115,ES,42.97791,-8.46840,3
ES014ESPF14-RW-06-120,ES,,,3
ES014ESPF14-RW-06-130,ES,,,1
ES014ESPF14-RW-06-140,ES,,,2
ES014ESPF14-RW-06-165,ES,,,1
ES014ESPF14-RW-06-180,ES,42.97721,-8.59165,3
ES014ESPF14-RW-06-185,ES,,,4
ES014ESPF14-RW-06-200,ES,,,3
ES014ESPF14-RW-06-220,ES,,,2
ES014ESPF14-RW-06-250,ES,,,1
ES014ESPF14-RW-06-260,ES,,,1
ES014ESPF14-RW-06-280,ES,,,2
ES014ESPF14-RW-07-010,ES,,,1
ES014ESPF14-RW-07-020,ES,43.00065,-8.89670,2
ES014ESPF14-RW-07-100,ES,,,1
ES014ESPF14-RW-08-010,ES,,,1
ES014ESPF14-RW-08-020,ES,43.04419,-9.13463,3
ES014ESPF14-RW-08-030,ES,43.00156,-9.23077,2
ES014ESPF14-RW-09-010,ES,43.14663,-8.99397,7
ES014ESPF14-RW-09-020,ES,,,4
ES014ESPF14-RW-09-030,ES,43.13648,-9.10391,5
ES014ESPF14-RW-09-040,ES,,,1
ES014ESPF14-RW-09-050,ES,,,1
ES014ESPF14-RW-09-070,ES,,,1
ES014ESPF14-RW-10-030,ES,,,1
ES014ESPF14-RW-10-040,ES,43.20503,-8.72285,3
ES014ESPF14-RW-10-050,ES,,,4
ES014ESPF14-RW-10-060,ES,,,3
ES014ESPF14-RW-10-070,ES,,,6
ES014ESPF14-RW-10-080,ES,,,1
ES014ESPF14-RW-11-010,ES,43.25225,-8.25170,3
ES014ESPF14-RW-11-030,ES,,,2
ES014ESPF14-RW-11-040,ES,,,3
ES014ESPF14-RW-11-060,ES,43.28647,-8.33198,1
ES014ESPF14-RW-11-080,ES,,,2
ES014ESPF14-RW-12-020,ES,,,5
ES014ESPF14-RW-12-030,ES,43.11249,-8.00305,2
ES014ESPF14-RW-12-050,ES,,,1
ES014ESPF14-RW-12-060,ES,,,3
ES014ESPF14-RW-12-070,ES,,,3
ES014ESPF14-RW-12-080,ES,43.26728,-8.16719,2
ES014ESPF14-RW-12-090,ES,,,4
ES014ESPF14-RW-12-100,ES,,,7
ES014ESPF14-RW-13-030,ES,43.40471,-7.88247,3
ES014ESPF14-RW-13-050,ES,43.42028,-8.10612,3
ES014ESPF14-RW-13-060,ES,,,1
ES014ESPF14-RW-14-040,ES,43.53525,-8.04882,2
ES014ESPF14-RW-14-070,ES,,,2
ES014ESPF14-RW-14-080,ES,43.50447,-8.15294,1
ES014ESPF14-RW-15-020,ES,,,1
ES014ESPF14-RW-15-030,ES,,,2
ES014ESPF14-RW-15-040,ES,,,2
ES014ESPF14-RW-15-050,ES,43.57739,-7.90086,3
ES014ESPF14-RW-15-060,ES,43.63857,-7.90848,1
ES014ESPF14-RW-15-090,ES,,,2
ES014ESPF14-RW-16-010,ES,,,3
ES014ESPF14-RW-16-030,ES,43.55460,-7.75413,3
ES014ESPF14-RW-16-040,ES,,,4
ES014ESPF14-RW-17-010,ES,43.56338,-7.37424,2
ES014ESPF14-RW-17-020,ES,,,2
ES014ESPF14-RW-17-050,ES,,,1
ES014ESPF14-RW-17-060,ES,43.53141,-7.42346,1
ES014ESPF14-RW-17-070,ES,,,2
ES014ESPF14-RW-17-090,ES,,,1
ES014ESPF14-RW-17-100,ES,,,1
ES014ESPF14-RW-17-110,ES,43.56409,-7.60704,3
ES014ESPF14-RW-17-120,ES,,,1
ES014ESPF14-RW-18-010,ES,43.47581,-7.33577,3
ES014ESPF14-RW-18-020,ES,,,3
ES014ESPF14-RW-19-020,ES,,,1
ES020ESPF004300000,ES,41.80517,-2.45090,4
ES020ESPF004300001,ES,41.60045,-3.38526,27
ES020ESPF004300002,ES,41.66397,-3.68602,8
ES020ESPF004300003,ES,,,13
ES020ESPF004300004,ES,,,17
ES020ESPF004300006,ES,,,14
ES020ESPF004300007,ES,,,9
ES020ESPF004300008,ES,41.71699,-4.66712,24
ES020ESPF004300009,ES,41.58953,-4.81583,11
ES020ESPF004300010,ES,40.61349,-4.78140,3
ES020ESPF004300011,ES,40.95041,-4.10790,7
ES020ESPF004300012,ES,41.50583,-4.91637,8
ES020ESPF004300013,ES,,,21
ES020ESPF004300014,ES,,,23
ES020ESPF004300015,ES,41.95842,-4.51997,10
ES020ESPF004300016,ES,42.20490,-5.82497,13
ES020ESPF004300017,ES,41.49820,-5.39706,17
ES020ESPF004300018,ES,41.63183,-5.62369,14
ES020ESPF004300019,ES,,,10
ES020ESPF004300020,ES,,,12
ES020ESPF004300021,ES,,,16
ES020ESPF004300022,ES,41.94576,-5.66955,8
ES020ESPF004300024,ES,,,11
ES020ESPF004300025,ES,,,18
ES020ESPF004300027,ES,41.88908,-5.74128,3
ES020ESPF004300028,ES,,,16
ES020ESPF004300030,ES,42.31685,-3.82783,24
ES020ESPF004300031,ES,,,30
ES020ESPF004300033,ES,42.52498,-5.54073,20
ES020ESPF004300034,ES,,,10
ES020ESPF004300035,ES,,,19
ES020ESPF004300036,ES,42.50495,-4.72624,18
ES020ESPF004300037,ES,,,18
ES020ESPF004300038,ES,41.67042,-3.79871,11
ES020ESPF004300040,ES,41.86385,-7.44181,7
ES020ESPF004300041,ES,41.01191,-4.21220,15
ES020ESPF004300042,ES,41.31807,-4.95093,22
ES020ESPF004300045,ES,40.76536,-4.69405,5
ES020ESPF004300046,ES,41.49569,-2.70023,8
ES020ESPF004300048,ES,,,12
ES020ESPF004300050,ES,41.43768,-5.30090,8
ES020ESPF004300052,ES,42.46526,-3.80288,4
ES020ESPF004300053,ES,42.87280,-4.47439,3
ES020ESPF004300055,ES,42.41031,-4.31410,4
ES020ESPF004300056,ES,42.30095,-4.15916,5
ES020ESPF004300057,ES,41.80902,-4.01106,10
ES020ESPF004300060,ES,42.06627,-4.97121,6
ES020ESPF004300061,ES,43.04741,-5.12821,7
ES020ESPF004300062,ES,43.03013,-4.85874,5
ES020ESPF004300063,ES,43.00983,-5.26309,3
ES020ESPF004300064,ES,42.75627,-5.98994,3
ES020ESPF004300065,ES,42.09320,-5.82653,5
ES020ESPF004300067,ES,41.71685,-6.14643,7
ES020ESPF004300068,ES,,,10
ES020ESPF004300070,ES,41.65853,-2.20181,9
ES020ESPF004300071,ES,41.37140,-3.91215,9
ES020ESPF004300072,ES,,,13
ES020ESPF004300074,ES,,,3
ES020ESPF004300075,ES,,,10
ES020ESPF004300077,ES,,,24
ES020ESPF004300078,ES,,,17
ES020ESPF004300079,ES,,,15
ES020ESPF004300080,ES,,,4
ES020ESPF004300081,ES,,,6
ES020ESPF004300084,ES,,,16
ES020ESPF004300086,ES,,,14
ES020ESPF004300088,ES,,,19
ES020ESPF004300090,ES,,,15
ES020ESPF004300092,ES,,,9
ES020ESPF004300095,ES,,,11
ES020ESPF004300096,ES,,,17
ES020ESPF004300097,ES,,,17
ES020ESPF004300099,ES,,,16
ES020ESPF004300100,ES,,,9
ES020ESPF004300101,ES,,,16
ES020ESPF004300102,ES,42.06580,-5.49655,4
ES020ESPF004300103,ES,,,9
ES020ESPF004300104,ES,41.44031,-4.66511,10
ES020ESPF004300105,ES,41.36178,-4.46979,7
ES020ESPF004300106,ES,,,7
ES020ESPF004300108,ES,,,8
ES020ESPF004300109,ES,,,8
ES020ESPF004300110,ES,,,10
ES020ESPF004300116,ES,,,7
ES020ESPF004300117,ES,,,7
ES020ESPF004300118,ES,40.88018,-6.60803,3
ES020ESPF004300119,ES,,,16
ES020ESPF004300120,ES,,,5
ES020ESPF004300121,ES,42.08003,-3.30527,2
ES020ESPF004300122,ES,,,4
ES020ESPF004300123,ES,,,20
ES020ESPF004300125,ES,42.97930,-4.46541,9
ES020ESPF004300127,ES,42.50425,-4.37251,12
ES020ESPF004300128,ES,42.44568,-4.03727,11
ES020ESPF004300129,ES,42.68263,-4.42243,3
ES020ESPF004300130,ES,41.39161,-3.08804,1
ES020ESPF004300131,ES,,,12
ES020ESPF004300132,ES,42.61146,-4.99923,2
ES020ESPF004300133,ES,,,7
ES020ESPF004300134,ES,41.42418,-2.88682,2
ES020ESPF004300135,ES,40.71819,-6.78193,1
ES020ESPF004300195,ES,,,14
ES020ESPF004300198,ES,41.60701,-6.20634,2
ES020ESPF004300199,ES,,,8
ES020ESPF004300200,ES,41.97536,-3.48517,5
ES020ESPF004300201,ES,40.93780,-6.21614,2
ES020ESPF004300203,ES,,,9
ES020ESPF004300204,ES,41.65214,-3.05428,3
ES020ESPF004300205,ES,41.49486,-4.02201,8
ES020ESPF004300206,ES,41.45651,-3.45868,10
ES020ESPF004300208,ES,41.22731,-4.00140,5
ES020ESPF004300209,ES,41.29614,-3.80121,10
ES020ESPF004300211,ES,41.01092,-6.65183,4
ES020ESPF004300212,ES,,,17
ES020ESPF004300213,ES,41.03985,-4.29608,7
ES020ESPF004300214,ES,,,8
ES020ESPF004300216,ES,42.72915,-5.63659,8
ES020ESPF004300217,ES,42.48874,-5.87843,4
ES020ESPF004300218,ES,41.06913,-4.50877,8
ES020ESPF004300219,ES,41.99631,-6.10760,6
ES020ESPF004300221,ES,42.32803,-3.59321,7
ES020ESPF004300222,ES,42.36952,-5.93416,6
ES020ESPF004300223,ES,41.84471,-4.54402,2
ES020ESPF004300225,ES,,,9
ES020ESPF004300227,ES,,,5
ES020ESPF004300229,ES,41.63300,-2.93696,1
ES020ESPF004300230,ES,41.80890,-5.15280,7
ES020ESPF004300231,ES,42.87798,-4.39535,1
ES020ESPF004300233,ES,42.49566,-5.55697,7
ES020ESPF004300235,ES,41.96480,-4.31039,7
ES020ESPF004300236,ES,,,5
ES020ESPF004300237,ES,41.76241,-2.50744,6
ES020ESPF004300239,ES,41.43782,-5.64112,14
ES020ESPF004300241,ES,40.98290,-6.79295,7
ES020ESPF004300242,ES,40.63011,-6.69870,4
ES020ESPF004300243,ES,42.36273,-5.90341,12
ES020ESPF004300245,ES,41.32431,-6.15166,9
ES020ESPF004300246,ES,41.04446,-5.65330,7
ES020ESPF004300249,ES,41.56937,-4.40726,6
ES020ESPF004300250,ES,42.60900,-5.62396,7
ES020ESPF004300254,ES,41.47250,-5.09809,4
ES020ESPF004300258,ES,42.93348,-4.31104,2
ES020ESPF004300259,ES,42.70095,-5.56245,3
ES020ESPF004300260,ES,41.88082,-7.54672,6
ES020ESPF004300261,ES,41.91678,-6.00404,2
ES020ESPF004300264,ES,42.05027,-7.45198,6
ES020ESPF004300266,ES,42.43765,-6.17635,2
ES020ESPF004300268,ES,41.00752,-3.96855,3
ES020ESPF004300269,ES,40.64292,-5.17921,1
ES020ESPF004300272,ES,41.87339,-3.22083,1
ES020ESPF004300274,ES,42.82706,-5.40723,3
ES020ESPF004300277,ES,42.20367,-3.27466,3
ES020ESPF004300278,ES,41.99130,-3.02546,1
ES020ESPF004300279,ES,41.86471,-3.69230,10
ES020ESPF004300280,ES,41.64856,-4.66425,10
ES020ESPF004300281,ES,41.56210,-4.81742,2
ES020ESPF004300282,ES,41.50901,-5.55693,10
ES020ESPF004300284,ES,42.41026,-6.40706,3
ES020ESPF004300285,ES,,,13
ES020ESPF004300286,ES,40.89517,-4.55486,4
ES020ESPF004300287,ES,41.17719,-4.53857,4
ES020ESPF004300288,ES,,,5
ES020ESPF004300289,ES,,,10
ES020ESPF004300290,ES,42.04456,-4.62674,8
ES020ESPF004300294,ES,42.91753,-5.65235,4
ES020ESPF004300295,ES,,,2
ES020ESPF004300296,ES,42.87869,-5.73033,3
ES020ESPF004300298,ES,42.96617,-5.43376,1
ES020ESPF004300299,ES,42.91858,-5.27078,3
ES020ESPF004300301,ES,42.83609,-5.28477,4
ES020ESPF004300302,ES,42.73206,-5.35167,1
ES020ESPF004300303,ES,,,2
ES020ESPF004300304,ES,42.87701,-5.50333,4
ES020ESPF004300307,ES,42.43543,-5.87452,7
ES020ESPF004300308,ES,42.88808,-5.98743,3
ES020ESPF004300309,ES,42.84653,-4.50447,4
ES020ESPF004300310,ES,42.83325,-6.01681,3
ES020ESPF004300311,ES,42.75628,-5.96101,1
ES020ESPF004300313,ES,42.72511,-6.02230,2
ES020ESPF004300314,ES,42.68664,-5.87980,7
ES020ESPF004300316,ES,42.84664,-4.85431,1
ES020ESPF004300318,ES,42.65149,-4.69813,4
ES020ESPF004300320,ES,42.75590,-4.27159,4
ES020ESPF004300321,ES,42.54679,-4.28378,6
ES020ESPF004300322,ES,42.54791,-4.20496,7
ES020ESPF004300323,ES,42.73882,-5.03457,2
ES020ESPF004300324,ES,42.55861,-6.13993,7
ES020ESPF004300325,ES,42.49699,-6.14652,3
ES020ESPF004300326,ES,,,11
ES020ESPF004300327,ES,42.46690,-3.59250,7
ES020ESPF004300328,ES,42.27338,-3.77046,10
ES020ESPF004300329,ES,,,7
ES020ESPF004300330,ES,41.88781,-5.49251,5
ES020ESPF004300331,ES,41.88524,-4.91576,6
ES020ESPF004300332,ES,41.72016,-5.39319,5
ES020ESPF004300334,ES,42.54728,-3.95676,5
ES020ESPF004300336,ES,42.19511,-4.45253,9
ES020ESPF004300337,ES,42.38723,-6.33183,3
ES020ESPF004300338,ES,42.35435,-6.25588,4
ES020ESPF004300341,ES,42.39475,-3.51009,5
ES020ESPF004300342,ES,42.34587,-4.18015,3
ES020ESPF004300345,ES,42.26409,-6.31385,1
ES020ESPF004300346,ES,,,8
ES020ESPF004300348,ES,42.50430,-3.93389,1
ES020ESPF004300349,ES,42.42357,-3.88608,6
ES020ESPF004300350,ES,42.31150,-4.64762,7
ES020ESPF004300351,ES,42.24010,-3.50083,5
ES020ESPF004300352,ES,42.26899,-5.92888,6
ES020ESPF004300353,ES,42.21226,-5.85033,7
ES020ESPF004300354,ES,42.36398,-4.35297,11
ES020ESPF004300355,ES,42.14832,-5.33954,6
ES020ESPF004300356,ES,42.12248,-6.62097,3
ES020ESPF004300357,ES,42.08681,-6.69575,1
ES020ESPF004300358,ES,,,5
ES020ESPF004300359,ES,,,17
ES020ESPF004300360,ES,42.04147,-6.69418,2
ES020ESPF004300362,ES,42.10835,-6.46024,3
ES020ESPF004300363,ES,42.10184,-6.36760,2
ES020ESPF004300364,ES,42.08643,-6.31675,3
ES020ESPF004300365,ES,,,7
ES020ESPF004300367,ES,41.96244,-7.50259,2
ES020ESPF004300368,ES,41.91245,-7.56336,6
ES020ESPF004300369,ES,41.91990,-7.40610,4
ES020ESPF004300371,ES,41.97523,-3.10024,4
ES020ESPF004300373,ES,42.02081,-3.17137,2
ES020ESPF004300374,ES,41.96034,-3.23774,4
ES020ESPF004300375,ES,42.10242,-3.32452,1
ES020ESPF004300376,ES,42.11406,-3.37047,1
ES020ESPF004300377,ES,42.09340,-6.02000,5
ES020ESPF004300378,ES,41.95694,-7.26369,6
ES020ESPF004300379,ES,41.93457,-7.28089,9
ES020ESPF004300380,ES,42.04425,-4.74447,6
ES020ESPF004300381,ES,42.13069,-4.73930,4
ES020ESPF004300383,ES,,,6
ES020ESPF004300384,ES,41.78792,-4.58875,6
ES020ESPF004300385,ES,41.93608,-6.54284,3
ES020ESPF004300386,ES,41.91875,-2.43247,2
ES020ESPF004300387,ES,41.90191,-2.52303,3
ES020ESPF004300388,ES,41.95160,-3.00759,2
ES020ESPF004300389,ES,41.93936,-6.40934,2
ES020ESPF004300390,ES,41.95138,-6.26389,5
ES020ESPF004300391,ES,41.80626,-6.47580,5
ES020ESPF004300392,ES,41.71979,-6.53200,4
ES020ESPF004300393,ES,41.71207,-6.50092,7
ES020ESPF004300395,ES,41.93086,-2.91347,2
ES020ESPF004300396,ES,41.93948,-4.20136,9
ES020ESPF004300397,ES,41.89394,-6.10359,5
ES020ESPF004300398,ES,41.94764,-5.86270,4
ES020ESPF004300399,ES,41.79158,-6.20797,1
ES020ESPF004300400,ES,41.76848,-6.25333,3
ES020ESPF004300401,ES,41.73325,-4.36621,3
ES020ESPF004300402,ES,,,7
ES020ESPF004300403,ES,41.81356,-2.56121,6
ES020ESPF004300404,ES,41.73256,-1.89045,1
ES020ESPF004300405,ES,41.70337,-2.05439,2
ES020ESPF004300406,ES,41.73474,-2.88982,1
ES020ESPF004300407,ES,41.71200,-2.80156,2
ES020ESPF004300409,ES,41.57719,-4.61774,7
ES020ESPF004300410,ES,41.75031,-3.51329,5
ES020ESPF004300411,ES,41.69445,-2.44196,6
ES020ESPF004300412,ES,41.48069,-5.29007,7
ES020ESPF004300413,ES,41.48688,-2.94736,1
ES020ESPF004300414,ES,41.50806,-3.10374,4
ES020ESPF004300415,ES,41.64098,-2.50642,1
ES020ESPF004300417,ES,41.37760,-4.43041,6
ES020ESPF004300418,ES,41.08252,-4.12450,4
ES020ESPF004300419,ES,41.44152,-4.46425,3
ES020ESPF004300420,ES,41.52919,-4.70297,15
ES020ESPF004300421,ES,41.53502,-4.07358,3
ES020ESPF004300422,ES,41.42205,-3.53016,2
ES020ESPF004300423,ES,41.48796,-3.06704,2
ES020ESPF004300424,ES,41.46448,-4.76239,8
ES020ESPF004300425,ES,41.34787,-2.89385,6
ES020ESPF004300426,ES,41.43828,-2.80717,2
ES020ESPF004300427,ES,41.48049,-5.57441,4
ES020ESPF004300428,ES,41.40404,-5.80700,1
ES020ESPF004300429,ES,40.93430,-4.35528,6
ES020ESPF004300430,ES,41.14584,-4.33228,5
ES020ESPF004300431,ES,41.11838,-4.43533,4
ES020ESPF004300433,ES,41.30837,-3.25990,4
ES020ESPF004300435,ES,41.11757,-5.35364,4
ES020ESPF004300436,ES,41.26272,-5.36015,3
ES020ESPF004300437,ES,41.34900,-3.66765,4
ES020ESPF004300438,ES,41.29344,-3.71318,5
ES020ESPF004300439,ES,40.91701,-4.98870,2
ES020ESPF004300441,ES,41.17852,-6.48826,3
ES020ESPF004300442,ES,,,12
ES020ESPF004300444,ES,41.20377,-5.67444,3
ES020ESPF004300445,ES,41.13350,-5.64656,4
ES020ESPF004300446,ES,41.15031,-3.78971,4
ES020ESPF004300447,ES,,,7
ES020ESPF004300449,ES,41.03492,-5.74175,5
ES020ESPF004300450,ES,41.05842,-5.82302,9
ES020ESPF004300451,ES,41.05364,-5.09004,4
ES020ESPF004300452,ES,,,7
ES020ESPF004300453,ES,40.81747,-6.73554,7
ES020ESPF004300456,ES,40.94939,-6.41076,6
ES020ESPF004300458,ES,40.72640,-6.24066,1
ES020ESPF004300459,ES,40.80035,-6.38790,1
ES020ESPF004300460,ES,40.96150,-4.09016,3
ES020ESPF004300461,ES,40.93192,-4.13398,6
ES020ESPF004300463,ES,40.87616,-4.14189,9
ES020ESPF004300464,ES,40.92192,-4.18569,4
ES020ESPF004300465,ES,40.69976,-5.02968,3
ES020ESPF004300466,ES,,,12
ES020ESPF004300467,ES,40.69438,-5.34323,1
ES020ESPF004300468,ES,40.62192,-6.78839,2
ES020ESPF004300469,ES,40.75537,-6.75570,6
ES020ESPF004300470,ES,40.82542,-6.77949,4
ES020ESPF004300471,ES,40.81663,-6.82189,3
ES020ESPF004300472,ES,40.82823,-4.35689,1
ES020ESPF004300474,ES,40.72295,-4.57717,3
ES020ESPF004300475,ES,40.78278,-4.49906,1
ES020ESPF004300476,ES,40.72802,-6.81981,2
ES020ESPF004300477,ES,40.62259,-6.12594,2
ES020ESPF004300478,ES,40.58916,-6.12362,7
ES020ESPF004300479,ES,,,4
ES020ESPF004300480,ES,40.64593,-6.39757,4
ES020ESPF004300481,ES,40.64641,-5.95796,3
ES020ESPF004300482,ES,40.68860,-4.40181,3
ES020ESPF004300483,ES,,,8
ES020ESPF004300485,ES,40.63823,-4.67018,4
ES020ESPF004300487,ES,40.53201,-4.99211,3
ES020ESPF004300488,ES,,,8
ES020ESPF004300489,ES,40.55853,-4.86257,4
ES020ESPF004300490,ES,40.35647,-5.52862,1
ES020ESPF004300491,ES,40.47988,-6.38477,3
ES020ESPF004300492,ES,40.46610,-6.36301,5
ES020ESPF004300493,ES,40.46580,-6.41959,1
ES020ESPF004300494,ES,40.51393,-5.50479,1
ES020ESPF004300495,ES,40.52673,-5.26219,2
ES020ESPF004300496,ES,40.46750,-5.33076,5
ES020ESPF004300497,ES,40.47566,-5.42437,2
ES020ESPF004300498,ES,40.43716,-6.54957,3
ES020ESPF004300499,ES,,,11
ES020ESPF004300500,ES,40.38027,-6.69492,4
ES020ESPF004300501,ES,40.33887,-6.53318,3
ES020ESPF004300502,ES,,,8
ES020ESPF004300503,ES,40.39943,-5.42615,3
ES020ESPF004300505,ES,40.30370,-5.40259,11
ES020ESPF004300506,ES,40.29318,-5.42879,2
ES020ESPF004300508,ES,41.87654,-6.47367,2
ES020ESPF004300509,ES,41.85239,-7.60707,4
ES020ESPF004300510,ES,41.94455,-7.18391,4
ES020ESPF004300511,ES,41.78381,-6.54395,1
ES020ESPF004300512,ES,41.82095,-7.40432,3
ES020ESPF004300513,ES,41.88228,-7.36095,5
ES020ESPF004300514,ES,40.74068,-4.25265,3
ES020ESPF004300515,ES,42.75129,-5.14825,6
ES020ESPF004300516,ES,41.62962,-3.99979,6
ES020ESPF004300517,ES,41.45329,-3.98156,5
ES020ESPF004300526,ES,42.34121,-3.69409,9
ES020ESPF004300540,ES,,,9
ES020ESPF004300543,ES,,,7
ES020ESPF004300545,ES,43.07017,-5.16151,2
ES020ESPF004300546,ES,43.05387,-5.32000,4
ES020ESPF004300548,ES,43.05535,-4.96668,2
ES020ESPF004300549,ES,,,6
ES020ESPF004300550,ES,42.63916,-5.60700,5
ES020ESPF004300551,ES,42.95333,-6.04711,1
ES020ESPF004300552,ES,42.94288,-6.07399,1
ES020ESPF004300553,ES,,,8
ES020ESPF004300555,ES,42.95419,-5.13825,2
ES020ESPF004300556,ES,42.96069,-4.75930,3
ES020ESPF004300557,ES,42.93718,-4.44611,4
ES020ESPF004300558,ES,42.81928,-6.13254,1
ES020ESPF004300559,ES,42.80519,-4.99109,2
ES020ESPF004300560,ES,42.88908,-4.58773,1
ES020ESPF004300561,ES,42.85100,-4.25809,1
ES020ESPF004300562,ES,42.86599,-4.21900,2
ES020ESPF004300563,ES,42.90754,-4.87118,1
ES020ESPF004300565,ES,42.78799,-4.72991,4
ES020ESPF004300567,ES,42.66245,-4.65790,4
ES020ESPF004300568,ES,,,10
ES020ESPF004300569,ES,42.79264,-4.27011,1
ES020ESPF004300570,ES,42.62498,-4.32342,1
ES020ESPF004300571,ES,42.68086,-5.64846,3
ES020ESPF004300573,ES,42.63100,-6.05545,2
ES020ESPF004300574,ES,42.54284,-4.09865,8
ES020ESPF004300575,ES,42.57792,-5.92748,2
ES020ESPF004300577,ES,42.22464,-3.59312,2
ES020ESPF004300578,ES,42.23010,-3.97262,6
ES020ESPF004300579,ES,41.91634,-5.24095,3
ES020ESPF004300580,ES,41.81314,-5.47013,6
ES020ESPF004300581,ES,41.68845,-5.65238,6
ES020ESPF004300582,ES,42.59283,-5.87437,3
ES020ESPF004300585,ES,42.30458,-4.50287,7
ES020ESPF004300586,ES,42.71205,-4.82167,4
ES020ESPF004300587,ES,,,17
ES020ESPF004300588,ES,42.07448,-4.22852,13
ES020ESPF004300589,ES,42.46131,-5.39898,5
ES020ESPF004300591,ES,42.37460,-5.52625,3
ES020ESPF004300592,ES,42.36690,-3.63059,12
ES020ESPF004300593,ES,42.18816,-6.08619,3
ES020ESPF004300594,ES,42.34408,-3.92695,4
ES020ESPF004300595,ES,42.33507,-6.04376,1
ES020ESPF004300596,ES,42.39498,-4.82715,2
ES020ESPF004300597,ES,42.28939,-4.74895,1
ES020ESPF004300598,ES,42.27975,-6.10795,3
ES020ESPF004300599,ES,42.31739,-5.55950,4
ES020ESPF004300600,ES,42.27794,-5.16569,2
ES020ESPF004300601,ES,42.29602,-5.78069,1
ES020ESPF004300602,ES,,,9
ES020ESPF004300604,ES,42.12390,-6.32677,5
ES020ESPF004300605,ES,42.06353,-6.33814,4
ES020ESPF004300607,ES,42.16355,-3.14344,1
ES020ESPF004300608,ES,42.17324,-6.76996,3
ES020ESPF004300610,ES,,,8
ES020ESPF004300611,ES,42.01486,-3.30812,5
ES020ESPF004300612,ES,42.10295,-3.81106,4
ES020ESPF004300613,ES,,,15
ES020ESPF004300616,ES,42.09639,-3.42977,1
ES020ESPF004300617,ES,42.10997,-3.13715,3
ES020ESPF004300618,ES,42.38380,-5.70457,10
ES020ESPF004300619,ES,41.97441,-7.06014,6
ES020ESPF004300620,ES,41.95735,-6.63611,2
ES020ESPF004300621,ES,42.02755,-2.50905,3
ES020ESPF004300623,ES,,,12
ES020ESPF004300624,ES,41.95715,-6.71289,2
ES020ESPF004300625,ES,,,9
ES020ESPF004300627,ES,,,10
ES020ESPF004300629,ES,41.84652,-2.47253,2
ES020ESPF004300630,ES,41.81569,-2.49427,2
ES020ESPF004300631,ES,41.95692,-2.69354,1
ES020ESPF004300632,ES,41.99785,-3.95625,6
ES020ESPF004300633,ES,41.82037,-6.27468,2
ES020ESPF004300634,ES,,,7
ES020ESPF004300635,ES,41.88249,-2.32210,2
ES020ESPF004300636,ES,41.88309,-5.71459,6
ES020ESPF004300637,ES,41.90240,-2.82823,3
ES020ESPF004300638,ES,41.87883,-2.64677,2
ES020ESPF004300639,ES,41.82110,-2.38286,2
ES020ESPF004300640,ES,41.86917,-4.28898,9
ES020ESPF004300641,ES,41.83196,-5.91810,2
ES020ESPF004300642,ES,41.81031,-4.39368,12
ES020ESPF004300643,ES,41.82651,-3.40012,8
ES020ESPF004300644,ES,,,3
ES020ESPF004300645,ES,41.75912,-3.39997,5
ES020ESPF004300646,ES,41.58667,-2.93967,9
ES020ESPF004300647,ES,41.54413,-3.07993,2
ES020ESPF004300648,ES,41.79845,-6.04352,1
ES020ESPF004300649,ES,41.75597,-3.70933,2
ES020ESPF004300650,ES,41.71555,-5.90022,2
ES020ESPF004300651,ES,41.70683,-6.05036,2
ES020ESPF004300652,ES,41.71665,-3.34264,4
ES020ESPF004300653,ES,,,18
ES020ESPF004300654,ES,41.68326,-3.31264,5
ES020ESPF004300655,ES,41.67706,-3.63319,3
ES020ESPF004300656,ES,41.75705,-3.58595,6
ES020ESPF004300657,ES,41.69935,-2.38375,9
ES020ESPF004300658,ES,41.62650,-5.08273,7
ES020ESPF004300659,ES,41.59595,-5.21838,7
ES020ESPF004300660,ES,41.55963,-5.29029,10
ES020ESPF004300661,ES,41.67165,-4.45025,17
ES020ESPF004300662,ES,41.65112,-3.20308,2
ES020ESPF004300663,ES,41.60463,-3.82051,3
ES020ESPF004300665,ES,41.60058,-3.62451,7
ES020ESPF004300666,ES,41.59042,-4.17769,8
ES020ESPF004300667,ES,41.55129,-3.66655,6
ES020ESPF004300668,ES,41.56847,-2.76674,4
ES020ESPF004300669,ES,41.57454,-3.41326,4
ES020ESPF004300670,ES,41.37948,-4.23143,11
ES020ESPF004300671,ES,,,11
ES020ESPF004300672,ES,41.17986,-4.31492,8
ES020ESPF004300673,ES,41.25803,-4.36521,15
ES020ESPF004300674,ES,41.49786,-5.77366,21
ES020ESPF004300675,ES,41.52891,-5.44483,10
ES020ESPF004300676,ES,41.56118,-4.43063,4
ES020ESPF004300677,ES,41.45052,-3.28994,4
ES020ESPF004300678,ES,41.50201,-3.99322,9
ES020ESPF004300679,ES,41.49492,-5.86437,6
ES020ESPF004300680,ES,41.27855,-6.39995,6
ES020ESPF004300681,ES,41.45289,-6.24998,5
ES020ESPF004300682,ES,41.59193,-2.64011,7
ES020ESPF004300683,ES,41.36769,-5.97718,5
ES020ESPF004300684,ES,41.41649,-5.99863,7
ES020ESPF004300685,ES,41.43633,-2.47166,6
ES020ESPF004300686,ES,41.46050,-5.48640,4
ES020ESPF004300688,ES,41.49037,-2.86517,7
ES020ESPF004300689,ES,41.41897,-5.54020,7
ES020ESPF004300690,ES,41.19878,-4.48337,6
ES020ESPF004300691,ES,41.33930,-4.70388,5
ES020ESPF004300692,ES,41.36147,-4.69794,12
ES020ESPF004300693,ES,40.79392,-4.89489,1
ES020ESPF004300694,ES,40.88555,-4.80272,4
ES020ESPF004300695,ES,41.35723,-3.32828,1
ES020ESPF004300696,ES,41.43686,-3.39928,5
ES020ESPF004300697,ES,41.11551,-5.28474,7
ES020ESPF004300698,ES,41.43224,-5.41549,7
ES020ESPF004300699,ES,41.37285,-5.90721,5
ES020ESPF004300702,ES,41.43005,-5.02135,2
ES020ESPF004300703,ES,41.26370,-6.07795,3
ES020ESPF004300704,ES,41.22000,-3.76027,4
ES020ESPF004300705,ES,41.19422,-6.41897,3
ES020ESPF004300706,ES,41.07646,-6.41229,3
ES020ESPF004300707,ES,41.16286,-6.58093,6
ES020ESPF004300708,ES,,,9
ES020ESPF004300709,ES,41.32872,-3.46084,2
ES020ESPF004300710,ES,41.40491,-3.41161,4
ES020ESPF004300711,ES,41.10877,-5.84652,3
ES020ESPF004300712,ES,41.25115,-3.70012,2
ES020ESPF004300713,ES,41.12561,-6.72649,2
ES020ESPF004300714,ES,,,8
ES020ESPF004300715,ES,,,10
ES020ESPF004300718,ES,,,19
ES020ESPF004300719,ES,41.03034,-6.64655,5
ES020ESPF004300720,ES,41.01879,-6.54072,8
ES020ESPF004300722,ES,40.95506,-5.89131,7
ES020ESPF004300723,ES,,,12
ES020ESPF004300724,ES,40.99190,-6.70323,3
ES020ESPF004300725,ES,40.85684,-6.24202,12
ES020ESPF004300726,ES,40.94129,-6.81174,4
ES020ESPF004300727,ES,40.95542,-4.17068,7
ES020ESPF004300728,ES,,,12
ES020ESPF004300729,ES,40.92175,-3.99245,3
ES020ESPF004300732,ES,,,8
ES020ESPF004300734,ES,40.62685,-5.21148,1
ES020ESPF004300735,ES,40.78032,-5.35861,10
ES020ESPF004300736,ES,40.87010,-5.70571,7
ES020ESPF004300737,ES,,,3
ES020ESPF004300738,ES,40.73953,-6.11009,3
ES020ESPF004300739,ES,,,12
ES020ESPF004300740,ES,40.74682,-6.05904,3
ES020ESPF004300741,ES,,,12
ES020ESPF004300742,ES,,,10
ES020ESPF004300743,ES,40.72110,-6.34351,5
ES020ESPF004300744,ES,40.72521,-6.40724,4
ES020ESPF004300745,ES,40.69957,-6.02434,4
ES020ESPF004300746,ES,40.67764,-5.48874,3
ES020ESPF004300747,ES,40.61446,-6.50588,7
ES020ESPF004300748,ES,40.62254,-5.48077,4
ES020ESPF004300749,ES,40.76511,-5.49096,11
ES020ESPF004300750,ES,40.56708,-6.55294,4
ES020ESPF004300751,ES,40.53412,-6.42835,3
ES020ESPF004300752,ES,,,7
ES020ESPF004300753,ES,40.55419,-4.81678,6
ES020ESPF004300756,ES,,,7
ES020ESPF004300757,ES,40.47424,-5.62703,5
ES020ESPF004300758,ES,40.45072,-6.51513,9
ES020ESPF004300759,ES,,,11
ES020ESPF004300761,ES,40.37529,-5.26543,4
ES020ESPF004300762,ES,,,11
ES020ESPF004300763,ES,,,19
ES020ESPF004300765,ES,42.83632,-4.84454,7
ES020ESPF004300766,ES,42.47321,-3.70045,10
ES020ESPF004300768,ES,42.96839,-5.39867,8
ES020ESPF004300770,ES,42.59295,-5.41143,5
ES020ESPF004300772,ES,43.01183,-5.30984,5
ES020ESPF004300773,ES,43.00687,-5.43210,3
ES020ESPF004300774,ES,42.97668,-5.68627,4
ES020ESPF004300775,ES,42.97528,-5.56034,7
ES020ESPF004300776,ES,42.96595,-6.10032,1
ES020ESPF004300777,ES,42.39829,-5.55577,8
ES020ESPF004300779,ES,42.65198,-5.03002,4
ES020ESPF004300780,ES,42.86554,-4.17250,9
ES020ESPF004300781,ES,42.79393,-4.22956,11
ES020ESPF004300782,ES,42.72261,-4.96688,4
ES020ESPF004300783,ES,42.68075,-6.11089,1
ES020ESPF004300784,ES,42.70763,-5.23312,4
ES020ESPF004300785,ES,42.63305,-5.41640,1
ES020ESPF004300787,ES,42.47912,-4.49810,3
ES020ESPF004300788,ES,42.23610,-6.46853,1
ES020ESPF004300789,ES,42.38759,-4.89363,2
ES020ESPF004300790,ES,42.19923,-4.27337,6
ES020ESPF004300791,ES,42.17765,-3.88284,16
ES020ESPF004300793,ES,42.06851,-6.13344,1
ES020ESPF004300794,ES,42.16544,-5.70666,8
ES020ESPF004300795,ES,42.01798,-4.50873,9
ES020ESPF004300796,ES,42.02936,-4.27964,17
ES020ESPF004300797,ES,42.02787,-3.86141,5
ES020ESPF004300798,ES,41.97184,-6.83659,6
ES020ESPF004300799,ES,42.00730,-3.69497,9
ES020ESPF004300800,ES,41.83357,-3.14433,1
ES020ESPF004300801,ES,41.86593,-2.90440,4
ES020ESPF004300802,ES,41.81140,-2.33518,2
ES020ESPF004300803,ES,41.77272,-3.05395,11
ES020ESPF004300804,ES,41.74687,-5.90704,1
ES020ESPF004300806,ES,41.57252,-4.01147,9
ES020ESPF004300807,ES,41.46410,-2.99999,5
ES020ESPF004300808,ES,41.37891,-3.99596,10
ES020ESPF004300809,ES,41.28156,-3.59994,6
ES020ESPF004300810,ES,41.18531,-6.66795,3
ES020ESPF004300811,ES,41.21121,-6.03580,1
ES020ESPF004300812,ES,41.22426,-3.63627,5
ES020ESPF004300814,ES,41.10764,-6.15632,1
ES020ESPF004300815,ES,41.07247,-6.06568,5
ES020ESPF004300816,ES,40.86906,-5.80636,5
ES020ESPF004300817,ES,40.93626,-5.95661,1
ES020ESPF004300818,ES,40.91341,-5.36108,8
ES020ESPF004300819,ES,40.77124,-6.59293,4
ES020ESPF004300820,ES,40.67700,-6.04433,4
ES020ESPF004300822,ES,40.64808,-5.66831,7
ES020ESPF004300823,ES,40.58544,-6.81152,7
ES020ESPF004300824,ES,40.59826,-4.72668,4
ES020ESPF004300825,ES,40.44360,-6.77284,6
ES020ESPF004300827,ES,41.93577,-2.89264,4
ES020ESPF004300871,ES,42.63525,-4.93209,3
ES020ESPF004300872,ES,41.35641,-2.61302,2
ES020ESPF004300873,ES,40.31453,-5.28681,3
ES020ESPF004300874,ES,42.02036,-3.13905,1
ES020ESPF004300875,ES,,,9
ES020ESPF004300876,ES,,,15
ES020ESPF004300877,ES,,,7
ES020ESPF004300878,ES,41.34878,-2.75319,3
ES020ESPF004300879,ES,,,12
ES020ESPF004300890,ES,42.04414,-3.57419,2
ES020ESPF004300891,ES,40.31995,-5.21613,1
ES020ESPF004300892,ES,42.83237,-5.87204,3
ES020ESPF004300893,ES,42.04708,-3.19308,1
ES020ESPF004300894,ES,42.73085,-4.65163,2
ES030ESPFTA43204001,ES,41.23256,-3.20476,2
ES030ESPFTA43304001,ES,41.21345,-2.95358,4
ES030ESPFTA43404001,ES,41.21241,-2.81379,3
ES030ESPFTA45805001,ES,41.04318,-3.58717,8
ES030ESPFTA45904001,ES,41.13000,-3.19284,3
ES030ESPFTA45905003,ES,41.00329,-3.44062,9
ES030ESPFTA45905004,ES,41.01729,-3.34121,3
ES030ESPFTA45905005,ES,41.05061,-3.32358,4
ES030ESPFTA46004004,ES,41.08364,-3.03393,4
ES030ESPFTA46104001,ES,41.00515,-2.78445,4
ES030ESPFTA46104002,ES,41.10635,-2.60219,2
ES030ESPFTA46104005,ES,41.16041,-2.73220,6
ES030ESPFTA46104006,ES,41.01414,-2.61108,4
ES030ESPFTA48305003,ES,40.89652,-3.87433,3
ES030ESPFTA48405007,ES,40.94325,-3.71658,5
ES030ESPFTA48405008,ES,40.89688,-3.75807,3
ES030ESPFTA48504003,ES,40.98666,-3.19303,1
ES030ESPFTA48505003,ES,40.86785,-3.46731,2
ES030ESPFTA48505005,ES,,,4
ES030ESPFTA48505006,ES,40.89753,-3.45269,4
ES030ESPFTA48505007,ES,40.85895,-3.41013,4
ES030ESPFTA48604001,ES,,,13
ES030ESPFTA48604003,ES,40.95182,-2.91863,5
ES030ESPFTA48604004,ES,40.83946,-3.11687,4
ES030ESPFTA48604005,ES,40.93411,-2.96884,3
ES030ESPFTA48604006,ES,40.87754,-3.12259,3
ES030ESPFTA48604007,ES,40.92578,-2.93959,4
ES030ESPFTA48703002,ES,40.89628,-2.64240,6
ES030ESPFTA48704001,ES,40.96137,-2.72811,2
ES030ESPFTA48704002,ES,40.96375,-2.82627,7
ES030ESPFTA48801002,ES,40.84846,-2.29898,2
ES030ESPFTA48803001,ES,,,4
ES030ESPFTA50805001,ES,40.74169,-3.88963,3
ES030ESPFTA50805005,ES,40.71372,-3.89277,8
ES030ESPFTA50806004,ES,40.68386,-4.08337,5
ES030ESPFTA50905002,ES,40.69476,-3.61189,9
ES030ESPFTA50905007,ES,40.78740,-3.68847,5
ES030ESPFTA51004001,ES,40.72097,-3.21212,3
ES030ESPFTA51104001,ES,40.80271,-3.05338,7
ES030ESPFTA51104002,ES,40.71821,-3.16421,1
ES030ESPFTA51104003,ES,40.80696,-3.13166,2
ES030ESPFTA51104004,ES,40.75852,-3.14956,4
ES030ESPFTA51201003,ES,40.69608,-2.58650,4
ES030ESPFTA51201004,ES,40.72042,-2.56613,2
ES030ESPFTA51201005,ES,40.75075,-2.63248,5
ES030ESPFTA51201006,ES,40.67795,-2.69070,5
ES030ESPFTA51301003,ES,40.68111,-2.40166,8
ES030ESPFTA51301005,ES,40.77528,-2.40313,2
ES030ESPFTA51401001,ES,,,7
ES030ESPFTA51401002,ES,40.82933,-1.99888,3
ES030ESPFTA51401003,ES,,,3
ES030ESPFTA51401004,ES,40.79787,-2.15558,3
ES030ESPFTA51401005,ES,40.68212,-2.04640,2
ES030ESPFTA51401006,ES,40.79203,-2.28651,2
ES030ESPFTA51501002,ES,40.75066,-1.67365,1
ES030ESPFTA53107001,ES,40.52411,-4.56145,7
ES030ESPFTA53207001,ES,40.58115,-4.24361,1
ES030ESPFTA53207003,ES,40.64640,-4.21590,7
ES030ESPFTA53207004,ES,40.52114,-4.44868,5
ES030ESPFTA53305001,ES,40.56875,-3.88827,3
ES030ESPFTA53306004,ES,40.58232,-4.09967,2
ES030ESPFTA53306005,ES,40.62800,-4.00570,3
ES030ESPFTA53306006,ES,40.65462,-4.09882,6
ES030ESPFTA53306007,ES,40.50847,-3.94013,9
ES030ESPFTA53306010,ES,40.54441,-3.94711,4
ES030ESPFTA53405001,ES,40.53095,-3.79165,4
ES030ESPFTA53405003,ES,40.58276,-3.56985,7
ES030ESPFTA53405006,ES,40.59790,-3.63024,2
ES030ESPFTA53504002,ES,40.57325,-3.23180,6
ES030ESPFTA53504003,ES,40.95514,-2.93671,1
ES030ESPFTA53504004,ES,40.52910,-3.27995,6
ES030ESPFTA53504007,ES,40.52663,-3.37995,6
ES030ESPFTA53603001,ES,40.54480,-3.02375,1
ES030ESPFTA53603002,ES,,,7
ES030ESPFTA53603003,ES,40.57945,-2.97242,4
ES030ESPFTA53701001,ES,40.50488,-2.52428,2
ES030ESPFTA53701002,ES,40.64348,-2.53850,6
ES030ESPFTA53701003,ES,,,2
ES030ESPFTA53801001,ES,40.53671,-2.26344,3
ES030ESPFTA53901001,ES,40.59421,-1.93232,1
ES030ESPFTA53901003,ES,40.52742,-2.15048,4
ES030ESPFTA53901006,ES,40.57450,-2.06414,8
ES030ESPFTA53901008,ES,40.54340,-2.05125,1
ES030ESPFTA54001001,ES,,,2
ES030ESPFTA55110001,ES,40.40794,-6.23563,5
ES030ESPFTA55110002,ES,40.34344,-6.20345,1
ES030ESPFTA55210001,ES,,,4
ES030ESPFTA55210002,ES,40.42614,-6.01465,1
ES030ESPFTA55210005,ES,,,3
ES030ESPFTA55210006,ES,,,2
ES030ESPFTA55210008,ES,40.41547,-6.05011,1
ES030ESPFTA55210009,ES,40.43490,-6.00644,1
ES030ESPFTA55210010,ES,40.42700,-6.14833,6
ES030ESPFTA55210011,ES,40.45769,-5.93825,3
ES030ESPFTA55310001,ES,40.38724,-5.79625,6
ES030ESPFTA55310002,ES,40.37086,-5.75251,3
ES030ESPFTA55310004,ES,,,8
ES030ESPFTA55507002,ES,,,5
ES030ESPFTA55607004,ES,,,3
ES030ESPFTA55607007,ES,40.44199,-4.62584,11
ES030ESPFTA55607008,ES,,,2
ES030ESPFTA55607009,ES,40.41451,-4.75977,4
ES030ESPFTA55608008,ES,39.80991,-4.36917,5
ES030ESPFTA55707007,ES,40.46023,-4.39071,4
ES030ESPFTA55707009,ES,40.46519,-4.37013,1
ES030ESPFTA55707011,ES,40.45287,-4.31962,5
ES030ESPFTA55707012,ES,40.40889,-4.32108,4
ES030ESPFTA55707013,ES,40.42616,-4.49074,6
ES030ESPFTA55707014,ES,40.40043,-4.42884,1
ES030ESPFTA55707015,ES,40.41227,-4.44453,1
ES030ESPFTA55806001,ES,40.44099,-3.95554,7
ES030ESPFTA55806002,ES,40.47172,-3.93596,3
ES030ESPFTA55807001,ES,40.43410,-4.09849,7
ES030ESPFTA55905002,ES,40.38072,-3.68922,1
ES030ESPFTA55905003,ES,40.36040,-3.68163,12
ES030ESPFTA55905004,ES,40.43604,-3.52653,10
ES030ESPFTA56004002,ES,40.45987,-3.42172,21
ES030ESPFTA56004003,ES,40.46934,-3.42018,5
ES030ESPFTA56005001,ES,40.39532,-3.50946,14
ES030ESPFTA56005002,ES,40.39367,-3.43462,14
ES030ESPFTA56102001,ES,,,8
ES030ESPFTA56201006,ES,40.40043,-2.62772,7
ES030ESPFTA56301002,ES,40.46832,-2.37708,8
ES030ESPFTA56301003,ES,40.44379,-2.31136,2
ES030ESPFTA56301004,ES,40.42450,-2.32610,1
ES030ESPFTA56301005,ES,40.46648,-2.39093,3
ES030ESPFTA56301006,ES,40.37457,-2.46881,4
ES030ESPFTA56301007,ES,,,5
ES030ESPFTA56401001,ES,40.43464,-1.93724,7
ES030ESPFTA56401002,ES,40.41556,-2.03123,6
ES030ESPFTA57212001,ES,,,3
ES030ESPFTA57311001,ES,,,5
ES030ESPFTA57311002,ES,,,6
ES030ESPFTA57311004,ES,40.16887,-6.67965,2
ES030ESPFTA57311005,ES,,,4
ES030ESPFTA57410003,ES,,,6
ES030ESPFTA57410004,ES,,,2
ES030ESPFTA57411010,ES,,,5
ES030ESPFTA57510003,ES,,,6
ES030ESPFTA57510010,ES,40.16930,-6.18647,4
ES030ESPFTA57610001,ES,,,3
ES030ESPFTA57709001,ES,,,5
ES030ESPFTA57709020,ES,,,1
ES030ESPFTA57809002,ES,,,1
ES030ESPFTA57809003,ES,,,3
ES030ESPFTA57809005,ES,,,5
ES030ESPFTA57908001,ES,,,2
ES030ESPFTA57909002,ES,40.20768,-4.74545,8
ES030ESPFTA57909003,ES,40.19572,-4.77041,3
ES030ESPFTA57909004,ES,,,2
ES030ESPFTA57909005,ES,,,3
ES030ESPFTA58007003,ES,40.32650,-4.20395,6
ES030ESPFTA58007013,ES,,,8
ES030ESPFTA58007014,ES,40.19363,-4.40339,6
ES030ESPFTA58007015,ES,,,3
ES030ESPFTA58106001,ES,40.21998,-3.94577,12
ES030ESPFTA58106002,ES,40.31045,-3.94016,11
ES030ESPFTA58106003,ES,40.27958,-3.90638,7
ES030ESPFTA58205001,ES,40.30365,-3.59779,5
ES030ESPFTA58205003,ES,40.32110,-3.52589,9
ES030ESPFTA58205004,ES,40.23286,-3.53928,14
ES030ESPFTA58303001,ES,,,5
ES030ESPFTA58402003,ES,40.26142,-2.96829,8
ES030ESPFTA58402004,ES,40.33359,-2.89725,7
ES030ESPFTA58501001,ES,,,5
ES030ESPFTA58501002,ES,40.31922,-2.64925,2
ES030ESPFTA58501003,ES,40.24573,-2.76416,4
ES030ESPFTA59512001,ES,40.14421,-7.02110,1
ES030ESPFTA59611003,ES,40.03255,-6.61954,4
ES030ESPFTA59611004,ES,40.01391,-6.69602,15
ES030ESPFTA59611007,ES,40.04564,-6.56941,4
ES030ESPFTA59611008,ES,40.05848,-6.63323,3
ES030ESPFTA59612001,ES,40.14974,-6.80945,3
ES030ESPFTA59710005,ES,40.08061,-6.29209,21
ES030ESPFTA59710007,ES,40.04583,-6.20846,15
ES030ESPFTA59710008,ES,40.01036,-6.39348,12
ES030ESPFTA59809001,ES,,,8
ES030ESPFTA59809002,ES,40.00999,-6.00181,5
ES030ESPFTA59809003,ES,40.02920,-5.99342,4
ES030ESPFTA59810008,ES,,,3
ES030ESPFTA59810009,ES,40.03698,-6.06990,1
ES030ESPFTA59810011,ES,40.07014,-6.13313,2
ES030ESPFTA598100EA,ES,40.04464,-6.20764,1
ES030ESPFTA59909001,ES,,,3
ES030ESPFTA59909004,ES,,,3
ES030ESPFTA59909007,ES,,,13
ES030ESPFTA59909009,ES,40.02099,-5.59747,14
ES030ESPFTA59909010,ES,,,15
ES030ESPFTA59909011,ES,40.08516,-5.52910,5
ES030ESPFTA59909012,ES,40.00235,-5.71553,7
ES030ESPFTA59909075,ES,,,2
ES030ESPFTA59909076,ES,40.04526,-5.60760,4
ES030ESPFTA60009007,ES,40.09105,-5.21186,3
ES030ESPFTA60009008,ES,40.13805,-5.40120,3
ES030ESPFTA60009009,ES,,,9
ES030ESPFTA60009010,ES,40.05680,-5.43549,5
ES030ESPFTA60009098,ES,40.04331,-5.50246,6
ES030ESPFTA60009999,ES,,,2
ES030ESPFTA60109004,ES,,,4
ES030ESPFTA60109005,ES,40.03954,-5.03849,7
ES030ESPFTA60109006,ES,40.05459,-5.15792,3
ES030ESPFTA60109007,ES,40.05083,-4.95112,4
ES030ESPFTA60207008,ES,,,8
ES030ESPFTA60207011,ES,40.00502,-4.73251,1
ES030ESPFTA60307005,ES,40.06819,-4.47156,6
ES030ESPFTA60307006,ES,40.02338,-4.50318,15
ES030ESPFTA60307007,ES,,,3
ES030ESPFTA60406001,ES,40.00912,-4.03558,3
ES030ESPFTA60502001,ES,40.03697,-3.66245,14
ES030ESPFTA60502004,ES,40.04424,-3.56127,10
ES030ESPFTA60503005,ES,40.13103,-3.57405,15
ES030ESPFTA60505003,ES,40.08470,-3.60833,15
ES030ESPFTA605050EA,ES,40.08346,-3.60941,5
ES030ESPFTA60602001,ES,40.04963,-3.37636,5
ES030ESPFTA60702001,ES,40.09711,-3.15542,8
ES030ESPFTA60702002,ES,40.08053,-3.04606,4
ES030ESPFTA60702003,ES,40.12638,-3.01586,1
ES030ESPFTA62110005,ES,39.97981,-6.52840,12
ES030ESPFTA62110006,ES,39.92809,-6.65197,4
ES030ESPFTA62110007,ES,39.85522,-6.79733,4
ES030ESPFTA62110008,ES,39.88916,-6.82200,5
ES030ESPFTA62210002,ES,39.91808,-6.42162,10
ES030ESPFTA62210003,ES,39.95674,-6.26008,7
ES030ESPFTA62210005,ES,39.89807,-6.26310,4
ES030ESPFTA62210006,ES,,,5
ES030ESPFTA62210009,ES,39.92646,-6.31748,3
ES030ESPFTA62309003,ES,39.93242,-5.90296,4
ES030ESPFTA62309004,ES,39.91040,-5.88196,8
ES030ESPFTA62309006,ES,39.95282,-6.02339,4
ES030ESPFTA62309007,ES,39.95632,-5.89677,1
ES030ESPFTA62312005,ES,39.85989,-6.07657,2
ES030ESPFTA62312007,ES,39.86106,-6.04251,3
ES030ESPFTA62409001,ES,39.96125,-5.67463,3
ES030ESPFTA62509001,ES,39.98959,-5.45914,8
ES030ESPFTA62509002,ES,39.97119,-5.29094,4
ES030ESPFTA62509003,ES,39.94675,-5.49874,13
ES030ESPFTA62609001,ES,39.99100,-5.18302,10
ES030ESPFTA62708003,ES,,,6
ES030ESPFTA62708006,ES,39.95365,-4.81471,21
ES030ESPFTA62708007,ES,,,14
ES030ESPFTA62708008,ES,39.92721,-4.58284,13
ES030ESPFTA62808001,ES,39.86307,-4.19703,8
ES030ESPFTA62808002,ES,39.91980,-4.23225,12
ES030ESPFTA62808003,ES,39.84164,-4.36594,4
ES030ESPFTA62906004,ES,39.99338,-4.03607,15
ES030ESPFTA62906006,ES,39.97980,-4.12653,6
ES030ESPFTA62908001,ES,39.90843,-3.86905,15
ES030ESPFTA62908002,ES,39.92249,-3.87237,1
ES030ESPFTA62908003,ES,39.86956,-4.01415,14
ES030ESPFTA62908005,ES,39.85874,-4.03613,4
ES030ESPFTA62908006,ES,39.90345,-3.91010,1
ES030ESPFTA629080EA,ES,39.86850,-4.01542,2
ES030ESPFTA63002001,ES,39.95552,-3.83069,21
ES030ESPFTA63008002,ES,39.87866,-3.73026,10
ES030ESPFTA63008003,ES,39.83408,-3.61686,1
ES030ESPFTA64812007,ES,39.71650,-6.86079,6
ES030ESPFTA64812008,ES,39.67779,-6.92255,6
ES030ESPFTA64912001,ES,39.81062,-6.66749,4
ES030ESPFTA64912002,ES,39.72378,-6.77267,2
ES030ESPFTA64912003,ES,39.70432,-6.60048,3
ES030ESPFTA64912004,ES,39.70124,-6.52611,7
ES030ESPFTA65012001,ES,39.76879,-6.37744,7
ES030ESPFTA65012002,ES,39.76517,-6.43067,4
ES030ESPFTA65012003,ES,39.79416,-6.27685,2
ES030ESPFTA65012004,ES,39.67924,-6.41556,3
ES030ESPFTA65012005,ES,39.67159,-6.47316,1
ES030ESPFTA65112002,ES,39.80316,-6.02541,2
ES030ESPFTA65112003,ES,39.79985,-6.03302,6
ES030ESPFTA65213001,ES,39.64621,-5.81713,5
ES030ESPFTA65312003,ES,39.77190,-5.51976,2
ES030ESPFTA65312006,ES,39.72928,-5.41864,2
ES030ESPFTA65312007,ES,39.77562,-5.33346,2
ES030ESPFTA65312008,ES,39.74421,-5.25408,2
ES030ESPFTA65408001,ES,39.79244,-4.86902,3
ES030ESPFTA65412001,ES,39.79999,-5.16896,10
ES030ESPFTA65508004,ES,39.75020,-4.84512,1
ES030ESPFTA65608002,ES,39.83181,-4.40258,7
ES030ESPFTA65708002,ES,39.81960,-4.09382,6
ES030ESPFTA65808001,ES,39.74465,-3.70517,2
ES030ESPFTA65808003,ES,,,3
ES030ESPFTA67514004,ES,39.60439,-7.29856,3
ES030ESPFTA67514005,ES,39.50944,-7.27837,6
ES030ESPFTA67514006,ES,39.58461,-7.48596,2
ES030ESPFTA67514007,ES,39.66152,-7.51369,2
ES030ESPFTA67514008,ES,39.62826,-7.43623,2
ES030ESPFTA67614002,ES,39.57415,-6.99737,2
ES030ESPFTA67614003,ES,39.60495,-7.15466,2
ES030ESPFTA67614004,ES,39.63440,-7.11022,3
ES030ESPFTA67714103,ES,39.52312,-6.56780,3
ES030ESPFTA67813004,ES,39.55019,-6.34377,2
ES030ESPFTA67913001,ES,39.66479,-5.93995,1
ES030ESPFTA67913002,ES,39.50078,-6.11620,4
ES030ESPFTA67913003,ES,39.60592,-5.90961,15
ES030ESPFTA67913004,ES,39.59253,-5.89797,2
ES030ESPFTA68013003,ES,39.55739,-5.58379,1
ES030ESPFTA68013004,ES,,,5
ES030ESPFTA68112005,ES,,,5
ES030ESPFTA68112006,ES,39.64123,-5.30112,5
ES030ESPFTA68208001,ES,,,7
ES030ESPFTA68208002,ES,,,2
ES030ESPFTA68208003,ES,39.56526,-5.00391,5
ES030ESPFTA68308003,ES,,,2
ES030ESPFTA68308004,ES,39.60525,-4.70081,5
ES030ESPFTA68408002,ES,39.66433,-4.38732,6
ES030ESPFTA68408003,ES,39.60781,-4.39086,2
ES030ESPFTA68608002,ES,39.54004,-3.81536,5
ES030ESPFTA70114001,ES,39.46652,-7.20698,1
ES030ESPFTA70114002,ES,39.47524,-7.32431,1
ES030ESPFTA70114003,ES,39.44616,-7.20116,7
ES030ESPFTA70214001,ES,39.47281,-6.97823,4
ES030ESPFTA70314001,ES,39.39849,-6.53827,10
ES030ESPFTA70314002,ES,39.45736,-6.74279,7
ES030ESPFTA70412001,ES,39.49338,-6.31735,10
ES030ESPFTA70414003,ES,39.33373,-6.48696,5
ES030ESPFTA70414004,ES,39.35085,-6.24875,8
ES030ESPFTA70513001,ES,39.45612,-5.92739,8
ES030ESPFTA70513002,ES,39.44881,-6.04334,9
ES030ESPFTA70613001,ES,39.47930,-5.61806,5
ES030ESPFTA72914004,ES,39.21544,-6.26353,3
ES030ESPFTACC551994,ES,,,1
ES030ESPFTACC553001,ES,,,1
ES030ESPFTACC622001,ES,,,12
ES030ESPFTACC622002,ES,,,1
ES030ESPFTACC624009,ES,,,1
ES030ESPFTACC651012,ES,,,1
ES030ESPFTACC652995,ES,,,2
ES030ESPFTAM483010,ES,,,1
ES030ESPFTASA552004,ES,,,1
ES030ESPFTATO601026,ES,,,1
ES030ESPFTATO682006,ES,,,1
ES040ESPF000400027,ES,38.84545,-7.04554,5
ES040ESPF000400030,ES,38.97756,-2.89331,2
ES040ESPF000400032,ES,38.81712,-3.00264,2
ES040ESPF000400048,ES,38.88943,-4.40469,3
ES040ESPF000400052,ES,38.71116,-4.87956,1
ES040ESPF000400056,ES,39.00040,-5.75857,1
ES040ESPF000400060,ES,38.96868,-5.95422,1
ES040ESPF000400061,ES,38.89891,-5.99163,9
ES040ESPF000400062,ES,38.99691,-6.06556,2
ES040ESPF000400066,ES,38.85194,-6.68932,7
ES040ESPF000400067,ES,38.87971,-6.77656,10
ES040ESPF000400068,ES,38.92462,-6.83654,1
ES040ESPF000400069,ES,38.91265,-6.95844,4
ES040ESPF000400075,ES,37.64248,-7.26366,7
ES040ESPF000400076,ES,37.95107,-7.21253,2
ES040ESPF000400089,ES,39.49676,-4.54065,1
ES040ESPF000400092,ES,,,2
ES040ESPF000400096,ES,,,3
ES040ESPF000400098,ES,39.33954,-5.16470,1
ES040ESPF000400099,ES,39.29029,-5.19685,5
ES040ESPF000400103,ES,,,1
ES040ESPF000400104,ES,,,1
ES040ESPF000400112,ES,,,3
ES040ESPF000400115,ES,,,8
ES040ESPF000400116,ES,,,3
ES040ESPF000400119,ES,38.86275,-6.61106,11
ES040ESPF000400120,ES,38.76651,-4.52873,6
ES040ESPF000400121,ES,39.38101,-4.73655,3
ES040ESPF000400122,ES,38.35548,-6.17335,11
ES040ESPF000400128,ES,,,4
ES040ESPF000400150,ES,39.35021,-2.94673,4
ES040ESPF000400153,ES,38.93331,-2.81667,5
ES040ESPF000400155,ES,38.82373,-2.59980,2
ES040ESPF000400157,ES,39.10283,-3.92244,6
ES040ESPF000400158,ES,39.45999,-4.42520,5
ES040ESPF000400163,ES,39.46680,-4.22191,5
ES040ESPF000400164,ES,39.32361,-4.77624,5
ES040ESPF000400165,ES,39.45042,-4.82014,4
ES040ESPF000400168,ES,39.38215,-5.38259,3
ES040ESPF000400169,ES,39.39100,-5.39166,11
ES040ESPF000400171,ES,39.04482,-5.80446,8
ES040ESPF000400174,ES,39.12404,-5.49011,1
ES040ESPF000400176,ES,38.99696,-6.06563,8
ES040ESPF000400178,ES,38.95539,-6.40138,8
ES040ESPF000400179,ES,39.05494,-6.42200,4
ES040ESPF000400182,ES,38.91849,-6.87040,10
ES040ESPF000400184,ES,38.96371,-6.92962,9
ES040ESPF000400185,ES,39.29727,-6.81778,3
ES040ESPF000400187,ES,39.27050,-6.60188,1
ES040ESPF000400188,ES,39.11299,-3.76354,5
ES040ESPF000400196,ES,38.82941,-7.08523,15
ES040ESPF000400197,ES,38.81851,-3.11071,7
ES040ESPF000400200,ES,38.78503,-3.56481,3
ES040ESPF000400201,ES,38.82405,-3.84799,1
ES040ESPF000400202,ES,38.88847,-4.01882,6
ES040ESPF000400203,ES,38.67725,-3.52666,3
ES040ESPF000400205,ES,38.88897,-4.40451,8
ES040ESPF000400209,ES,38.90568,-4.82575,6
ES040ESPF000400213,ES,38.73735,-4.69432,6
ES040ESPF000400214,ES,38.72607,-4.87293,15
ES040ESPF000400219,ES,38.43563,-5.06626,2
ES040ESPF000400222,ES,38.96760,-5.95328,4
ES040ESPF000400224,ES,38.44643,-5.95813,5
ES040ESPF000400225,ES,38.55518,-6.14280,7
ES040ESPF000400227,ES,38.64974,-6.06838,3
ES040ESPF000400228,ES,38.61112,-6.25883,6
ES040ESPF000400229,ES,38.64131,-6.35705,3
ES040ESPF000400230,ES,38.84785,-6.45107,8
ES040ESPF000400233,ES,38.87982,-6.77760,3
ES040ESPF000400235,ES,38.77368,-6.96046,9
ES040ESPF000400236,ES,38.55527,-6.88977,4
ES040ESPF000400237,ES,38.74165,-7.06376,5
ES040ESPF000400238,ES,38.45722,-6.84908,9
ES040ESPF000400239,ES,38.28260,-6.98629,3
ES040ESPF000400241,ES,38.23038,-6.88663,9
ES040ESPF000400246,ES,37.96415,-6.94038,7
ES040ESPF000400247,ES,37.95193,-7.21215,9
ES040ESPF000400248,ES,37.76193,-7.41086,6
ES040ESPF000400249,ES,37.91660,-7.19937,1
ES040ESPF000400250,ES,,,6
ES040ESPF000400251,ES,37.72290,-7.32555,7
ES040ESPF000400253,ES,38.46826,-4.93445,10
ES040ESPF000400254,ES,39.23625,-3.45671,2
ES040ESPF000400256,ES,38.91154,-2.80919,8
ES040ESPF000400262,ES,39.04951,-4.48560,2
ES040ESPF000400263,ES,39.19154,-4.54036,6
ES040ESPF000400265,ES,39.46265,-4.96928,9
ES040ESPF000400266,ES,39.34056,-5.57879,3
ES040ESPF000400267,ES,39.20559,-5.77440,2
ES040ESPF000400268,ES,39.20328,-5.90069,10
ES040ESPF000400272,ES,39.13479,-4.68546,9
ES040ESPF000400273,ES,39.17970,-5.03033,6
ES040ESPF000400277,ES,39.01117,-5.02950,6
ES040ESPF000400278,ES,38.86238,-5.22620,2
ES040ESPF000400279,ES,38.79227,-5.38920,2
ES040ESPF000400283,ES,38.77283,-6.71309,6
ES040ESPF000400284,ES,38.60060,-7.19005,3
ES040ESPF000400285,ES,38.46453,-7.17655,5
ES040ESPF000400286,ES,38.34983,-6.97028,6
ES040ESPF000400288,ES,38.41559,-6.72869,1
ES040ESPF000400292,ES,37.29091,-7.41387,5
ES040ESPF000400293,ES,37.26098,-7.34296,8
ES040ESPF000400294,ES,38.67862,-5.10117,5
ES040ESPF000400295,ES,39.39778,-4.77645,5
ES040ESPF000400296,ES,38.63883,-3.35423,8
ES040ESPF000400297,ES,39.07142,-3.05567,7
ES040ESPF000400299,ES,39.17508,-4.02004,1
ES040ESPF000400300,ES,38.70084,-3.24466,7
ES040ESPF000400301,ES,38.74161,-3.80163,5
ES040ESPF000400302,ES,39.41359,-4.20773,4
ES040ESPF000400303,ES,39.40889,-4.28337,1
ES040ESPF000400305,ES,39.30422,-4.78059,8
ES040ESPF000400306,ES,39.22096,-5.00818,4
ES040ESPF000400307,ES,39.27297,-5.07925,4
ES040ESPF000400308,ES,39.12643,-5.10702,6
ES040ESPF000400309,ES,39.17126,-5.23096,2
ES040ESPF000400310,ES,39.12524,-5.21531,4
ES040ESPF000400311,ES,39.26101,-5.41743,4
ES040ESPF000400312,ES,39.31990,-5.52744,3
ES040ESPF000400313,ES,39.27986,-5.62520,3
ES040ESPF000400314,ES,38.72734,-5.19142,6
ES040ESPF000400315,ES,38.89486,-5.29532,11
ES040ESPF000400316,ES,39.02709,-5.30386,4
ES040ESPF000400317,ES,38.95829,-5.75778,5
ES040ESPF000400318,ES,38.90924,-6.07009,5
ES040ESPF000400319,ES,38.84049,-6.15092,6
ES040ESPF000400320,ES,38.96682,-6.22807,6
ES040ESPF000400321,ES,38.91768,-6.51927,4
ES040ESPF000400322,ES,38.88455,-6.69584,9
ES040ESPF000400323,ES,39.23885,-6.77458,3
ES040ESPF000400324,ES,38.95003,-6.87740,7
ES040ESPF000400325,ES,38.72343,-7.21186,5
ES040ESPF000400326,ES,38.69633,-7.21135,11
ES040ESPF000400327,ES,38.64106,-7.18645,7
ES040ESPF000400328,ES,38.53894,-6.70318,1
ES040ESPF000400329,ES,38.50093,-7.21737,5
ES040ESPF000400330,ES,38.43112,-7.28508,1
ES040ESPF000400331,ES,38.41250,-7.26922,4
ES040ESPF000400332,ES,,,2
ES040ESPF000400333,ES,38.34545,-6.61838,7
ES040ESPF000400334,ES,38.23576,-6.64163,3
ES040ESPF000400335,ES,38.19737,-7.01554,8
ES040ESPF000400337,ES,39.05651,-5.14070,2
ES040ESPF000400338,ES,39.21501,-6.90095,3
ES040ESPF000400339,ES,39.21651,-5.44998,6
ES040ESPF000400340,ES,39.28578,-5.43792,3
ES040ESPF000400342,ES,39.04501,-5.70792,4
ES040ESPF000400346,ES,38.91655,-5.56508,7
ES040ESPF000400473,ES,39.26335,-5.26382,8
ES040ESPF000400474,ES,39.32160,-5.77721,1
ES040ESPF000400475,ES,39.32411,-6.95615,4
ES040ESPF000400478,ES,38.98984,-5.72566,11
ES040ESPF000400479,ES,39.38946,-5.32969,5
ES040ESPF000400480,ES,39.17447,-7.15061,5
ES040ESPF000400481,ES,38.35680,-7.12836,7
ES040ESPF000400483,ES,38.71671,-5.04544,9
ES040ESPF000400484,ES,39.43019,-4.25287,4
ES040ESPF000400485,ES,38.54311,-6.75120,11
ES040ESPF000400486,ES,38.84465,-5.02380,1
ES040ESPF000400487,ES,39.25561,-5.19235,7
ES040ESPF000400488,ES,38.87729,-5.34150,6
ES040ESPF000400489,ES,38.92559,-4.18038,10
ES040ESPF000400490,ES,39.21842,-5.37166,6
ES040ESPF000400491,ES,39.11730,-3.92895,5
ES040ESPF000400492,ES,38.86480,-7.04438,3
ES040ESPF000400494,ES,38.80294,-6.26078,7
ES040ESPF000400496,ES,39.02455,-4.48790,4
ES040ESPF000400497,ES,37.73937,-7.18412,9
ES040ESPF000400498,ES,39.18844,-6.42722,5
ES040ESPF000400500,ES,37.48303,-7.40642,4
ES040ESPF000400501,ES,39.42737,-5.40079,9
ES040ESPF000400502,ES,39.26099,-5.51280,7
ES040ESPF000400529,ES,38.41810,-5.77622,1
ES040ESPF000400530,ES,39.05358,-6.32138,2
ES040ESPF000400538,ES,,,5
ES040ESPF000400562,ES,38.98735,-6.13647,7
ES040ESPF000400598,ES,38.15980,-6.96864,1
ES040ESPF000400600,ES,38.14908,-6.95854,2
ES040ESPF000400612,ES,39.04369,-6.90685,5
ES040ESPF000400614,ES,38.96069,-2.85771,3
ES040ESPF000400615,ES,38.86497,-2.79939,1
ES040ESPF000400616,ES,38.89796,-2.79605,2
ES040ESPF000400617,ES,37.90200,-7.01125,4
ES040ESPF000400618,ES,38.49312,-6.49372,6
ES040ESPF000400619,ES,39.01174,-6.93891,3
ES040ESPF000400620,ES,38.25130,-5.91292,3
ES040ESPF000400621,ES,39.03178,-6.95850,2
ES040ESPF000400622,ES,38.41462,-7.27984,1
ES040ESPF000400623,ES,38.27949,-7.16747,6
ES040ESPF000400624,ES,38.22100,-6.93689,1
ES040ESPF000400625,ES,38.18597,-7.10200,3
ES040ESPF000400626,ES,38.04374,-7.09910,2
ES040ESPF000400628,ES,39.23743,-5.89180,3
ES040ESPF000400629,ES,38.53752,-6.54337,7
ES040ESPF000400634,ES,37.55152,-7.27430,2
ES040ESPF000400635,ES,37.56604,-7.27905,2
ES040ESPF000400636,ES,37.59292,-7.30336,1
ES040ESPF000400638,ES,39.04194,-4.97830,2
ES040ESPF000400640,ES,38.70060,-4.77625,4
ES040ESPF000400641,ES,39.26048,-4.61119,3
ES040ESPF000400642,ES,,,3
ES040ESPF000400644,ES,38.49915,-6.50831,1
ES040ESPF000400645,ES,39.41853,-5.39089,1
ES040ESPF000400657,ES,38.24657,-6.51682,1
ES040ESPF000400666,ES,38.10614,-6.67201,7
ES040ESPF000400673,ES,38.72759,-6.15027,1
ES040ESPF000400674,ES,38.39462,-5.58483,1
ES040ESPF000400684,ES,39.51722,-5.17403,3
ES040ESPF000400685,ES,39.54184,-3.09839,2
ES040ESPF000400687,ES,39.77502,-3.15700,4
ES040ESPF000400688,ES,38.67582,-4.64977,5
ES040ESPF000400689,ES,38.99848,-5.60078,6
ES040ESPF000400690,ES,,,6
ES040ESPF000400691,ES,39.21803,-4.27715,4
ES040ESPF000400692,ES,39.04710,-4.23932,5
ES040ESPF000400693,ES,39.25840,-4.39728,4
ES040ESPF000400694,ES,39.10189,-4.33041,7
ES040ESPF000400695,ES,38.09467,-6.35527,2
ES040ESPF000400696,ES,38.21623,-6.36567,3
ES040ESPF000400697,ES,38.31416,-6.54669,2
ES040ESPF000400698,ES,38.32739,-6.32105,6
ES040ESPF000400699,ES,37.98810,-6.74883,6
ES040ESPF000400700,ES,38.00767,-6.74416,3
ES040ESPF000400701,ES,38.13344,-6.91884,5
ES040ESPF000400702,ES,38.09766,-6.69014,1
ES040ESPF000400703,ES,38.09696,-6.85521,3
ES040ESPF000400704,ES,39.18064,-7.03419,7
ES040ESPF000400705,ES,39.26886,-7.13174,4
ES040ESPF000400706,ES,40.01087,-2.59705,12
ES040ESPF000400707,ES,39.90805,-2.71935,2
ES040ESPF000400708,ES,39.66964,-3.04209,7
ES040ESPF000400709,ES,39.47820,-3.31405,4
ES040ESPF000400710,ES,38.89388,-4.11634,13
ES040ESPF000400711,ES,39.09801,-4.61389,4
ES040ESPF000400712,ES,39.07266,-6.55427,5
ES040ESPF000400713,ES,38.94890,-6.73853,2
ES040ESPF000400714,ES,39.10186,-6.66040,4
ES040ESPF000400716,ES,38.51976,-5.41216,2
ES040ESPF000400717,ES,38.67601,-5.16301,3
ES040ESPF000400718,ES,38.50274,-5.28912,4
ES040ESPF000400719,ES,38.57392,-5.18941,1
ES040ESPF000400720,ES,38.43904,-4.52857,3
ES040ESPF000400721,ES,38.45716,-4.62759,6
ES040ESPF000400722,ES,38.66123,-4.88116,2
ES040ESPF000400723,ES,38.50742,-4.52911,3
ES040ESPF000400724,ES,38.55925,-4.90698,5
ES040ESPF000400725,ES,39.93353,-2.51617,3
ES040ESPF000400726,ES,39.61659,-2.57139,6
ES040ESPF000400728,ES,39.47343,-2.39381,3
ES040ESPF000400729,ES,40.01652,-2.95325,4
ES040ESPF000400730,ES,39.66215,-3.25717,5
ES040ESPF000400731,ES,38.74774,-3.13994,7
ES040ESPF000400732,ES,39.47711,-5.13182,4
ES050ESPF10102,ES,38.07700,-3.03093,5
ES050ESPF10103,ES,,,5
ES050ESPF10104,ES,38.03000,-3.12530,4
ES050ESPF10105,ES,37.95950,-3.18943,4
ES050ESPF10106,ES,37.99630,-2.99801,6
ES050ESPF10107,ES,38.02490,-2.86432,1
ES050ESPF10108,ES,38.03170,-3.13592,5
ES050ESPF10112,ES,38.06030,-2.82459,1
ES050ESPF10114,ES,38.17890,-2.83196,3
ES050ESPF10116,ES,37.91980,-3.36175,5
ES050ESPF10122,ES,38.03140,-3.12556,3
ES050ESPF10200,ES,37.78590,-3.40812,2
ES050ESPF10201,ES,37.74650,-3.35931,6
ES050ESPF10202,ES,37.92770,-3.45237,3
ES050ESPF10203,ES,37.95300,-3.55327,4
ES050ESPF10204,ES,37.94390,-3.64721,8
ES050ESPF10205,ES,37.89630,-3.67384,6
ES050ESPF10209,ES,37.92770,-3.45237,12
ES050ESPF10210,ES,38.38860,-2.59928,2
ES050ESPF10212,ES,38.39850,-2.54684,2
ES050ESPF10300,ES,38.31450,-2.69893,4
ES050ESPF10302,ES,38.28630,-2.65461,2
ES050ESPF10303,ES,38.34460,-2.86110,3
ES050ESPF10339,ES,38.61420,-2.65106,6
ES050ESPF10400,ES,38.65260,-2.57398,2
ES050ESPF10401,ES,38.51430,-2.78491,3
ES050ESPF10501,ES,38.29000,-2.96081,4
ES050ESPF10502,ES,38.12240,-3.27454,6
ES050ESPF10504,ES,38.01610,-3.63707,13
ES050ESPF10510,ES,38.27000,-3.00165,2
ES050ESPF10520,ES,38.25920,-3.01389,6
ES050ESPF10599,ES,38.38630,-3.26345,1
ES050ESPF10600,ES,38.10090,-3.54264,2
ES050ESPF10605,ES,38.54400,-3.03229,3
ES050ESPF10615,ES,38.31570,-3.46257,1
ES050ESPF10616,ES,38.28450,-3.52510,2
ES050ESPF10620,ES,38.28290,-3.20021,8
ES050ESPF10700,ES,37.60410,-3.69713,6
ES050ESPF10703,ES,37.65270,-3.60579,6
ES050ESPF10704,ES,37.80370,-3.75097,8
ES050ESPF10705,ES,37.96940,-3.77961,11
ES050ESPF10802,ES,37.98420,-3.79945,9
ES050ESPF10803,ES,38.03150,-3.77692,9
ES050ESPF10804,ES,38.12800,-3.70633,8
ES050ESPF20101,ES,37.61060,-2.70205,2
ES050ESPF20102,ES,37.49190,-2.72472,2
ES050ESPF20103,ES,37.73680,-2.52545,7
ES050ESPF20104,ES,37.92390,-2.49627,6
ES050ESPF20105,ES,37.85050,-2.65481,1
ES050ESPF20301,ES,37.64900,-2.77569,2
ES050ESPF20320,ES,37.85740,-2.76971,4
ES050ESPF20500,ES,37.30470,-3.42729,1
ES050ESPF20600,ES,37.44930,-3.21318,8
ES050ESPF20602,ES,37.51870,-3.10932,5
ES050ESPF20605,ES,37.15750,-3.07357,7
ES050ESPF20607,ES,37.14560,-3.07389,4
ES050ESPF20608,ES,37.15300,-3.13500,3
ES050ESPF20609,ES,37.16530,-3.17212,11
ES050ESPF20611,ES,37.61060,-3.13907,1
ES050ESPF20612,ES,37.38900,-3.17654,8
ES050ESPF20613,ES,37.32600,-3.20849,7
ES050ESPF20614,ES,37.34850,-3.17854,2
ES050ESPF20615,ES,37.58520,-3.23388,1
ES050ESPF20801,ES,37.72400,-3.04485,8
ES050ESPF20802,ES,37.87620,-3.21139,1
ES050ESPF20804,ES,37.56120,-2.95820,5
ES050ESPF20805,ES,37.83780,-3.21107,5
ES050ESPF30100,ES,37.11450,-3.46893,9
ES050ESPF30103,ES,37.22190,-3.51948,3
ES050ESPF30105,ES,37.11450,-3.46893,5
ES050ESPF30108,ES,37.06390,-3.55897,5
ES050ESPF30109,ES,37.08140,-3.60315,5
ES050ESPF30110,ES,37.20750,-3.76478,7
ES050ESPF30111,ES,37.14600,-3.41482,4
ES050ESPF30114,ES,37.22240,-3.41503,2
ES050ESPF30201,ES,37.19340,-3.68322,12
ES050ESPF30202,ES,37.22184,-3.72097,4
ES050ESPF30203,ES,37.14670,-3.83188,4
ES050ESPF30204,ES,37.23200,-3.79017,7
ES050ESPF30304,ES,37.31110,-3.65035,7
ES050ESPF30305,ES,37.33000,-3.70023,2
ES050ESPF30306,ES,37.27910,-3.76491,8
ES050ESPF30307,ES,37.42930,-3.68447,2
ES050ESPF30308,ES,37.43040,-3.84521,4
ES050ESPF30309,ES,37.27210,-3.62582,2
ES050ESPF30310,ES,37.23050,-3.80567,3
ES050ESPF30311,ES,37.22240,-3.82561,2
ES050ESPF30313,ES,37.24360,-3.76213,8
ES050ESPF30400,ES,36.90670,-3.80212,4
ES050ESPF30401,ES,36.95520,-3.85480,3
ES050ESPF30403,ES,37.05790,-3.91927,5
ES050ESPF30405,ES,37.14090,-3.97751,2
ES050ESPF30406,ES,36.93420,-3.86032,4
ES050ESPF30407,ES,36.93060,-3.79407,1
ES050ESPF30408,ES,36.97890,-3.98329,4
ES050ESPF30410,ES,37.19330,-4.00259,4
ES050ESPF30502,ES,37.16940,-4.15137,17
ES050ESPF30505,ES,37.27490,-4.42802,3
ES050ESPF30506,ES,37.24750,-4.48213,6
ES050ESPF30511,ES,37.23150,-4.07547,4
ES050ESPF30512,ES,37.21450,-3.97428,2
ES050ESPF30515,ES,37.37010,-4.60394,4
ES050ESPF30516,ES,37.33430,-4.54068,6
ES050ESPF30520,ES,37.20710,-4.31607,2
ES050ESPF30530,ES,37.22780,-4.48829,5
ES050ESPF30540,ES,37.31510,-4.33035,2
ES050ESPF30550,ES,37.27870,-4.19337,3
ES050ESPF40099,ES,38.30690,-3.70718,4
ES050ESPF40102,ES,,,6
ES050ESPF40103,ES,38.04430,-3.86805,5
ES050ESPF40202,ES,38.01620,-3.99535,5
ES050ESPF40205,ES,38.02500,-3.95559,3
ES050ESPF40302,ES,38.49150,-4.19198,3
ES050ESPF40304,ES,38.08090,-4.10021,2
ES050ESPF40306,ES,38.58880,-3.75337,3
ES050ESPF40308,ES,38.53160,-3.66137,3
ES050ESPF40309,ES,38.15240,-4.04402,3
ES050ESPF40313,ES,38.42510,-4.03613,3
ES050ESPF40345,ES,38.58400,-3.86800,9
ES050ESPF40346,ES,38.40130,-3.95402,3
ES050ESPF40500,ES,38.18540,-4.17386,2
ES050ESPF40502,ES,38.26690,-4.27914,4
ES050ESPF40505,ES,38.06180,-4.25254,1
ES050ESPF40603,ES,37.95830,-4.46448,8
ES050ESPF40605,ES,38.02720,-4.36321,6
ES050ESPF40613,ES,38.12330,-4.44714,4
ES050ESPF40614,ES,38.04450,-4.48026,3
ES050ESPF40615,ES,38.21240,-4.32456,6
ES050ESPF40616,ES,38.02030,-4.35963,6
ES050ESPF40617,ES,38.00340,-4.53910,5
ES050ESPF40618,ES,38.01210,-4.47854,12
ES050ESPF40619,ES,38.00860,-4.32359,4
ES050ESPF40620,ES,38.02380,-4.30574,1
ES050ESPF40703,ES,38.13430,-4.73227,1
ES050ESPF40706,ES,38.08060,-4.63031,2
ES050ESPF40801,ES,37.87980,-4.77182,18
ES050ESPF40901,ES,37.82200,-4.93156,19
ES050ESPF40902,ES,37.85920,-4.94265,3
ES050ESPF41004,ES,37.81430,-5.05281,5
ES050ESPF41005,ES,37.95440,-4.86996,7
ES050ESPF41006,ES,37.97043,-4.86754,5
ES050ESPF41007,ES,38.00730,-5.06719,5
ES050ESPF41008,ES,38.22820,-5.12050,4
ES050ESPF41009,ES,38.27930,-5.37206,3
ES050ESPF41010,ES,37.93810,-4.87209,5
ES050ESPF41101,ES,37.79770,-5.10572,8
ES050ESPF41200,ES,38.05450,-5.40152,5
ES050ESPF41201,ES,38.05360,-5.40138,7
ES050ESPF41204,ES,38.14580,-5.51326,3
ES050ESPF41205,ES,37.77420,-5.20908,3
ES050ESPF41206,ES,37.90480,-5.31264,3
ES050ESPF41207,ES,37.83550,-5.31259,7
ES050ESPF41302,ES,37.69350,-5.32965,14
ES050ESPF41304,ES,37.91740,-5.44147,5
ES050ESPF41305,ES,37.68210,-5.48112,8
ES050ESPF41306,ES,37.93010,-5.49541,2
ES050ESPF41307,ES,37.89710,-5.41728,7
ES050ESPF41308,ES,37.70150,-5.31067,5
ES050ESPF41410,ES,37.92500,-5.71622,1
ES050ESPF41411,ES,37.86330,-5.62457,2
ES050ESPF41412,ES,37.84110,-5.70023,3
ES050ESPF41413,ES,37.64210,-5.73992,7
ES050ESPF41414,ES,37.67180,-5.68420,3
ES050ESPF41416,ES,37.62050,-5.67698,4
ES050ESPF41503,ES,37.59280,-5.88041,14
ES050ESPF41504,ES,38.04010,-5.93704,5
ES050ESPF41506,ES,38.10790,-6.04894,5
ES050ESPF41508,ES,37.96970,-5.88102,4
ES050ESPF41509,ES,37.61820,-5.83095,5
ES050ESPF41510,ES,37.58570,-5.78194,7
ES050ESPF41511,ES,37.55850,-5.86778,6
ES050ESPF41512,ES,37.55310,-5.92245,7
ES050ESPF41513,ES,37.53800,-5.95300,7
ES050ESPF41514,ES,37.46990,-5.97292,11
ES050ESPF41515,ES,37.43660,-5.97362,6
ES050ESPF41599,ES,37.93480,-6.18245,6
ES050ESPF41602,ES,,,8
ES050ESPF41606,ES,37.47330,-6.03389,8
ES050ESPF41607,ES,37.29710,-6.07775,7
ES050ESPF41610,ES,37.87710,-6.39804,3
ES050ESPF41611,ES,37.94940,-6.63094,2
ES050ESPF41615,ES,37.67140,-6.17867,4
ES050ESPF41616,ES,37.49590,-6.06385,2
ES050ESPF41617,ES,37.53060,-6.04767,6
ES050ESPF41618,ES,37.24850,-6.09235,4
ES050ESPF41800,ES,37.67850,-6.37651,10
ES050ESPF41801,ES,37.62850,-6.34683,6
ES050ESPF41803,ES,37.50260,-6.22573,4
ES050ESPF41805,ES,37.44180,-6.21815,8
ES050ESPF41807,ES,37.30310,-6.25979,16
ES050ESPF41810,ES,37.24450,-6.26564,9
ES050ESPF41811,ES,37.22680,-6.18904,5
ES050ESPF41901,ES,37.12580,-6.49416,4
ES050ESPF41902,ES,37.19780,-6.46354,5
ES050ESPF50201,ES,,,6
ES050ESPF50205,ES,37.82670,-4.15240,1
ES050ESPF50301,ES,37.93700,-4.57529,7
ES050ESPF50304,ES,37.87770,-4.00049,2
ES050ESPF50305,ES,38.02500,-4.16466,4
ES050ESPF50502,ES,37.62400,-3.95655,3
ES050ESPF50503,ES,37.57470,-4.15951,6
ES050ESPF50505,ES,37.67200,-4.39365,5
ES050ESPF50600,ES,,,5
ES050ESPF50601,ES,37.43810,-4.08732,6
ES050ESPF50603,ES,37.51190,-4.18903,3
ES050ESPF50702,ES,37.62790,-4.36102,7
ES050ESPF50707,ES,37.72380,-4.63884,5
ES050ESPF50708,ES,37.81530,-4.79741,15
ES050ESPF51004,ES,37.40060,-4.77448,8
ES050ESPF51005,ES,37.31370,-4.68179,3
ES050ESPF51006,ES,37.35830,-4.76509,11
ES050ESPF51007,ES,37.40030,-4.61278,7
ES050ESPF51008,ES,37.39550,-4.58099,3
ES050ESPF51100,ES,37.50020,-5.06080,8
ES050ESPF51101,ES,37.52670,-4.94208,7
ES050ESPF51102,ES,37.48230,-4.83259,3
ES050ESPF51103,ES,37.50280,-5.04029,3
ES050ESPF51104,ES,37.51100,-5.04572,4
ES050ESPF51204,ES,37.66540,-5.20329,9
ES050ESPF51210,ES,37.78950,-5.04203,6
ES050ESPF51211,ES,37.78290,-5.00653,5
ES050ESPF51212,ES,37.75490,-5.10105,9
ES050ESPF51213,ES,37.73630,-5.16950,7
ES050ESPF51301,ES,37.64840,-5.33784,6
ES050ESPF51302,ES,37.63470,-5.50695,10
ES050ESPF51303,ES,37.61060,-5.56758,5
ES050ESPF51304,ES,37.89540,-4.67356,2
ES050ESPF51305,ES,37.86920,-4.70787,1
ES050ESPF51401,ES,37.47940,-5.57588,6
ES050ESPF51402,ES,37.35990,-5.36589,4
ES050ESPF51403,ES,37.37810,-5.33817,1
ES050ESPF51404,ES,37.14010,-5.29348,1
ES050ESPF51407,ES,37.46300,-5.56933,4
ES050ESPF51408,ES,37.46020,-5.57971,2
ES050ESPF51600,ES,37.06420,-5.44070,2
ES050ESPF51604,ES,37.22990,-5.61617,9
ES050ESPF51607,ES,37.27470,-5.69006,4
ES050ESPF51608,ES,37.34080,-5.73756,8
ES050ESPF51611,ES,37.36210,-5.92783,10
ES050ESPF51700,ES,37.15110,-5.91560,8
ES050ESPF51701,ES,37.17940,-6.00106,6
ES050ESPF51800,ES,37.01500,-6.02381,4
ES050ESPF51801,ES,37.08650,-5.86091,4
ES050ESPF51802,ES,36.98690,-5.72709,4
ES050ESPF51803,ES,37.02230,-5.79879,2
ES050ESPF51805,ES,36.98370,-5.62661,4
ES050ESPF51900,ES,36.90680,-6.17123,6
ES050ESPF51903,ES,36.89880,-6.29498,3
ES060ESPFMA007,ES,36.37344,-5.22577,1
ES060ESPFMA00MD0124,ES,36.34406,-5.49842,7
ES060ESPFMA00MD0125,ES,36.29902,-5.50031,4
ES060ESPFMA00MD0127,ES,36.73465,-5.14422,2
ES060ESPFMA00MD0129,ES,36.45054,-5.09891,2
ES060ESPFMA00MD0130,ES,,,9
ES060ESPFMA00MD0131,ES,36.45628,-5.05987,1
ES060ESPFMA00MD0132,ES,36.51039,-4.94923,3
ES060ESPFMA00MD0133,ES,36.51468,-4.84591,2
ES060ESPFMA00MD0134,ES,37.07846,-4.42633,7
ES060ESPFMA00MD0135,ES,36.88130,-4.97840,4
ES060ESPFMA00MD0136,ES,36.74642,-2.98114,4
ES060ESPFMA00MD0137,ES,36.93197,-4.78754,2
ES060ESPFMA00MD0138,ES,36.67310,-4.76699,2
ES060ESPFMA00MD0139,ES,36.85909,-4.71615,7
ES060ESPFMA00MD0140,ES,36.71479,-4.53273,1
ES060ESPFMA00MD0141,ES,,,9
ES060ESPFMA00MD0142,ES,36.75607,-4.42855,6
ES060ESPFMA00MD0145,ES,,,7
ES060ESPFMA00MD0146,ES,,,3
ES060ESPFMA00MD0147,ES,,,9
ES060ESPFMA00MD0148,ES,,,10
ES060ESPFMA00MD0149,ES,36.88351,-3.41786,9
ES060ESPFMA00MD0150,ES,37.01244,-3.56093,9
ES060ESPFMA00MD0152,ES,36.92499,-3.60755,6
ES060ESPFMA00MD0155,ES,36.97383,-2.96777,7
ES060ESPFMA00MD0157,ES,36.95652,-3.13726,9
ES060ESPFMA00MD0158,ES,36.82706,-3.02031,12
ES060ESPFMA00MD0159,ES,,,5
ES060ESPFMA00MD0160,ES,,,5
ES060ESPFMA00MD0161,ES,36.88411,-2.43063,2
ES060ESPFMA00MD0162,ES,37.26585,-1.81450,3
ES060ESPFMA00MD0163,ES,37.03488,-4.32009,3
ES060ESPFMA00MD0164,ES,,,1
ES060ESPFMA00MD0165,ES,36.89709,-3.52582,3
ES060ESPFMA00MD0166,ES,,,6
ES060ESPFMA00MD0167,ES,37.16850,-2.85994,6
ES060ESPFMA019,ES,36.96088,-4.89701,5
ES060ESPFMA020,ES,36.89772,-4.70192,3
ES060ESPFMA022,ES,36.77027,-4.73236,10
ES060ESPFMA023,ES,36.75114,-4.72789,7
ES060ESPFMA025,ES,36.68492,-4.54606,7
ES060ESPFMA026,ES,36.83789,-4.52542,4
ES060ESPFMA029,ES,36.78190,-4.43364,4
ES060ESPFMA036,ES,,,3
ES060ESPFMA038,ES,36.74547,-3.95201,9
ES060ESPFMA039,ES,,,3
ES060ESPFMA040,ES,36.75982,-3.80995,6
ES060ESPFMA041,ES,36.75021,-3.74675,6
ES060ESPFMA049,ES,37.03198,-2.94572,1
ES060ESPFMA050,ES,37.04057,-3.00238,3
ES060ESPFMA051,ES,,,8
ES060ESPFMA052,ES,,,6
ES060ESPFMA056,ES,36.79639,-2.99315,2
ES060ESPFMA057,ES,36.99395,-2.88478,5
ES060ESPFMA059,ES,36.98713,-2.58882,5
ES060ESPFMA063,ES,37.20345,-1.81839,3
ES060ESPFMA072,ES,36.17429,-5.49237,5
ES060ESPFMA073,ES,36.20500,-5.46451,3
ES060ESPFMA075,ES,36.19599,-5.41035,4
ES060ESPFMA076,ES,36.21142,-5.43422,2
ES060ESPFMA081,ES,,,7
ES060ESPFMA082,ES,36.30765,-5.30140,7
ES060ESPFMA083,ES,,,10
ES060ESPFMA085,ES,36.60200,-4.93727,3
ES060ESPFMA087,ES,36.53278,-4.63404,1
ES060ESPFMA088,ES,37.05141,-4.65464,3
ES060ESPFMA090,ES,36.72282,-4.70927,13
ES060ESPFMA091,ES,36.76140,-4.71866,8
ES060ESPFMA095,ES,,,4
ES060ESPFMA101,ES,36.95498,-2.48882,4
ES060ESPFMA105,ES,,,6
ES060ESPFMA107,ES,36.39027,-5.25939,5
ES060ESPFMA1211,ES,36.40105,-5.32124,3
ES060ESPFMA1213,ES,36.32354,-5.35548,2
ES060ESPFMA123,ES,36.75302,-5.20698,9
ES060ESPFMA125,ES,36.60077,-5.33213,4
ES060ESPFMA129,ES,,,10
ES060ESPFMA134,ES,,,6
ES060ESPFMA1413,ES,,,12
ES060ESPFMA1416,ES,36.67941,-4.47262,8
ES060ESPFMA1423,ES,36.98125,-4.88096,6
ES060ESPFMA1424,ES,36.78458,-4.97234,4
ES060ESPFMA1426,ES,36.88677,-4.84914,6
ES060ESPFMA146,ES,,,3
ES060ESPFMA147,ES,37.04008,-4.69574,6
ES060ESPFMA217,ES,36.73441,-4.11122,3
ES060ESPFMA234,ES,36.78769,-4.03289,12
ES060ESPFMA311,ES,36.81293,-3.68481,10
ES060ESPFMA312,ES,,,5
ES060ESPFMA3211,ES,,,11
ES060ESPFMA3212,ES,,,9
ES060ESPFMA3216,ES,,,2
ES060ESPFMA323,ES,36.92904,-3.57505,7
ES060ESPFMA325,ES,36.93514,-3.57671,3
ES060ESPFMA326,ES,,,2
ES060ESPFMA346,ES,,,2
ES060ESPFMA518,ES,37.10536,-2.03123,3
ES060ESPFMA601,ES,,,7
ES060ESPFMA602,ES,36.99535,-2.68839,6
ES060ESPFMA603,ES,36.41065,-5.20712,3
ES060ESPFMA604,ES,36.48574,-5.01359,2
ES060ESPFMA605,ES,36.49568,-4.98007,5
ES060ESPFMA607,ES,36.69942,-4.67241,10
ES060ESPFMA608,ES,36.83079,-4.12498,10
ES060ESPFMA610,ES,36.89438,-3.30038,6
ES060ESPFMA613,ES,36.54368,-4.68624,1
ES060ESPFMA885,ES,36.65765,-5.01447,5
ES060ESPFMA886,ES,36.29866,-5.59312,6
ES060MSPFMA00MD0448,ES,36.83291,-3.51983,13
ES060MSPFMA00MD0449,ES,36.76557,-3.56422,4
ES060MSPFMA00MD0456,ES,36.93240,-3.29000,4
ES063ESPF244600-4019591,ES,36.28752,-5.84377,12
ES063ESPF250001-4026752,ES,36.35341,-5.78599,4
ES063ESPF263061-4053545,ES,36.59800,-5.64880,4
ES063ESPF266879-4058784,ES,,,13
ES063ESPFAA00000828,ES,36.64351,-5.56916,8
ES063ESPFAA00000830,ES,36.93755,-5.35347,2
ES063ESPFAA00000831,ES,36.03853,-5.52087,3
ES063ESPFAA00000832,ES,36.85710,-5.40907,8
ES063ESPFAA00000833,ES,36.71797,-5.51659,7
ES063ESPFAA00000834,ES,36.42785,-5.68264,6
ES063ESPFAA00000835,ES,36.36300,-5.64410,1
ES063ESPFAA00000836,ES,36.67974,-5.82654,1
ES063ESPFAA00000837,ES,36.17430,-5.71626,3
ES063ESPFAA00000846,ES,36.41844,-5.65178,3
ES063ESPFAA0000694,ES,36.71193,-5.84632,4
ES063ESPFAA0000695,ES,36.65145,-6.08789,7
ES063ESPFAA0000696,ES,36.67862,-5.91425,9
ES063ESPFAA0000697,ES,36.59454,-5.93938,4
ES063ESPFAA0000698,ES,36.59852,-5.96573,7
ES063ESPFAA0000699,ES,36.87223,-5.63964,5
ES063ESPFAA0000700,ES,36.78736,-5.66248,6
ES063ESPFAA0000701,ES,,,5
ES063ESPFAA0000702,ES,36.73717,-5.52703,8
ES063ESPFAA0000704,ES,36.41521,-6.07078,2
ES063ESPFAA0000705,ES,36.19140,-5.72185,8
ES063ESPFAA0000706,ES,36.98459,-5.36019,4
ES063ESPFAA0000707,ES,36.93635,-5.33230,12
ES063ESPFAA0000708,ES,36.64546,-6.05704,8
ES063ESPFAA0000709,ES,36.25871,-5.95957,5
ES063ESPFAA0000710,ES,36.64321,-6.30685,4
ES063ESPFAA0000711,ES,36.56970,-6.11057,7
ES063ESPFAA0000712,ES,36.48345,-6.11731,4
ES063ESPFAA0000713,ES,36.41317,-6.12538,8
ES063ESPFAA0000714,ES,36.37898,-6.17689,9
ES063ESPFAA0000715,ES,36.27496,-6.07381,4
ES063ESPFAA0000716,ES,36.24866,-6.07465,1
ES063ESPFAA0000717,ES,36.19428,-5.76545,8
ES063ESPFAA0000718,ES,36.20779,-6.04595,3
ES063ESPFAA0000720,ES,36.07661,-5.69196,7
ES063ESPFAA0000721,ES,36.02759,-5.61267,3
ES063ESPFAA0000722,ES,36.75541,-5.51197,4
ES063ESPFAA0000723,ES,36.81099,-5.30054,8
ES063ESPFAA0000724,ES,36.80501,-5.32850,9
ES063ESPFAA0000725,ES,36.67247,-5.47195,7
ES063ESPFAA0000761,ES,36.35305,-5.78751,4
ES063ESPFAA0000779,ES,36.05599,-5.62996,4
ES063ESPFAA0000808,ES,36.60681,-5.85598,4
ES063ESPFAA0000812,ES,36.24650,-5.83763,7
ES063ESPFAA0000813,ES,36.82402,-5.58650,5
ES063ESPFAA1036001,ES,36.85847,-5.40844,2
ES063ESPFAA1070001,ES,36.44543,-5.74408,3
ES063ESPFAA1073001,ES,36.28749,-5.84550,10
ES063ESPFGV1035001,ES,36.87163,-5.64669,5
ES064ESPF158835-4163686,ES,37.55706,-6.86194,5
ES064ESPF167691-4181471,ES,37.72025,-6.76998,3
ES064ESPF173181-4181838,ES,37.72553,-6.70799,2
ES064ESPFAA0000054,ES,37.59368,-6.84674,7
ES064ESPFAA0000056,ES,37.37692,-6.97845,2
ES064ESPFAA0000057,ES,37.36396,-6.67486,3
ES064ESPFAA00000824,ES,37.45352,-6.54106,4
ES064ESPFAA00000826,ES,37.58305,-6.57023,3
ES064ESPFAA00000827,ES,37.58376,-6.54970,5
ES064ESPFAA0000726,ES,37.40754,-6.59003,11
ES064ESPFAA0000727,ES,37.71916,-6.76106,6
ES064ESPFAA0000728,ES,37.78771,-6.62884,10
ES064ESPFAA0000729,ES,37.43499,-6.54924,1
ES064ESPFAA0000731,ES,37.29921,-7.18187,6
ES064ESPFAA0000732,ES,37.41785,-7.23586,6
ES064ESPFAA0000733,ES,37.74882,-6.67304,7
ES064ESPFAA0000735,ES,,,5
ES064ESPFAA0000736,ES,,,8
ES064ESPFAA0000737,ES,37.38845,-6.66095,6
ES064ESPFAA0000739,ES,37.48763,-7.07777,5
ES064ESPFAA0000740,ES,,,8
ES064ESPFAA0000741,ES,37.63281,-6.80545,5
ES064ESPFAA0000742,ES,37.80852,-6.83170,5
ES064ESPFAA0000743,ES,37.77906,-6.81534,7
ES064ESPFAA0000744,ES,37.73266,-6.61591,6
ES064ESPFAA0000745,ES,37.80561,-6.66636,5
ES064ESPFAA0000759,ES,,,19
ES064ESPFAA0000766,ES,37.59148,-6.55116,1
ES064ESPFAA0000781,ES,37.80120,-6.55314,6
ES064ESPFAA0000783,ES,37.63356,-6.57740,5
ES064ESPFAA0000784,ES,37.62270,-6.51891,4
ES064ESPFAA0000785,ES,37.57164,-6.83307,2
ES064ESPFAA0000786,ES,37.77017,-6.71213,2
ES064ESPFAA0000790,ES,37.64175,-6.81824,1
ES064ESPFAA0000799,ES,37.44456,-6.58192,10
ES064ESPFAA0000800,ES,,,2
ES064ESPFAA0000801,ES,37.45514,-6.97173,12
ES064ESPFAA0000803,ES,37.64716,-6.47819,2
ES064ESPFAA0000804,ES,,,1
ES064ESPFAA0000805,ES,37.80814,-6.75041,5
ES064ESPFAA0000806,ES,37.59911,-6.83070,3
ES064ESPFAA0000809,ES,37.78601,-6.60759,1
ES064ESPFGN0000070,ES,,,11
ES070ESPFAJA1,ES,38.12701,-1.09694,10
ES070ESPFALB1,ES,37.71618,-0.86141,22
ES070ESPFALF1,ES,38.08693,-0.82357,2
ES070ESPFALG1,ES,38.42891,-1.86676,5
ES070ESPFALH1,ES,38.20707,-1.98682,15
ES070ESPFARG1,ES,38.07246,-1.96555,3
ES070ESPFARG2,ES,38.17617,-1.72611,3
ES070ESPFARG3,ES,38.24341,-1.68216,7
ES070ESPFARG4,ES,38.14796,-1.75015,1
ES070ESPFAYE1,ES,38.45418,-2.06688,2
ES070ESPFBAY1,ES,38.64391,-1.50034,6
ES070ESPFBEN1,ES,38.21051,-1.95040,4
ES070ESPFBEN2,ES,38.24677,-1.73978,12
ES070ESPFBEN4,ES,38.21001,-1.84658,6
ES070ESPFBENI1,ES,38.32674,-1.96651,1
ES070ESPFBLA1,ES,38.16644,-2.21834,11
ES070ESPFBOG1,ES,38.59832,-2.24072,6
ES070ESPFCARA1,ES,37.79650,-2.06840,14
ES070ESPFCHIC1,ES,38.26007,-1.00247,4
ES070ESPFCHIC2,ES,38.24557,-1.00649,11
ES070ESPFCHIC3,ES,38.21146,-1.05261,15
ES070ESPFCOR1,ES,37.71482,-1.90815,6
ES070ESPFEA006,ES,38.23787,-1.55694,1
ES070ESPFELR1,ES,38.04389,-1.29405,3
ES070ESPFERO1,ES,37.87517,-1.31721,10
ES070ESPFESP1,ES,38.27350,-2.43889,15
ES070ESPFGUA1,ES,37.70209,-1.77147,3
ES070ESPFGUA2,ES,37.67554,-1.62314,13
ES070ESPFGUA3,ES,37.82790,-1.37957,16
ES070ESPFGUA4,ES,37.91199,-1.26929,4
ES070ESPFGUA5,ES,37.93944,-1.20026,17
ES070ESPFHER1,ES,,,11
ES070ESPFJUD1,ES,38.34230,-1.44629,20
ES070ESPFJUD2,ES,38.29903,-1.43803,11
ES070ESPFJUD4,ES,38.25447,-1.45548,14
ES070ESPFLET1,ES,38.39662,-2.11243,15
ES070ESPFLUC1,ES,37.78528,-1.91469,8
ES070ESPFMAD1,ES,38.17333,-2.60668,2
ES070ESPFMEP1,ES,38.23088,-1.36641,6
ES070ESPFMOR3,ES,38.22410,-1.37145,11
ES070ESPFMORA1,ES,38.24237,-1.75049,13
ES070ESPFMOROT1,ES,38.41494,-2.25187,5
ES070ESPFMUL1,ES,38.02531,-1.67516,1
ES070ESPFMUL2,ES,38.04866,-1.46934,11
ES070ESPFMUL3,ES,38.03681,-1.42702,5
ES070ESPFMUL4,ES,38.04788,-1.24591,16
ES070ESPFMUL5,ES,38.04221,-1.27739,14
ES070ESPFMUN1,ES,38.45358,-2.43740,5
ES070ESPFMUN2,ES,38.51127,-2.25276,11
ES070ESPFMUN3,ES,38.55115,-2.08385,4
ES070ESPFMUN4,ES,38.46516,-1.79266,4
ES070ESPFMUN5,ES,38.31756,-1.66430,19
ES070ESPFMUN6,ES,,,7
ES070ESPFORT1,ES,38.61476,-1.50129,4
ES070ESPFPEN1,ES,38.30475,-2.44793,3
ES070ESPFPLI1,ES,38.01759,-1.50003,15
ES070ESPFQUI1,ES,37.97290,-2.00620,6
ES070ESPFQUI2,ES,38.03332,-1.88956,13
ES070ESPFQUI3,ES,38.22834,-1.59871,13
ES070ESPFSAL1,ES,38.12420,-1.10573,3
ES070ESPFSAL2,ES,38.07948,-1.05787,5
ES070ESPFSE0868BA07,ES,,,4
ES070ESPFSE0868F007,ES,38.36801,-1.76981,1
ES070ESPFSE0912C906,ES,38.03060,-1.36471,10
ES070ESPFSE0912EA02,ES,,,3
ES070ESPFSE0912M001,ES,38.12886,-1.30377,2
ES070ESPFSE0933A208,ES,37.86731,-1.33968,6
ES070ESPFSE0953C209,ES,37.69611,-1.57468,6
ES070ESPFSEG1,ES,38.16574,-2.60573,8
ES070ESPFSEG10,ES,38.00192,-1.21695,14
ES070ESPFSEG12,ES,38.08581,-0.73737,25
ES070ESPFSEG13,ES,37.99042,-1.07549,13
ES070ESPFSEG2-1,ES,38.22725,-2.49798,8
ES070ESPFSEG3,ES,38.29771,-2.39029,7
ES070ESPFSEG4,ES,38.40076,-2.17678,11
ES070ESPFSEG5,ES,38.41064,-2.00940,13
ES070ESPFSEG6,ES,,,6
ES070ESPFSEG7-1,ES,,,17
ES070ESPFSEG8,ES,38.25815,-1.64484,7
ES070ESPFSEG9,ES,,,10
ES070ESPFSIE1,ES,38.55736,-1.66233,12
ES070ESPFTAI1,ES,38.14175,-2.37040,4
ES070ESPFTAI3-1,ES,38.33757,-2.20517,13
ES070ESPFTAL1,ES,38.55024,-1.91455,5
ES070ESPFTOB1,ES,38.42125,-1.62284,7
ES070ESPFTOB2,ES,38.62521,-1.85941,5
ES070ESPFTUR1,ES,37.77382,-1.88661,5
ES070ESPFTUS2,ES,38.37064,-2.42126,2
ES070ESPFTUS3,ES,38.35541,-2.50876,5
ES070ESPFYES1,ES,38.43343,-2.34334,8
ES070ESPFZUM1,ES,38.15380,-2.48110,6
ES070ESPFZUM2,ES,38.21618,-2.45455,4
ES080ESPFES080-JU001,ES,40.66850,0.21427,4
ES080ESPFES080-JU002,ES,40.32112,-0.57963,1
ES080ESPFES080-JU003,ES,40.12659,-0.60757,3
ES080ESPFES080-JU004,ES,39.92855,-0.19148,9
ES080ESPFES080-JU005,ES,39.83881,-1.14761,7
ES080ESPFES080-JU006,ES,39.82464,-2.38044,7
ES080ESPFES080-JU008,ES,39.76077,-1.16929,5
ES080ESPFES080-JU009,ES,39.75797,-1.63652,8
ES080ESPFES080-JU010,ES,39.75069,-1.57174,4
ES080ESPFES080-JU011,ES,39.68179,-1.60909,12
ES080ESPFES080-JU012,ES,39.70080,-2.35365,8
ES080ESPFES080-JU013,ES,39.56465,-1.24762,7
ES080ESPFES080-JU014,ES,39.54678,-1.00433,5
ES080ESPFES080-JU015,ES,39.20536,-1.06472,5
ES080ESPFES080-JU016,ES,39.11751,-0.77474,8
ES080ESPFES080-JU017,ES,39.10514,-0.76374,4
ES080ESPFES080-JU018,ES,38.88878,-0.44615,6
ES080ESPFES080-JU019,ES,38.89520,-0.07674,10
ES080ESPFES080-JU020,ES,38.85527,-0.58825,8
ES080ESPFES080-JU021,ES,38.89490,-2.25874,9
ES080ESPFES080-JU023,ES,38.84545,0.03994,7
ES080ESPFES080-JU024,ES,38.81452,-2.28608,4
ES080ESPFES080-JU025,ES,38.69363,-2.39933,12
ES080ESPFES080-JU026,ES,,,12
ES080ESPFES080-JU027,ES,38.55658,-0.26313,7
ES080ESPFES080-JU028,ES,38.56965,-0.84855,18
ES080ESPFES080-JU029,ES,38.33388,-0.72461,13
ES080ESPFES080-JU030,ES,40.20084,-0.81936,3
ES080ESPFES080-JU031,ES,40.09550,-0.38011,8
ES080ESPFES080-JU032,ES,40.20345,-0.42331,2
ES080ESPFES080-JU033,ES,39.20309,-1.35473,8
ES080ESPFES080-JU034,ES,39.26235,-0.55220,13
ES080ESPFES080-JU035,ES,39.95132,-1.22011,5
ES080ESPFES080-JU037,ES,39.19677,-1.42635,6
ES080ESPFES080-JU038,ES,39.20384,-0.46062,21
ES080ESPFES080-JU039,ES,38.89433,-0.21323,8
ES080ESPFES080-JU040,ES,38.45627,-0.47456,9
ES080ESPFES080-JU041,ES,39.01519,-0.50619,14
ES080ESPFES080-JU042,ES,39.95159,-1.21400,7
ES080ESPFES080-JU043,ES,39.48270,-0.43899,18
ES080ESPFES080-JU044,ES,39.17242,-1.52012,6
ES080ESPFES080-JU045,ES,38.62701,-0.07536,5
ES080ESPFES080-JU046,ES,39.93836,-1.20727,11
ES080ESPFES080-JU047,ES,40.02911,-0.34288,5
ES080ESPFES080-JU048,ES,40.05799,-1.28568,2
ES080ESPFES080-JU049,ES,39.33234,-0.60059,8
ES080ESPFES080-JU050,ES,39.18771,-0.41040,12
ES080ESPFES080-JU051,ES,39.06520,-0.51676,16
ES080ESPFES080-JU052,ES,40.07748,-0.16366,3
ES080ESPFES080-JU053,ES,39.19004,-1.42824,17
ES080ESPFES080-JU054,ES,39.34886,-0.65556,18
ES080ESPFES080-JU055,ES,38.86936,-0.28424,2
ES080ESPFES080-JU056,ES,40.09215,-1.25595,4
ES080ESPFES080-JU057,ES,39.93896,-1.70913,2
ES080ESPFES080-JU058,ES,39.76242,-1.74153,3
ES080ESPFES080-JU059,ES,39.80269,-0.41047,9
ES080ESPFES080-JU060,ES,39.76510,-0.35337,3
ES080ESPFES080-JU061,ES,39.51807,-0.50411,15
ES080ESPFES080-JU062,ES,39.25881,-1.56901,11
ES080ESPFES080-JU063,ES,39.27269,-1.91374,8
ES080ESPFES080-JU064,ES,39.18074,-0.41731,13
ES080ESPFES080-JU065,ES,39.02837,-0.48233,3
ES080ESPFES080-JU066,ES,38.77992,-0.41425,6
ES080ESPFES080-JU067,ES,,,12
ES080ESPFES080-JU069,ES,40.12818,-0.67675,4
ES080ESPFES080-JU070,ES,39.89648,-0.55021,7
ES080ESPFES080-JU072,ES,39.15790,-1.59272,2
ES080ESPFES080-JU073,ES,39.37163,-0.74882,4
ES080ESPFES080-JU074,ES,39.38207,-0.39820,15
ES080ESPFES080-JU075,ES,39.19520,-1.05621,3
ES080ESPFES080-JU077,ES,39.90482,-0.60980,8
ES080ESPFES080-JU078,ES,39.73659,-2.19848,8
ES080ESPFES080-JU079,ES,39.14197,-1.67479,6
ES080ESPFES080-JU080,ES,39.61206,-0.74488,10
ES080ESPFES080-JU081,ES,40.34494,-1.12706,4
ES080ESPFES080-JU083,ES,40.14421,-0.72232,8
ES080ESPFES080-JU084,ES,40.06646,-0.52408,6
ES080ESPFES080-JU085,ES,39.88625,-0.51374,7
ES080ESPFES080-JU086,ES,39.67222,-0.20452,2
ES080ESPFES080-JU087,ES,39.54771,-0.56148,5
ES080ESPFES080-JU088,ES,39.36798,-0.92955,2
ES080ESPFES080-JU089,ES,39.43660,-1.94971,9
ES080ESPFES080-JU090,ES,39.15187,-0.44815,6
ES080ESPFES080-JU091,ES,38.91205,-0.66043,3
ES080ESPFES080-JU092,ES,38.88240,-2.16708,3
ES080ESPFES080-JU093,ES,38.74184,-0.42569,13
ES080ESPFES080-JU094,ES,40.02935,-1.26110,8
ES080ESPFES080-JU096,ES,40.10727,-0.23031,9
ES080ESPFES080-JU097,ES,39.45589,-0.87307,7
ES080ESPFES080-JU100,ES,40.07124,-1.62428,1
ES080ESPFES080-JU101,ES,40.02387,-0.32268,4
ES080ESPFES080-JU102,ES,39.76757,-1.43974,13
ES080ESPFES080-JU103,ES,,,13
ES080ESPFES080-JU104,ES,39.13164,-0.49067,10
ES080ESPFES080-JU105,ES,39.16408,-0.44787,26
ES080ESPFES080-JU106,ES,39.13174,-0.45121,10
ES080ESPFES080-JU107,ES,38.90400,-2.11901,10
ES080ESPFES080-JU108,ES,38.82353,-0.34556,1
ES080ESPFES080-JU109,ES,38.93547,-0.19646,6
ES080ESPFES080-JU111,ES,38.71046,-0.71454,6
ES080ESPFES080-JU112,ES,38.50346,-0.23376,7
ES080ESPFES080-JU113,ES,39.99843,-0.22916,9
ES080ESPFES080-JU114,ES,39.72936,-1.43249,1
ES080ESPFES080-JU115,ES,39.71993,-0.96623,4
ES080ESPFES080-JU117,ES,39.47826,-1.11706,10
ES080ESPFES080-JU118,ES,39.06659,-0.25091,5
ES080ESPFES080-JU119,ES,39.03881,-0.58009,6
ES080ESPFES080-JU120,ES,38.68447,-0.49474,1
ES080ESPFES080-JU122,ES,38.21495,-0.71013,15
ES080ESPFES080-JU123,ES,40.22965,-1.84264,1
ES080ESPFES080-JU124,ES,40.31584,-0.80659,3
ES080ESPFES080-JU125,ES,40.06522,-0.60705,6
ES080ESPFES080-JU126,ES,39.84000,-0.50883,6
ES080ESPFES080-JU127,ES,39.73191,-0.97236,3
ES080ESPFES080-JU128,ES,39.61326,-0.87344,5
ES080ESPFES080-JU129,ES,39.51743,-1.15928,13
ES080ESPFES080-JU130,ES,39.08426,-0.53799,8
ES080ESPFES080-JU131,ES,39.06609,-0.67917,4
ES080ESPFES080-JU132,ES,38.82406,-2.18375,6
ES080ESPFES080-JU133,ES,38.75667,-0.10487,7
ES080ESPFES080-JU134,ES,38.66238,-0.15511,4
ES080ESPFES080-JU135,ES,38.71569,-0.62624,6
ES080ESPFES080-JU137,ES,40.22750,-1.53952,1
ES080ESPFES080-JU139,ES,39.91837,-0.71396,1
ES080ESPFES080-JU140,ES,39.89978,-1.36359,7
ES080ESPFES080-JU141,ES,39.34548,-1.35873,1
ES080ESPFES080-JU142,ES,39.37187,-1.01372,7
ES080ESPFES080-JU143,ES,39.04584,-0.20497,10
ES080ESPFES080-JU147,ES,38.52435,-0.58869,20
ES080ESPFES080-JU149,ES,40.40216,-1.32096,3
ES080ESPFES080-JU152,ES,40.30397,0.12275,3
ES080ESPFES080-JU153,ES,39.85104,-2.28932,12
ES080ESPFES080-JU154,ES,40.08187,-2.08598,3
ES080ESPFES080-JU155,ES,40.32178,-0.89150,7
ES080ESPFES080-JU156,ES,40.58801,-0.99179,7
ES080ESPFES080-JU157,ES,40.14076,-2.13570,5
ES080ESPFES080-JU160,ES,40.67127,0.23977,8
ES080ESPFES080-JU162,ES,40.43316,-0.85327,6
ES080ESPFES080-JU163,ES,39.78132,-1.04012,1
ES080ESPFES080-JU164,ES,38.84120,0.01101,11
ES080ESPFES080-JU166,ES,39.56548,-1.21344,7
ES080ESPFES080-JU167,ES,,,5
ES080ESPFES080-JU170,ES,39.18460,-0.41642,2
ES080ESPFES080-JU171,ES,38.98186,-0.16342,8
ES080ESPFES080-JU172,ES,38.52191,-0.81260,5
ES080ESPFES080-JU173,ES,38.23990,-0.70564,15
ES080ESPFES080-JU174,ES,40.02868,-0.35589,3
ES080ESPFES080-JU175,ES,39.20258,-0.33540,17
ES080ESPFES080-JU176,ES,39.17657,-0.29072,27
ES080ESPFES080-JU177,ES,38.60816,-0.04339,11
ES080ESPFES080-JU178,ES,39.13846,-1.75136,14
ES080ESPFES080-JU180,ES,,,9
ES080ESPFES080-JU181,ES,39.91734,-0.02436,12
ES080ESPFES080-JU182,ES,39.17272,-1.95785,14
ES080ESPFES080-JU183,ES,,,15
ES080ESPFES080-JU184,ES,39.62520,-0.87317,6
ES080ESPFES080-JU185,ES,39.02047,-0.49759,6
ES080ESPFES080-JU187,ES,39.46241,-2.08528,8
ES080ESPFES080-JU188,ES,39.08046,-1.68484,19
ES080ESPFES080-JU189,ES,,,16
ES080ESPFES080-JU191,ES,,,9
ES080ESPFES080-JU192,ES,,,1
ES080ESPFES080-JU193,ES,38.82464,-0.34591,5
ES080ESPFES080-JU194,ES,39.35755,-0.72873,4
ES080ESPFES080-JU195,ES,39.39373,-0.36686,18
ES080ESPFES080-JU196,ES,39.34243,-0.82566,5
ES080ESPFES080-JU197,ES,39.41959,-0.41022,9
ES080ESPFES080-JU222,ES,38.46766,-0.47668,10
ES080ESPFES080-JU224,ES,40.14850,-0.74830,7
ES080ESPFES080-JU304,ES,39.70539,-0.79437,2
ES080ESPFES080-JU306,ES,40.01926,-0.09473,14
ES080ESPFES080-JU308,ES,38.78741,-0.40580,1
ES080ESPFES080-JU321,ES,39.01484,-0.64440,3
ES080ESPFES080-JU322,ES,40.07588,-2.20447,5
ES080ESPFES080-JU327,ES,40.08713,-2.12880,4
ES080ESPFES080-JU333,ES,40.06356,-2.14435,6
ES080ESPFES080-JU343,ES,39.50188,-0.32650,10
ES080ESPFES080-JU350,ES,39.87851,-0.05262,2
ES080ESPFES080-JU390,ES,40.22882,-1.18497,11
ES080ESPFES080-JU404,ES,38.88797,-0.49897,15
ES080ESPFES080-JU405,ES,39.15396,-0.48301,11
ES080ESPFES080-JU406,ES,39.20118,-0.37694,10
ES080ESPFES080-JU408,ES,38.66023,-0.09494,7
ES080ESPFES080-JU411,ES,,,10
ES080ESPFES080-JU415,ES,40.11413,-1.15167,3
ES080ESPFES080-JU419,ES,,,8
ES080ESPFES080-JU423,ES,39.80731,-2.14742,3
ES080ESPFES080-JU424,ES,39.45847,-0.51561,11
ES080ESPFES080-JU425,ES,39.44647,-0.50123,7
ES080ESPFES080-JU427,ES,39.40038,-1.27807,2
ES080ESPFES080-JU428,ES,39.11774,-0.49613,3
ES080ESPFES080-JU430,ES,39.93268,-0.06129,7
ES080ESPFES080-JU431,ES,39.91600,-0.01878,4
ES080ESPFES080-JU433,ES,38.43775,-0.81124,2
ES080ESPFES080-JU438,ES,40.06504,-1.62062,7
ES080ESPFES080-JU449,ES,40.42724,-1.57322,4
ES080ESPFES080-JU450,ES,39.69917,-0.99824,3
ES080ESPFES080-JU455,ES,39.03074,-0.49278,4
ES080ESPFES080-JU457,ES,40.05639,-0.45077,2
ES080ESPFES080-JU458,ES,40.00085,-1.54226,5
ES080ESPFES080-JU459,ES,39.26104,-1.09678,10
ES080ESPFES080-JU460,ES,,,14
ES080ESPFES080-JU461,ES,40.25188,-1.16706,10
ES080ESPFES080-JU462,ES,39.07421,-0.58330,5
ES080ESPFES080-JU464,ES,39.37988,-0.43738,7
ES080ESPFES080-JU465,ES,38.85447,-0.05525,11
ES080ESPFES080-JU468,ES,39.98436,-1.55408,8
ES080ESPFES080-JU485,ES,38.68822,-0.51657,8
ES080ESPFES080-JU496,ES,40.43124,-1.43381,3
ES080ESPFES080-JU500,ES,38.35544,-0.73648,3
ES080ESPFES080-JU503,ES,40.02580,-0.35331,1
ES080ESPFES080-JU507,ES,40.19895,-0.68253,4
ES080ESPFES080-JU510,ES,39.98695,-0.21976,3
ES080ESPFES080-JU512,ES,39.95446,-0.08716,1
ES080ESPFES080-JU513,ES,40.43225,-1.42515,3
ES080ESPFES080-JU517,ES,40.22750,-1.96705,1
ES080ESPFES080-JU518,ES,40.22403,-1.98077,2
ES080ESPFES080-JU519,ES,40.23764,-2.07372,2
ES080ESPFES080-JU521,ES,40.07597,-2.14173,3
ES080ESPFES080-JU523,ES,40.01954,-1.81556,4
ES080ESPFES080-JU524,ES,39.70064,-1.61542,2
ES080ESPFES080-JU525,ES,38.89451,-0.49325,7
ES080ESPFES080-JU526,ES,38.97660,-0.59944,4
ES080ESPFES080-JU528,ES,39.11039,-0.50326,1
ES080ESPFES080-JU532,ES,38.85325,-0.05680,4
ES080ESPFES080-JU533,ES,,,2
ES080ESPFES080-JU534,ES,38.80063,-0.05807,4
ES080ESPFES080-JU538,ES,38.66035,-0.09892,1
ES080ESPFES080-JU539,ES,38.52712,-0.25658,6
ES080ESPFES080-JU540,ES,38.49189,-0.54328,5
ES080ESPFES080-JU541,ES,38.41862,-0.40248,11
ES080ESPFES080-JU542,ES,38.33194,-0.51180,2
ES080ESPFES080-JU547,ES,39.95411,-0.08546,8
ES080ESPFES080-JU550,ES,40.62592,0.28615,4
ES080ESPFES080-JU551,ES,40.57432,0.43964,1
ES080ESPFES080-JU575,ES,39.94089,-2.01759,2
ES080ESPFES080-JU584,ES,38.98558,-0.23541,1
ES0910013,ES,,,1
ES0910096,ES,,,3
ES0910219,ES,41.53645,0.51276,4
ES0910230,ES,41.99436,-0.65996,2
ES0910508,ES,41.88512,-1.32005,1
ES0910511,ES,,,5
ES0910561,ES,42.40244,-0.49937,3
ES0910565,ES,41.61392,-0.91487,4
ES0910574,ES,42.42663,-2.73274,1
ES0910577,ES,42.67058,-1.81828,3
ES0910619,ES,42.67579,0.77445,2
ES0910628,ES,,,1
ES0910643,ES,,,1
ES0910657,ES,41.66718,-0.92202,1
ES0911296,ES,41.29593,-0.32559,1
ES0911338,ES,42.54864,-2.91473,1
ES0912101,ES,42.45656,-2.71353,1
ES0913005,ES,41.91094,1.17511,1
ES0913027,ES,42.31002,-1.90724,1
ES091R0091,ES,42.62137,-2.28319,3
ES091R0092,ES,42.53926,-2.03912,5
ES091R0094,ES,42.47537,-1.63152,6
ES091R0095,ES,42.67213,-1.73834,5
ES091R0096,ES,42.63636,-1.85004,3
ES091R0097,ES,42.18249,-1.75352,3
ES091R0098,ES,42.01441,-1.66455,7
ES091R0099,ES,41.85560,-1.45140,5
ES091R0100,ES,,,3
ES091R0102,ES,42.13792,-1.06512,1
ES091R0104,ES,42.08652,-1.18133,4
ES091R0105,ES,42.16159,-1.27237,4
ES091R0106,ES,41.94924,-1.25038,5
ES091R0108,ES,,,5
ES091R0109,ES,41.29415,-1.62314,2
ES091R0113,ES,41.36839,-1.42112,2
ES091R0115,ES,41.54728,-0.97792,3
ES091R0116,ES,42.27922,-0.71815,3
ES091R0119,ES,42.05649,-0.71842,6
ES091R0120,ES,41.92035,-0.73441,4
ES091R0129,ES,41.26924,-0.57698,3
ES091R0133,ES,,,3
ES091R0135,ES,41.16291,-0.45875,3
ES091R0136,ES,41.15322,-0.19778,2
ES091R0140,ES,40.89631,-0.37959,1
ES091R0143,ES,40.95903,-0.16865,1
ES091R0144,ES,40.93885,-0.09465,6
ES091R0145,ES,41.05587,-0.11682,2
ES091R0146,ES,41.49891,-0.03347,6
ES091R0147,ES,,,3
ES091R0148,ES,41.78534,1.11586,7
ES091R0151,ES,41.68802,0.74832,7
ES091R0153,ES,42.04443,0.11062,3
ES091R0157,ES,,,6
ES091R0160,ES,41.96904,-0.19160,4
ES091R0161,ES,41.82006,-0.15243,2
ES091R0163,ES,42.15323,-0.41640,7
ES091R0164,ES,41.83224,-0.24244,7
ES091R0165,ES,41.69693,0.03707,6
ES091R0166,ES,41.71972,0.38395,5
ES091R0167A,ES,,,4
ES091R0178,ES,,,6
ES091R0217,ES,42.72714,-3.83356,1
ES091R0223,ES,42.69030,-3.43315,5
ES091R0231,ES,,,4
ES091R0232,ES,42.84383,-3.42930,3
ES091R0236,ES,42.78523,-3.04520,2
ES091R0238,ES,42.64786,-3.22449,2
ES091R0239,ES,42.66009,-3.04639,2
ES091R0240,ES,42.74763,-2.90902,2
ES091R0241,ES,42.83545,-2.43214,8
ES091R0243,ES,42.91828,-2.62909,3
ES091R0244,ES,42.86185,-2.56323,3
ES091R0249,ES,42.81425,-2.80309,11
ES091R0254,ES,42.68990,-2.85017,1
ES091R0255,ES,,,3
ES091R0256,ES,42.41904,-3.20949,1
ES091R0259,ES,42.41265,-3.10808,2
ES091R0260,ES,42.42739,-3.07769,3
ES091R0261,ES,42.54233,-2.96922,1
ES091R0268,ES,42.52503,-2.88217,3
ES091R0270,ES,,,2
ES091R0271,ES,42.41164,-2.82470,5
ES091R0274,ES,42.49269,-2.69985,6
ES091R0276,ES,,,1
ES091R0277,ES,,,2
ES091R0281,ES,42.73556,-2.35751,2
ES091R0284,ES,42.72171,-1.99065,3
ES091R0285,ES,42.63200,-1.99086,8
ES091R0288A,ES,,,2
ES091R0291,ES,42.50440,-1.08997,2
ES091R0292,ES,42.64853,-1.63300,6
ES091R0294,ES,42.71738,-1.54340,4
ES091R0298,ES,41.91737,-1.93025,3
ES091R0299,ES,42.09387,-1.80112,2
ES091R0300,ES,,,1
ES091R0301,ES,41.92605,-1.71102,6
ES091R0303,ES,,,2
ES091R0308A,ES,41.22119,-2.21864,1
ES091R0315,ES,40.98975,-1.67624,4
ES091R0320,ES,41.29099,-1.81538,1
ES091R0322,ES,40.87331,-1.32395,5
ES091R0323,ES,,,7
ES091R0324,ES,41.28530,-1.50966,2
ES091R0325,ES,41.44871,-1.77344,2
ES091R0342A,ES,40.83279,-0.83578,3
ES091R0344,ES,40.86915,-0.74838,2
ES091R0349,ES,40.69403,-0.62573,2
ES091R0351,ES,40.69586,-0.45565,1
ES091R0362,ES,41.97113,1.02910,3
ES091R0365,ES,42.12660,0.91558,2
ES091R0372,ES,42.20749,0.43071,2
ES091R0375,ES,42.23872,0.05283,1
ES091R0381,ES,42.12198,-0.10718,2
ES091R0396,ES,40.84756,0.05738,3
ES091R0398,ES,,,1
ES091R0403,ES,42.68409,-2.94836,5
ES091R0405,ES,42.75527,-2.85312,3
ES091R0406,ES,42.67666,-2.89708,4
ES091R0407,ES,42.65419,-2.89201,2
ES091R0408,ES,42.59595,-2.85478,1
ES091R0409,ES,42.51957,-2.72825,2
ES091R0410,ES,42.47797,-2.59970,2
ES091R0411,ES,,,7
ES091R0412,ES,42.44170,-2.23650,4
ES091R0413,ES,,,7
ES091R0414,ES,42.37531,-1.94608,6
ES091R0416,ES,,,12
ES091R0418,ES,42.62023,-1.28832,1
ES091R0420,ES,42.42242,-1.42043,2
ES091R0421,ES,42.31766,-1.72388,1
ES091R0422,ES,42.72467,-1.84232,5
ES091R0423,ES,,,4
ES091R0424,ES,42.26422,-1.76768,3
ES091R0425,ES,42.25022,-0.75798,3
ES091R0426,ES,41.69746,-0.83028,3
ES091R0427,ES,,,3
ES091R0428,ES,41.69238,0.72594,9
ES091R0431,ES,41.74889,0.64736,3
ES091R0433,ES,,,8
ES091R0437,ES,41.88492,0.15381,9
ES091R0441,ES,41.50206,0.35242,3
ES091R0443,ES,41.38144,-1.59687,2
ES091R0444,ES,,,7
ES091R0445,ES,41.49828,-1.42619,1
ES091R0446,ES,41.66317,-1.25490,3
ES091R0448,ES,,,5
ES091R0449,ES,,,15
ES091R0451,ES,41.83021,-1.17247,3
ES091R0452,ES,41.70953,-0.95028,4
ES091R0453,ES,41.65309,-0.85473,2
ES091R0454,ES,41.58586,-0.73734,8
ES091R0455,ES,41.46799,-0.49790,5
ES091R0456,ES,,,5
ES091R0459,ES,41.24368,0.56838,2
ES091R0460,ES,41.20843,0.56222,5
ES091R0461,ES,,,11
ES091R0463,ES,,,8
ES091R0465,ES,42.97548,-4.17590,3
ES091R0474,ES,,,2
ES091R0481,ES,42.88235,-3.18395,3
ES091R0485,ES,,,1
ES091R0496,ES,42.53083,-3.22923,6
ES091R0497,ES,,,2
ES091R0502,ES,,,4
ES091R0505,ES,,,2
ES091R0506,ES,,,2
ES091R0509,ES,42.56413,-0.58638,1
ES091R0510,ES,42.56541,-0.53377,2
ES091R0518,ES,42.61085,-0.72656,4
ES091R0524,ES,42.77679,-0.88368,2
ES091R0545,ES,42.81678,-1.72073,2
ES091R0548,ES,42.81156,-1.76004,6
ES091R0551,ES,42.92658,-1.95142,7
ES091R0554,ES,42.98310,-1.86294,5
ES091R0557,ES,,,1
ES091R0568,ES,,,4
ES091R0571,ES,42.49239,-0.37137,1
ES091R0573,ES,42.43982,-0.41457,8
ES091R0578,ES,42.40764,1.93235,4
ES091R0617,ES,42.37010,1.45519,1
ES091R0622,ES,42.28794,1.36430,1
ES091R0638,ES,,,5
ES091R0645,ES,,,2
ES091R0662,ES,42.15381,0.69544,2
ES091R0692,ES,,,1
ES091R0706,ES,42.64794,-0.32095,1
ES091R0744,ES,42.41074,0.74125,2
ES091R0754,ES,42.58447,0.15635,2
ES091R0764,ES,42.67661,0.59621,3
ES091R0788,ES,42.82121,0.71486,1
ES091R0795,ES,42.77377,-3.45216,3
ES091R0807,ES,42.39600,-0.66730,2
ES091R0817,ES,41.82489,-0.78125,9
ES091R0820,ES,,,8
ES091R0821,ES,41.18401,-1.28463,3
ES091R0841,ES,,,2
ES091R0847,ES,,,6
ES091R0861,ES,41.83449,-1.94457,4
ES091R0886,ES,,,1
ES091R0911,ES,41.23667,-0.02515,4
ES091R0959,ES,,,4
ES091R0960,ES,42.11186,0.90190,2
ES091R0962,ES,,,6
ES100ESPF010001000,ES,41.04757,0.87561,16
ES100ESPF040001000,ES,41.19790,1.04659,15
ES100ESPF045001000,ES,41.10570,1.19281,19
ES100ESPF050001000,ES,41.39444,1.03942,7
ES100ESPF050003000,ES,41.39220,1.11883,11
ES100ESPF050004000,ES,,,19
ES100ESPF050004020,ES,41.42630,1.21639,1
ES100ESPF050005000,ES,41.33564,1.18129,7
ES100ESPF050006000,ES,41.30566,1.12818,5
ES100ESPF050007000,ES,41.27039,1.22056,7
ES100ESPF050008000,ES,41.26402,1.22285,14
ES100ESPF050009000,ES,41.22157,1.23195,15
ES100ESPF050010000,ES,41.23387,1.24329,18
ES100ESPF050011000,ES,41.26113,1.16129,7
ES100ESPF050013000,ES,41.21490,1.19348,1
ES100ESPF050013020,ES,41.22935,1.09592,1
ES100ESPF050014000,ES,41.15572,1.23327,14
ES100ESPF050014500,ES,41.20807,1.24544,10
ES100ESPF060001000,ES,41.47648,1.39051,13
ES100ESPF060002000,ES,41.26537,1.35600,4
ES100ESPF060003000,ES,41.40579,1.32669,10
ES100ESPF060004000,ES,41.33920,1.36156,4
ES100ESPF070001000,ES,41.28582,1.57202,7
ES100ESPF080001000,ES,41.39368,1.61492,12
ES100ESPF080002000,ES,41.34353,1.65896,8
ES100ESPF080003000,ES,41.41370,1.52709,7
ES100ESPF080004000,ES,41.34885,1.67824,21
ES100ESPF080005000,ES,41.27848,1.63811,17
ES100ESPF080006000,ES,41.27192,1.62603,4
ES100ESPF080008000,ES,41.23216,1.66479,7
ES100ESPF100001000,ES,42.25834,1.97527,8
ES100ESPF100002000,ES,42.23430,1.89401,12
ES100ESPF100004000,ES,42.26791,1.85106,5
ES100ESPF100005000,ES,,,7
ES100ESPF100006000,ES,42.22541,1.83637,5
ES100ESPF100008000,ES,42.14767,1.85612,11
ES100ESPF100009000,ES,42.12942,1.94143,10
ES100ESPF100011000,ES,42.10567,1.88048,6
ES100ESPF100012000,ES,42.10995,1.83730,10
ES100ESPF100013000,ES,,,19
ES100ESPF100014000,ES,,,10
ES100ESPF100016000,ES,42.05921,1.83997,8
ES100ESPF100017000,ES,,,5
ES100ESPF100018000,ES,42.01607,1.90612,3
ES100ESPF100019000,ES,42.01831,1.85887,8
ES100ESPF100021000,ES,,,6
ES100ESPF100022000,ES,,,8
ES100ESPF100023000,ES,41.93204,1.87181,1
ES100ESPF100024000,ES,41.89364,1.89666,9
ES100ESPF100025000,ES,41.88705,1.85721,6
ES100ESPF100026000,ES,41.83465,1.89683,8
ES100ESPF100027000,ES,,,16
ES100ESPF100027020,ES,,,2
ES100ESPF100028000,ES,,,5
ES100ESPF100031000,ES,41.99951,2.05589,1
ES100ESPF100032000,ES,41.97143,2.09122,21
ES100ESPF100033000,ES,41.95455,2.03477,8
ES100ESPF100034000,ES,41.87832,1.97992,9
ES100ESPF100035000,ES,41.81086,1.95357,6
ES100ESPF100036000,ES,41.83382,1.96820,7
ES100ESPF100038000,ES,41.79856,1.96232,8
ES100ESPF100040000,ES,,,13
ES100ESPF100041000,ES,41.77101,2.01711,5
ES100ESPF100043000,ES,,,12
ES100ESPF100044000,ES,41.73137,1.87860,25
ES100ESPF100045000,ES,41.70956,1.93982,4
ES100ESPF100046000,ES,41.70420,1.87663,1
ES100ESPF100047000,ES,,,3
ES100ESPF100049000,ES,42.13575,1.67314,8
ES100ESPF100050000,ES,,,15
ES100ESPF100052000,ES,,,5
ES100ESPF100053000,ES,41.93012,1.63408,8
ES100ESPF100054000,ES,41.94100,1.67049,6
ES100ESPF100056000,ES,,,5
ES100ESPF100058000,ES,,,8
ES100ESPF100060000,ES,41.84437,1.70630,6
ES100ESPF100062000,ES,41.83259,1.72334,14
ES100ESPF100063000,ES,41.84686,1.74687,9
ES100ESPF100064000,ES,41.80698,1.76119,15
ES100ESPF100065000,ES,41.87113,1.80140,5
ES100ESPF100066000,ES,41.78132,1.79699,14
ES100ESPF100067000,ES,41.75232,1.77829,8
ES100ESPF100068000,ES,41.70627,1.82246,5
ES100ESPF100069000,ES,41.68855,1.82691,14
ES100ESPF100070000,ES,41.68140,1.84695,15
ES100ESPF100071000,ES,41.65407,1.85980,15
ES100ESPF100072000,ES,41.63924,1.89909,8
ES100ESPF100073000,ES,41.64647,1.84240,10
ES100ESPF100074000,ES,,,16
ES100ESPF100076000,ES,41.50236,1.91885,12
ES100ESPF100077000,ES,41.51225,1.93769,20
ES100ESPF100078000,ES,,,12
ES100ESPF100078500,ES,41.55658,1.49235,3
ES100ESPF100079000,ES,41.56888,1.63577,11
ES100ESPF100080000,ES,41.56374,1.67262,19
ES100ESPF100081000,ES,41.53463,1.64971,16
ES100ESPF100082000,ES,41.45884,1.76660,16
ES100ESPF100083000,ES,41.44451,1.73636,3
ES100ESPF100084000,ES,41.44259,1.78388,20
ES100ESPF100085000,ES,41.44447,1.85220,20
ES100ESPF100086000,ES,41.42400,1.81127,9
ES100ESPF100087000,ES,41.46960,1.83492,18
ES100ESPF100088000,ES,41.47289,1.96456,11
ES100ESPF100089000,ES,41.44859,1.99571,22
ES100ESPF100090000,ES,,,21
ES100ESPF100091000,ES,41.42741,2.02413,10
ES100ESPF100092000,ES,41.41318,1.95885,9
ES100ESPF100093000,ES,41.39797,1.98324,7
ES100ESPF100094000,ES,41.35681,1.98455,13
ES100ESPF100095000,ES,41.32695,2.11166,16
ES100ESPF110002000,ES,41.79290,2.23528,19
ES100ESPF110003000,ES,,,9
ES100ESPF110004000,ES,41.72413,2.27320,15
ES100ESPF110005000,ES,41.65652,2.29393,11
ES100ESPF110006000,ES,41.55080,2.25283,16
ES100ESPF110007000,ES,41.63180,2.38587,11
ES100ESPF110008000,ES,41.59799,2.33747,15
ES100ESPF110010000,ES,41.65571,2.35690,18
ES100ESPF110011000,ES,41.54664,2.26522,17
ES100ESPF110012000,ES,,,11
ES100ESPF110012020,ES,41.73136,2.15493,2
ES100ESPF110014000,ES,41.65242,2.23405,22
ES100ESPF110016000,ES,41.59279,2.24380,10
ES100ESPF110017000,ES,41.54444,2.23088,6
ES100ESPF110018000,ES,41.49268,2.19349,11
ES100ESPF110019000,ES,,,12
ES100ESPF110020000,ES,41.57440,2.17569,13
ES100ESPF110020500,ES,,,2
ES100ESPF110020700,ES,41.58663,2.15567,7
ES100ESPF110021000,ES,41.53547,2.15336,7
ES100ESPF110022000,ES,,,8
ES100ESPF110023000,ES,41.61856,2.07282,5
ES100ESPF110024000,ES,41.56852,2.10540,18
ES100ESPF110025000,ES,41.48757,2.18547,23
ES100ESPF110026000,ES,41.49060,2.15151,18
ES100ESPF110028000,ES,41.48241,2.12815,5
ES100ESPF110030000,ES,41.45068,2.20067,12
ES100ESPF130001000,ES,41.61388,2.60786,1
ES100ESPF135101000,ES,41.65146,2.66133,15
ES100ESPF140001000,ES,,,4
ES100ESPF140003000,ES,41.68044,2.48921,25
ES100ESPF140004000,ES,41.66306,2.48111,8
ES100ESPF140006000,ES,41.72740,2.60286,6
ES100ESPF140007000,ES,41.78067,2.45157,5
ES100ESPF140008000,ES,,,12
ES100ESPF140010000,ES,41.69315,2.57834,2
ES100ESPF140011000,ES,,,4
ES100ESPF140013000,ES,,,10
ES100ESPF140014000,ES,41.75653,2.60511,8
ES100ESPF140015000,ES,41.74176,2.67324,8
ES100ESPF140016000,ES,41.86633,2.59352,5
ES100ESPF140017000,ES,41.83782,2.68564,13
ES100ESPF140018000,ES,41.80516,2.68939,4
ES100ESPF140019000,ES,41.79165,2.68967,16
ES100ESPF140020000,ES,41.79920,2.74398,13
ES100ESPF140021500,ES,41.79422,2.69009,11
ES100ESPF140023000,ES,41.71603,2.70902,6
ES100ESPF140024000,ES,41.66597,2.76442,9
ES100ESPF150001000,ES,41.74174,2.89688,5
ES100ESPF150003000,ES,41.72995,2.92520,6
ES100ESPF160001000,ES,41.82790,2.93530,4
ES100ESPF160002000,ES,41.81132,3.04950,9
ES100ESPF170001000,ES,41.84751,3.04059,8
ES100ESPF170002000,ES,41.85469,3.08157,3
ES100ESPF180001000,ES,41.89299,3.15397,1
ES100ESPF190001000,ES,41.94306,3.00899,10
ES100ESPF190002000,ES,41.98046,3.04158,7
ES100ESPF190003000,ES,42.00734,3.18894,15
ES100ESPF200001000,ES,42.31796,2.35048,10
ES100ESPF200002000,ES,42.22077,2.24113,14
ES100ESPF200003000,ES,,,17
ES100ESPF200004000,ES,42.21253,2.16795,13
ES100ESPF200005000,ES,,,15
ES100ESPF200006000,ES,42.18863,2.19841,4
ES100ESPF200007000,ES,42.16878,2.15333,4
ES100ESPF200008000,ES,42.18734,2.24362,5
ES100ESPF200009000,ES,42.11325,2.20723,9
ES100ESPF200010000,ES,42.11810,2.18302,15
ES100ESPF200011000,ES,42.10251,2.23605,8
ES100ESPF200013000,ES,,,6
ES100ESPF200014000,ES,42.05049,2.26909,8
ES100ESPF200015000,ES,,,15
ES100ESPF200017000,ES,42.00507,2.18965,3
ES100ESPF200018000,ES,41.98569,2.23535,12
ES100ESPF200019000,ES,41.87068,2.26052,3
ES100ESPF200019500,ES,41.93578,2.27575,14
ES100ESPF200020000,ES,41.98363,2.28944,11
ES100ESPF200021000,ES,41.97107,2.31189,13
ES100ESPF200023000,ES,42.02653,2.37150,11
ES100ESPF200024000,ES,,,5
ES100ESPF200025000,ES,42.01668,2.47262,10
ES100ESPF200026000,ES,,,16
ES100ESPF200028000,ES,,,15
ES100ESPF200029000,ES,,,16
ES100ESPF200030000,ES,42.00970,2.73681,8
ES100ESPF200031000,ES,42.01686,2.76033,7
ES100ESPF200032000,ES,41.94653,2.79591,14
ES100ESPF200033000,ES,41.88235,2.79380,4
ES100ESPF200034000,ES,,,20
ES100ESPF200034020,ES,41.87312,2.89355,1
ES100ESPF200036000,ES,41.93971,2.81991,14
ES100ESPF200037000,ES,41.97365,2.82853,12
ES100ESPF200038000,ES,42.01530,2.82798,14
ES100ESPF200039000,ES,42.08789,2.82378,10
ES100ESPF200040000,ES,42.08245,2.82581,5
ES100ESPF200041000,ES,42.04085,2.85966,18
ES100ESPF200042000,ES,42.05960,2.95967,4
ES100ESPF200043000,ES,42.05320,2.88053,6
ES100ESPF200043500,ES,42.02316,2.93254,6
ES100ESPF200044000,ES,42.06105,2.95789,13
ES100ESPF200046000,ES,42.02571,3.15253,15
ES100ESPF210001000,ES,42.08728,2.46532,5
ES100ESPF210002000,ES,42.19958,2.50099,8
ES100ESPF210003000,ES,42.21660,2.48685,7
ES100ESPF210004000,ES,42.21752,2.57475,17
ES100ESPF210006000,ES,42.20067,2.70392,15
ES100ESPF210007000,ES,,,11
ES100ESPF210008000,ES,42.21093,2.66090,9
ES100ESPF210011000,ES,42.17810,2.73629,10
ES100ESPF210013000,ES,42.20837,3.08491,14
ES100ESPF220001000,ES,,,14
ES100ESPF220002000,ES,,,11
ES100ESPF220003000,ES,,,11
ES100ESPF220003020,ES,42.31731,2.91156,8
ES100ESPF220004000,ES,42.37525,2.89131,10
ES100ESPF220006000,ES,42.36303,2.85804,3
ES100ESPF220007000,ES,42.30420,3.00870,11
ES100ESPF220008000,ES,42.33258,3.01311,5
ES100ESPF220009000,ES,,,14
ES100ESPF220010000,ES,42.23787,2.96866,14
ES100ESPF220011000,ES,42.27598,3.04268,28
ES100ESPF224001000,ES,42.34832,3.04616,4
ES100ESPF224002000,ES,42.28507,3.11050,12
ES100ESPF228001000,ES,42.30018,3.22906,4
ES100ESPF230001000,ES,42.35328,3.11032,8
ES160ESPF85010,ES,35.29040,-2.94722,5
ES210060,ES,42.21600,-5.09651,1
ES210114,ES,41.66490,-4.71813,1
ES210159,ES,41.12510,-4.70228,1
ES210165,ES,40.95950,-5.64654,1
ESAND-EMB,ES,,,1
ESART168,ES,43.30490,-2.47617,4
ESART202,ES,43.31791,-2.45396,12
ESASU045,ES,43.28188,-2.85487,1
ESASU160,ES,43.29208,-2.93751,10
ESATAMA-A01,ES,,,2
ESATAMA-A02,ES,,,2
ESATAMA-A03,ES,,,5
ESATAMA-A04,ES,,,4
ESATART-A01,ES,,,3
ESATART-A03,ES,,,2
ESBAR126,ES,43.27061,-3.13936,2
ESBAR190,ES,43.31159,-3.11980,16
ESBES042,ES,43.40165,-2.80894,1
ESBID555,ES,43.29403,-1.72942,2
ESBIJAI-R01,ES,,,3
ESBJA050,ES,43.33799,-1.82144,10
ESBUEST-R01,ES,,,1
ESBUEST-R02,ES,,,4
ESBUEST-R03,ES,,,2
ESBUEST-R04,ES,,,5
ESBUT137,ES,43.33475,-2.81749,1
ESBUT226,ES,43.36936,-2.86739,9
ESBUT270,ES,43.37185,-2.90877,10
ESCHC02-3001,ES,43.27334,-1.50468,1
ESCHC03-3002,ES,43.29481,-1.72951,2
ESCHC03-3011,ES,43.24134,-1.66991,2
ESCHC03-3013,ES,43.11868,-1.54459,2
ESCHC03-3126,ES,43.29369,-1.72977,3
ESCHC03-3127,ES,43.22134,-1.61449,1
ESCHC03-3128,ES,43.22836,-1.67986,1
ESCHC03-3131,ES,,,5
ESCHC03-3132,ES,43.13756,-1.61168,8
ESCHC03-3133,ES,,,10
ESCHC03-3217,ES,,,4
ESCHC04-3017,ES,43.24356,-1.94137,1
ESCHC04-3021,ES,,,7
ESCHC04-3134,ES,43.26739,-1.96964,5
ESCHC04-3136,ES,43.25287,-1.94549,3
ESCHC05-3023,ES,,,10
ESCHC05-3026,ES,43.06408,-2.17076,4
ESCHC05-3029,ES,,,7
ESCHC05-3030,ES,,,4
ESCHC05-3031,ES,43.13329,-2.07095,11
ESCHC05-3034,ES,43.05728,-2.16979,7
ESCHC05-3035,ES,43.04460,-2.19176,3
ESCHC05-3037,ES,43.04537,-2.21564,12
ESCHC05-3039,ES,43.02317,-2.23258,2
ESCHC05-3138,ES,43.10024,-2.09745,6
ESCHC05-3140,ES,,,3
ESCHC05-3143,ES,,,8
ESCHC05-3144,ES,,,2
ESCHC05-3145,ES,,,9
ESCHC05-3146,ES,43.12327,-2.08949,3
ESCHC05-3147,ES,43.08994,-2.08641,8
ESCHC05-3148,ES,,,3
ESCHC05-3150,ES,,,3
ESCHC06-3070,ES,,,4
ESCHC06-3073,ES,43.20419,-2.89549,6
ESCHC06-3076,ES,43.08212,-3.00081,8
ESCHC06-3083,ES,,,4
ESCHC06-3084,ES,,,6
ESCHC06-3088,ES,,,9
ESCHC06-3096,ES,43.21164,-2.75508,5
ESCHC06-3097,ES,43.18587,-2.67308,8
ESCHC06-3098,ES,43.16847,-2.60935,2
ESCHC06-3099,ES,43.19603,-2.67225,13
ESCHC06-3100,ES,43.20117,-2.77150,8
ESCHC06-3106,ES,43.16076,-2.61205,9
ESCHC06-3108,ES,,,6
ESCHC06-3112,ES,43.08406,-3.00302,7
ESCHC06-3149,ES,43.22727,-3.01600,5
ESCHC06-3153,ES,,,4
ESCHC06-3157,ES,43.23597,-2.80365,6
ESCHC06-3158,ES,43.22815,-2.73918,1
ESCHC06-3159,ES,43.17322,-2.90102,3
ESCHC2001,ES,,,6
ESCHC2002,ES,,,5
ESCHC2003,ES,,,8
ESCHC2005,ES,,,7
ESCHC2006,ES,,,7
ESCHC2010,ES,,,4
ESCHC2011,ES,,,9
ESCHC2012,ES,,,10
ESCHC2014,ES,,,8
ESCHC2018,ES,,,2
ESCHC2019,ES,,,5
ESCHC2020,ES,,,6
ESCHC2023,ES,,,5
ESCHC2024,ES,,,3
ESCHC2027,ES,,,10
ESCHC2031,ES,,,3
ESCHC2032,ES,,,6
ESCHC2035,ES,,,7
ESCHC2036,ES,43.35023,-4.49418,3
ESCHC2040,ES,43.31632,-4.60725,3
ESCHC2042,ES,,,1
ESCHC2043,ES,,,5
ESCHC2045,ES,43.29933,-4.81909,3
ESCHC2046,ES,43.30733,-4.83170,1
ESCHC2048,ES,,,9
ESCHC2049,ES,43.40052,-4.69906,2
ESCHC2051,ES,,,2
ESCHC2058,ES,,,8
ESCHC2060,ES,43.34932,-5.37437,3
ESCHC2061,ES,,,5
ESCHC2063,ES,,,6
ESCHC2065,ES,43.49208,-5.26836,2
ESCHC2067,ES,,,2
ESCHC2070,ES,,,5
ESCHC2072,ES,,,6
ESCHC20794,ES,43.21927,-5.45022,7
ESCHC2086,ES,,,5
ESCHC2088,ES,,,13
ESCHC2089,ES,,,3
ESCHC2090,ES,,,4
ESCHC2095,ES,43.38861,-6.06618,1
ESCHC2099,ES,,,8
ESCHC2101,ES,,,9
ESCHC2103,ES,,,8
ESCHC2110,ES,,,7
ESCHC2113,ES,,,12
ESCHC2114,ES,,,4
ESCHC2115,ES,43.21600,-5.46744,1
ESCHC2120,ES,,,2
ESCHC2121,ES,,,10
ESCHC2122,ES,,,7
ESCHC2125,ES,,,6
ESCHC2132,ES,43.05543,-6.87549,1
ESCHC2133,ES,,,3
ESCHC2140,ES,,,3
ESCHC2142,ES,,,3
ESCHC2143,ES,,,5
ESCHC2252,ES,,,7
ESCHC2260,ES,,,7
ESCHC2267,ES,,,9
ESCHC2287,ES,,,10
ESCHC2288,ES,,,9
ESCHC2291,ES,43.54412,-5.72676,5
ESCHC2301,ES,,,1
ESCHC2302,ES,43.33140,-4.56569,1
ESCHC2303,ES,,,8
ESCHC2306,ES,43.26432,-4.78394,8
ESCHC2307,ES,,,2
ESCHC2308,ES,,,10
ESCHC2357,ES,43.36585,-5.95044,9
ESCHC2358,ES,43.28457,-6.32099,17
ESCHC2359,ES,43.36183,-6.23831,4
ESCHC2362,ES,,,10
ESCHC2363,ES,,,1
ESCHC2366,ES,,,5
ESCHC2375,ES,,,5
ESCHC2376,ES,43.32987,-5.88375,9
ESCHC2378,ES,43.55490,-5.88364,9
ESCHC2380,ES,,,3
ESCHC2382,ES,,,7
ESCHC2383,ES,,,4
ESCHC2384,ES,43.52292,-5.86754,8
ESCHC2385,ES,,,7
ESCHC2386,ES,,,6
ESCHC2389,ES,43.50090,-5.77707,7
ESCHC2390,ES,43.51674,-5.72513,10
ESCHC2391,ES,43.57126,-5.95976,2
ESCHC2392,ES,,,3
ESCHC2393,ES,43.60293,-5.90045,8
ESCHC2395,ES,,,3
ESCHC2396,ES,43.23400,-5.55771,1
ESCHC2397,ES,43.20495,-5.36623,4
ESCHC2398,ES,,,1
ESCHC2402,ES,43.37992,-4.59236,5
ESCHC2403,ES,43.28896,-5.13463,1
ESCHC2405,ES,,,4
ESCHC2406,ES,43.35506,-5.47838,3
ESCHC2407,ES,43.33857,-5.25556,1
ESCHC2409,ES,43.33343,-5.35444,1
ESCHC2413,ES,43.20673,-5.19535,4
ESCHC2414,ES,43.25736,-5.20201,1
ESCHC2418,ES,,,2
ESCHC2420,ES,,,7
ESCHC2422,ES,,,1
ESCHC2423,ES,,,7
ESCHC2426,ES,43.25800,-5.78061,6
ESCHC2427,ES,43.20886,-5.74510,11
ESCHC2428,ES,43.21432,-5.69199,2
ESCHC2429,ES,,,5
ESCHC2434,ES,43.34938,-6.28731,2
ESCHC2436,ES,43.26450,-6.37977,2
ESCHC2437,ES,43.30949,-6.41460,8
ESCHC2440,ES,,,3
ESCHC2441,ES,,,3
ESCHC2448,ES,43.04918,-6.61388,1
ESCHC2449,ES,43.39913,-6.01435,1
ESCHC2450,ES,,,3
ESCHC2451,ES,43.44011,-5.95919,2
ESCHC2453,ES,43.15674,-6.11618,1
ESCHC2454,ES,,,2
ESCHC2455,ES,43.19752,-5.78506,6
ESCHC2460,ES,43.07037,-5.57227,2
ESCHC2461,ES,,,5
ESCHC2463,ES,43.01509,-5.78525,1
ESCHC2465,ES,43.31024,-5.67798,10
ESCHC2472,ES,43.25883,-6.88089,4
ESCHC2476,ES,42.94565,-6.59790,1
ESCHC2478,ES,,,4
ESCHC2479,ES,,,9
ESCHC2480,ES,43.07412,-6.93681,1
ESCHC2481,ES,43.08584,-7.01813,2
ESCHC2488,ES,42.89362,-6.98546,2
ESCHC2493,ES,42.85961,-7.12045,1
ESCHC2495,ES,,,1
ESCHC2496,ES,43.22982,-4.75625,3
ESCHC2497,ES,,,6
ESCHC2504,ES,43.38469,-5.92955,10
ESCHC2505,ES,,,5
ESCHC2507,ES,,,1
ESCHC2600,ES,,,13
ESCHC2601,ES,,,4
ESCHC2602,ES,,,7
ESCHC2603,ES,,,3
ESCHC2604,ES,,,5
ESCHC2605,ES,,,3
ESCHC2608,ES,,,2
ESCHC2609,ES,,,1
ESCHC2612,ES,,,3
ESCHC2613,ES,,,1
ESCHC2614,ES,,,3
ESCHC2615,ES,43.09325,-4.64326,2
ESCHC2616,ES,,,8
ESCHC2617,ES,,,8
ESCHC2618,ES,43.41807,-3.70668,9
ESCHC2619,ES,43.34604,-3.69550,7
ESCHC2621,ES,43.37821,-3.85658,11
ESCHC2622,ES,43.17863,-3.90309,1
ESCHC2623,ES,43.15847,-3.80299,1
ESCHC2624,ES,43.15582,-3.89585,7
ESCHC2627,ES,,,8
ESCHC2630,ES,,,6
ESCHC2631,ES,43.19493,-4.05521,3
ESCHC2633,ES,43.18973,-4.04320,1
ESCHC2635,ES,,,3
ESCHC2636,ES,,,4
ESCHC2638,ES,43.13588,-4.18629,3
ESCHC2639,ES,,,5
ESCHC2640,ES,43.31941,-4.35144,1
ESCHC2787,ES,,,10
ESCHC2798,ES,,,5
ESCHC2801,ES,43.27721,-5.86188,9
ESCHC2810,ES,,,2
ESCHC2811,ES,,,2
ESCHC3003,ES,43.27112,-1.68845,1
ESCHC3007,ES,,,9
ESCHC3032,ES,,,2
ESCHC3091,ES,43.20200,-3.04796,2
ESCHC3107,ES,43.13039,-2.56926,5
ESCHC3110,ES,,,4
ESDAG050,ES,43.10794,-2.44549,2
ESDAN055,ES,43.10153,-2.39154,3
ESDAR046,ES,43.05804,-2.54002,2
ESDEB080,ES,42.99665,-2.56722,1
ESDEB202,ES,43.08149,-2.44747,13
ESDEB348,ES,43.17786,-2.41902,8
ESDEB492,ES,43.25495,-2.38707,18
ESDEDEB-R01,ES,,,1
ESDEDEB-R03,ES,,,3
ESDEG068,ES,43.18920,-2.45194,7
ESDKI036,ES,43.23706,-2.36310,3
ESDOA042,ES,42.98303,-2.41079,2
ESDOI025,ES,43.01970,-2.37488,1
ESDUB042,ES,43.12686,-2.42738,5
ESEND102,ES,43.29367,-1.72973,3
ESGAL095,ES,43.27976,-2.99305,4
ESGLA047,ES,43.34511,-2.97944,1
ESGOB082,ES,43.33818,-2.99959,6
ESIAR222,ES,43.20101,-2.77150,1
ESIBA080,ES,43.13041,-2.56922,2
ESIBA162,ES,43.17497,-2.63445,2
ESIBA194,ES,43.18203,-2.66870,4
ESIBA306,ES,43.21178,-2.75465,8
ESIBA428,ES,43.22955,-2.84953,1
ESIBA518,ES,43.24312,-2.91802,5
ESIIN140,ES,43.14787,-2.76328,8
ESJU007,ES,39.81160,-0.16898,3
ESKAD504,ES,43.24153,-2.99650,6
ESKHE100,ES,43.08891,-3.10440,1
ESKHE230,ES,43.14371,-3.10900,1
ESLEA112,ES,43.30976,-2.54088,1
ESLEA196,ES,43.34284,-2.50645,19
ESLEARB-R01,ES,,,3
ESLELEA-R01,ES,,,2
ESLELEA-R02,ES,,,3
ESLELEA-R03,ES,,,2
ESLEX036,ES,43.37037,-2.58184,1
ESMA00000027,ES,36.69640,-4.51589,2
ESNAL062,ES,,,2
ESNER141,ES,43.02714,-3.00962,1
ESNER258,ES,43.10858,-2.99522,11
ESNER338,ES,43.15322,-2.93950,2
ESNER520,ES,43.23463,-2.88092,10
ESNIZ106,ES,43.07365,-3.01685,7
ESNO00240001,ES,43.35350,-7.16517,1
ESNO00290005,ES,43.41340,-5.82388,3
ESNO00340003,ES,43.19720,-6.00494,1
ESNO00340006,ES,43.36420,-3.96205,2
ESNO00530014,ES,43.21440,-5.69137,2
ESOAG196,ES,43.01889,-2.17679,1
ESOAM055,ES,43.04262,-2.07386,1
ESOAM117,ES,43.08997,-2.08637,1
ESOAR223,ES,43.11448,-2.05829,3
ESOAS040,ES,43.19267,-2.09865,1
ESOAS070,ES,43.19101,-2.07042,2
ESOES116,ES,43.05040,-2.21914,1
ESOIA044,ES,43.28136,-1.82037,3
ESOIA095,ES,43.29851,-1.87620,1
ESOIA102,ES,43.30339,-1.88530,12
ESOIO-EMB,ES,,,3
ESOIOIA-R02,ES,,,4
ESOIOIA-R03,ES,,,3
ESOIOIA-R04,ES,,,2
ESOKA075,ES,43.29119,-2.68805,1
ESOKA114,ES,43.30731,-2.67423,12
ESOKAIG-R01,ES,,,1
ESOKAIG-R03,ES,,,5
ESOKAIG-R04,ES,,,5
ESOKAIG-R07,ES,,,3
ESOKG120,ES,43.32045,-2.66382,2
ESOKGOL-R01,ES,,,1
ESOKGOL-R02,ES,,,3
ESOKKAN-R01,ES,,,1
ESOKMAP-R02,ES,,,3
ESOKMAP-R03,ES,,,4
ESOKMUX-R01,ES,,,3
ESOKMUX-R02,ES,,,4
ESOKOKA-R02,ES,,,3
ESOKR020,ES,43.40675,-2.72913,5
ESOLE382,ES,43.20834,-2.01545,2
ESORI055,ES,42.96921,-2.29575,1
ESORI258,ES,43.08107,-2.15273,8
ESORI260,ES,43.08413,-2.12601,1
ESORI424,ES,43.16363,-2.06969,1
ESORI490,ES,43.20938,-2.03284,9
ESORI606,ES,43.27119,-2.05695,3
ESOSA045,ES,43.12386,-2.09205,1
ESOZI042,ES,43.27786,-2.16742,1
ESSE0890E301,ES,38.24810,-1.61847,1
ESSE0954A304,ES,37.72370,-1.45840,2
ESUIB154,ES,43.17335,-2.25614,2
ESUIG052,ES,43.29997,-2.02139,1
ESULA040,ES,43.26305,-2.27595,2
ESULERR-R01,ES,,,2
ESULN061,ES,43.25633,-1.94667,2
ESULURO-R01,ES,,,1
ESULURO-R03,ES,,,1
ESURO026,ES,43.00670,-2.32951,1
ESURO106,ES,43.07257,-2.33058,4
ESURO158,ES,43.10854,-2.31887,5
ESURO210,ES,43.13235,-2.35139,6
ESURO320,ES,43.17570,-2.27878,5
ESURO400,ES,43.22566,-2.25824,11
ESURO520,ES,43.26701,-2.23419,17
ESURU288,ES,43.22415,-1.92436,2
ESURU400,ES,43.25621,-1.97138,9
FI1019,FI,65.49970,27.94150,1
FI11747,FI,60.93490,26.66840,1
FI1285,FI,60.50960,24.21490,1
FI24417,FI,63.75920,28.49240,2
FI24487,FI,63.16220,30.69220,4
FI24491,FI,63.16910,30.71430,6
FI26935,FI,64.06270,23.65540,8
FI32134,FI,64.56960,28.33340,1
FI36341,FI,66.08190,24.79540,1
FI37708,FI,66.46040,26.07760,1
FI4392,FI,62.93860,22.48600,1
FI4618,FI,62.57870,22.37110,1
FI53150,FI,61.65760,21.66320,2
FISW-10,FI,65.66177,25.07554,4
FISW-1018,FI,65.28298,26.54210,2
FISW-1023,FI,65.60558,25.20121,2
FISW-1060,FI,68.89525,28.39534,5
FISW-1061,FI,61.46328,23.43765,3
FISW-11,FI,65.79239,24.54483,6
FISW-116,FI,61.86380,21.53758,4
FISW-120,FI,61.45611,21.87087,7
FISW-121,FI,,,2
FISW-126,FI,60.87188,22.40961,2
FISW-131,FI,,,8
FISW-133,FI,60.46183,22.67684,7
FISW-135,FI,60.39125,23.13168,7
FISW-137,FI,60.13315,23.15433,4
FISW-15,FI,68.23469,23.15399,2
FISW-1509,FI,60.97072,27.30468,1
FISW-18,FI,65.96357,24.04262,3
FISW-1804,FI,64.57197,26.78171,2
FISW-20,FI,69.78447,26.99971,1
FISW-21,FI,69.93080,27.13648,4
FISW-2288,FI,61.28391,25.59587,8
FISW-24,FI,68.61246,27.46247,1
FISW-25,FI,69.37407,25.81223,4
FISW-2748,FI,63.58421,22.83861,2
FISW-2751,FI,63.64028,22.81593,1
FISW-3,FI,66.70585,25.46384,1
FISW-3109,FI,63.55137,23.69918,1
FISW-4155,FI,63.76205,28.50563,1
FISW-4610,FI,66.38238,23.76741,1
FISW-48,FI,67.08541,27.52816,1
FISW-6,FI,67.87507,24.85808,1
FISW-7,FI,66.00465,25.44997,1
FISW-739,FI,61.41152,29.40060,3
FISW-740,FI,60.49346,26.45096,5
FISW-742,FI,60.67515,26.76730,8
FISW-743,FI,60.50854,26.87842,3
FISW-745,FI,60.88602,28.38660,3
FISW-748,FI,60.36917,25.56294,12
FISW-749,FI,60.08735,23.63833,6
FISW-750,FI,60.44236,25.60840,8
FISW-752,FI,60.23736,24.98510,9
FISW-764,FI,61.57152,25.96351,1
FISW-775,FI,60.65689,27.90019,4
FISW-777,FI,61.19673,28.78016,2
FISW-778,FI,61.12494,28.81189,4
FISW-809,FI,63.30926,30.02548,1
FISW-826,FI,60.50027,25.94249,2
FISW-84,FI,62.25289,21.51003,4
FISW-840,FI,60.50679,26.93012,3
FISW-844,FI,60.56591,27.09846,2
FISW-872,FI,62.61488,29.24573,2
FISW-88,FI,63.52519,22.52824,8
FISW-91,FI,62.46387,21.35392,2
FISW-92,FI,63.85440,23.21967,6
FISW-94,FI,,,7
FISW-943,FI,64.25839,23.94196,7
FISW-945,FI,64.46193,24.26659,4
FISW-947,FI,,,8
FISW-948,FI,64.40368,27.84497,1
FISW-955,FI,65.17971,25.35646,4
FISW-958,FI,65.33439,25.41166,2
FISW-964,FI,66.36917,29.31183,1
FISW-965,FI,66.30323,29.14490,1
FISW-993,FI,63.91657,24.91834,1
FISW-999,FI,64.71775,24.96009,2
FR01001283,FR,50.24020,3.59173,3
FR01014000,FR,50.32300,3.42982,1
FR01015000,FR,50.32780,3.49681,1
FR01017000,FR,50.45380,3.56519,3
FR01019000,FR,50.50080,3.44460,4
FR01052000,FR,50.52260,2.17360,1
FR01055500,FR,50.62370,2.68521,1
FR01097500,FR,50.43040,1.90652,2
FR01111500,FR,51.04530,2.38465,3
FR01114000,FR,50.92670,1.86932,2
FR01124000,FR,49.74120,3.14014,3
FR02089900,FR,49.27800,6.16984,1
FR02096000,FR,48.79320,7.00455,1
FR02099500,FR,49.08710,7.10795,6
FR02100800,FR,49.13190,7.36266,1
FR02114000,FR,49.54160,5.15861,3
FR02117000,FR,49.69330,4.87437,3
FR02123000,FR,50.11470,4.78478,4
FR03047490,FR,48.43240,2.46097,3
FR03068170,FR,48.33220,2.10220,1
FR04072700,FR,46.44670,2.17729,3
FR04108700,FR,47.64830,0.16041,1
FR04110800,FR,48.46380,0.19493,2
FR04120000,FR,47.93420,-0.41790,1
FR04172300,FR,48.65380,-3.24156,1
FR05005610,FR,46.21290,-0.16858,1
FR05025050,FR,45.61050,-0.76715,1
FR05030000,FR,45.04020,-0.14152,2
FR05111000,FR,43.25330,0.43359,1
FR05111100,FR,43.11740,0.36918,2
FR05132000,FR,43.77050,1.97697,3
FR05136000,FR,43.49830,2.38212,2
FR05168000,FR,42.97800,1.87443,1
FR05234980,FR,43.29680,0.08270,4
FRAR01001336,FR,50.33615,3.73799,7
FRAR01010000,FR,50.10450,3.24759,4
FRAR01012000,FR,50.21628,3.27479,1
FRAR01016000,FR,50.42597,3.58112,9
FRAR01024000,FR,50.28105,3.31243,5
FRAR01027000,FR,50.28647,3.39020,6
FRAR01028000,FR,50.27050,3.46761,6
FRAR01029000,FR,50.29237,3.56567,7
FRAR01032000,FR,50.43935,3.63405,1
FRAR01035000,FR,50.30203,2.76384,9
FRAR01037000,FR,50.33567,3.02167,6
FRAR01041000,FR,50.47017,3.46609,10
FRAR01045000,FR,50.28304,3.04317,4
FRAR01046000,FR,50.32242,3.07226,6
FRAR01053000,FR,50.61859,2.21204,2
FRAR01056000,FR,50.67716,2.83518,9
FRAR01059000,FR,50.77639,3.04305,6
FRAR01063900,FR,50.64221,2.41333,5
FRAR01066000,FR,50.62454,2.54266,5
FRAR01069000,FR,50.53841,2.57421,7
FRAR01071000,FR,50.46493,2.52845,6
FRAR01079000,FR,50.54651,2.92064,5
FRAR01089000,FR,50.92018,2.62292,4
FRAR01090000,FR,50.80167,1.62745,3
FRAR01092000,FR,50.68114,1.76749,5
FRAR01094000,FR,50.40012,1.97602,1
FRAR01097000,FR,50.39757,2.10262,5
FRAR01100000,FR,50.30452,1.91858,5
FRAR01101000,FR,50.70752,2.22720,1
FRAR01102000,FR,50.78977,2.25057,6
FRAR01104000,FR,50.94449,2.14562,8
FRAR01108000,FR,51.00257,2.38369,1
FRAR01115000,FR,50.83358,2.08671,7
FRAR01116000,FR,49.88004,3.31717,4
FRAR01119100,FR,49.86045,2.93400,7
FRAR01120000,FR,49.93670,2.71818,8
FRAR01129000,FR,50.06841,1.87222,5
FRAR01133000,FR,49.93336,2.51391,7
FRAR01134500,FR,49.77133,2.47658,6
FRAR01138300,FR,49.75026,2.02301,7
FRAR01139000,FR,50.01255,2.08078,5
FRAR01140500,FR,50.01466,1.99484,4
FRAR01141000,FR,50.11517,1.83277,5
FRAR01141100,FR,50.27396,1.66365,4
FRB1R02106500,FR,48.06817,5.54380,5
FRB1R02106600,FR,48.24089,5.61447,14
FRB1R02106900,FR,48.40246,5.73336,11
FRB1R02107900,FR,48.66447,5.61111,9
FRB1R02109000,FR,48.87026,5.54100,6
FRB1R02112000,FR,49.21079,5.36928,8
FRB1R02113000,FR,49.41334,5.19096,7
FRB1R02115000,FR,49.65338,5.00030,6
FRB1R02115625,FR,49.51041,5.81506,7
FRB1R02115650,FR,49.48376,5.70202,8
FRB1R02115675,FR,49.38067,5.74643,11
FRB1R02115685,FR,49.41075,5.71802,7
FRB1R02115762,FR,49.48975,5.51997,13
FRB1R02115775,FR,49.52559,5.46013,5
FRB1R02115790,FR,49.31676,5.68092,7
FRB1R02115900,FR,49.48058,5.32991,8
FRB1R02115950,FR,49.61447,5.31916,8
FRB1R02116000,FR,49.65206,5.13351,7
FRB1R02116600,FR,49.68792,4.98784,2
FRB1R02117575,FR,49.55479,4.82313,6
FRB1R02118000,FR,49.73845,4.77488,11
FRB1R02118300,FR,49.84880,4.39854,5
FRB1R02120000,FR,49.86291,4.78669,11
FRB1R02122200,FR,49.99648,4.68441,1
FRB1R02122800,FR,50.09161,4.71154,5
FRB1R02123500,FR,50.11889,4.85474,7
FRB1R02124000,FR,50.16912,4.82497,8
FRB2R01001122,FR,50.11710,4.17641,3
FRB2R01001452,FR,50.23909,3.89416,7
FRB2R01001503,FR,50.26874,4.18401,2
FRB2R01004000,FR,50.29789,4.10222,12
FRB2R01006000,FR,50.14276,3.73799,4
FRB2R01008000,FR,50.14870,3.81653,8
FRB2R01009000,FR,50.23973,4.01805,8
FRB2R01009300,FR,50.03519,3.70282,5
FRCR02000010,FR,47.65238,7.52341,20
FRCR02000011,FR,47.66077,7.52263,7
FRCR02001000,FR,47.63879,7.51439,9
FRCR02001025,FR,47.68160,7.38696,3
FRCR02001050,FR,48.31250,7.71347,7
FRCR02001700,FR,48.68153,7.91978,6
FRCR02001715,FR,48.18745,7.54880,7
FRCR02002000,FR,47.61552,7.21809,5
FRCR02003350,FR,47.53952,7.17510,13
FRCR02005700,FR,47.74562,7.23275,9
FRCR02010000,FR,47.82692,7.26490,14
FRCR02013000,FR,47.96764,7.39857,3
FRCR02016050,FR,47.92344,7.19684,5
FRCR02018000,FR,48.01593,7.33082,4
FRCR02018500,FR,48.15085,7.42284,5
FRCR02018780,FR,48.05406,7.06153,7
FRCR02021000,FR,48.18701,7.40088,5
FRCR02025500,FR,48.35528,7.58024,12
FRCR02028000,FR,48.39486,7.40267,6
FRCR02028300,FR,48.33857,7.46015,8
FRCR02030200,FR,48.45725,7.55284,3
FRCR02032000,FR,48.53526,7.43670,2
FRCR02037400,FR,48.64353,7.70443,4
FRCR02038000,FR,48.65460,7.83092,6
FRCR02041650,FR,48.91855,7.59257,5
FRCR02043600,FR,48.76439,7.42096,9
FRCR02045000,FR,48.76134,7.95142,7
FRCR02045050,FR,48.80998,8.00986,12
FRCR02045150,FR,49.04433,7.75704,6
FRCR02045350,FR,48.88409,7.77646,9
FRCR02046000,FR,48.86572,8.08586,6
FRCR02047300,FR,48.95895,8.19784,3
FRCR02047500,FR,49.04317,7.90277,7
FRCR02048980,FR,47.89201,6.73934,7
FRCR02049900,FR,48.05790,6.70336,3
FRCR02051600,FR,48.18508,6.76098,5
FRCR02052500,FR,48.12800,6.51566,6
FRCR02055580,FR,48.52303,6.26829,7
FRCR02056200,FR,48.55046,6.24615,10
FRCR02057000,FR,48.60105,6.15165,3
FRCR02057250,FR,48.27751,6.13547,6
FRCR02057600,FR,48.52875,6.13968,7
FRCR02058000,FR,48.57565,6.10780,7
FRCR02060750,FR,48.74566,6.06679,7
FRCR02061500,FR,48.18442,6.97526,5
FRCR02064770,FR,48.38457,6.94565,8
FRCR02065090,FR,48.51231,7.10176,9
FRCR02067150,FR,48.52372,6.59831,9
FRCR02067600,FR,48.53980,6.72907,5
FRCR02067800,FR,48.57950,6.62838,5
FRCR02068800,FR,48.39717,6.58469,4
FRCR02070250,FR,48.56176,6.38913,11
FRCR02070750,FR,48.67329,6.55946,5
FRCR02070900,FR,48.64286,6.44042,7
FRCR02072700,FR,48.68762,6.20670,9
FRCR02074000,FR,48.74627,6.16637,3
FRCR02076180,FR,48.85260,5.93184,3
FRCR02076800,FR,48.95396,6.04996,7
FRCR02077200,FR,48.90724,5.80553,8
FRCR02081000,FR,48.79638,6.66959,6
FRCR02081100,FR,48.87885,6.59583,3
FRCR02082350,FR,48.94101,6.12433,9
FRCR02085325,FR,49.17183,5.68133,9
FRCR02085850,FR,49.14418,5.83785,1
FRCR02089000,FR,49.25390,6.06582,9
FRCR02092000,FR,49.32821,6.15227,1
FRCR02094700,FR,49.39839,6.31056,10
FRCR02094800,FR,49.47040,6.30580,6
FRCR02094900,FR,49.44907,6.34683,13
FRCR02094920,FR,49.45864,6.38745,6
FRCR02094930,FR,49.45452,6.07835,5
FRCR02094950,FR,49.48538,5.96611,5
FRCR02094970,FR,48.54784,7.12669,11
FRCR02095600,FR,48.77217,7.05946,3
FRCR02096750,FR,48.91152,7.01129,5
FRCR02096900,FR,48.96973,7.03892,13
FRCR02099800,FR,49.14900,7.08030,4
FRCR02100150,FR,49.14644,7.04152,4
FRCR02100600,FR,49.12725,7.47226,6
FRCR02100830,FR,49.14518,7.36310,7
FRCR02103800,FR,49.21123,6.83595,8
FRCR02103850,FR,49.22572,6.68887,11
FRCR02106410,FR,49.32946,6.57578,3
FRCR02106430,FR,49.34182,6.56712,5
FRDR06000890,FR,47.93536,5.86398,7
FRDR06000990,FR,48.09027,6.10194,5
FRDR06000997,FR,47.91706,5.99620,4
FRDR06001000,FR,47.84026,5.91739,9
FRDR06001180,FR,47.82896,5.63039,4
FRDR06001190,FR,47.82332,5.74293,5
FRDR06002000,FR,47.74583,6.07584,7
FRDR06003500,FR,47.63555,6.03324,7
FRDR06003600,FR,47.66173,5.97246,2
FRDR06003770,FR,47.53446,5.92084,4
FRDR06003850,FR,47.60580,5.79513,5
FRDR06004000,FR,47.54229,5.69311,7
FRDR06004870,FR,47.45130,5.65695,2
FRDR06005500,FR,47.39572,5.54409,6
FRDR06005700,FR,47.57826,5.40693,11
FRDR06006720,FR,47.34774,5.34982,6
FRDR06006900,FR,47.83028,6.70749,5
FRDR06008000,FR,47.62189,6.47380,3
FRDR06010000,FR,47.28790,5.55003,10
FRDR06011000,FR,47.19452,5.38257,4
FRDR06012055,FR,47.51337,5.19745,5
FRDR06012600,FR,47.28046,5.21754,1
FRDR06013800,FR,47.17837,5.30017,11
FRDR06014940,FR,47.20988,4.72565,3
FRDR06014970,FR,47.31487,4.85958,4
FRDR06016500,FR,47.11399,5.28030,10
FRDR06016940,FR,47.15045,5.20079,1
FRDR06017000,FR,47.13404,5.17987,3
FRDR06017050,FR,47.07370,5.16564,7
FRDR06017070,FR,46.99692,5.14354,3
FRDR06017200,FR,46.77258,6.27995,4
FRDR06018150,FR,46.94341,6.34336,4
FRDR06018185,FR,47.36695,6.43698,6
FRDR06018200,FR,46.94643,6.38470,3
FRDR06018500,FR,47.04749,6.64049,9
FRDR06020100,FR,47.26179,6.95142,5
FRDR06020500,FR,47.31737,6.81088,11
FRDR06021000,FR,47.45192,6.79153,7
FRDR06021500,FR,47.47225,6.84236,7
FRDR06022000,FR,47.54798,6.93411,11
FRDR06024000,FR,47.52176,6.84366,5
FRDR06027000,FR,47.45421,6.68216,4
FRDR06027700,FR,47.28551,6.14912,6
FRDR06029100,FR,47.17562,5.90527,7
FRDR06031200,FR,47.03552,5.45351,2
FRDR06031400,FR,47.03731,6.27527,5
FRDR06033000,FR,47.01480,5.49401,12
FRDR06035500,FR,46.90345,5.08501,10
FRDR06035690,FR,46.80163,4.56962,2
FRDR06036970,FR,46.98310,4.99635,11
FRDR06037300,FR,46.94337,5.01853,2
FRDR06037400,FR,46.87899,4.95546,4
FRDR06039500,FR,46.71096,4.93214,10
FRDR06039960,FR,46.37557,4.60578,7
FRDR06040400,FR,46.55022,4.56741,1
FRDR06041800,FR,46.67410,5.25858,6
FRDR06042500,FR,46.62818,5.42330,3
FRDR06043869,FR,46.51501,5.28767,5
FRDR06044900,FR,46.56064,5.05003,2
FRDR06045000,FR,46.51408,4.94677,12
FRDR06045750,FR,46.47563,4.85959,6
FRDR06045800,FR,46.44780,4.89661,3
FRDR06046000,FR,46.25763,5.19596,6
FRDR06047200,FR,46.42404,4.95848,6
FRDR06047360,FR,46.41125,4.78449,3
FRDR06047500,FR,46.28401,4.78102,2
FRDR06048540,FR,46.22965,5.07138,2
FRDR06049000,FR,46.27405,4.85902,8
FRDR06050820,FR,46.15811,4.83975,3
FRDR06051550,FR,46.12689,4.71586,6
FRDR06053800,FR,45.94411,4.72894,10
FRDR06057200,FR,45.83752,4.60188,11
FRDR06057700,FR,45.91187,4.72572,8
FRDR06059500,FR,45.79654,4.83191,27
FRDR06060000,FR,45.91950,6.77057,1
FRDR06061000,FR,45.98195,6.62869,6
FRDR06062600,FR,46.09760,6.64496,1
FRDR06063300,FR,46.07572,6.42864,8
FRDR06063500,FR,46.07387,6.39652,5
FRDR06063900,FR,46.14985,6.27025,8
FRDR06065700,FR,46.14466,5.96454,21
FRDR06066000,FR,46.38047,6.50763,5
FRDR06067760,FR,46.24422,5.79641,4
FRDR06068900,FR,46.02059,6.14642,4
FRDR06069050,FR,45.98637,5.84787,3
FRDR06069550,FR,45.75337,5.78277,3
FRDR06070100,FR,45.89892,6.05677,1
FRDR06071000,FR,45.87483,5.93818,1
FRDR06071900,FR,45.93350,5.84828,7
FRDR06072300,FR,45.84882,5.80229,15
FRDR06072400,FR,45.85396,5.80582,4
FRDR06073500,FR,45.64983,5.86214,11
FRDR06076420,FR,45.91258,5.66960,2
FRDR06077000,FR,45.70841,5.67709,7
FRDR06077500,FR,45.63844,5.62304,6
FRDR06078200,FR,45.36359,5.75415,4
FRDR06079000,FR,45.59270,5.63733,5
FRDR06079050,FR,45.62459,5.61590,4
FRDR06080000,FR,45.88267,5.34712,5
FRDR06080975,FR,45.56636,5.37113,8
FRDR06082500,FR,45.71524,5.15915,5
FRDR06083000,FR,45.77249,5.18643,5
FRDR06084000,FR,46.74121,5.79267,3
FRDR06084360,FR,46.59775,5.69935,3
FRDR06085500,FR,46.36687,5.71124,6
FRDR06086100,FR,46.17264,5.55478,6
FRDR06088800,FR,46.08997,5.40308,1
FRDR06090600,FR,45.94656,5.47686,6
FRDR06091625,FR,45.92072,5.22819,9
FRDR06092000,FR,45.81653,5.21241,7
FRDR06092500,FR,45.81158,5.08867,25
FRDR06093900,FR,45.64570,4.81658,5
FRDR06095000,FR,45.48270,4.52703,5
FRDR06097000,FR,45.58750,4.76119,16
FRDR06098000,FR,45.58124,4.78083,7
FRDR06100000,FR,45.52747,4.88015,6
FRDR06100900,FR,45.31843,4.76718,3
FRDR06101000,FR,45.31128,4.81023,3
FRDR06101205,FR,45.34076,5.09265,7
FRDR06103500,FR,45.20594,4.78673,7
FRDR06104000,FR,45.18402,4.81166,17
FRDR06105568,FR,45.02925,4.49385,2
FRDR06106030,FR,45.05945,4.77827,3
FRDR06106250,FR,44.95128,4.93516,4
FRDR06106600,FR,44.85372,4.83958,18
FRDR06106684,FR,44.83851,4.86494,2
FRDR06106920,FR,44.91660,4.41918,2
FRDR06107900,FR,44.82428,4.79888,10
FRDR06107980,FR,44.67106,5.27127,4
FRDR06108000,FR,44.76833,5.32281,5
FRDR06109050,FR,44.56688,5.50519,5
FRDR06109100,FR,44.76926,4.82534,11
FRDR06110110,FR,47.18829,5.38625,6
FRDR06110400,FR,44.57908,4.70777,1
FRDR06111555,FR,43.74385,6.50175,5
FRDR06113000,FR,44.45196,4.69820,17
FRDR06113270,FR,44.41398,4.76755,2
FRDR06113500,FR,44.36834,4.64896,4
FRDR06114155,FR,44.62962,4.16002,4
FRDR06114295,FR,44.67182,4.36335,4
FRDR06114450,FR,44.55130,4.40944,9
FRDR06115080,FR,44.45936,4.44629,8
FRDR06115090,FR,44.38621,4.40824,7
FRDR06115700,FR,44.28374,4.59791,5
FRDR06116620,FR,44.41419,5.35554,1
FRDR06116720,FR,44.37053,5.15238,2
FRDR06117100,FR,44.29182,5.01534,2
FRDR06117220,FR,44.42318,4.98393,2
FRDR06117450,FR,44.21538,4.71142,3
FRDR06117500,FR,44.12659,4.71818,5
FRDR06118000,FR,44.11111,4.78581,6
FRDR06118550,FR,44.32403,3.96090,1
FRDR06119000,FR,44.25154,4.21148,1
FRDR06120000,FR,44.22464,4.26344,4
FRDR06120560,FR,44.18201,4.46591,1
FRDR06121000,FR,44.14730,4.67894,7
FRDR06121020,FR,44.11420,4.69039,6
FRDR06121500,FR,44.07181,4.76891,3
FRDR06123250,FR,44.03953,5.01196,3
FRDR06123500,FR,44.01334,4.87140,10
FRDR06123700,FR,43.91950,5.13141,1
FRDR06124000,FR,43.93834,5.03875,3
FRDR06126600,FR,43.89776,4.70160,12
FRDR06128000,FR,44.09455,4.09938,8
FRDR06128620,FR,44.17545,3.75054,6
FRDR06128720,FR,44.07509,3.96221,4
FRDR06129000,FR,44.03927,3.99869,1
FRDR06129550,FR,43.99203,4.21729,2
FRDR06129700,FR,43.94522,4.28171,5
FRDR06129950,FR,43.98276,4.44148,3
FRDR06130500,FR,43.93176,4.56285,10
FRDR06131550,FR,43.67891,4.62292,26
FRDR06131900,FR,43.66593,4.45299,3
FRDR06132900,FR,45.44980,7.01341,3
FRDR06133350,FR,45.41184,6.70850,3
FRDR06133600,FR,45.53241,6.59940,9
FRDR06134000,FR,45.48175,6.52585,14
FRDR06134500,FR,45.56261,6.46746,3
FRDR06135500,FR,45.82212,6.53374,6
FRDR06137000,FR,45.69415,6.40260,9
FRDR06137200,FR,45.58403,6.27015,3
FRDR06137560,FR,45.28408,6.81259,1
FRDR06138150,FR,45.19577,6.62950,7
FRDR06139500,FR,45.48227,6.29242,5
FRDR06139815,FR,45.48970,6.15105,2
FRDR06141000,FR,45.43532,6.00416,4
FRDR06141520,FR,45.23366,5.97790,1
FRDR06141900,FR,45.19862,5.76979,9
FRDR06142450,FR,44.72488,6.25519,1
FRDR06142500,FR,44.73536,6.00402,2
FRDR06142687,FR,44.90077,5.78094,4
FRDR06143650,FR,44.96755,6.15485,1
FRDR06143950,FR,45.11570,6.01313,7
FRDR06144900,FR,45.08325,5.74647,4
FRDR06146500,FR,45.19205,5.70160,9
FRDR06147130,FR,45.28613,5.52770,4
FRDR06147140,FR,45.29339,5.52191,2
FRDR06147200,FR,45.20804,5.46675,5
FRDR06147250,FR,45.12478,5.32995,9
FRDR06147840,FR,45.06523,5.39257,5
FRDR06148200,FR,45.08497,5.18352,2
FRDR06148850,FR,45.05014,5.03422,2
FRDR06149500,FR,45.01860,4.93672,20
FRDR06149900,FR,44.94013,6.68279,4
FRDR06150500,FR,44.86168,6.59572,2
FRDR06150795,FR,44.65788,6.63160,1
FRDR06151000,FR,44.55653,6.50207,1
FRDR06151900,FR,44.52114,6.76445,2
FRDR06152700,FR,44.45998,6.19753,4
FRDR06153630,FR,44.27597,6.01568,2
FRDR06153900,FR,44.21485,5.93471,2
FRDR06154000,FR,44.47932,6.08197,3
FRDR06154660,FR,44.57093,5.98067,2
FRDR06154850,FR,44.44283,5.71366,3
FRDR06156230,FR,44.27027,5.80973,3
FRDR06157750,FR,44.26627,6.27518,2
FRDR06158000,FR,44.04038,6.14194,6
FRDR06159000,FR,44.03534,5.96444,12
FRDR06159385,FR,44.00986,6.25987,4
FRDR06159390,FR,43.87868,5.90930,5
FRDR06159800,FR,43.76559,5.79052,4
FRDR06159900,FR,43.96137,6.51383,3
FRDR06159930,FR,44.17390,6.61779,4
FRDR06160500,FR,43.80544,6.44110,5
FRDR06161400,FR,43.77179,5.95380,6
FRDR06161500,FR,43.72938,5.82449,5
FRDR06162000,FR,43.69682,5.71922,2
FRDR06162350,FR,43.64090,5.61805,5
FRDR06162600,FR,43.71019,5.36456,4
FRDR06163900,FR,43.86262,5.57301,4
FRDR06165050,FR,43.85817,5.16166,2
FRDR06165900,FR,43.85854,5.00336,2
FRDR06166000,FR,43.88828,4.91618,4
FRDR06166720,FR,42.42951,1.94092,1
FRDR06167000,FR,42.49465,2.71841,8
FRDR06168000,FR,42.58562,2.98540,4
FRDR06169050,FR,42.63780,2.99194,4
FRDR06169880,FR,42.50378,2.14917,4
FRDR06169950,FR,42.49704,2.35640,2
FRDR06170000,FR,42.64416,2.48366,3
FRDR06172100,FR,42.71082,3.02341,6
FRDR06173500,FR,42.80044,2.64176,1
FRDR06173650,FR,42.79818,2.72033,4
FRDR06175000,FR,42.76396,2.98710,8
FRDR06175320,FR,43.04984,2.89961,3
FRDR06175540,FR,42.70900,2.14086,4
FRDR06175645,FR,42.81656,2.20073,1
FRDR06176000,FR,42.96874,2.25925,3
FRDR06176670,FR,43.11027,2.18183,3
FRDR06176950,FR,42.93839,2.28052,1
FRDR06177000,FR,43.11692,2.28426,7
FRDR06177500,FR,43.15773,2.30690,1
FRDR06177910,FR,43.29424,1.97931,6
FRDR06177950,FR,43.30477,2.01659,12
FRDR06177959,FR,43.25545,2.17988,8
FRDR06177980,FR,43.23873,2.36191,4
FRDR06177988,FR,43.24602,2.39158,2
FRDR06178000,FR,43.21334,2.42143,11
FRDR06178014,FR,43.34762,3.16568,1
FRDR06178023,FR,43.89530,4.00669,6
FRDR06178025,FR,43.88682,4.03679,3
FRDR06179000,FR,43.25522,2.41065,3
FRDR06179500,FR,43.24336,2.66452,1
FRDR06179550,FR,43.26382,2.62964,4
FRDR06179700,FR,43.22595,2.89255,9
FRDR06179800,FR,43.10534,2.62644,1
FRDR06179995,FR,43.25466,2.93854,4
FRDR06180000,FR,43.24599,2.96053,6
FRDR06180900,FR,43.24730,3.11104,5
FRDR06181906,FR,43.99720,3.67505,3
FRDR06181910,FR,44.08732,3.60458,9
FRDR06181945,FR,43.89797,3.49017,6
FRDR06182050,FR,43.84406,3.70072,4
FRDR06183000,FR,43.62819,3.47733,7
FRDR06183500,FR,43.56805,3.47128,1
FRDR06184000,FR,43.38405,3.44665,2
FRDR06184800,FR,43.72301,3.13089,7
FRDR06184980,FR,43.59445,3.12216,4
FRDR06185900,FR,43.56045,2.91202,1
FRDR06188500,FR,43.31217,3.25301,11
FRDR06188740,FR,43.31141,3.40108,6
FRDR06188785,FR,43.69717,3.85505,3
FRDR06188900,FR,43.43478,3.60764,3
FRDR06189500,FR,43.57052,3.89777,6
FRDR06192000,FR,43.63913,4.19082,9
FRDR06193700,FR,43.60716,4.21370,7
FRDR06194000,FR,43.47917,5.42274,9
FRDR06194800,FR,43.47192,5.61719,3
FRDR06195000,FR,43.50573,5.34792,1
FRDR06195500,FR,43.50485,5.13224,8
FRDR06196500,FR,43.68749,4.87927,6
FRDR06196850,FR,43.54135,5.04283,5
FRDR06196950,FR,43.41134,5.20168,7
FRDR06198100,FR,43.27508,5.40943,4
FRDR06200700,FR,43.24082,6.32074,7
FRDR06202000,FR,43.13075,6.16539,5
FRDR06202750,FR,43.51093,6.01129,4
FRDR06202860,FR,43.51114,6.01702,1
FRDR06204000,FR,43.43696,6.17014,7
FRDR06204550,FR,43.34150,6.12941,4
FRDR06205060,FR,43.53706,6.25181,3
FRDR06205480,FR,43.49073,6.51203,3
FRDR06206000,FR,43.44992,6.64095,4
FRDR06207000,FR,43.25450,6.55242,2
FRDR06208900,FR,43.59326,6.93005,4
FRDR06209900,FR,43.54921,6.94317,9
FRDR06209970,FR,43.62148,7.10096,6
FRDR06210850,FR,43.93302,7.17445,4
FRDR06211700,FR,44.03465,7.29482,2
FRDR06212100,FR,43.86086,7.20616,2
FRDR06212600,FR,43.84685,7.14650,4
FRDR06213000,FR,43.66822,7.19625,13
FRDR06300010,FR,44.18968,7.03151,4
FRDR06300046,FR,44.60090,4.98935,5
FRDR06300073,FR,42.80616,2.48194,1
FRDR06300092,FR,43.24452,6.00006,2
FRDR06300121,FR,43.47861,6.26631,3
FRDR06300400,FR,43.60816,4.00385,4
FRDR06310200,FR,46.97817,5.40767,3
FRDR06405950,FR,47.80152,6.30866,4
FRDR06408800,FR,47.94325,6.42192,5
FRDR06416910,FR,47.69285,5.45622,7
FRDR06425800,FR,47.50783,6.35431,1
FRDR06426000,FR,47.41593,6.18064,9
FRDR06438900,FR,47.28584,5.80676,2
FRDR06439460,FR,47.26463,5.74333,5
FRDR06440445,FR,47.33545,5.96846,4
FRDR06456610,FR,47.56633,6.94314,3
FRDR06458450,FR,47.62147,6.95502,5
FRDR06462950,FR,47.34125,6.38196,3
FRDR06468000,FR,46.92469,5.70222,6
FRDR06474920,FR,46.96102,5.26276,3
FRDR06579000,FR,44.74043,5.12449,2
FRDR06580184,FR,46.29107,5.58920,3
FRDR06580238,FR,44.48265,4.23918,2
FRDR06580274,FR,44.49246,4.32433,2
FRDR06580300,FR,44.16165,5.94538,3
FRDR06580316,FR,44.55232,4.74929,6
FRDR06580330,FR,44.55091,4.75015,1
FRDR06580362,FR,45.00109,5.43503,3
FRDR06580559,FR,45.43525,5.75680,2
FRDR06580653,FR,46.08120,5.34056,5
FRDR06580713,FR,45.33134,6.28815,5
FRDR06580724,FR,44.40482,4.21775,2
FRDR06580766,FR,45.65994,5.53107,6
FRDR06580789,FR,45.61900,5.61053,1
FRDR06580839,FR,45.16338,5.60997,2
FRDR06580884,FR,44.81556,5.68141,6
FRDR06580890,FR,45.05860,4.95635,4
FRDR06580905,FR,46.28418,6.73535,4
FRDR06580926,FR,46.28686,6.61735,5
FRDR06580960,FR,45.09531,5.69524,3
FRDR06700075,FR,43.96511,7.41536,7
FRDR06700175,FR,43.68850,7.07068,6
FRDR06700260,FR,43.89113,7.30874,2
FRDR06710010,FR,44.03091,6.82568,1
FRDR06710029,FR,43.96673,6.75852,4
FRDR06710030,FR,43.91661,5.88501,10
FRDR06710043,FR,44.02256,4.84425,2
FRDR06710100,FR,43.95927,6.99846,3
FRDR06710110,FR,43.87256,7.19433,1
FRDR06750950,FR,44.23591,5.85998,1
FRDR06800012,FR,45.70673,5.90508,7
FRDR06810010,FR,46.18787,4.78020,5
FRDR06820013,FR,44.75840,4.73397,2
FRDR06820073,FR,45.44230,5.04655,1
FRDR06820089,FR,45.04346,6.30392,1
FRDR06820118,FR,45.01776,5.69218,2
FRDR06820164,FR,44.73682,5.89307,5
FRDR06830079,FR,45.78876,6.23116,4
FRDR06830152,FR,46.16963,6.24647,3
FRDR06940040,FR,47.00318,5.70401,3
FRDR06940940,FR,46.99879,5.85314,2
FRDR06970900,FR,46.29430,5.52831,1
FRDR06999107,FR,46.22949,6.01356,3
FRER06213300,FR,42.46855,9.10764,4
FRER06213400,FR,42.43406,9.22257,1
FRER06213500,FR,42.31927,8.97642,4
FRER06213800,FR,42.50694,9.37289,2
FRER06215000,FR,42.59251,9.36363,4
FRER06215250,FR,42.25758,9.07187,3
FRER06215540,FR,42.22165,9.26582,1
FRER06215600,FR,42.11743,9.48950,3
FRER06215700,FR,42.03448,9.36656,11
FRER06215800,FR,42.11595,8.81485,1
FRER06215900,FR,42.09262,9.10289,4
FRER06217000,FR,41.91250,8.82560,6
FRER06217500,FR,41.78846,8.92120,1
FRER06218000,FR,41.65566,8.98163,2
FRER06219000,FR,42.44520,9.47044,1
FRER06219105,FR,41.71826,9.30388,2
FRER06219590,FR,42.27481,8.85321,3
FRER06222195,FR,41.92335,9.30922,4
FRER06222350,FR,42.60964,9.29459,1
FRER06222410,FR,42.61997,8.99273,3
FRER06222600,FR,42.37959,8.75374,1
FRER06300200,FR,42.89688,9.42047,2
FRFR05000110,FR,,,2
FRFR05000150,FR,45.75724,-0.95271,2
FRFR05000245,FR,46.05486,-0.83720,3
FRFR05001800,FR,45.82131,-0.86717,1
FRFR05002500,FR,45.92136,-0.77342,5
FRFR05004000,FR,45.93414,-0.49549,1
FRFR05005350,FR,46.20994,-0.24159,3
FRFR05005400,FR,46.16827,-0.29184,2
FRFR05005950,FR,46.14414,-0.21751,1
FRFR05006100,FR,46.10919,-0.11117,1
FRFR05006880,FR,45.86422,-0.64433,1
FRFR05006900,FR,45.83195,-0.64915,4
FRFR05007600,FR,45.59469,-0.53647,2
FRFR05008000,FR,45.45067,-0.45807,6
FRFR05010000,FR,45.38870,-0.30988,1
FRFR05011500,FR,45.52176,-0.19052,4
FRFR05011600,FR,45.51227,-0.13990,4
FRFR05011660,FR,,,3
FRFR05011730,FR,45.48024,0.05518,4
FRFR05012000,FR,45.70025,-0.35685,4
FRFR05013100,FR,45.70954,-0.27070,3
FRFR05013200,FR,45.68810,-0.28459,4
FRFR05013900,FR,45.62188,-0.02617,2
FRFR05014100,FR,45.59407,0.04509,2
FRFR05015060,FR,45.64572,0.08227,1
FRFR05015100,FR,45.63951,0.10472,1
FRFR05015320,FR,45.58805,0.21684,1
FRFR05015900,FR,45.66968,0.16036,2
FRFR05017060,FR,45.64389,0.26730,3
FRFR05018000,FR,45.67846,0.15379,1
FRFR05018700,FR,45.93209,-0.00104,4
FRFR05018800,FR,45.86812,0.05954,2
FRFR05018950,FR,45.89611,0.11149,5
FRFR05019930,FR,45.87385,0.20722,4
FRFR05020000,FR,45.82030,0.39362,3
FRFR05021000,FR,45.67023,0.46200,2
FRFR05021650,FR,45.70872,0.90954,1
FRFR05022100,FR,45.53411,0.62124,2
FRFR05022300,FR,45.91775,0.43246,6
FRFR05022400,FR,45.96052,0.25554,4
FRFR05024000,FR,46.13608,0.24173,1
FRFR05024300,FR,45.84728,0.63733,3
FRFR05025000,FR,45.66545,-0.91210,3
FRFR05025600,FR,45.24236,-0.57854,3
FRFR05025830,FR,45.09111,-0.46682,3
FRFR05029000,FR,45.01418,-0.29189,2
FRFR05031850,FR,45.19311,0.24544,3
FRFR05031900,FR,45.23783,0.15179,4
FRFR05033200,FR,45.43584,0.31759,3
FRFR05035000,FR,45.47141,0.72243,3
FRFR05035300,FR,45.60603,0.92213,4
FRFR05038000,FR,45.02975,0.24682,1
FRFR05039000,FR,45.17192,0.59292,4
FRFR05041000,FR,45.20202,0.80320,5
FRFR05042000,FR,45.18884,0.85222,3
FRFR05042080,FR,45.42881,1.30789,3
FRFR05042085,FR,45.41717,1.34905,2
FRFR05044000,FR,45.34794,0.95126,5
FRFR05044300,FR,45.55816,1.15467,2
FRFR05045250,FR,44.88767,0.01671,3
FRFR05046000,FR,44.82085,0.07729,3
FRFR05046700,FR,44.81772,0.26593,1
FRFR05047000,FR,44.83963,0.33201,5
FRFR05047500,FR,44.89920,0.60067,2
FRFR05047600,FR,44.84377,0.52792,4
FRFR05048000,FR,44.80409,0.73048,5
FRFR05048210,FR,44.87305,0.82208,1
FRFR05049000,FR,44.91754,0.92714,5
FRFR05049950,FR,45.03621,1.10570,1
FRFR05050000,FR,45.02031,1.11733,1
FRFR05050800,FR,45.10992,1.12346,2
FRFR05051500,FR,45.13762,1.26859,1
FRFR05052000,FR,45.12965,1.30744,3
FRFR05053100,FR,45.17297,1.57007,2
FRFR05053975,FR,45.23326,1.72902,2
FRFR05054600,FR,45.29534,1.75609,5
FRFR05055000,FR,45.30157,1.79772,3
FRFR05055150,FR,45.43539,1.86402,1
FRFR05055900,FR,45.21783,1.43803,3
FRFR05055940,FR,45.35691,1.35708,5
FRFR05056000,FR,45.21807,1.45152,1
FRFR05057050,FR,45.41712,1.58306,1
FRFR05057140,FR,,,1
FRFR05057150,FR,45.61185,1.95621,4
FRFR05058100,FR,44.81468,0.99831,3
FRFR05060900,FR,44.86591,1.35682,7
FRFR05060950,FR,44.89700,1.45759,2
FRFR05061500,FR,44.91565,1.74360,2
FRFR05061900,FR,44.89407,1.78527,4
FRFR05061942,FR,44.83779,2.01119,1
FRFR05063000,FR,44.91632,1.83845,1
FRFR05063950,FR,44.99470,2.42825,3
FRFR05064000,FR,44.88212,2.35042,2
FRFR05065000,FR,44.97659,2.52381,3
FRFR05067000,FR,45.02383,1.84382,1
FRFR05067950,FR,45.07158,1.93972,1
FRFR05068270,FR,45.08827,1.92730,2
FRFR05068355,FR,45.13293,1.95068,2
FRFR05068400,FR,45.25375,2.16853,4
FRFR05068470,FR,45.41513,2.07853,4
FRFR05068645,FR,45.18508,2.56976,6
FRFR05068700,FR,45.43678,2.39571,2
FRFR05068760,FR,45.51484,2.32253,7
FRFR05068920,FR,45.30663,2.66555,2
FRFR05069000,FR,45.39360,2.49468,3
FRFR05069400,FR,45.58553,2.54885,2
FRFR05069900,FR,45.63909,2.50769,1
FRFR05071300,FR,45.56237,2.63392,2
FRFR05074920,FR,44.55981,-0.60643,2
FRFR05076800,FR,44.42272,-0.49241,2
FRFR05077000,FR,44.41051,-0.34276,6
FRFR05078900,FR,44.61270,-0.08700,2
FRFR05079100,FR,44.63192,-0.03340,1
FRFR05080710,FR,44.67311,0.57808,3
FRFR05082000,FR,44.46735,0.12573,2
FRFR05083580,FR,44.41137,0.22280,2
FRFR05083585,FR,44.44063,0.38781,1
FRFR05083700,FR,44.27112,0.18984,1
FRFR05084000,FR,44.35810,0.38150,3
FRFR05085000,FR,44.46042,0.69178,2
FRFR05085950,FR,44.59843,0.89806,1
FRFR05086000,FR,44.44127,0.61976,2
FRFR05088130,FR,44.54371,1.07064,3
FRFR05088400,FR,44.50753,1.16021,3
FRFR05088450,FR,44.51125,1.23216,3
FRFR05090000,FR,44.50767,1.65772,5
FRFR05091560,FR,44.78402,2.30137,4
FRFR05092200,FR,44.51928,1.95855,2
FRFR05094810,FR,44.58554,2.22970,3
FRFR05096000,FR,44.64981,2.56727,2
FRFR05096400,FR,44.96247,2.92656,3
FRFR05097500,FR,45.05736,3.06114,1
FRFR05097750,FR,44.98365,3.21200,2
FRFR05099000,FR,44.64156,2.56944,4
FRFR05099170,FR,44.53032,2.79218,2
FRFR05100000,FR,44.44336,3.19897,1
FRFR05101000,FR,44.49141,3.24567,1
FRFR05101420,FR,44.64570,3.35712,3
FRFR05101600,FR,44.49068,3.24838,2
FRFR05102000,FR,44.48079,3.45630,2
FRFR05103000,FR,44.51908,3.63378,4
FRFR05104000,FR,44.28880,0.32043,7
FRFR05104500,FR,44.22692,0.33400,3
FRFR05105000,FR,44.13652,0.29323,2
FRFR05106000,FR,43.90585,0.29349,1
FRFR05106350,FR,43.53060,0.33576,4
FRFR05106820,FR,44.01753,0.06195,4
FRFR05106850,FR,43.97498,0.06868,3
FRFR05107000,FR,44.14741,0.33587,1
FRFR05109000,FR,43.65785,0.40218,3
FRFR05110000,FR,43.29868,0.46552,3
FRFR05111530,FR,44.26614,0.48464,2
FRFR05111620,FR,43.97912,0.44365,1
FRFR05111650,FR,44.28714,0.64303,1
FRFR05114000,FR,44.11851,0.67309,2
FRFR05115000,FR,43.71769,0.62108,1
FRFR05115600,FR,43.28349,0.54210,1
FRFR05116100,FR,44.19314,0.91642,3
FRFR05116650,FR,43.90872,0.72926,4
FRFR05117000,FR,44.12341,0.81793,3
FRFR05117500,FR,44.16926,0.99680,1
FRFR05118000,FR,44.04117,0.85204,2
FRFR05118893,FR,,,1
FRFR05118950,FR,44.09198,1.02826,4
FRFR05119050,FR,44.13671,1.20383,6
FRFR05119065,FR,44.23921,1.34084,4
FRFR05120000,FR,44.08287,1.34803,3
FRFR05120010,FR,44.11831,1.47283,1
FRFR05120100,FR,44.00316,2.10338,1
FRFR05121000,FR,44.12922,1.81944,1
FRFR05122720,FR,44.04691,2.08087,1
FRFR05125000,FR,44.17535,2.05951,5
FRFR05125200,FR,44.16316,2.19677,3
FRFR05125780,FR,44.21016,2.81140,2
FRFR05125860,FR,44.29637,2.83824,2
FRFR05126000,FR,44.28557,2.00109,5
FRFR05126100,FR,44.37169,2.27496,1
FRFR05127000,FR,44.33794,2.49326,2
FRFR05128000,FR,44.36679,2.88862,2
FRFR05129070,FR,43.98903,1.39055,2
FRFR05130000,FR,43.86796,1.49966,5
FRFR05131000,FR,43.77665,1.68811,4
FRFR05131200,FR,43.74664,1.82441,1
FRFR05133000,FR,43.76656,2.17535,1
FRFR05134000,FR,43.72428,1.82222,1
FRFR05134310,FR,43.59291,2.11273,2
FRFR05135100,FR,43.54022,2.26475,1
FRFR05137000,FR,43.50363,2.40867,1
FRFR05138000,FR,43.48810,2.46336,2
FRFR05138900,FR,43.46676,2.65524,2
FRFR05139310,FR,43.68125,2.41705,1
FRFR05139330,FR,43.73243,2.53457,1
FRFR05139390,FR,43.70287,2.45748,1
FRFR05140000,FR,43.63917,2.48023,2
FRFR05140150,FR,43.60669,2.69835,3
FRFR05140500,FR,43.66059,2.80227,1
FRFR05142100,FR,43.94780,2.12509,6
FRFR05144000,FR,43.99765,2.62198,3
FRFR05145300,FR,43.78903,2.93802,1
FRFR05145700,FR,44.03683,2.96467,4
FRFR05147000,FR,44.10212,3.08633,3
FRFR05148000,FR,44.10727,3.13749,10
FRFR05148200,FR,44.07534,3.49141,1
FRFR05149000,FR,44.20031,3.27739,1
FRFR05150000,FR,44.33310,3.49632,1
FRFR05150900,FR,44.38741,3.81925,2
FRFR05151100,FR,44.15969,3.61093,1
FRFR05152000,FR,44.02250,1.07940,1
FRFR05153000,FR,43.97251,1.12082,2
FRFR05154250,FR,43.95293,1.17194,1
FRFR05154500,FR,43.85385,1.24298,1
FRFR05155000,FR,43.78381,1.27584,2
FRFR05155300,FR,43.41438,0.81655,2
FRFR05155600,FR,43.42109,0.85751,3
FRFR05155800,FR,43.52113,0.98030,4
FRFR05156950,FR,43.75045,1.38056,5
FRFR05157750,FR,43.37772,1.71500,3
FRFR05157800,FR,43.32497,1.75698,4
FRFR05158700,FR,43.69651,1.35840,3
FRFR05161000,FR,43.70039,1.36814,5
FRFR05161950,FR,43.62077,1.39563,4
FRFR05162800,FR,43.40567,1.19559,2
FRFR05163290,FR,43.57232,1.43689,4
FRFR05164000,FR,43.49960,1.40688,5
FRFR05165000,FR,43.45094,1.40658,1
FRFR05165255,FR,43.28062,1.35297,3
FRFR05165850,FR,43.46052,1.42061,5
FRFR05165900,FR,43.31072,1.53295,2
FRFR05166000,FR,43.28609,1.63204,3
FRFR05167008,FR,43.19999,1.73573,3
FRFR05167010,FR,43.09803,1.74497,1
FRFR05167950,FR,43.04062,1.93214,2
FRFR05168100,FR,42.89445,1.79355,1
FRFR05169000,FR,42.95438,1.96787,2
FRFR05170900,FR,43.18363,1.59917,6
FRFR05172350,FR,42.91896,1.50032,3
FRFR05173400,FR,42.73806,1.79343,3
FRFR05174000,FR,43.51213,1.38777,3
FRFR05175100,FR,43.30307,1.13339,5
FRFR05175800,FR,43.31712,1.24443,3
FRFR05176100,FR,43.10492,1.24717,3
FRFR05176150,FR,43.08403,1.37392,1
FRFR05176850,FR,43.17016,1.11772,2
FRFR05177000,FR,43.20395,1.08762,2
FRFR05178000,FR,43.15782,0.96881,2
FRFR05180550,FR,42.89758,1.31495,3
FRFR05181000,FR,43.09449,0.84139,5
FRFR05181600,FR,42.91701,0.80493,2
FRFR05181800,FR,43.09769,0.70631,1
FRFR05183900,FR,42.93919,0.64741,3
FRFR05183930,FR,42.85265,0.60234,2
FRFR05184000,FR,42.84931,0.73586,4
FRFR05184900,FR,45.05602,-0.74511,3
FRFR05189000,FR,44.87379,-1.13682,2
FRFR05191000,FR,44.62637,-0.99625,8
FRFR05192014,FR,44.37502,-0.67363,2
FRFR05192100,FR,44.23043,-1.18028,2
FRFR05192320,FR,44.05558,-1.04244,2
FRFR05197000,FR,43.88569,-1.18171,4
FRFR05197200,FR,43.77539,-1.27417,1
FRFR05199600,FR,43.22739,-1.30319,2
FRFR05200050,FR,43.16968,-1.24813,2
FRFR05201050,FR,43.40009,-1.05184,3
FRFR05201055,FR,43.33698,-1.02656,1
FRFR05201400,FR,43.54317,-1.10504,3
FRFR05202000,FR,43.53176,-1.06828,5
FRFR05202950,FR,43.28283,-0.87378,3
FRFR05206000,FR,43.17867,-0.60490,3
FRFR05207000,FR,43.18909,-0.59710,2
FRFR05209000,FR,43.49020,-0.82415,3
FRFR05209500,FR,43.41528,-0.72208,1
FRFR05211900,FR,43.28015,-0.50064,1
FRFR05212000,FR,43.40379,-0.62415,3
FRFR05215100,FR,43.24414,-0.30793,3
FRFR05216210,FR,43.10260,-0.14244,2
FRFR05217150,FR,43.08624,-0.04939,1
FRFR05218000,FR,42.99561,-0.07929,1
FRFR05218700,FR,42.72969,-0.00781,1
FRFR05219000,FR,43.67665,-1.04203,2
FRFR05219600,FR,43.60704,-0.93496,3
FRFR05220000,FR,43.59109,-0.74756,4
FRFR05220950,FR,43.61541,-0.71429,4
FRFR05221600,FR,43.40419,-0.28403,1
FRFR05222980,FR,43.73901,-1.04259,1
FRFR05223000,FR,43.73380,-0.99955,5
FRFR05223170,FR,43.62489,-0.48799,3
FRFR05225300,FR,43.87680,-0.75626,2
FRFR05226000,FR,43.90772,-0.65932,4
FRFR05226050,FR,44.05079,-0.64967,2
FRFR05227000,FR,43.94250,-0.45111,1
FRFR05228000,FR,44.03452,-0.32422,1
FRFR05228500,FR,43.86386,0.01486,3
FRFR05229000,FR,43.89683,-0.39036,2
FRFR05229160,FR,43.64732,0.06555,4
FRFR05229200,FR,43.78922,-0.83727,7
FRFR05229250,FR,43.80275,-0.74334,5
FRFR05230000,FR,43.74586,-0.62653,1
FRFR05230080,FR,43.70026,-0.53289,1
FRFR05230500,FR,43.30924,-0.17076,3
FRFR05231050,FR,43.76484,-0.54191,2
FRFR05232000,FR,43.67627,-0.23809,5
FRFR05232350,FR,43.37713,-0.11569,2
FRFR05233000,FR,43.65394,-0.15118,2
FRFR05234000,FR,43.64104,0.02191,1
FRFR05234015,FR,43.15937,0.24908,2
FRFR05234020,FR,43.46820,0.03117,1
FRFR05236100,FR,43.05404,0.15757,1
FRGR04000100,FR,44.82386,4.19433,1
FRGR04000600,FR,44.89175,3.92118,3
FRGR04000920,FR,44.99830,3.91694,4
FRGR04002200,FR,45.15849,3.92539,6
FRGR04003200,FR,45.13227,4.28402,4
FRGR04003355,FR,45.22006,4.33156,2
FRGR04003500,FR,45.25665,4.15070,5
FRGR04003645,FR,45.37977,3.89092,3
FRGR04003900,FR,45.28556,4.11411,6
FRGR04004100,FR,45.33374,4.16031,1
FRGR04006000,FR,45.50314,4.25872,4
FRGR04008000,FR,45.52485,4.25002,7
FRGR04009000,FR,45.56279,4.27142,14
FRGR04009050,FR,45.62799,4.52558,5
FRGR04009350,FR,45.49659,4.15590,3
FRGR04010000,FR,45.74249,4.21164,1
FRGR04010130,FR,45.78374,4.31577,4
FRGR04010780,FR,45.62355,3.97678,3
FRGR04011100,FR,45.75101,4.18997,2
FRGR04011300,FR,45.81546,4.17047,3
FRGR04011700,FR,45.86111,3.93543,5
FRGR04012200,FR,45.83474,4.13043,4
FRGR04013000,FR,45.99574,4.04645,1
FRGR04013975,FR,45.98250,4.33201,2
FRGR04014500,FR,46.12634,3.94493,4
FRGR04015000,FR,46.14667,4.09744,7
FRGR04015050,FR,46.22848,4.25920,1
FRGR04015600,FR,46.35904,3.98749,2
FRGR04016800,FR,47.10292,4.23109,2
FRGR04016825,FR,47.01550,4.44718,3
FRGR04016840,FR,46.96605,4.29690,3
FRGR04017000,FR,46.90680,4.19731,4
FRGR04017250,FR,46.84231,4.33716,4
FRGR04019700,FR,46.47177,4.07892,4
FRGR04020010,FR,46.53370,4.03238,5
FRGR04021000,FR,46.49190,3.94049,2
FRGR04021250,FR,46.34272,3.89145,8
FRGR04022050,FR,46.47435,3.75675,3
FRGR04022210,FR,46.20657,3.65000,3
FRGR04023000,FR,46.50168,3.67866,4
FRGR04023130,FR,46.71550,3.88231,1
FRGR04023450,FR,46.79884,4.02841,3
FRGR04023680,FR,46.91342,3.65262,1
FRGR04023700,FR,46.85170,3.57567,3
FRGR04024000,FR,46.82801,3.45774,5
FRGR04024060,FR,46.51169,3.55921,4
FRGR04025040,FR,47.23677,3.25034,4
FRGR04025100,FR,47.02169,3.21045,2
FRGR04026000,FR,46.98261,3.15196,7
FRGR04026900,FR,44.72580,3.86572,5
FRGR04027200,FR,44.83873,3.73881,3
FRGR04027210,FR,44.69932,3.74392,4
FRGR04027225,FR,44.75002,3.72855,2
FRGR04027350,FR,44.89863,3.63205,3
FRGR04027650,FR,45.01563,3.45875,6
FRGR04027730,FR,45.11562,3.49068,6
FRGR04027810,FR,45.25327,3.65494,4
FRGR04028400,FR,45.11218,2.79230,1
FRGR04028450,FR,45.28162,2.90912,4
FRGR04028500,FR,45.14191,3.01412,6
FRGR04028800,FR,45.26573,3.12885,2
FRGR04029050,FR,45.44901,3.29885,2
FRGR04029625,FR,45.55235,3.44644,1
FRGR04029700,FR,45.53261,3.01076,3
FRGR04030000,FR,45.56646,3.25248,4
FRGR04031000,FR,45.73896,3.22336,2
FRGR04033090,FR,45.86188,3.33435,5
FRGR04033300,FR,46.01813,3.07483,3
FRGR04034650,FR,45.90017,3.29504,2
FRGR04036300,FR,45.38264,3.74557,3
FRGR04036500,FR,45.96864,3.44764,5
FRGR04037800,FR,45.70999,3.70084,5
FRGR04037900,FR,45.67511,3.63014,3
FRGR04039000,FR,45.87818,3.48219,8
FRGR04039200,FR,46.02381,3.45704,2
FRGR04040150,FR,46.02405,3.64723,4
FRGR04040355,FR,46.13136,3.49237,3
FRGR04040800,FR,46.19145,3.41868,5
FRGR04041700,FR,45.87968,2.80903,2
FRGR04041750,FR,45.82535,2.61859,4
FRGR04041755,FR,45.85601,2.51390,3
FRGR04041760,FR,45.88332,2.63891,5
FRGR04041780,FR,46.05450,2.91591,3
FRGR04041800,FR,46.21470,2.91950,2
FRGR04042100,FR,46.26313,3.22630,3
FRGR04043100,FR,46.34047,3.31024,7
FRGR04043200,FR,46.40302,3.31918,4
FRGR04043800,FR,46.53600,3.21125,2
FRGR04044000,FR,46.65951,3.22837,6
FRGR04044400,FR,46.69918,3.00461,2
FRGR04044700,FR,46.81532,3.04526,2
FRGR04045900,FR,47.01329,3.07264,6
FRGR04046545,FR,47.12935,2.93067,4
FRGR04046621,FR,47.28318,2.82542,5
FRGR04046800,FR,47.33833,2.86790,4
FRGR04046850,FR,47.37949,2.88174,1
FRGR04046960,FR,47.35587,2.99675,1
FRGR04048000,FR,47.67722,2.64249,6
FRGR04048550,FR,47.56326,2.63576,4
FRGR04049800,FR,47.84993,2.25643,4
FRGR04050000,FR,47.86977,2.12301,4
FRGR04050100,FR,47.99631,2.22730,4
FRGR04051125,FR,47.81289,2.04862,4
FRGR04051250,FR,47.87274,1.84041,2
FRGR04051400,FR,47.82304,1.70156,3
FRGR04051650,FR,47.81678,1.78372,2
FRGR04051850,FR,47.67398,1.52557,3
FRGR04052220,FR,47.57555,1.91918,5
FRGR04052265,FR,47.56335,1.82618,3
FRGR04052350,FR,47.54859,1.96390,4
FRGR04052520,FR,47.53745,1.61007,5
FRGR04052600,FR,47.49394,1.26021,3
FRGR04052650,FR,47.76537,2.03925,5
FRGR04052750,FR,47.65748,1.66882,3
FRGR04053000,FR,47.48546,1.18995,3
FRGR04053320,FR,47.41426,1.08225,5
FRGR04053400,FR,47.64127,1.26533,6
FRGR04054400,FR,47.41715,0.84263,10
FRGR04056000,FR,47.34448,0.47975,13
FRGR04057040,FR,46.14277,2.56660,4
FRGR04057200,FR,45.88056,2.36242,1
FRGR04057730,FR,46.15788,2.22505,3
FRGR04060500,FR,46.53510,2.61462,1
FRGR04060900,FR,46.49196,2.82532,5
FRGR04061400,FR,46.42079,2.82320,3
FRGR04062000,FR,46.52927,2.67406,2
FRGR04063550,FR,46.72327,2.59188,4
FRGR04064000,FR,46.76790,2.42889,3
FRGR04065000,FR,47.16787,2.15121,6
FRGR04065800,FR,47.07500,2.52511,8
FRGR04066200,FR,46.85298,2.82539,5
FRGR04066500,FR,47.03923,2.43457,6
FRGR04067200,FR,47.18713,2.16883,3
FRGR04067240,FR,47.20755,2.18482,2
FRGR04067319,FR,46.68046,2.18792,3
FRGR04067350,FR,47.02717,2.06639,9
FRGR04067400,FR,47.00607,2.02750,5
FRGR04067625,FR,46.86804,1.95028,6
FRGR04067700,FR,47.16203,2.02894,8
FRGR04068200,FR,47.26027,1.65687,4
FRGR04068470,FR,47.30452,2.46956,4
FRGR04068550,FR,47.44670,2.30476,6
FRGR04068800,FR,47.43262,2.06735,2
FRGR04068925,FR,47.34559,2.05651,2
FRGR04070000,FR,47.32060,1.67080,4
FRGR04070208,FR,47.23139,1.68728,1
FRGR04070211,FR,47.21941,1.67752,4
FRGR04070215,FR,47.00778,1.45746,4
FRGR04070230,FR,47.22020,1.65226,6
FRGR04070300,FR,47.27094,1.37520,3
FRGR04072000,FR,47.34825,0.54431,6
FRGR04072150,FR,47.33391,0.34112,3
FRGR04072840,FR,46.55139,2.02055,7
FRGR04073500,FR,46.83451,1.68918,3
FRGR04074000,FR,46.80240,1.63236,12
FRGR04074200,FR,46.90390,1.40738,1
FRGR04074300,FR,47.06000,1.08806,5
FRGR04074647,FR,47.24752,0.81875,3
FRGR04075000,FR,47.28201,0.38812,9
FRGR04075500,FR,47.23758,0.16095,4
FRGR04075700,FR,45.69366,2.07637,4
FRGR04075882,FR,45.78502,1.55295,1
FRGR04075887,FR,45.84866,1.80451,5
FRGR04076000,FR,45.86330,1.43912,5
FRGR04076100,FR,45.80047,2.03311,1
FRGR04076420,FR,45.98779,1.86725,2
FRGR04077200,FR,45.96387,1.56693,1
FRGR04078100,FR,45.86035,1.32667,8
FRGR04079050,FR,45.61015,1.59254,2
FRGR04079210,FR,45.58693,1.51588,1
FRGR04079600,FR,45.76856,1.22415,4
FRGR04079700,FR,45.79865,1.15494,2
FRGR04079750,FR,45.77238,1.12932,1
FRGR04079800,FR,45.84150,1.09809,2
FRGR04080830,FR,45.92840,1.04482,1
FRGR04080950,FR,45.84307,0.88767,5
FRGR04081300,FR,45.87507,0.71995,1
FRGR04082000,FR,45.99284,0.64923,2
FRGR04082375,FR,46.34606,0.71915,4
FRGR04082500,FR,46.50901,0.63323,8
FRGR04082550,FR,46.32354,0.27161,9
FRGR04082740,FR,46.46174,0.08066,3
FRGR04082930,FR,46.56912,0.30314,7
FRGR04083000,FR,46.56223,0.32937,2
FRGR04084650,FR,46.63623,0.36265,2
FRGR04085500,FR,46.75208,0.49851,12
FRGR04086060,FR,46.70041,0.69747,2
FRGR04086320,FR,46.81225,0.49470,2
FRGR04086500,FR,47.00452,0.56747,8
FRGR04087700,FR,46.14907,1.92543,3
FRGR04089000,FR,46.37818,1.67920,1
FRGR04089200,FR,46.34202,2.14452,2
FRGR04089300,FR,46.31923,2.12419,3
FRGR04090000,FR,46.38577,1.68940,2
FRGR04090500,FR,46.37755,1.61156,6
FRGR04090800,FR,46.54137,1.75923,4
FRGR04091250,FR,46.68593,1.63636,2
FRGR04091400,FR,46.63685,1.38652,8
FRGR04092000,FR,46.64731,1.03077,6
FRGR04092550,FR,46.07193,1.92267,1
FRGR04092800,FR,46.17562,1.62531,2
FRGR04093500,FR,46.11766,1.33838,1
FRGR04093800,FR,46.15082,1.14215,1
FRGR04094200,FR,46.01214,1.22270,1
FRGR04095100,FR,46.18404,0.94842,5
FRGR04095190,FR,46.25173,0.99888,2
FRGR04096100,FR,46.49044,0.83730,3
FRGR04096105,FR,46.40207,1.38841,5
FRGR04096360,FR,46.42664,1.11550,2
FRGR04096400,FR,46.35527,1.12977,4
FRGR04096430,FR,46.56873,1.09301,2
FRGR04096665,FR,46.76627,0.84186,5
FRGR04096800,FR,46.94170,0.70993,6
FRGR04097050,FR,47.04132,0.79102,5
FRGR04097200,FR,47.00615,0.60017,6
FRGR04097705,FR,46.97473,0.37517,2
FRGR04098200,FR,47.21082,0.07810,2
FRGR04099960,FR,46.91626,-0.19288,4
FRGR04100000,FR,46.95256,-0.19154,5
FRGR04100940,FR,46.93356,-0.52308,1
FRGR04100980,FR,46.90499,-0.49136,3
FRGR04101400,FR,46.95910,-0.42942,2
FRGR04101500,FR,46.99759,-0.35665,2
FRGR04101700,FR,46.83313,-0.01021,3
FRGR04102400,FR,47.16889,-0.07411,8
FRGR04102500,FR,47.21547,-0.08005,2
FRGR04103200,FR,47.40662,-0.31864,4
FRGR04103500,FR,47.27528,0.11209,2
FRGR04103950,FR,47.37969,-0.14288,8
FRGR04104200,FR,47.45338,-0.24500,2
FRGR04104500,FR,47.43041,-0.47180,3
FRGR04105680,FR,48.20596,1.12750,3
FRGR04105800,FR,48.11025,1.37298,4
FRGR04106000,FR,48.06747,1.29045,4
FRGR04108000,FR,47.79759,1.02674,5
FRGR04108050,FR,47.81075,0.95874,2
FRGR04108285,FR,48.04002,0.77662,2
FRGR04108425,FR,47.90548,0.62421,8
FRGR04108440,FR,47.78178,0.72029,5
FRGR04108500,FR,47.66850,0.39769,3
FRGR04108530,FR,47.58792,0.32245,5
FRGR04108736,FR,47.73924,0.18870,7
FRGR04110000,FR,47.64033,-0.30219,4
FRGR04110700,FR,48.63145,0.46830,1
FRGR04111000,FR,48.43530,0.11582,2
FRGR04112200,FR,48.38584,-0.02330,5
FRGR04113050,FR,48.27328,-0.20279,2
FRGR04113250,FR,48.25450,0.04587,3
FRGR04113800,FR,48.17880,0.12268,3
FRGR04114100,FR,48.27230,0.38753,4
FRGR04114500,FR,48.18527,0.22439,1
FRGR04115200,FR,48.07029,0.18949,6
FRGR04115500,FR,48.06165,0.15665,1
FRGR04115675,FR,48.40385,0.87107,3
FRGR04115750,FR,48.34501,0.87433,5
FRGR04115760,FR,48.34032,0.87260,2
FRGR04116800,FR,48.22834,0.67423,4
FRGR04118000,FR,47.99666,0.23608,4
FRGR04119000,FR,47.91297,0.14428,1
FRGR04119220,FR,48.03095,-0.11100,4
FRGR04119750,FR,48.08407,-0.36596,8
FRGR04123100,FR,48.47261,-0.14619,4
FRGR04123750,FR,48.44535,-0.58603,5
FRGR04123760,FR,48.69012,-0.74410,4
FRGR04123800,FR,48.47162,-0.65741,3
FRGR04124850,FR,48.28156,-0.62923,2
FRGR04124875,FR,48.28539,-0.37745,4
FRGR04125500,FR,48.32865,-0.94822,2
FRGR04127000,FR,48.03357,-0.70526,3
FRGR04128050,FR,47.97089,-0.70750,5
FRGR04128490,FR,47.86893,-0.69724,4
FRGR04130500,FR,47.93460,-0.92785,4
FRGR04131200,FR,47.79353,-0.93207,8
FRGR04131550,FR,47.64569,-0.86609,7
FRGR04132000,FR,47.66780,-0.76518,6
FRGR04132500,FR,47.54032,-0.61381,5
FRGR04132800,FR,47.49702,-0.61114,2
FRGR04133000,FR,47.42130,-0.60705,4
FRGR04133200,FR,47.07852,-0.44707,3
FRGR04133960,FR,47.30246,-0.62124,4
FRGR04134000,FR,47.31625,-0.63167,1
FRGR04134700,FR,47.39273,-0.86074,8
FRGR04135000,FR,47.36067,-1.03687,2
FRGR04136600,FR,47.30258,-1.33000,6
FRGR04137900,FR,46.75681,-0.62973,5
FRGR04137993,FR,46.78881,-0.73097,1
FRGR04139050,FR,46.92348,-0.87362,1
FRGR04139280,FR,46.97579,-0.89217,3
FRGR04143000,FR,47.09718,-1.21073,2
FRGR04143150,FR,47.13687,-1.33014,4
FRGR04143500,FR,46.90390,-1.15827,4
FRGR04145000,FR,47.12540,-1.41463,9
FRGR04146000,FR,47.16497,-1.48225,5
FRGR04146500,FR,47.46521,-1.48211,2
FRGR04146600,FR,47.43163,-1.52819,5
FRGR04146840,FR,47.29292,-1.56789,4
FRGR04148590,FR,47.03672,-1.60241,2
FRGR04150500,FR,46.98883,-1.80925,4
FRGR04150830,FR,46.77898,-1.54254,7
FRGR04151500,FR,46.78830,-1.88076,3
FRGR04152000,FR,46.73503,-1.87389,3
FRGR04152500,FR,46.69036,-1.66348,7
FRGR04153100,FR,46.57920,-1.72092,4
FRGR04153300,FR,46.51144,-1.51978,4
FRGR04153600,FR,46.75027,-0.95159,3
FRGR04153700,FR,46.66943,-0.97138,2
FRGR04154050,FR,46.68975,-1.11613,5
FRGR04154200,FR,46.52792,-1.12119,9
FRGR04155500,FR,46.46885,-1.28969,8
FRGR04156200,FR,46.63344,-0.65778,4
FRGR04158800,FR,46.34773,-0.09032,2
FRGR04159100,FR,46.38664,-0.24354,3
FRGR04160100,FR,46.31503,-0.54191,1
FRGR04160250,FR,46.49660,-0.48270,4
FRGR04160400,FR,46.31842,-0.97199,8
FRGR04161595,FR,48.37566,-1.19673,2
FRGR04162300,FR,48.36910,-1.50300,4
FRGR04162958,FR,48.42795,-1.43590,3
FRGR04163000,FR,48.49121,-1.49061,7
FRGR04163050,FR,48.51948,-1.58505,4
FRGR04164758,FR,48.25201,-2.33304,2
FRGR04164850,FR,48.30422,-2.11442,1
FRGR04165800,FR,48.37814,-1.89553,2
FRGR04167750,FR,48.55088,-2.53039,4
FRGR04167815,FR,48.35931,-2.52855,3
FRGR04168140,FR,48.48467,-2.56846,1
FRGR04171450,FR,48.70616,-3.06906,5
FRGR04171670,FR,48.44175,-3.09533,4
FRGR04172030,FR,48.62730,-3.14013,5
FRGR04172060,FR,48.67956,-3.15993,6
FRGR04172570,FR,48.78352,-3.25387,7
FRGR04173100,FR,48.69510,-3.42298,3
FRGR04173200,FR,48.64720,-3.57787,1
FRGR04173405,FR,48.78749,-3.43704,4
FRGR04173737,FR,48.60806,-3.76805,1
FRGR04174250,FR,48.56617,-3.83646,4
FRGR04174660,FR,48.61584,-4.07647,3
FRGR04175100,FR,48.54997,-4.38949,4
FRGR04175450,FR,48.52414,-4.40638,3
FRGR04177250,FR,48.42180,-4.51504,2
FRGR04178000,FR,48.46935,-4.21567,9
FRGR04178103,FR,48.38683,-4.21475,3
FRGR04178455,FR,48.34022,-3.68021,9
FRGR04178486,FR,48.35418,-3.87226,2
FRGR04178650,FR,48.25426,-3.71043,1
FRGR04179000,FR,48.26228,-3.60822,2
FRGR04179500,FR,48.19143,-4.07679,6
FRGR04179565,FR,48.29399,-3.94942,6
FRGR04179690,FR,48.07998,-4.27068,2
FRGR04180100,FR,48.03930,-4.47369,2
FRGR04181960,FR,48.00166,-3.89445,7
FRGR04182000,FR,48.00587,-4.06363,3
FRGR04184195,FR,47.88381,-3.87512,2
FRGR04184830,FR,47.90768,-3.75184,4
FRGR04184950,FR,47.88265,-3.73203,3
FRGR04186700,FR,47.92813,-3.61791,4
FRGR04187525,FR,48.01443,-3.47337,5
FRGR04187710,FR,48.01822,-3.50059,8
FRGR04188000,FR,47.90424,-3.46904,4
FRGR04190000,FR,47.90552,-3.41937,6
FRGR04190650,FR,48.39158,-3.25106,7
FRGR04191410,FR,48.12166,-2.99517,3
FRGR04192550,FR,48.00797,-3.12892,5
FRGR04192830,FR,47.90090,-2.97460,6
FRGR04192950,FR,47.85580,-2.91811,2
FRGR04194000,FR,47.84572,-3.21383,9
FRGR04194500,FR,47.74999,-3.18397,3
FRGR04195000,FR,47.72173,-2.99019,4
FRGR04195400,FR,48.32233,-2.96521,3
FRGR04195950,FR,48.11382,-2.75487,5
FRGR04196008,FR,48.11363,-2.65281,2
FRGR04196095,FR,48.34888,-2.77255,5
FRGR04196449,FR,47.98432,-2.64042,3
FRGR04196950,FR,47.99460,-2.36883,2
FRGR04197600,FR,47.92476,-2.45682,2
FRGR04197818,FR,47.91905,-2.54876,4
FRGR04199078,FR,47.78194,-2.39895,4
FRGR04199200,FR,47.74564,-2.26501,5
FRGR04199370,FR,47.98143,-2.15837,3
FRGR04199490,FR,47.82910,-2.07384,2
FRGR04199865,FR,47.71690,-2.43176,5
FRGR04200595,FR,48.18658,-1.05846,7
FRGR04201185,FR,48.25821,-1.13954,6
FRGR04204300,FR,48.12293,-1.56266,6
FRGR04205500,FR,48.29628,-1.67258,1
FRGR04205605,FR,48.24980,-1.48575,4
FRGR04207400,FR,48.18084,-1.77993,8
FRGR04209000,FR,48.06657,-1.84742,4
FRGR04209990,FR,48.00267,-1.77398,6
FRGR04210800,FR,48.03035,-1.57913,3
FRGR04211000,FR,48.02303,-1.70746,1
FRGR04212700,FR,47.89870,-1.71412,4
FRGR04214000,FR,47.71822,-1.41267,2
FRGR04214295,FR,47.72238,-1.69244,6
FRGR04214495,FR,47.69962,-1.78568,3
FRGR04215485,FR,47.62174,-1.79758,1
FRGR04215750,FR,47.67204,-2.03515,6
FRGR04215800,FR,47.49694,-1.92546,4
FRGR04216000,FR,47.58034,-2.12601,13
FRGR04217100,FR,47.56525,-2.58262,2
FRHR03001000,FR,47.76421,4.57099,8
FRHR03002100,FR,47.94290,4.50755,9
FRHR03002900,FR,48.03236,4.37496,10
FRHR03004280,FR,48.10775,4.30985,9
FRHR03004349,FR,48.20404,4.18667,6
FRHR03006000,FR,48.50739,3.88981,10
FRHR03006268,FR,47.76661,4.90138,8
FRHR03006271,FR,47.72900,4.86476,4
FRHR03006590,FR,47.99875,4.61480,8
FRHR03008505,FR,48.22764,4.30048,8
FRHR03011300,FR,48.54866,3.68026,5
FRHR03011840,FR,48.46614,3.58810,9
FRHR03012100,FR,48.47711,3.43326,11
FRHR03013300,FR,48.48703,3.23546,5
FRHR03013660,FR,48.44092,3.17337,7
FRHR03014000,FR,48.38882,2.95966,16
FRHR03014130,FR,47.77766,5.08042,4
FRHR03015000,FR,48.14407,4.79547,5
FRHR03017900,FR,48.39181,4.46142,8
FRHR03018951,FR,48.53038,4.23436,1
FRHR03020145,FR,48.53676,4.06382,5
FRHR03020650,FR,48.67973,3.87037,7
FRHR03021000,FR,48.57322,3.77745,13
FRHR03022000,FR,48.15372,4.80477,8
FRHR03022445,FR,48.52333,4.74802,9
FRHR03023000,FR,48.44860,4.49131,6
FRHR03024245,FR,47.02871,3.96920,6
FRHR03024392,FR,47.17704,3.78726,10
FRHR03024840,FR,47.38100,3.61232,9
FRHR03025238,FR,47.39892,3.49416,11
FRHR03025368,FR,47.42094,3.37171,7
FRHR03025919,FR,47.53542,3.45311,7
FRHR03027000,FR,47.64290,3.66404,9
FRHR03029000,FR,47.92642,3.51952,3
FRHR03029530,FR,47.91743,3.23620,7
FRHR03032000,FR,48.38743,2.95947,6
FRHR03032675,FR,47.45107,4.03306,6
FRHR03033200,FR,47.35408,3.96381,6
FRHR03033240,FR,47.19598,3.97405,14
FRHR03034000,FR,47.66272,3.70917,9
FRHR03034720,FR,47.46607,4.12837,6
FRHR03035455,FR,47.73226,3.93964,9
FRHR03036070,FR,47.91207,3.71299,6
FRHR03036510,FR,47.43124,4.37156,5
FRHR03037480,FR,47.88656,4.08657,9
FRHR03037650,FR,47.91321,3.93881,9
FRHR03039000,FR,47.95601,3.53181,5
FRHR03040250,FR,47.53466,4.53974,6
FRHR03041247,FR,48.05640,4.01940,3
FRHR03042820,FR,47.93834,3.35501,8
FRHR03043450,FR,48.24983,3.82174,7
FRHR03044170,FR,48.21179,3.74365,12
FRHR03044580,FR,48.23218,3.53638,8
FRHR03047445,FR,48.38700,2.47943,15
FRHR03048000,FR,48.53752,2.54785,5
FRHR03050000,FR,48.63278,2.46575,5
FRHR03051500,FR,48.55888,2.74098,13
FRHR03052245,FR,47.94768,2.78614,9
FRHR03052338,FR,47.85937,2.71321,7
FRHR03053310,FR,48.05851,2.91475,6
FRHR03054000,FR,48.18303,2.72830,10
FRHR03056087,FR,47.83839,3.10576,7
FRHR03057000,FR,47.94822,2.84644,8
FRHR03057720,FR,48.11057,2.63684,5
FRHR03059000,FR,48.29542,2.78205,5
FRHR03063000,FR,48.71830,2.41491,10
FRHR03066000,FR,48.36018,2.38307,9
FRHR03068100,FR,48.29183,2.09726,8
FRHR03069000,FR,48.53741,2.37326,7
FRHR03071080,FR,48.53290,2.07011,7
FRHR03073000,FR,48.67090,2.35505,6
FRHR03076000,FR,48.70500,2.03760,13
FRHR03078110,FR,48.65095,2.90343,9
FRHR03079622,FR,48.72039,2.54303,13
FRHR03079850,FR,48.71082,2.46452,7
FRHR03082000,FR,48.86628,2.22911,8
FRHR03084470,FR,48.94445,2.15775,5
FRHR03085730,FR,48.01842,5.24937,7
FRHR03086100,FR,48.18292,5.16142,6
FRHR03088800,FR,48.54846,5.07459,7
FRHR03090470,FR,48.51447,4.93098,9
FRHR03091000,FR,48.70067,4.58741,5
FRHR03093900,FR,48.20970,5.31611,14
FRHR03095000,FR,48.34373,5.16519,9
FRHR03096100,FR,48.73585,5.04020,12
FRHR03096650,FR,48.76755,4.68053,8
FRHR03098000,FR,48.74569,4.62580,8
FRHR03099490,FR,48.66596,5.33517,4
FRHR03102000,FR,48.79966,4.88750,4
FRHR03103370,FR,48.92750,4.35505,11
FRHR03104000,FR,48.99602,4.24257,7
FRHR03104450,FR,48.91096,4.09804,9
FRHR03105500,FR,49.08077,3.79790,7
FRHR03105946,FR,49.09244,3.67448,8
FRHR03108098,FR,49.00007,3.36895,5
FRHR03109000,FR,48.94462,3.12534,5
FRHR03112480,FR,48.81689,2.41961,13
FRHR03112710,FR,49.00893,3.56980,4
FRHR03114000,FR,48.91529,3.15913,11
FRHR03115000,FR,49.18717,3.26889,9
FRHR03115860,FR,49.11178,3.09480,10
FRHR03116720,FR,48.78300,3.44478,4
FRHR03118300,FR,48.82934,2.90327,7
FRHR03122008,FR,48.74596,2.22946,8
FRHR03125000,FR,48.93627,2.03821,3
FRHR03127370,FR,49.02825,1.61844,8
FRHR03128270,FR,49.92213,4.15946,10
FRHR03128935,FR,49.89542,4.02407,8
FRHR03129020,FR,49.91017,3.82798,2
FRHR03130490,FR,49.78055,3.39926,7
FRHR03131000,FR,49.62294,3.28231,3
FRHR03133000,FR,49.53502,2.96987,6
FRHR03133937,FR,49.43981,2.85289,10
FRHR03134000,FR,49.39830,2.78708,4
FRHR03134730,FR,49.27060,2.85001,5
FRHR03136000,FR,49.30366,2.60668,7
FRHR03138000,FR,49.15149,2.29531,7
FRHR03138390,FR,49.20035,2.20317,14
FRHR03138800,FR,49.08436,2.20404,2
FRHR03140400,FR,49.08749,1.98538,12
FRHR03142520,FR,49.49280,3.36325,8
FRHR03143225,FR,49.73452,4.25924,8
FRHR03144475,FR,49.73742,3.74043,9
FRHR03144945,FR,49.70916,3.52759,11
FRHR03145290,FR,48.91130,5.07942,4
FRHR03145985,FR,49.10201,4.87078,5
FRHR03148220,FR,49.44042,4.76534,6
FRHR03149081,FR,49.48012,4.57904,10
FRHR03149353,FR,49.58414,4.30719,7
FRHR03149630,FR,49.49083,4.15718,8
FRHR03149900,FR,49.42334,4.16275,4
FRHR03152000,FR,49.39858,3.47519,5
FRHR03153950,FR,49.37996,3.18886,4
FRHR03156000,FR,49.43586,2.87708,10
FRHR03156350,FR,49.07451,5.12087,4
FRHR03156580,FR,49.23021,5.03445,6
FRHR03156995,FR,49.34036,4.87209,10
FRHR03157485,FR,49.23757,4.40851,5
FRHR03160000,FR,49.21552,4.09529,9
FRHR03162000,FR,49.37361,3.47963,13
FRHR03162240,FR,49.41500,2.35699,14
FRHR03163750,FR,49.54661,1.98209,8
FRHR03164180,FR,49.43232,1.93668,7
FRHR03165020,FR,49.39934,2.18113,3
FRHR03166050,FR,49.26198,2.37807,5
FRHR03167000,FR,49.12606,2.17151,9
FRHR03168690,FR,48.81316,1.86096,7
FRHR03170100,FR,48.89425,1.86780,13
FRHR03171880,FR,48.92745,1.69203,10
FRHR03174000,FR,49.31014,1.23665,6
FRHR03174695,FR,49.53303,1.68671,8
FRHR03175000,FR,49.40214,1.71085,11
FRHR03176945,FR,49.27224,1.73524,3
FRHR03178000,FR,49.11997,1.64517,8
FRHR03180100,FR,49.35337,1.32536,7
FRHR03187000,FR,48.44865,1.29123,11
FRHR03190300,FR,48.84331,1.38051,7
FRHR03191700,FR,49.10300,1.24048,10
FRHR03193520,FR,48.64956,1.23710,8
FRHR03194620,FR,48.72853,1.01027,14
FRHR03197000,FR,48.76481,0.76174,10
FRHR03198530,FR,48.96346,0.95400,6
FRHR03199200,FR,49.08017,1.15186,7
FRHR03202250,FR,49.50839,1.03695,9
FRHR03204000,FR,49.48478,0.87374,12
FRHR03205000,FR,49.52366,0.75133,9
FRHR03207020,FR,49.50632,0.53633,10
FRHR03208000,FR,49.94840,1.59537,7
FRHR03212090,FR,49.88161,1.13885,7
FRHR03214240,FR,49.73106,1.09996,3
FRHR03216000,FR,49.88272,0.95281,6
FRHR03217000,FR,49.83129,0.62771,8
FRHR03217400,FR,49.74394,0.47930,9
FRHR03219780,FR,48.83888,0.72321,5
FRHR03221500,FR,49.15317,0.72908,6
FRHR03223200,FR,49.01468,0.55121,7
FRHR03226300,FR,49.10456,0.21566,7
FRHR03226540,FR,49.06944,0.32377,6
FRHR03227100,FR,49.16568,0.27389,6
FRHR03227296,FR,49.17607,0.17091,9
FRHR03228690,FR,48.85634,-0.01654,9
FRHR03231000,FR,49.18314,-0.16370,7
FRHR03231065,FR,49.11120,-0.15288,5
FRHR03231490,FR,49.23702,-0.07259,6
FRHR03232450,FR,49.05722,0.11503,8
FRHR03233980,FR,48.75365,0.10038,5
FRHR03234215,FR,48.74725,-0.06226,8
FRHR03234650,FR,48.74088,-0.17528,9
FRHR03236395,FR,48.95569,-0.48685,12
FRHR03240100,FR,48.66921,-0.30622,6
FRHR03241590,FR,48.93605,-0.67189,8
FRHR03241957,FR,48.85742,-0.48892,5
FRHR03245100,FR,49.08490,-0.37916,10
FRHR03246000,FR,49.29069,-0.53177,5
FRHR03246300,FR,49.30317,-0.46516,6
FRHR03246920,FR,49.23981,-0.69492,16
FRHR03247210,FR,49.09051,-0.88068,6
FRHR03248401,FR,48.78463,-0.82833,5
FRHR03250430,FR,48.94704,-0.88897,8
FRHR03250475,FR,48.93426,-0.96516,5
FRHR03250797,FR,48.99826,-1.06257,8
FRHR03253780,FR,49.49773,-1.55685,8
FRHR03254370,FR,49.35783,-1.37149,13
FRHR03254770,FR,49.39926,-1.36553,5
FRHR03255180,FR,49.11530,-1.39253,9
FRHR03255650,FR,49.17798,-1.24766,8
FRHR03257800,FR,49.61123,-1.40590,9
FRHR03264000,FR,49.20284,-1.47523,2
FRHR03264965,FR,49.03687,-1.40527,7
FRHR03265600,FR,48.93258,-1.29724,11
FRHR03265993,FR,48.89783,-1.38789,8
FRHR03269438,FR,48.70104,-0.90164,8
FRHR03271000,FR,48.69649,-1.34836,7
FRHR03271415,FR,48.61952,-0.94180,5
FRHR03271965,FR,48.55215,-1.07696,8
FRHR03272685,FR,48.59571,-1.29379,2
HR10001,HR,45.04049,18.69592,2
HR10010,HR,45.26881,16.91547,3
HR10017,HR,45.86245,15.68806,1
HR10100,HR,44.85132,18.95954,3
HR12000,HR,45.26654,18.77175,4
HR14001,HR,45.26159,16.91287,4
HR15351,HR,45.62653,16.55835,1
HR16002,HR,45.44907,16.26086,2
HR16008,HR,45.64526,15.35644,4
HR21012,HR,45.70867,18.29429,7
HR25071,HR,45.38091,18.96729,3
HR29010,HR,45.87471,18.82924,4
HR29020,HR,45.23060,19.37897,4
HR29111,HR,45.78311,18.20061,2
HR29120,HR,45.94547,17.46169,6
HR29130,HR,46.24131,16.93828,6
HR29160,HR,46.40282,16.15485,6
HR29210,HR,46.42017,16.69367,7
HR30060,HR,45.32504,14.44852,5
HR31010,HR,45.35755,13.73778,1
HR31020,HR,,,1
HR31024,HR,45.09540,14.02406,3
HR31040,HR,45.45271,13.65463,8
HR40111,HR,43.43679,16.75835,1
HR40135,HR,43.53180,16.74740,1
HR40208,HR,44.16197,15.85769,1
HR40416,HR,44.03522,16.18968,7
HR40421,HR,43.80217,15.96651,13
HRRV-10007,HR,45.10190,17.73680,3
HRRV-15353,HR,45.83910,16.82710,3
HRRV-16333,HR,45.06360,15.74560,1
HRRV-30011,HR,45.49970,14.70550,4
HRRV-31070,HR,45.24760,13.97070,4
HRRV-40121,HR,43.54250,16.52730,5
HRRV-40424,HR,43.85200,16.15490,1
HRRV-40502,HR,43.43120,17.20000,2
HU01FF61,HU,47.60290,18.38100,3
HU02FF32,HU,47.37720,18.96800,4
HU04FB36,HU,46.90810,17.81830,2
HU04FF12,HU,46.74990,18.53220,5
HU04FF20,HU,46.38750,18.66440,4
HU04FF23,HU,47.16930,18.33900,2
HU04FF60,HU,46.79400,17.40830,1
HU05FB70,HU,46.77400,17.63310,1
HU05FF13,HU,45.83360,18.07900,6
HU05FF23,HU,46.69880,17.38110,3
HU05FF25,HU,46.80130,17.74530,4
HU05FF26,HU,46.85130,17.88160,5
HU06FF12,HU,46.72800,17.12220,5
HU06FF34,HU,46.86520,16.77180,2
HU06FF37,HU,46.35240,16.88420,4
HU07FF07,HU,47.97520,22.83630,4
HU08FF20,HU,48.10110,20.78410,1
HU08FF38,HU,48.39990,21.66590,2
HU08FF95,HU,48.15520,21.37450,1
HU09FF07,HU,47.20840,21.54120,1
HU09FF08,HU,47.01340,21.17870,1
HU09FF11,HU,47.89880,21.32810,3
HU100356712,HU,47.13010,18.03676,2
HU101178151,HU,47.79191,17.65101,4
HU101178210,HU,46.81055,18.93333,8
HU101178232,HU,45.90876,18.81420,6
HU101178243,HU,47.79846,17.48157,6
HU101178265,HU,47.94512,17.10386,2
HU101178276,HU,47.58957,16.87579,3
HU101178313,HU,47.44281,16.68078,3
HU101178324,HU,46.95367,16.26726,3
HU101178357,HU,47.67656,17.61960,2
HU101178368,HU,46.95942,16.27257,3
HU101178379,HU,47.40171,16.53269,3
HU101178391,HU,47.20984,16.44093,4
HU101178405,HU,47.28876,17.21247,2
HU101178427,HU,47.72416,18.01424,4
HU101178461,HU,47.75067,18.69152,2
HU101178472,HU,48.24138,19.61619,2
HU101178494,HU,47.88630,18.76326,4
HU101178531,HU,45.97442,19.05108,4
HU101178542,HU,45.94461,18.89577,4
HU101178830,HU,46.37964,18.72036,5
HU101178874,HU,46.68386,18.44236,5
HU101178885,HU,46.33722,18.15004,4
HU101178896,HU,46.62753,18.28688,2
HU101179011,HU,46.41927,16.69368,3
HU101179033,HU,46.24260,16.93801,3
HU101179044,HU,45.78351,18.20036,3
HU101179055,HU,46.03933,17.35297,3
HU101179077,HU,45.81868,18.08142,2
HU101179088,HU,48.10422,22.82968,5
HU101179103,HU,48.17687,21.54954,1
HU101179125,HU,47.64057,20.72738,1
HU101179170,HU,46.18551,20.10484,5
HU101179192,HU,47.84105,22.69222,3
HU101179206,HU,47.78652,22.40249,2
HU101179217,HU,48.09325,21.64079,2
HU101179228,HU,48.34922,21.68046,1
HU101179251,HU,48.28289,20.33961,2
HU101179295,HU,48.25991,20.36109,1
HU101179309,HU,48.56615,20.84538,3
HU101179310,HU,48.24921,20.74833,3
HU101179332,HU,48.50408,21.26451,1
HU101179343,HU,48.10798,20.96088,6
HU101179354,HU,48.51596,21.25175,2
HU101179365,HU,47.69670,20.68615,3
HU101179446,HU,47.29246,20.09191,1
HU101179457,HU,47.85392,20.21672,3
HU101179479,HU,47.63444,21.37282,4
HU101179480,HU,47.27641,21.80324,5
HU101179527,HU,47.44514,21.16964,3
HU101179550,HU,46.62902,21.33484,2
HU101179561,HU,46.69384,21.43007,4
HU101179583,HU,47.02024,21.65611,3
HU101179594,HU,46.85374,21.07839,2
HU101179631,HU,46.20319,20.45380,6
HU101179860,HU,46.16107,20.70191,2
HU101179871,HU,46.76067,20.20891,4
HU101180017,HU,46.72931,17.77667,1
HU101180198,HU,45.95146,17.44209,2
HU101845390,HU,47.70696,17.37861,4
HU101845507,HU,47.75868,18.91194,1
HU101845873,HU,47.61962,19.08594,1
HU101846168,HU,46.03002,19.19055,1
HU101846238,HU,48.06496,22.52108,2
HU101846593,HU,48.47905,20.60905,1
HU101846858,HU,47.76971,19.91519,1
HU101847431,HU,46.22038,17.37248,1
HU101847501,HU,46.61739,16.45089,1
HU102087074,HU,47.83150,18.85418,3
HU102090144,HU,47.30055,21.87420,2
HU102138871,HU,47.99871,18.90208,1
HU10FF40,HU,47.55300,20.00660,3
HU12FF07,HU,46.93750,20.77190,1
HU12FF11,HU,46.80070,21.13520,1
IE01E020300,IE,54.85890,-7.96949,1
IEMRRS01E020300,IE,54.85868,-7.96945,1
IEMRRS01M010100,IE,54.75169,-7.90996,1
IEMRRS01S020200,IE,54.86632,-8.06464,1
IEMRRS06B010100,IE,54.02455,-6.24279,3
IEMRRS06F010650,IE,54.00436,-6.57881,3
IEMRRS06W010500,IE,53.84238,-6.39461,4
IEMRRS07A010100,IE,53.65829,-6.94934,1
IEMRRS07B040200,IE,53.35739,-7.04540,1
IEMRRS07B042100,IE,53.70376,-6.54104,5
IEMRRS08N010700,IE,53.67078,-6.28377,1
IEMRRS09D010900,IE,53.31828,-6.23355,1
IEMRRS09L010250,IE,53.18398,-6.46941,2
IEMRRS09L012100,IE,53.35996,-6.44620,6
IEMRRS10A040800,IE,52.88510,-6.23344,4
IEMRRS10D010250,IE,53.20056,-6.12781,2
IEMRRS10G010200,IE,53.17069,-6.20130,3
IEMRRS10G050200,IE,53.00739,-6.34481,1
IEMRRS10V010300,IE,53.00582,-6.08451,2
IEMRRS11B020300,IE,52.64604,-6.28762,1
IEMRRS12C030200,IE,52.63813,-6.67595,1
IEMRRS12D020700,IE,52.72312,-6.55307,1
IEMRRS12D030200,IE,52.72059,-6.75049,1
IEMRRS12S020400,IE,52.98460,-6.65711,4
IEMRRS12U010200,IE,52.54189,-6.71880,1
IEMRRS14B011000,IE,53.14612,-7.07043,2
IEMRRS14B013500,IE,52.53952,-6.95434,2
IEMRRS14B050100,IE,52.71162,-6.82759,2
IEMRRS14G030300,IE,52.63233,-6.99348,2
IEMRRS14G040350,IE,52.96082,-6.84710,3
IEMRRS14T020390,IE,53.10332,-6.94085,1
IEMRRS15B010200,IE,52.91611,-7.37533,1
IEMRRS15D020800,IE,52.71530,-7.29156,1
IEMRRS15G010200,IE,52.50849,-7.28639,1
IEMRRS15N010300,IE,52.93344,-7.68733,2
IEMRRS15N012400,IE,52.50057,-7.09146,1
IEMRRS15N020100,IE,52.72367,-7.46395,1
IEMRRS16A010900,IE,52.41715,-7.97524,6
IEMRRS16A020600,IE,52.47008,-7.53885,1
IEMRRS16A030600,IE,52.43957,-8.03755,4
IEMRRS16D030100,IE,52.26593,-8.11879,3
IEMRRS16M021100,IE,52.51520,-7.99168,2
IEMRRS16N010100,IE,52.26760,-7.70935,1
IEMRRS16S020200,IE,52.80388,-7.80660,1
IEMRRS16S022700,IE,52.36023,-7.58064,3
IEMRRS17M010350,IE,52.15990,-7.38235,2
IEMRRS18A051300,IE,52.15586,-8.45255,2
IEMRRS18B020200,IE,52.09466,-9.20778,5
IEMRRS18B021900,IE,52.14904,-8.51526,3
IEMRRS18B022600,IE,52.14124,-7.93051,1
IEMRRS18B050500,IE,52.08031,-8.17804,4
IEMRRS18D010200,IE,52.20721,-9.00956,3
IEMRRS18L010100,IE,52.02204,-7.70488,4
IEMRRS19G010200,IE,52.01021,-8.48259,1
IEMRRS19L030700,IE,51.89691,-8.56797,4
IEMRRS19M010600,IE,51.93008,-8.58485,4
IEMRRS19W011300,IE,51.90555,-8.01496,1
IEMRRS20A020200,IE,51.66051,-8.79293,2
IEMRRS20B020600,IE,51.73653,-8.89674,1
IEMRRS21O070400,IE,51.73504,-9.41361,1
IEMRRS22F020300,IE,52.04778,-9.50632,4
IEMRRS22L010200,IE,52.07482,-9.63202,1
IEMRRS22M010700,IE,52.18444,-9.62224,3
IEMRRS22O030400,IE,51.98051,-9.62494,4
IEMRRS22S010100,IE,52.22471,-9.44350,2
IEMRRS23F010500,IE,52.41935,-9.36506,4
IEMRRS24D020400,IE,52.40525,-8.99227,4
IEMRRS24M010900,IE,52.54339,-8.76741,5
IEMRRS25B020800,IE,53.03316,-8.24208,4
IEMRRS25B090760,IE,53.28166,-7.71544,1
IEMRRS25B091100,IE,53.23862,-7.92923,1
IEMRRS25B100100,IE,52.93355,-8.49765,2
IEMRRS25C060500,IE,53.28078,-7.61596,2
IEMRRS25D010100,IE,52.54541,-8.21302,4
IEMRRS25G040025,IE,52.95981,-8.66352,1
IEMRRS25K010700,IE,53.10149,-8.30219,1
IEMRRS25N010300,IE,52.81683,-8.12597,2
IEMRRS25N020200,IE,52.72089,-8.38752,1
IEMRRS25S020700,IE,53.22843,-7.79234,1
IEMRRS25T030400,IE,53.27521,-7.55833,1
IEMRRS26B140200,IE,53.33141,-8.02614,1
IEMRRS26C100400,IE,53.40318,-7.94498,1
IEMRRS26I010100,IE,53.75896,-7.16570,1
IEMRRS26I011350,IE,53.55259,-7.79710,1
IEMRRS26M020500,IE,53.81864,-7.25696,1
IEMRRS26S021800,IE,53.32693,-7.99015,1
IEMRRS26S071100,IE,53.46687,-8.27718,1
IEMRRS27B020800,IE,52.81048,-8.65769,1
IEMRRS27F010100,IE,52.96620,-9.08530,3
IEMRRS27M020700,IE,52.93981,-8.95074,1
IEMRRS28C021400,IE,52.74433,-9.43073,2
IEMRRS28G020200,IE,52.83967,-9.40679,1
IEMRRS29O011000,IE,53.02330,-8.76948,2
IEMRRS30A010500,IE,53.41437,-8.84854,1
IEMRRS30B020100,IE,53.56487,-9.02909,4
IEMRRS30C010800,IE,53.43771,-8.86384,2
IEMRRS30N010300,IE,53.52373,-8.87685,1
IEMRRS30O010200,IE,53.60636,-9.42732,2
IEMRRS30O020100,IE,53.42552,-9.34047,1
IEMRRS30R010600,IE,53.62828,-9.21812,2
IEMRRS31S010570,IE,53.40361,-9.54432,1
IEMRRS33G010100,IE,54.24104,-9.69781,1
IEMRRS34B080400,IE,54.10756,-9.09053,1
IEMRRS34C010200,IE,53.87088,-9.26332,3
IEMRRS34C050030,IE,53.91114,-9.30545,2
IEMRRS34D010300,IE,54.11494,-9.28871,6
IEMRRS34M020050,IE,54.12160,-8.73019,1
IEMRRS34M020650,IE,53.93168,-9.07461,1
IEMRRS34M021100,IE,54.11240,-9.15273,4
IEMRRS34T020200,IE,54.04941,-8.80062,1
IEMRRS35B050100,IE,54.20951,-8.50930,2
IEMRRS35D060200,IE,54.25489,-8.86230,2
IEMRRS35G030100,IE,54.18400,-8.93797,2
IEMRRS35O060900,IE,54.18795,-8.48383,3
IEMRRS36E011100,IE,53.96129,-7.45810,2
IEMRRS36E011400,IE,54.10129,-7.44879,1
IEMRRS36F010500,IE,54.15611,-7.23576,2
IEMRRS36W030700,IE,54.53460,-7.86946,2
IEMRRS37E030300,IE,54.68054,-8.24772,1
IEMRRS38C040300,IE,55.05994,-8.29996,1
IEMRRS38C060100,IE,55.01812,-8.11217,3
IEMRRS38O060300,IE,54.76312,-8.41756,1
IEMRRS39B020600,IE,55.05909,-7.40570,2
IEMRRS39G050100,IE,55.00321,-7.91949,2
IEMRRS39S020050,IE,54.92989,-7.90755,3
IENB-06D010600,IE,53.84850,-6.59452,1
IEWE-30C011300,IE,53.34160,-9.01999,2
IT01-001025,IT,44.70910,7.45639,4
IT01-001057,IT,44.88230,7.68702,1
IT01-001090,IT,45.00000,7.67727,1
IT01-001140,IT,45.10290,7.76257,3
IT01-001220,IT,45.17910,8.09969,1
IT01-007012,IT,45.54890,8.02062,1
IT01-007025,IT,45.45010,8.11264,1
IT01-009030,IT,45.55800,8.07557,1
IT01-009050,IT,45.48990,8.24421,2
IT01-013015,IT,45.67410,8.22148,1
IT01-014018,IT,45.69070,8.31765,2
IT01-014021,IT,45.63670,8.37330,1
IT01-026030,IT,44.35070,7.48259,1
IT01-026045,IT,44.45160,7.63656,2
IT01-028005,IT,44.37250,7.90981,1
IT01-030002,IT,44.80570,7.10332,1
IT01-030008,IT,44.80960,7.27800,1
IT01-037003,IT,44.93590,7.81202,1
IT01-038005,IT,45.11230,7.26832,1
IT01-045030,IT,45.23760,7.74012,1
IT01-046055,IT,44.68490,7.91287,1
IT01-046205,IT,44.94600,8.68997,4
IT01-051004,IT,46.39190,8.41937,1
IT01-052030,IT,45.55640,8.70030,1
IT01-053030,IT,45.68430,8.45941,1
IT01-053045,IT,45.48710,8.58141,2
IT01-053055,IT,45.35310,8.61626,2
IT01-065055,IT,44.75150,8.54433,1
IT01-065075,IT,44.88440,8.63507,1
IT01-415004,IT,45.53640,8.31065,1
IT01-416004,IT,45.54480,8.34199,1
IT01001015,IT,44.70140,7.14991,3
IT01001018,IT,44.65145,7.33282,3
IT01001040,IT,44.78086,7.51308,3
IT01001065,IT,44.90868,7.69077,2
IT01001095,IT,45.06507,7.69993,5
IT01001160,IT,45.17259,7.84901,6
IT01001197,IT,45.17488,7.99742,5
IT01001230,IT,45.17519,8.29232,7
IT01001270,IT,45.05105,8.63204,1
IT01001280,IT,45.04309,8.85141,3
IT01002035,IT,44.88958,8.26996,2
IT01004005,IT,44.77626,8.00863,2
IT01004030,IT,44.89231,8.19653,2
IT01005040,IT,44.71678,8.24056,1
IT01006030,IT,44.87274,8.11843,5
IT01007015,IT,45.52751,8.02230,2
IT01007030,IT,45.39613,8.29372,4
IT01009040,IT,45.54062,8.17874,3
IT01009060,IT,45.39010,8.36540,4
IT01010010,IT,45.70913,8.29905,1
IT01011015,IT,45.62671,8.10824,4
IT01011035,IT,45.55108,8.18233,3
IT01013010,IT,45.69687,8.16567,4
IT01013030,IT,45.70065,8.28723,2
IT01014005,IT,45.79858,8.03186,1
IT01014013,IT,45.77091,8.26402,4
IT01014025,IT,45.37269,8.39976,1
IT01014045,IT,45.19500,8.55203,5
IT01017020,IT,45.22652,8.50823,7
IT01019020,IT,45.17358,8.54062,1
IT01020007,IT,44.40939,7.44124,1
IT01020010,IT,44.50223,7.58211,4
IT01021025,IT,44.48295,7.44844,1
IT01021030,IT,44.55150,7.54497,4
IT01021040,IT,44.64821,7.65004,3
IT01021050,IT,44.76971,7.66638,9
IT01022022,IT,44.58395,7.52497,4
IT01022030,IT,44.64989,7.58794,1
IT01022040,IT,44.80486,7.60102,2
IT01023030,IT,44.31467,7.48937,2
IT01024040,IT,44.39181,7.55706,2
IT01025012,IT,44.40962,7.71816,1
IT01026035,IT,44.39868,7.54551,4
IT01026060,IT,44.55614,7.74481,1
IT01026070,IT,44.65900,7.85543,3
IT01027010,IT,44.44038,7.88244,1
IT01029001,IT,44.98740,6.92177,2
IT01029005,IT,44.88529,7.28264,4
IT01029010,IT,44.84369,7.38374,2
IT01030010,IT,44.82935,7.36777,2
IT01030030,IT,44.81463,7.55639,4
IT01031050,IT,45.30391,7.65621,2
IT01032005,IT,45.03493,7.45447,2
IT01032010,IT,45.01755,7.67308,3
IT01033010,IT,45.40550,7.90083,1
IT01033035,IT,45.50543,7.74274,1
IT01034010,IT,45.18961,7.86352,5
IT01034020,IT,45.30912,7.75527,2
IT01034030,IT,45.41540,7.55818,2
IT01034050,IT,45.43234,7.40913,1
IT01035045,IT,45.26915,7.80189,2
IT01037005,IT,44.95432,7.93293,2
IT01037010,IT,44.94841,7.71821,2
IT01038004,IT,45.13441,7.07340,1
IT01038330,IT,45.07306,6.89086,2
IT01038430,IT,45.08971,7.39946,1
IT01038490,IT,45.08800,7.64110,1
IT01039020,IT,45.39308,7.92306,3
IT01039025,IT,45.20418,8.03029,1
IT01043010,IT,44.99246,7.67269,7
IT01044015,IT,45.13914,7.64115,1
IT01044030,IT,45.09823,7.72147,3
IT01045005,IT,45.31015,7.56592,4
IT01045060,IT,45.18278,7.85060,4
IT01046020,IT,44.25761,8.02551,1
IT01046050,IT,44.59808,7.88721,1
IT01046070,IT,44.74440,8.08893,6
IT01046080,IT,44.81855,8.13487,6
IT01046122,IT,44.87941,8.30590,1
IT01046165,IT,44.89042,8.43939,1
IT01046190,IT,44.93672,8.62415,4
IT01046210,IT,44.98418,8.72725,5
IT01047010,IT,44.39840,8.18041,6
IT01047030,IT,44.54094,8.14130,3
IT01047050,IT,44.64676,8.32384,4
IT01048030,IT,44.74389,8.85823,3
IT01048055,IT,44.80922,8.84946,3
IT01048075,IT,44.94401,8.86494,2
IT01048100,IT,45.02858,8.87643,1
IT01049002,IT,44.47904,8.05708,6
IT01049025,IT,44.66071,8.19119,2
IT01049045,IT,44.71529,8.27296,3
IT01049070,IT,44.79826,8.41884,5
IT01049085,IT,44.88092,8.50784,1
IT01050042,IT,44.83024,8.36514,4
IT01051007,IT,46.29416,8.36215,1
IT01051030,IT,46.08466,8.28668,2
IT01051050,IT,45.99643,8.31113,2
IT01051052,IT,45.98638,8.38244,6
IT01051060,IT,45.93753,8.44379,2
IT01052010,IT,45.70436,8.65139,1
IT01052022,IT,45.58957,8.70386,2
IT01052050,IT,45.40782,8.82478,3
IT01053005,IT,45.81534,8.46585,1
IT01053010,IT,45.74751,8.45870,1
IT01053037,IT,45.54602,8.55754,2
IT01053050,IT,45.40085,8.60421,2
IT01055020,IT,45.93333,8.44386,3
IT01056010,IT,44.49819,8.31805,1
IT01056027,IT,44.57671,8.33988,2
IT01057030,IT,44.98208,8.93174,2
IT01058002,IT,45.60766,8.57407,2
IT01058005,IT,45.51872,8.60998,3
IT01058020,IT,45.42091,8.69736,3
IT01058030,IT,45.39925,8.81779,6
IT01060045,IT,44.80647,8.64052,2
IT01061051,IT,44.76235,8.68334,3
IT01062045,IT,45.13967,8.34598,2
IT01063020,IT,44.71055,9.05080,3
IT01063040,IT,44.71070,8.87690,2
IT01064040,IT,45.02837,8.63306,3
IT01065045,IT,44.69982,8.53722,2
IT01065065,IT,44.87268,8.60387,1
IT01065090,IT,44.91989,8.65389,5
IT01066010,IT,46.25076,8.32875,1
IT01070010,IT,45.93215,8.57088,1
IT01071010,IT,45.75368,8.56655,1
IT01075010,IT,46.06831,8.27696,1
IT01077008,IT,45.98782,8.13297,1
IT01077009,IT,46.01915,8.25266,1
IT01087010,IT,44.68067,8.67058,1
IT01089020,IT,44.94532,8.70375,2
IT01090025,IT,45.05177,8.51896,3
IT01100010,IT,45.31798,8.69628,4
IT01101010,IT,45.86629,8.39776,2
IT01106010,IT,45.78381,8.39029,1
IT01110050,IT,45.47882,8.61176,1
IT01112010,IT,45.38842,8.56877,3
IT01113010,IT,45.37942,8.50762,1
IT01125020,IT,44.66735,7.45965,1
IT01127010,IT,44.72744,7.43115,1
IT01182010,IT,45.49288,8.57588,2
IT01236020,IT,45.04166,6.82762,2
IT01303010,IT,44.95262,7.75372,3
IT01324010,IT,44.59034,7.88276,1
IT01400010,IT,45.61355,8.44426,1
IT01415005,IT,45.44118,8.34003,4
IT01416002,IT,45.57692,8.32691,2
IT01424010,IT,45.45189,7.74148,1
IT01428010,IT,45.49321,7.53561,1
IT01573010,IT,45.47025,8.04143,1
IT01589010,IT,44.92578,8.02242,1
IT017-BR01,IT,40.74039,16.16343,1
IT01721010,IT,45.41212,8.20626,3
IT01722010,IT,45.16674,7.84029,8
IT01751010,IT,44.90332,8.02737,1
IT01753002,IT,44.82018,8.17467,1
IT01755001,IT,44.85972,8.31230,1
IT01804010,IT,45.43344,8.13849,5
IT01987050,IT,45.31456,7.86918,1
IT02-016IRVA1,IT,45.58380,7.79923,1
IT02-53010101,IT,45.76440,6.99119,1
IT02-60010105,IT,45.74070,7.44079,1
IT020031VA1,IT,45.59950,7.75840,5
IT02012VA1,IT,45.73821,7.42994,6
IT0203VA1,IT,45.79592,6.96695,2
IT0205VA1,IT,45.75273,7.04216,3
IT020803VA1,IT,45.74951,7.45775,1
IT0209VA1,IT,45.70512,7.22708,1
IT02BTH030,IT,45.82962,7.35232,2
IT02DBL040,IT,45.76930,6.98194,2
IT02DBL060,IT,45.74649,7.05434,2
IT02DBL070,IT,45.71674,7.10935,4
IT02DBL080,IT,45.70402,7.16070,1
IT02DBL100,IT,45.72895,7.33533,5
IT02DBL110,IT,45.73871,7.42210,3
IT02DBL130,IT,45.74518,7.58081,1
IT02DBL140,IT,45.74107,7.64568,4
IT02DBL150,IT,45.72206,7.66561,3
IT02DBL160,IT,45.66669,7.67887,1
IT02DBL180,IT,45.58200,7.79821,1
IT02EVN070,IT,45.66377,7.68408,4
IT02GRS020,IT,45.71877,7.27991,3
IT02LYS050,IT,45.76803,7.83200,1
IT02MRM040,IT,45.90833,7.61520,1
IT02MRM070,IT,45.81346,7.58984,1
IT02MRM100,IT,45.74527,7.61210,1
IT02SBR020,IT,45.80641,7.51992,1
IT02SVR010,IT,45.52264,7.20254,1
IT03-POAD3SECOCA1,IT,45.28270,9.70660,1
IT03-POAD3TOCN1,IT,45.40320,9.56842,1
IT03-POAGCN2,IT,45.17400,8.73454,1
IT03-POOG1CN2,IT,45.92460,10.23530,1
IT03-POOG3CN5,IT,45.12390,10.50950,1
IT03-POTECN2,IT,45.12060,8.98908,1
IT0300108614IR1,IT,44.96140,10.95440,1
IT03N0080010064LO1,IT,45.71022,9.58769,2
IT03N0080010162LO1,IT,46.16269,9.85335,1
IT03N008001023091LO1,IT,45.85847,9.87947,2
IT03N0080010273LO1,IT,46.07276,9.29844,2
IT03N0080011612LO1,IT,45.85479,9.36778,1
IT03N008001191013LO1,IT,45.46825,9.44355,1
IT03N0080013LO1,IT,46.36177,10.35550,1
IT03N0080016LO1,IT,46.15930,9.74308,1
IT03N0080031LO1,IT,45.07261,8.90298,1
IT03N008044002012LO1,IT,45.58927,8.92071,1
IT03N008044003071LO1,IT,45.36543,9.31784,1
IT03N0080440052LO1,IT,45.25708,9.39487,1
IT03N0080441LO1,IT,45.88185,9.26355,2
IT03N0080446LO1,IT,45.24315,9.41462,1
IT03N0080561IR1,IT,45.44069,10.69791,1
IT03N0080600022LO1,IT,45.80192,10.06273,1
IT03N00806000416IR1,IT,45.15644,10.41261,1
IT03N0080606LO1,IT,45.31860,9.94935,1
IT03N0080609LO1,IT,45.04117,10.65100,1
IT03N0080841IR1,IT,45.04885,8.90543,1
IT03N0080883IR1,IT,44.95976,9.01639,1
IT03N0080981IR2,IT,45.70554,8.65441,2
IT03N0080985IR1,IT,45.23468,9.00768,1
IT03N00813IR1,IT,45.10171,9.34595,2
IT03N00819IR1,IT,45.01538,11.29001,1
IT03N0082501LO1,IT,45.10579,9.73668,1
IT03POAD3MUCA1LO1,IT,45.26380,9.54119,1
IT03POAD3SEARCLO1,IT,45.34095,9.64519,1
IT03POAD3SEBOCA1LO1,IT,45.73226,9.74343,1
IT03POAD3SMSTCLO1,IT,45.23313,9.83862,1
IT03POAD3VACA1LO1,IT,45.48565,9.58778,1
IT03POAG3NACA1LO1,IT,45.02236,10.63218,1
IT03POFOCA1IR1,IT,44.95056,11.26778,1
IT03POMBCA1LO1,IT,45.16279,9.95689,1
IT03POMBCECA1LO1,IT,45.12703,10.03691,1
IT03POOG3AACA1LO1,IT,45.07637,10.57467,1
IT03POOG3ASCA1LO1,IT,45.20836,10.23071,1
IT03POOG3SACA1LO1,IT,45.58478,9.85429,1
IT03POOG3SVCA1LO1,IT,45.14751,10.52598,2
IT03PORMTRCA1LO1,IT,45.01998,10.84737,1
IT03POROCA1LO1,IT,45.05434,10.72275,2
IT03POSEPMCA1LO1,IT,45.04281,10.99374,2
IT05-64,IT,45.71130,12.45360,1
IT0510,IT,46.35103,11.96812,1
IT051004,IT,45.52531,11.48892,5
IT051017,IT,45.36541,10.99368,4
IT051018,IT,45.31145,10.95906,1
IT05102,IT,45.48082,11.61217,4
IT051024,IT,45.53710,11.55808,1
IT051031,IT,46.02001,11.90350,1
IT051032,IT,46.16589,12.11905,1
IT05104,IT,45.42257,11.37648,4
IT051049,IT,45.54861,12.08838,1
IT05106,IT,45.54326,11.80877,1
IT05107,IT,45.51981,11.72700,2
IT051087,IT,46.17923,12.40811,1
IT051088,IT,46.62927,12.62431,1
IT051089,IT,46.29623,11.92841,2
IT05109,IT,45.50050,11.85211,3
IT0511,IT,46.33959,12.20988,1
IT05112,IT,45.45047,11.71621,1
IT05113,IT,45.41528,11.74510,8
IT05114,IT,45.41824,11.72506,3
IT05116,IT,45.60889,11.34037,4
IT05117,IT,45.44139,11.96731,2
IT05118,IT,45.40889,11.99716,2
IT05122,IT,45.56384,12.25746,3
IT05123,IT,45.54410,12.08331,6
IT05128,IT,45.50807,12.19839,5
IT0513,IT,46.20611,12.29280,2
IT05131,IT,45.47145,12.08297,5
IT05132,IT,45.45824,12.11871,3
IT05135,IT,45.43881,12.11471,3
IT05137,IT,45.43583,12.20345,5
IT05139,IT,45.40831,12.00614,3
IT0514,IT,46.11478,11.93700,2
IT05140,IT,45.54292,12.01614,2
IT05142,IT,45.56629,12.46619,4
IT05147,IT,45.48546,12.30555,4
IT0515,IT,46.04763,11.76350,1
IT05154,IT,45.35355,10.72429,1
IT05155,IT,45.24011,10.96646,4
IT05157,IT,45.38105,11.13541,5
IT05159,IT,45.35733,11.27769,3
IT0516,IT,46.03681,11.98644,3
IT05161,IT,45.19599,11.29938,1
IT05162,IT,45.40671,11.40400,2
IT05165,IT,45.36055,11.35336,4
IT0517,IT,46.03110,11.97187,1
IT05170,IT,45.23186,11.40131,3
IT05172,IT,45.24481,11.63893,3
IT05174,IT,45.36609,11.93461,4
IT05175,IT,45.26972,11.93644,1
IT05179,IT,45.33008,12.12689,4
IT0518,IT,46.17369,12.30584,6
IT05181,IT,45.23332,12.11071,6
IT05182,IT,45.22846,12.15674,5
IT05188,IT,45.10451,11.23649,3
IT05189,IT,45.10876,11.20693,3
IT05192,IT,45.09482,11.30616,3
IT05193,IT,45.01664,11.30318,4
IT05194,IT,45.17386,11.42694,3
IT05195,IT,45.14447,11.64404,1
IT05196,IT,45.14369,11.64366,2
IT05197,IT,,,4
IT05198,IT,,,6
IT05199,IT,45.06685,11.45203,2
IT05200,IT,45.04779,11.41046,3
IT05201,IT,45.14504,11.75697,3
IT05202,IT,45.14626,11.87702,2
IT05203,IT,45.13545,11.70682,1
IT05204,IT,,,3
IT05205,IT,,,5
IT05206,IT,,,4
IT05207,IT,45.10830,11.94333,2
IT05208,IT,45.06911,11.89767,3
IT05209,IT,44.99448,11.76201,4
IT0521,IT,46.09135,12.07719,8
IT05210,IT,45.00249,11.76370,4
IT05212,IT,45.17878,12.28390,5
IT05217,IT,,,8
IT05218,IT,,,3
IT05221,IT,,,4
IT05222,IT,,,7
IT05223,IT,45.07199,12.09898,2
IT05224,IT,45.03981,12.06119,5
IT05225,IT,45.06267,12.25314,3
IT05227,IT,,,3
IT05229,IT,,,8
IT0523,IT,46.01839,12.29342,1
IT05230,IT,45.00292,12.41747,1
IT05233,IT,44.83941,12.37482,1
IT05234,IT,44.83595,12.34448,2
IT05236,IT,45.94606,12.43935,1
IT05237,IT,45.58464,12.35049,3
IT05238,IT,,,5
IT0524,IT,46.12498,12.35362,3
IT0526,IT,45.80654,11.32387,1
IT0528,IT,45.98548,11.78148,2
IT0529,IT,45.99156,11.95455,2
IT053,IT,46.43177,12.22117,2
IT0530,IT,45.91884,11.72432,1
IT05304,IT,45.75130,12.38466,4
IT0531,IT,45.93077,11.73240,2
IT0532,IT,45.90384,11.94680,1
IT053204,IT,45.17431,11.40424,2
IT053206,IT,45.42740,10.77434,1
IT053207,IT,45.34322,10.85308,1
IT05323,IT,45.41744,11.82735,1
IT05326,IT,45.38777,11.84919,1
IT05329,IT,45.58234,12.37194,1
IT0533,IT,45.59928,11.97196,2
IT05330,IT,45.66991,12.24520,4
IT05331,IT,45.66180,12.27180,3
IT05332,IT,45.65976,12.27970,3
IT05333,IT,45.65187,12.30027,4
IT05335,IT,45.58414,12.37016,2
IT05343,IT,45.08874,11.70304,1
IT05344,IT,45.03078,11.64738,2
IT05345,IT,45.05559,11.69454,1
IT05347,IT,,,6
IT0535,IT,45.85447,12.18400,3
IT05351,IT,,,2
IT05353,IT,45.40714,11.94847,1
IT0536,IT,45.81575,12.02290,3
IT05360,IT,46.11978,12.18348,7
IT0537,IT,45.86176,12.33733,3
IT0539,IT,45.77448,12.61812,1
IT054,IT,46.42225,12.00873,2
IT05408,IT,,,4
IT05409,IT,,,3
IT0541,IT,45.64227,12.05781,3
IT05413,IT,45.60900,11.64940,5
IT05414,IT,45.63620,11.68470,5
IT05417,IT,45.61157,11.91635,1
IT05418,IT,45.59060,11.92710,1
IT05419,IT,,,4
IT0542,IT,45.65660,10.89488,5
IT05420,IT,,,3
IT05429,IT,45.78442,12.72649,1
IT0543,IT,45.71781,11.30625,2
IT05430,IT,45.73235,12.68253,1
IT05431,IT,45.77002,12.83682,4
IT05432,IT,45.81110,12.98040,3
IT05433,IT,45.75436,12.84580,1
IT05434,IT,45.78204,12.55406,4
IT05435,IT,45.66006,12.74808,4
IT05436,IT,45.35993,12.03868,2
IT05437,IT,45.15540,12.20980,6
IT05438,IT,45.73605,11.37050,1
IT05439,IT,45.62411,11.51322,3
IT05440,IT,45.33410,11.37359,5
IT05441,IT,45.26997,11.44242,1
IT05442,IT,45.30822,11.37315,4
IT05443,IT,45.31806,11.26609,4
IT05444,IT,45.52054,11.23399,1
IT05445,IT,45.40738,11.28236,4
IT05446,IT,45.18375,11.00136,4
IT05447,IT,45.18785,11.05446,1
IT05449,IT,45.09200,11.30510,2
IT05451,IT,45.04786,11.80582,2
IT05452,IT,44.98423,11.43637,5
IT05454,IT,45.80827,11.89827,1
IT05456,IT,45.87636,12.45872,1
IT05457,IT,45.71060,11.53950,1
IT05459,IT,45.71765,11.33451,4
IT0546,IT,45.73971,11.52524,2
IT05461,IT,45.63277,11.62069,1
IT05464,IT,45.38618,11.48113,1
IT05465,IT,45.70568,11.23994,2
IT05466,IT,45.62214,11.38170,1
IT05468,IT,45.49249,11.33370,2
IT05469,IT,45.67780,11.35010,1
IT0547,IT,45.58787,11.53693,4
IT05470,IT,45.64904,11.36923,1
IT05475,IT,45.31017,11.52470,1
IT05476,IT,45.65570,11.18730,1
IT05478,IT,45.61610,11.22920,1
IT05479,IT,45.44611,12.11955,2
IT0548,IT,45.60089,11.62092,3
IT05480,IT,45.44287,12.11909,6
IT05481,IT,45.52776,12.30429,4
IT05482,IT,45.18877,12.19562,4
IT05483,IT,45.49461,12.23305,3
IT05484,IT,45.56510,12.13874,2
IT05485,IT,45.49338,11.94218,4
IT05486,IT,45.27548,11.80366,3
IT05487,IT,45.18683,11.84918,3
IT05488,IT,45.59247,12.17336,9
IT05489,IT,45.48126,12.26621,5
IT0549,IT,45.77071,11.73095,2
IT05490,IT,45.45380,12.21499,5
IT05491,IT,45.50047,12.33128,4
IT05492,IT,45.19355,12.20076,7
IT05493,IT,45.20894,12.17286,3
IT05494,IT,45.54829,11.38681,3
IT05496,IT,45.75223,11.58739,1
IT05499,IT,45.66030,11.26370,1
IT055,IT,46.55907,12.54757,1
IT05500,IT,45.64332,11.28641,1
IT05504,IT,45.32738,12.13365,4
IT05505,IT,45.61564,12.01280,1
IT0552,IT,45.67693,11.68835,3
IT0554,IT,45.62466,11.74516,2
IT0555,IT,45.59614,11.69931,4
IT0556,IT,45.64646,12.12290,3
IT0559,IT,45.63891,12.04435,4
IT056,IT,46.55880,12.55714,1
IT05600,IT,46.57398,12.72301,2
IT05601,IT,46.53873,12.52544,4
IT056013,IT,45.86370,12.03392,1
IT05603,IT,46.28029,12.30877,1
IT056035,IT,45.63734,12.21132,1
IT05604,IT,46.28715,12.02116,3
IT05605,IT,46.24814,12.08539,3
IT05606,IT,46.39964,12.35304,4
IT05607,IT,46.13710,12.08692,3
IT05608,IT,46.50994,12.45609,1
IT05609,IT,46.25990,12.30045,3
IT0561,IT,45.74150,12.65965,4
IT05610,IT,45.04668,12.05718,4
IT05612,IT,44.88703,12.28951,2
IT05613,IT,45.85331,12.14952,1
IT05617,IT,46.43251,12.10280,2
IT05618,IT,45.82683,11.70405,1
IT05619,IT,45.47798,11.38190,1
IT05620,IT,45.84465,12.41674,3
IT05621,IT,45.85923,12.37165,3
IT05622,IT,45.56898,11.77040,1
IT05623,IT,45.39605,11.14169,3
IT05625,IT,45.71093,12.43918,2
IT0563,IT,45.71636,12.44192,2
IT0565,IT,45.64963,12.51665,3
IT0566,IT,45.66173,12.22778,5
IT0569,IT,45.69671,12.78311,5
IT057,IT,46.55996,12.41886,3
IT0570,IT,45.73921,12.97197,4
IT0571,IT,45.68998,12.84484,1
IT0572,IT,,,1
IT0576,IT,45.67263,12.85190,1
IT0579,IT,45.66135,12.26406,2
IT0581,IT,45.63420,12.31876,4
IT0582,IT,45.47942,10.84596,4
IT0583,IT,45.43125,10.70071,2
IT0585,IT,45.59317,11.24703,3
IT0590,IT,45.42234,11.04297,4
IT0591,IT,45.41833,11.24916,2
IT0593,IT,45.41707,11.29874,6
IT0595,IT,45.55869,11.52374,3
IT0596,IT,45.56430,11.55114,2
IT0598,IT,45.53391,11.52760,3
IT06GO002,IT,45.80293,13.43118,4
IT06GO004,IT,45.88164,13.49833,5
IT06GO005,IT,45.88979,13.58755,4
IT06GO006,IT,45.97011,13.43848,3
IT06GO007,IT,45.92066,13.45524,2
IT06PN004,IT,45.81916,12.58458,2
IT06PN005,IT,45.88532,12.52631,1
IT06PN021,IT,45.91421,12.62248,1
IT06PN022,IT,45.92290,12.57857,1
IT06PN035,IT,45.83923,12.62112,1
IT06PN040,IT,45.82945,12.67557,2
IT06PN053,IT,45.84996,12.86262,2
IT06TS002,IT,45.62027,13.86867,1
IT06TS003,IT,45.60726,13.82014,2
IT06TS005,IT,45.58248,13.83654,3
IT06TS007,IT,45.61080,13.85682,4
IT06UD005,IT,46.37348,13.05836,2
IT06UD009,IT,46.17658,12.95722,2
IT06UD010,IT,45.87881,12.96208,1
IT06UD011,IT,45.77247,12.99656,3
IT06UD043,IT,46.24736,13.12549,1
IT06UD044,IT,46.20990,13.02744,1
IT06UD046,IT,45.86879,13.16550,1
IT06UD048,IT,45.94387,12.99152,2
IT06UD060,IT,45.88792,13.06532,1
IT06UD063,IT,45.82813,13.30712,2
IT06UD065,IT,45.80499,13.19179,2
IT06UD071,IT,46.09232,13.43279,1
IT06UD072,IT,45.99243,13.38929,1
IT06UD084,IT,46.52571,13.62897,2
IT06UD102,IT,45.86671,12.98249,1
IT07-BOSP03M,IT,44.38060,8.28619,1
IT07-CECE01,IT,44.46480,8.70378,1
IT07-MAMA01,IT,44.16730,9.91410,1
IT07MAMA02,IT,44.15686,9.88818,1
IT07RORO03,IT,43.79262,7.60377,1
IT08-01170400,IT,44.78649,10.32729,2
IT08-01171600,IT,44.82375,10.34693,2
IT08-01221400,IT,44.67980,10.94700,4
IT08-05001600,IT,44.67812,11.90471,3
IT08-06005300,IT,44.46540,11.96820,2
IT08-11000900,IT,44.33000,12.03140,1
IT08-11001680,IT,44.26665,12.10267,3
IT0801000100,IT,45.09166,9.44561,2
IT0801000200,IT,45.06161,9.69804,3
IT0801000300,IT,45.02255,10.22651,1
IT0801000500,IT,44.90813,10.55191,4
IT0801000700,IT,,,3
IT0801000900,IT,,,1
IT0801010100,IT,45.06393,9.38913,2
IT0801030100,IT,45.07293,9.44190,2
IT0801050300,IT,45.01683,9.53746,3
IT0801050400,IT,44.99037,9.47627,4
IT0801090600,IT,44.92538,9.59049,5
IT0801090700,IT,45.07224,9.66953,3
IT0801110260,IT,44.96481,9.73779,2
IT0801110300,IT,45.03503,9.79723,5
IT0801120100,IT,44.96215,9.84422,2
IT0801120200,IT,45.00734,9.87545,6
IT0801120250,IT,44.84192,9.69029,2
IT0801140400,IT,45.02534,10.00037,3
IT0801150200,IT,44.63753,10.03357,1
IT0801150300,IT,44.69074,10.08214,1
IT0801150450,IT,44.76721,10.19594,2
IT0801150700,IT,44.91687,10.25430,3
IT0801150900,IT,44.95043,10.21976,2
IT0801151100,IT,44.84312,10.01526,1
IT0801151130,IT,44.92544,10.13055,2
IT0801151200,IT,44.96619,10.21467,7
IT0801151300,IT,44.98156,10.22183,2
IT0801160100,IT,44.95840,10.32940,1
IT0801160200,IT,44.95685,10.35778,2
IT0801170800,IT,44.75969,10.28994,4
IT0801170900,IT,44.79003,10.31883,1
IT0801171700,IT,44.92806,10.37649,3
IT0801180500,IT,44.56287,10.40068,1
IT0801180600,IT,44.64033,10.38901,4
IT0801180800,IT,44.89958,10.46814,3
IT0801190200,IT,44.58825,10.53579,2
IT0801190300,IT,44.72046,10.61698,4
IT0801190350,IT,44.75953,10.57344,2
IT0801190550,IT,44.67242,10.65439,2
IT0801190600,IT,44.82148,10.64961,4
IT0801201100,IT,44.49184,10.71326,2
IT0801201150,IT,44.54303,10.76777,2
IT0801201200,IT,44.60840,10.79214,2
IT0801201300,IT,44.64044,10.77616,5
IT0801201400,IT,44.64800,10.79380,2
IT0801201500,IT,45.00842,10.97754,1
IT0801201550,IT,44.92602,10.94562,2
IT0801201600,IT,44.95748,10.94826,3
IT0801201700,IT,44.92572,10.93072,3
IT0801220900,IT,44.45324,10.96893,3
IT0801221100,IT,44.62629,10.99405,1
IT0801221230,IT,44.60407,10.96758,1
IT0801221260,IT,44.62038,10.96103,1
IT0801221450,IT,44.72740,11.04092,3
IT0801221600,IT,44.88571,11.42321,1
IT0802000300,IT,44.92004,12.23028,4
IT0804000200,IT,44.82985,12.10716,5
IT0805000200,IT,44.94338,11.21262,1
IT0805000300,IT,44.94430,11.27630,1
IT0805000400,IT,44.88660,11.27490,2
IT0805000600,IT,44.85576,11.55952,1
IT0805000900,IT,44.83128,11.38693,5
IT0805001100,IT,44.76471,11.65385,1
IT0805001200,IT,44.83121,11.67845,3
IT0805001300,IT,44.77290,11.93130,2
IT0805001400,IT,44.70994,12.09231,1
IT0805001500,IT,44.71600,11.64400,1
IT0805001800,IT,44.69772,12.09816,2
IT0805001900,IT,44.63466,12.10263,2
IT0806001100,IT,44.28778,11.11314,3
IT0806001200,IT,,,1
IT0806002100,IT,44.47041,11.28155,3
IT0806002300,IT,44.44987,11.11726,4
IT0806002460,IT,44.56178,11.22831,3
IT0806002500,IT,44.65557,11.24795,5
IT0806002700,IT,44.71861,11.53610,3
IT0806002800,IT,44.67300,11.62504,2
IT0806002900,IT,44.63858,11.68474,2
IT0806003000,IT,44.61430,11.82140,5
IT0806003100,IT,44.61377,11.82079,3
IT0806003200,IT,44.44452,11.43969,1
IT0806003250,IT,44.43135,11.40056,2
IT0806003450,IT,44.45302,11.36178,1
IT0806003500,IT,44.48387,11.42150,3
IT0806003530A,IT,44.51410,11.48231,2
IT0806003560,IT,44.46555,11.50942,1
IT0806003600,IT,44.57460,11.70607,3
IT0806004000,IT,44.52806,11.76414,1
IT0806004100,IT,44.57747,11.87524,1
IT0806004600,IT,44.39401,11.81532,3
IT0806004650,IT,44.53333,11.90363,1
IT0806005200,IT,44.29418,11.78294,2
IT0806005500,IT,,,1
IT0807000100,IT,44.55120,11.87930,1
IT0807000300,IT,44.54013,12.19274,1
IT0808000100,IT,44.19426,11.71684,4
IT0808000200,IT,44.24124,11.81725,1
IT0808000500,IT,44.11755,11.77640,2
IT0808000700,IT,44.27564,11.88086,6
IT0808000900,IT,,,3
IT0809000100,IT,44.45957,12.24896,1
IT0811000800,IT,44.20302,12.02511,1
IT0811001660,IT,44.20301,12.08666,1
IT0811001700,IT,44.29767,12.11073,4
IT0811001800,IT,44.39776,12.21562,2
IT0812000100,IT,44.25015,12.19217,2
IT0812000150,IT,44.32449,12.27972,3
IT0812000200,IT,44.35550,12.27124,3
IT0813000300,IT,43.85489,12.09236,2
IT0813000700,IT,44.09105,12.19986,3
IT0813000800,IT,44.25762,12.26013,1
IT0813000900,IT,44.30563,12.29536,2
IT0815000100,IT,44.20349,12.38810,3
IT0816000200,IT,44.15749,12.42374,1
IT0816000250,IT,44.14068,12.29430,1
IT0817000100,IT,43.96080,12.28123,1
IT0817000200,IT,44.03974,12.41366,3
IT0817000300,IT,44.08544,12.45260,3
IT0819000030,IT,43.80310,12.21517,3
IT0819000060,IT,43.86805,12.28480,1
IT0819000150,IT,43.96008,12.39959,2
IT0819000200,IT,43.96916,12.40454,6
IT0819000300,IT,44.04643,12.45350,1
IT0819000450,IT,43.99670,12.53730,3
IT0819000500,IT,44.06079,12.54600,4
IT0819000600,IT,44.06480,12.55134,2
IT0820000100,IT,43.92393,12.50333,2
IT0820000200,IT,44.01207,12.63049,2
IT0822000300,IT,43.93170,12.67787,4
IT0823000200,IT,43.96360,12.73287,3
IT09-MAS-009,IT,44.12980,10.71020,3
IT09-MAS-065,IT,43.48560,12.13420,1
IT09-MAS-147,IT,43.78880,10.64570,1
IT09-MAS-825,IT,44.13710,10.24690,1
IT09-MAS-828,IT,44.02590,10.50740,1
IT09-MAS-831,IT,44.04040,10.48020,2
IT09-MAS-989,IT,44.00030,11.40220,1
IT09-S1172,IT,44.04490,10.71690,1
IT09-S1269,IT,43.77100,11.42220,1
IT09-S1294,IT,43.72000,11.04130,1
IT09-S1298,IT,43.58240,10.87900,1
IT09S0972,IT,44.14401,10.34633,2
IT09S0973,IT,44.16705,10.38597,1
IT09S0976,IT,44.13450,10.43430,2
IT09S0979,IT,44.04437,10.56219,2
IT09S0990,IT,43.70463,11.65855,1
IT09S1046,IT,,,4
IT09S1047,IT,43.92751,10.86392,3
IT09S1051,IT,43.96794,11.02983,5
IT09S1063,IT,43.93306,11.27424,1
IT09S1069,IT,43.85008,11.39990,2
IT09S1073,IT,43.99621,11.48088,2
IT09S1077,IT,,,3
IT09S1078,IT,,,2
IT09S1085,IT,43.70454,11.52372,1
IT09S1104,IT,,,4
IT09S1124,IT,,,3
IT09S1145,IT,44.12465,10.66406,1
IT09S1149,IT,,,5
IT09S1164,IT,44.17232,10.31412,5
IT09S1166,IT,44.02380,10.51366,6
IT09S1167,IT,43.93416,10.50706,2
IT09S1173,IT,44.00523,10.56276,2
IT09S1176,IT,43.86620,10.25682,2
IT09S1179,IT,44.17366,9.92566,1
IT09S1187,IT,44.05654,10.16581,3
IT09S1189,IT,43.99613,10.22338,2
IT09S1190,IT,43.99542,10.25188,1
IT09S1193,IT,43.24000,11.55347,2
IT09S1194,IT,43.13539,11.47614,1
IT09S1196,IT,42.93316,11.32138,2
IT09S1198,IT,42.77936,11.18828,2
IT09S1202,IT,43.12105,11.05751,2
IT09S1203,IT,43.09713,11.32695,7
IT09S1218,IT,42.51829,11.24057,3
IT09S1221,IT,43.74807,12.03005,1
IT09S1222,IT,43.64918,12.05351,1
IT09S1223,IT,43.52546,12.15739,3
IT09S1226,IT,43.50571,12.08243,2
IT09S1232,IT,43.33363,10.74003,2
IT09S1233,IT,43.31513,10.51444,1
IT09S1235,IT,43.31220,10.91026,1
IT09S1236,IT,43.35748,10.81963,3
IT09S1238,IT,43.27197,10.70548,3
IT09S1240,IT,,,1
IT09S1241,IT,42.95548,10.59762,2
IT09S1243,IT,43.12537,10.71785,1
IT09S1247,IT,42.93827,10.80102,1
IT09S1252,IT,42.63435,11.65921,1
IT09S1253,IT,42.75877,11.60067,3
IT09S1255,IT,42.54924,11.58040,3
IT09S1256,IT,,,4
IT09S1257,IT,,,2
IT09S1258,IT,44.17573,11.48469,3
IT09S1259,IT,44.07533,11.42145,2
IT09S1262,IT,43.83171,11.65852,1
IT09S1264,IT,,,3
IT09S1270,IT,43.74639,11.03215,1
IT09S1280,IT,,,5
IT09S1281,IT,43.98755,11.21115,5
IT09S1282,IT,43.96748,11.31844,3
IT09S1283,IT,,,1
IT09S1287,IT,43.85344,11.12468,3
IT09S1288,IT,43.78269,11.10097,7
IT09S1290,IT,,,3
IT09S1291,IT,43.86291,11.01870,4
IT09S1292,IT,43.77711,11.05961,2
IT09S1296,IT,,,1
IT09S1299,IT,43.43257,10.86297,3
IT09S1301,IT,43.91458,10.64891,1
IT09S1302,IT,43.80663,10.75732,3
IT09S1303,IT,,,4
IT09S1304,IT,43.84549,10.79658,8
IT09S1308,IT,43.79395,10.61348,1
IT09S1410,IT,44.00239,11.28182,3
IT09S1421,IT,43.97957,11.22075,2
IT09S1423,IT,44.08457,10.49331,1
IT09S1429,IT,43.94424,11.49803,1
IT09S1430,IT,43.93795,11.39639,1
IT09S1440,IT,44.21742,11.42994,1
IT09S1441,IT,44.14342,11.34204,1
IT09S1447,IT,44.10359,11.65892,1
IT09S1448,IT,44.10330,11.72493,1
IT09S1466,IT,43.56010,10.94740,1
IT09S1469,IT,43.06070,11.88680,1
IT09S1470,IT,43.93110,11.29397,1
IT09S1471,IT,43.69880,10.95870,1
IT09S1478,IT,43.92660,11.58436,1
IT09S1484,IT,44.08148,10.11680,1
IT09S1486,IT,42.85043,10.99724,1
IT09S1581,IT,43.29865,11.27518,1
IT09S1624,IT,43.76256,11.46423,1
IT09S1630,IT,43.74791,10.66470,1
IT09S1644,IT,43.02470,11.63054,1
IT09S2450,IT,,,7
IT10-SNT1,IT,43.42060,12.75340,2
IT10CHN1,IT,42.73301,12.13124,1
IT10CHS2,IT,43.03259,12.50847,1
IT10CHS3,IT,43.02231,12.43830,1
IT10CHS4,IT,43.27578,12.70582,1
IT10CRN3,IT,42.78914,12.97545,1
IT10MAR3,IT,42.78125,12.73182,2
IT10MGL1,IT,42.85455,12.17019,1
IT10MNT1,IT,42.98047,12.78714,2
IT10NER1,IT,42.88910,12.99993,1
IT10NER7,IT,42.52543,12.51548,2
IT10NER8,IT,42.44698,12.41285,3
IT10NES2,IT,42.90899,12.36478,1
IT10SRD1,IT,42.79471,13.07412,1
IT10SRD2,IT,42.78509,13.02689,1
IT10TOP5,IT,42.98126,12.60034,1
IT10TVR2,IT,43.42594,12.23677,1
IT10TVR3,IT,43.28652,12.35549,1
IT10TVR6,IT,43.03445,12.42160,1
IT10TVR7,IT,42.78035,12.37402,2
IT10VIG1,IT,42.81514,12.91357,1
IT11-I019M1MA,IT,43.75260,12.19560,1
IT11-I019M3MA,IT,43.91720,12.31600,2
IT11-R110094MI,IT,43.54370,13.02790,2
IT11-R110163PO,IT,43.21500,13.06870,1
IT11I0281CR,IT,42.87444,13.55615,1
IT11I0281FV,IT,42.83027,13.49679,3
IT11I0282CS,IT,42.84930,13.56915,1
IT11I0282TR,IT,42.79288,13.42567,2
IT11I0283TR,IT,42.84621,13.52567,2
IT11I0286TR,IT,42.86707,13.80101,2
IT11I0287TR,IT,42.89341,13.90026,1
IT11N0103NE,IT,42.88038,12.99235,1
IT11N0104NE,IT,42.93161,13.09181,2
IT11R1101614PO,IT,43.19197,13.05840,7
IT11R1101615PO,IT,43.36244,13.52327,2
IT11R110162PO,IT,43.19043,13.04329,2
IT11R110165PO,IT,43.23463,13.20551,2
IT11R110169PO,IT,43.35320,13.48704,1
IT11R1101910CH,IT,43.20159,13.27170,1
IT11R1101913CH,IT,43.27131,13.51850,1
IT11R1101914CH,IT,43.26793,13.63713,2
IT11R110191CH,IT,43.03683,13.04274,2
IT11R110191EN,IT,43.20549,13.37922,2
IT11R1101925CH,IT,43.22475,13.42416,4
IT11R110193CH,IT,43.07612,13.00270,1
IT11R110197CH,IT,43.13783,13.15975,2
IT11R110211TN,IT,42.94506,13.33476,2
IT11R110212TN,IT,43.00885,13.40831,1
IT11R110214TE,IT,43.04691,13.45141,2
IT11R110214TN,IT,43.09852,13.53996,1
IT11R110215TN,IT,43.17407,13.68281,4
IT11R110252AS,IT,42.90815,13.39755,4
IT11R110256AS,IT,43.10251,13.83844,1
IT11R110294TS,IT,42.97893,13.87521,1
IT11R110301AL,IT,42.94939,13.88583,2
IT12-1-09,IT,42.32060,13.75630,3
IT12-2-08,IT,41.56000,12.68440,4
IT12-2-13,IT,41.51920,12.90950,3
IT12-2-18,IT,41.38920,13.08840,3
IT12-2-26,IT,41.48480,13.20200,2
IT12-2-27,IT,41.46010,13.20040,4
IT12-2-28,IT,41.46980,12.75430,5
IT12-2-31,IT,41.26420,13.69600,3
IT12-2-36,IT,41.40520,13.04410,2
IT12-4-10,IT,41.92390,12.56910,5
IT12-4-12,IT,41.96100,12.80460,6
IT12-4-20,IT,42.14380,12.01970,1
IT12-5-04,IT,42.41940,11.63990,6
IT12-5-10,IT,42.46900,11.91910,2
IT12-5-12,IT,42.26240,11.75020,3
IT12-F5-05,IT,42.33201,11.57897,4
IT12F108,IT,41.45460,13.66564,6
IT12F113,IT,41.69652,13.58963,2
IT12F118,IT,41.48334,13.83890,5
IT12F119,IT,41.44351,13.83427,6
IT12F135,IT,41.76263,13.60754,3
IT12F136,IT,41.65051,13.23942,3
IT12F137,IT,41.78175,13.41164,1
IT12F2-02,IT,41.48998,12.98348,5
IT12F2-05,IT,41.35866,13.15754,6
IT12F2-07,IT,41.36274,13.16966,1
IT12F2-10,IT,41.52500,12.79234,1
IT12F2-11,IT,41.52545,12.85489,4
IT12F2-12,IT,41.43127,12.81582,2
IT12F2-14,IT,41.42492,12.99386,2
IT12F2-16,IT,41.38853,13.09782,4
IT12F2-19,IT,41.31747,13.17800,3
IT12F2-25,IT,41.50302,13.26402,4
IT12F2-29,IT,41.46908,12.75322,6
IT12F2-30,IT,41.27942,13.71722,4
IT12F2-32,IT,41.26320,13.69463,1
IT12F2-34,IT,41.55537,12.95409,5
IT12F2-35,IT,41.41074,13.02681,2
IT12F2-37,IT,41.35509,13.09878,7
IT12F233,IT,41.32836,13.87880,6
IT12F3-15,IT,42.35865,12.92977,2
IT12F3-20,IT,42.41841,12.79453,8
IT12F3-47,IT,42.57646,13.15525,10
IT12F3-48,IT,42.50530,12.74529,4
IT12F3-49,IT,42.42892,12.82823,2
IT12F3-50,IT,42.15181,13.24885,7
IT12F3-51,IT,42.15778,13.00654,5
IT12F3-52,IT,42.38360,12.86255,6
IT12F3-53,IT,42.21212,12.64631,9
IT12F3-54,IT,42.36493,13.00117,3
IT12F3-55,IT,42.49173,12.80298,3
IT12F3-56,IT,42.73677,13.26379,6
IT12F3-61,IT,42.63613,13.15830,4
IT12F4-05,IT,41.80735,12.41850,5
IT12F4-06,IT,41.90689,12.47421,4
IT12F4-07,IT,41.98820,12.49694,6
IT12F4-08,IT,42.15347,12.63577,4
IT12F4-09,IT,41.94046,12.50897,7
IT12F4-11,IT,41.92732,12.66741,5
IT12F4-13,IT,42.02206,12.99026,5
IT12F4-17,IT,42.15301,12.64608,4
IT12F4-18,IT,41.81925,12.34101,2
IT12F4-19,IT,41.79479,12.39855,4
IT12F4-21,IT,42.15484,12.00972,6
IT12F4-22,IT,41.95178,12.07295,4
IT12F4-23,IT,41.87692,12.21675,5
IT12F4-24,IT,42.03827,12.31263,3
IT12F4-25,IT,41.59234,12.51988,5
IT12F4-31,IT,41.91751,12.20289,6
IT12F415,IT,41.75945,12.97875,4
IT12F416,IT,41.75950,12.97867,8
IT12F5-03,IT,42.52203,11.60746,2
IT12F5-08,IT,42.34957,11.68693,1
IT12F5-11,IT,42.39877,11.87795,5
IT12F5-14,IT,42.24300,11.70926,2
IT12F5-22,IT,42.76241,11.86232,3
IT12F5-26,IT,42.50586,12.27890,6
IT12F5-27,IT,42.35023,12.46060,3
IT12F5-36,IT,42.51740,11.91893,3
IT12F5-37,IT,42.21830,11.84315,2
IT12F5-72,IT,42.20867,12.09353,1
IT13-I028CA3,IT,42.81850,13.54590,2
IT13-R1301VB2,IT,42.80640,13.76810,2
IT13-R1301VB2BIS,IT,42.81170,13.85740,2
IT13-R1302SL5,IT,42.79360,13.87410,1
IT13-R1302SL6,IT,42.78410,13.90640,1
IT13-R1304MA15,IT,42.52150,13.68400,2
IT13-R1306SA1,IT,42.48510,14.10130,1
IT13-R1306SA2,IT,42.51490,14.13690,1
IT13-R1307AT8BIS,IT,42.34870,13.38370,1
IT13-R1307PE20,IT,42.16470,13.82240,1
IT13-R1307PE24,IT,42.30280,14.03870,1
IT13-R1307TI53,IT,42.21500,13.82230,1
IT13-R1309FR10,IT,42.37510,14.30240,1
IT13-R1311MR1,IT,42.25590,14.34830,1
IT13-R1312FL1A,IT,42.22410,14.36490,1
IT13I023SN10,IT,42.17576,14.47230,2
IT13I023SN1A,IT,41.85179,13.77689,1
IT13I023SN2,IT,41.95298,14.35452,1
IT13I023VN11,IT,42.12382,14.35924,1
IT13I023VN9,IT,42.03789,14.20540,1
IT13N010IM6,IT,42.05581,13.29023,1
IT13N010TU2,IT,42.09973,13.11470,1
IT13R1301VB1,IT,42.78822,13.64518,1
IT13R1301VB2TER,IT,42.83599,13.91936,1
IT13R1302SL7,IT,42.77844,13.93763,1
IT13R1303TD4,IT,42.63011,13.65777,1
IT13R1303TD8,IT,42.69822,13.87530,1
IT13R1303TD9,IT,42.72325,13.95782,1
IT13R1304VM5,IT,42.58963,13.68124,3
IT13R1304VM6,IT,42.62027,13.84569,2
IT13R1304VM7,IT,42.65075,14.03032,1
IT13R1305PM1,IT,42.57561,13.83992,2
IT13R1305PM3,IT,42.53205,14.08084,1
IT13R1306BA1,IT,42.48873,13.97913,1
IT13R1306TA12,IT,42.44790,13.88273,1
IT13R1306TA17,IT,42.46401,14.08385,1
IT13R1307AT12,IT,42.22149,13.60872,2
IT13R1307GI45,IT,42.06271,13.90651,1
IT13R1307NO68,IT,42.34973,14.11334,1
IT13R1307OR55,IT,42.09584,14.02305,1
IT13R1307PE23,IT,42.25444,13.94797,1
IT13R1307PE25,IT,42.33336,14.09069,1
IT13R1307PE26,IT,42.45817,14.19663,2
IT13R1307SA40,IT,42.12517,13.86737,1
IT13R1307VE34,IT,42.35056,13.45630,2
IT13R1312FL1,IT,42.21715,14.36229,1
IT13R1312FL2A,IT,42.30819,14.44383,1
IT13R1313ST2A,IT,42.12193,14.53414,1
IT14-I027-00016,IT,41.73620,14.44520,1
IT14-N011-00007,IT,41.54980,14.14550,1
IT14-N011-00008,IT,41.45630,14.05330,2
IT14-N011-00009,IT,41.41840,14.09180,1
IT15-AL3,IT,40.25196,15.13001,1
IT15-SR5,IT,40.73274,14.47766,2
IT16-CS03-VP,IT,41.72420,15.17580,2
IT16-CS04-VP,IT,41.56360,15.50020,1
IT16-CS08-VP,IT,41.65760,15.58900,4
IT16-CS10-VP,IT,41.29760,15.60350,1
IT16-CS12-VP,IT,41.26530,16.05530,1
IT16CA-CE01,IT,41.27498,15.36674,3
IT16CA-CR02,IT,41.22534,15.54084,3
IT16CA-FF01,IT,41.64724,15.04462,2
IT16CA-FO03,IT,41.34083,16.20583,1
IT16CA-SA01,IT,41.54708,15.36873,4
IT16CA-TC04,IT,41.62619,15.63531,1
IT16CA-TS01,IT,41.86000,15.12333,4
IT19-R1903700001,IT,38.08450,13.47730,1
IT19-R1907800001,IT,37.03260,14.40600,1
IT19-R1908000001,IT,36.89110,14.48300,2
IT19-R1908200001,IT,36.78930,14.59870,1
IT19-R1908600002,IT,36.93320,14.92230,1
IT19-R1909400003,IT,37.72890,14.78680,1
IT19RW09405,IT,37.93246,14.82965,3
IT19RW09601,IT,37.91339,14.88330,2
IT19RW09602,IT,37.89090,14.97270,1
IT19RW09603A,IT,37.91482,14.97305,3
IT19RW09605,IT,37.90095,15.06779,1
IT20-0001-CF2000101-ST01,IT,,,2
IT20-0001-CF2000103-ST01,IT,,,1
IT20-0001-CF2002101-ST01,IT,,,1
IT20-0002-CF2000102-ST01,IT,,,3
IT20-0003-CF2000102-ST01,IT,,,1
IT20-0035-CF2000102-ST01,IT,,,1
IT20-0035-CF2000200-ST01,IT,,,1
IT20-0039-CF2000105-ST01,IT,,,1
IT20-0039-CF2000105-ST02,IT,,,1
IT20-0039-CF2000108-ST01,IT,,,1
IT20-0045-CF2000104-ST01,IT,,,1
IT20-0045-CF2000105-ST01,IT,,,1
IT20-0102-CF2000101-ST01,IT,,,2
IT20-0102-CF2000103-ST01,IT,,,2
IT20-0110-CF2000100-ST01,IT,,,1
IT20-0114-CF2000100-ST01,IT,,,1
IT20-0164-CF2000101-ST01,IT,,,2
IT20-0164-CF2000102-ST01,IT,,,1
IT20-0164-CF2000103-ST01,IT,,,1
IT20-0176-CF2004600-ST01,IT,,,1
IT20-0177-CF2000102-ST01,IT,,,2
IT20-0182-CF2000102-ST02,IT,,,2
IT20-0183-CF2000101-ST01,IT,,,1
IT20-0183-CF2000102-ST01,IT,,,1
IT20-0222-CF2000104-ST01,IT,,,2
IT20-0227-CF2003000-ST01,IT,,,1
IT20-0245-CF2000104-ST01,IT,,,1
IT20-0251-CF2000800-ST01,IT,,,1
IT20-0256-CF2001302-ST01,IT,,,1
IT20-0256-CF2001400-ST01,IT,,,2
IT20-0288-CF2000102-ST01,IT,,,1
IT2111117,IT,46.24408,11.20519,4
IT2111190,IT,46.25208,11.19516,4
IT2111205,IT,46.80171,11.58918,3
IT2111212,IT,46.47283,11.31138,2
IT2111308,IT,46.81595,11.69972,2
IT22SD000132,IT,,,1
ITAMS11SD0134,IT,46.19658,11.12636,1
ITAMS11SG0001,IT,46.20604,11.14207,3
ITAMS12SD0109,IT,46.04811,11.11286,2
ITAMS12SD0112,IT,46.00823,11.10587,2
ITAMS12SD0114,IT,45.94701,11.09463,1
ITAMS12SD0116,IT,45.95402,11.09448,1
ITAMS12SG0002,IT,46.07048,11.11585,2
ITAMS13PR0004,IT,45.91244,11.03784,2
ITAMS13PR0005,IT,45.85812,10.99714,1
ITAMS13SD0125,IT,45.92838,11.10115,1
ITAMS13SG0006,IT,45.69781,10.92538,4
ITAMS13SG0007,IT,45.74228,10.97044,1
ITAMS14PR0017,IT,45.88100,11.02232,1
ITAMS14SD0137,IT,45.85885,11.06994,1
ITAMS21SD0203,IT,46.05456,11.47568,1
ITAMS21SD0208,IT,46.03908,11.41044,1
ITAMS21SG0019,IT,46.00240,11.31284,2
ITAMS51SD0501,IT,46.31119,10.76190,1
ITAMS51SG0010,IT,46.36980,10.95568,2
ITAMS51VP0004,IT,46.40715,10.80215,1
ITAMS52SD0507,IT,46.42318,11.02798,1
ITAMS52SD0510,IT,46.35026,11.05043,1
ITAMS52SD0511,IT,46.43633,11.13209,3
ITAMS52SD0512,IT,46.30708,11.04178,2
ITAMS52SD0515,IT,46.40851,11.13174,2
ITAMS52SD0516,IT,46.24220,11.05878,1
ITAMS52SD0519,IT,46.36346,11.07516,2
ITAMS53SG0011,IT,46.19386,11.10354,2
ITAMS62SG0013,IT,46.27117,11.42484,1
ITAMS62VP0033,IT,46.30276,11.73484,1
ITAMS63PR0026,IT,46.18301,11.24668,1
ITAMS63SD0619,IT,46.15064,11.13254,1
ITAMS63SD0621,IT,46.22279,11.30470,1
ITAMS63SG0014,IT,46.13513,11.10930,1
ITAMS72PR0015,IT,46.06892,11.22386,2
ITAMS73SG0016,IT,46.04421,11.11822,2
ITAMS74SD0710,IT,46.08136,11.19397,1
ITAMS81SG0028,IT,46.13828,11.77266,1
ITAMS82SD0806,IT,46.21141,11.63574,1
ITAMS91PR0022,IT,45.92073,11.25796,2
ITARW03BB00100140TNIQM,IT,46.05443,11.46563,1
ITBMS31VP0018,IT,46.20127,10.82497,1
ITBMS32PR0027,IT,46.04756,10.94502,1
ITBMS32SD0304,IT,46.03256,10.87132,1
ITBMS32SD0318,IT,46.04182,10.88092,2
ITBMS32SG0023,IT,46.05059,10.78646,1
ITBMS33SD0313,IT,45.96270,10.91226,1
ITBMS34SD0910,IT,45.86350,10.82358,1
ITBMS34SG0024,IT,45.87475,10.87308,2
ITBMS42SG0025,IT,45.81711,10.54470,6
ITET,IT,,,2
ITF126,IT,41.51444,13.52827,7
ITF134,IT,41.56896,13.33778,2
ITF15-C2,IT,40.84775,15.05025,1
ITF15-C3,IT,40.92593,15.03883,2
ITF15-C8,IT,41.14192,14.76219,3
ITF15-G2,IT,41.24210,13.77460,2
ITF15-I1,IT,41.04164,14.61548,3
ITF15-I2,IT,41.04530,14.58096,2
ITF15-I4,IT,41.10230,14.46376,1
ITF15-O1,IT,40.87293,15.18784,1
ITF15-O2,IT,40.88776,15.44726,1
ITF15-S6,IT,41.03967,14.77621,1
ITF15-SL4,IT,40.59647,15.11976,1
ITF15-SL5,IT,40.54942,15.04369,2
ITF15-SR2,IT,40.78005,14.57340,2
ITF15-SR4,IT,40.74028,14.50348,3
ITF15-TE,IT,41.05990,14.61030,4
ITF15-TN1,IT,40.53829,15.44904,1
ITF15-U1,IT,41.01216,15.28365,1
ITF15-U2,IT,41.01279,15.18324,1
ITF15-U4,IT,,,1
ITF15-V1,IT,41.47356,14.10453,2
ITF15-V3,IT,41.35304,14.21257,2
ITF15-V4,IT,41.25925,14.39634,5
ITF15AL5,IT,40.17279,15.13896,2
ITF15B,IT,40.59191,15.36178,1
ITF15BU5,IT,40.07140,15.50836,1
ITF15C11,IT,41.18353,14.47601,3
ITF15C7,IT,41.08575,14.93284,3
ITF15CL3BIS,IT,40.37781,15.23842,1
ITF15CL5,IT,40.49745,15.20560,1
ITF15CL6,IT,40.51204,15.04320,1
ITF15F,IT,40.42010,15.27685,1
ITF15M1,IT,40.24740,15.41167,1
ITF15P,IT,40.40660,15.28305,1
ITF15R3,IT,40.93337,14.38197,1
ITF15R6,IT,41.02951,14.06439,3
ITF15S8,IT,41.13184,14.76435,3
ITF15SL3,IT,40.63813,15.23348,3
ITF15SL6,IT,40.49661,15.01487,2
ITF15SM,IT,40.38241,15.35508,1
ITF15SN,IT,41.12166,14.80430,1
ITF15SR1,IT,40.81844,14.59039,1
ITF15SR6,IT,40.72893,14.47504,3
ITF15TA3,IT,41.14919,14.83491,1
ITF15TI2,IT,41.24666,14.42772,1
ITF15TM,IT,41.27932,14.79438,1
ITF15TN2,IT,40.58390,15.35741,1
ITF15TU1,IT,40.71824,15.03725,2
ITF15TU2,IT,40.64491,15.01230,2
ITF15U3,IT,41.09038,15.05335,1
ITF15U5,IT,41.13791,14.92629,1
ITF15V5,IT,41.19401,14.45293,2
ITF15V7,IT,41.13136,14.26015,1
ITF15V8,IT,41.09219,14.10608,2
ITFTDECA1IR1,IT,45.11303,10.90377,1
ITFTMOCA1IR1,IT,45.12130,11.01974,1
ITG-0035-CF000200-ST01,IT,39.34035,9.55173,1
ITG-0102-CF001600-ST01,IT,40.38893,9.59558,2
ITG-0114-CF000100-ST01,IT,40.58099,9.73546,1
ITG-0176-CF000500-ST01,IT,40.81644,8.87805,1
ITG-0176-CF004600-ST01,IT,40.62059,8.93360,1
ITG-0177-CF000102-ST01,IT,40.75559,9.15137,1
ITG-0191-CF000400-ST01,IT,40.60501,8.37548,1
ITG-0221-CF000101-ST01,IT,40.02349,8.66487,1
ITG-0221-CF000102-ST01,IT,39.99979,8.53632,1
ITG-0222-CF000108-ST01,IT,39.99819,8.80752,1
ITG-0224-CF000103-ST01,IT,39.95828,8.85708,1
ITG-0225-CF000100-ST01,IT,39.87140,8.64979,1
ITG-0226-CF002500-ST01,IT,39.82761,8.62165,2
ITG-0227-CF003000-ST01,IT,39.67634,8.62028,1
ITG-0256-CF001400-ST01,IT,39.10150,8.66939,1
ITG-0302-CF000101-ST01,IT,39.28042,8.73353,1
ITI-N009-FVG-04,IT,46.30170,13.11920,1
ITI019C1ACO,IT,43.82289,12.36293,3
ITI019C1BCO,IT,43.84276,12.41200,1
ITI019M3MA,IT,43.91640,12.31620,1
ITI019T1TA,IT,43.95972,12.75225,2
ITI027TG1,IT,41.79206,14.53358,1
ITI0281CS,IT,,,3
ITI028TR1A,IT,,,1
ITN005LR9,IT,41.79317,13.57340,2
ITO3,IT,40.93898,15.54047,2
ITR1100210FO,IT,43.86722,12.81027,3
ITR1100211FO,IT,43.90860,12.89811,3
ITR110021FO,IT,43.71568,12.37664,1
ITR110022FO,IT,43.73021,12.42984,1
ITR110023FO,IT,43.75986,12.45878,3
ITR110026FO,IT,43.80381,12.60707,1
ITR110027FO,IT,43.78750,12.62250,1
ITR110028FO,IT,43.82355,12.68309,1
ITR110029FO,IT,43.84530,12.75926,3
ITR110041AAR,IT,43.83985,12.89465,5
ITR1100510ME,IT,43.59032,12.50941,1
ITR1100511ME,IT,43.58753,12.53127,1
ITR1100514ME,IT,43.58532,12.67412,3
ITR1100515ME,IT,43.63623,12.70135,1
ITR1100517ME,IT,43.70000,12.85380,4
ITR1100519ME,IT,43.74697,12.92638,1
ITR1100520ME,IT,43.81252,13.04065,2
ITR1100521ME,IT,43.82710,13.05410,2
ITR110054ME,IT,43.65030,12.36304,6
ITR110058ME,IT,43.69037,12.69458,2
ITR110073CE,IT,43.57032,12.84796,4
ITR110091FN,IT,43.56672,12.95993,1
ITR110094MI,IT,43.54290,13.02800,1
ITR110095MI,IT,43.62564,13.12865,5
ITR110095NE,IT,43.65220,13.14714,4
ITR110097MI,IT,43.71164,13.20897,5
ITR1101212ES,IT,43.49739,13.16271,1
ITR1101214BES,IT,43.55870,13.31787,3
ITR1101216ES,IT,43.64132,13.37049,1
ITR110121RF,IT,43.41521,12.78085,3
ITR110123RB,IT,43.35387,12.91045,2
ITR110124GI,IT,43.31753,12.86759,3
ITR110125ES,IT,43.34623,12.99524,6
ITR110125SE,IT,43.40407,12.96996,2
ITR110129ES,IT,43.42975,13.01756,2
ITR1101406AS,IT,43.47514,13.60462,3
ITR1101410MU,IT,43.46636,13.46076,5
ITR1101412MU,IT,43.43817,13.53837,1
ITR1101414MU,IT,43.47425,13.63738,4
ITR110144FI,IT,43.45084,13.48490,1
ITR110144MU,IT,43.41522,13.21181,2
ITR1307TI53BIS,IT,,,1
ITR1319-CL1,IT,,,1
LTR1,LT,,,5
LTR100,LT,56.02470,23.92860,1
LTR102,LT,55.96500,23.76530,3
LTR103,LT,55.98780,23.34060,1
LTR105,LT,55.28449,26.78491,1
LTR106,LT,55.74212,26.29902,1
LTR11,LT,,,7
LTR127,LT,55.29129,21.37720,8
LTR13,LT,,,7
LTR137,LT,54.96201,22.72760,1
LTR138,LT,,,6
LTR1488,LT,54.68728,25.08044,1
LTR17,LT,55.44780,21.34400,1
LTR175,LT,55.02169,25.85752,3
LTR18,LT,,,6
LTR20,LT,,,2
LTR217,LT,55.34325,22.80728,1
LTR219,LT,54.90203,24.73606,1
LTR22,LT,55.22060,22.23760,3
LTR23,LT,55.21443,22.28482,1
LTR25,LT,55.48090,22.16210,1
LTR26,LT,,,6
LTR266,LT,,,5
LTR269,LT,55.96780,21.51390,1
LTR270,LT,55.52500,21.72580,2
LTR326,LT,55.62750,26.16640,1
LTR33,LT,,,3
LTR35,LT,55.67150,23.07240,1
LTR357,LT,56.41359,24.85080,8
LTR358,LT,55.95810,25.85620,1
LTR359,LT,55.71680,25.68840,3
LTR36,LT,55.69590,24.43400,2
LTR40,LT,,,6
LTR401,LT,54.66459,23.24197,1
LTR41,LT,55.17744,23.82806,3
LTR42,LT,55.65769,24.69333,2
LTR43,LT,54.83726,25.74191,6
LTR432,LT,56.37206,22.30939,5
LTR50,LT,,,3
LTR56,LT,55.02860,25.00900,2
LTR612,LT,,,3
LTR62,LT,55.25266,25.99126,1
LTR66,LT,55.42563,26.02648,1
LTR70,LT,54.11057,24.28005,4
LTR71,LT,54.10710,24.27940,2
LTR77,LT,,,8
LTR78,LT,56.19993,21.57367,2
LTR79,LT,56.28625,21.50115,3
LTR8,LT,54.87640,23.99890,2
LTR80,LT,55.97990,22.95070,1
LTR82,LT,,,12
LTR84,LT,56.09970,23.61030,1
LTR86,LT,56.22891,24.40752,6
LTR88,LT,,,4
LTR92,LT,56.17210,24.63510,3
LTR95,LT,55.84370,24.96770,1
LTR99,LT,56.02558,23.96225,2
LUL100011A21,LU,49.84541,6.10591,3
LUL110030A11,LU,49.94943,6.02165,4
LUL112010A24,LU,49.93469,6.06805,4
LV019002,LV,56.55130,25.75900,2
LV02003,LV,57.16670,25.68330,1
LV038002,LV,56.76560,23.92370,1
LV072002,LV,57.02870,24.08330,1
LV072003,LV,57.05650,24.03320,2
LV074001,LV,57.35810,21.58390,1
LV083002,LV,,,1
LVD4000100,LV,57.05687,24.04671,1
LVD4060100,LV,56.97143,24.48739,3
LVD4630100,LV,56.67440,27.00630,1
LVD4760100,LV,56.49225,25.90856,1
LVD4770100,LV,56.35377,26.26925,1
LVD5000100,LV,55.86829,26.62593,1
LVD5000200,LV,55.79522,27.43856,3
LVG2010100,LV,57.14941,24.28057,3
LVG2150100,LV,57.54142,25.45398,2
LVG2150200,LV,57.51439,25.38651,2
LVG2150300,LV,57.33560,25.22190,1
LVG2530100,LV,57.13610,25.90360,1
LVG3030100,LV,57.74773,24.39490,3
LVL1000100,LV,56.96980,23.80136,1
LVL1070100,LV,56.81382,23.58003,2
LVL1200200,LV,56.47886,23.38446,1
LVL1270100,LV,56.68833,23.71972,1
LVL1430100,LV,56.64316,23.78853,1
LVL1590200,LV,56.37542,24.62855,4
LVL1760200,LV,56.27587,24.35601,5
LVV0060100,LV,56.36444,21.21861,2
LVV0100100,LV,56.29194,21.47694,3
LVV0100107,LV,,,1
LVV0130100,LV,56.85732,21.20705,2
LVV0180100,LV,56.74786,21.60119,1
LVV0270200,LV,57.18025,21.67388,4
LVV0350100,LV,57.01405,22.64626,1
LVV0430100,LV,57.00678,21.97726,3
LVV0560200,LV,56.48663,22.10208,3
LVV0680100,LV,57.55179,21.86768,1
MK60030,MK,41.48000,20.50000,1
MK60909,MK,41.55000,20.60000,2
MK63035,MK,42.08000,21.22000,1
MK63055,MK,41.90000,21.62000,1
MK63060,MK,41.73000,21.78000,1
MK63070,MK,41.62000,21.91000,2
MK63080,MK,41.40000,22.27000,1
MK63090,MK,41.15000,22.53000,3
MK63135,MK,42.27000,21.32000,6
MK63139,MK,42.01000,22.38000,1
MK63205,MK,42.31000,21.87000,3
MK63208,MK,41.90000,21.70000,2
MK63230,MK,42.14000,22.11000,1
MK63306,MK,41.80000,22.21000,4
MK63309,MK,41.64000,21.96000,3
MK63508,MK,41.96000,21.30000,2
MK63806,MK,40.97000,21.64000,2
MK63808,MK,41.54000,21.97000,2
MK63875,MK,40.95000,21.56000,4
MK64807,MK,41.40000,22.87000,3
MTN-301A,MT,35.89630,14.33690,3
MTN-302B,MT,35.85760,14.40520,1
MTWC303,MT,36.03726,14.23357,2
NL60-OGELE900,NL,51.07870,5.83180,1
NL91-BELFBVN,NL,51.31860,6.11330,10
NL91-EIJSDPTN,NL,50.77950,5.69910,11
NL91-HEEL,NL,51.18760,5.92720,8
NL91-STEVWT,NL,51.13210,5.84240,11
NL93-DEVTR,NL,52.25220,6.15379,2
NL93-GENMDN,NL,52.62970,6.03860,6
NL93-HAGSN,NL,51.99110,5.13660,11
NL93-KAMPN,NL,52.55380,5.92390,14
NL93-LOBPTN,NL,51.85420,6.09120,6
NL93-VURN,NL,51.81550,5.04030,10
NL94-BOVSS,NL,51.69250,4.49340,8
NL94-BRAKL,NL,51.79410,5.05310,14
NL94-GOUDVHVN,NL,51.99670,4.69120,3
NL94-KEIZVR,NL,51.72020,4.89440,17
NL94-PUTTHK,NL,51.81160,4.56600,5
NLDONGE,NL,51.60100,4.98490,2
NO001-38541,NO,59.12783,11.44433,4
NO002-38516,NO,59.27947,11.13429,1
NO002-60841,NO,62.26810,10.75370,1
NO012-38512,NO,59.75343,10.00903,2
NO015-38515,NO,59.08610,10.06855,2
NO015-40682,NO,59.88946,9.30416,1
NO016-38513,NO,59.19808,9.61135,1
NO019-38531,NO,58.40385,8.64136,3
NO020-38557,NO,58.21527,8.11413,3
NO020-39657,NO,58.60595,8.03225,1
NO021-38514,NO,58.18667,7.95295,1
NO021-41611,NO,58.38754,7.96961,1
NO022-38529,NO,58.14315,7.54563,1
NO024-39661,NO,58.20113,6.76702,2
NO024-41468,NO,58.22699,6.99143,2
NO025-38556,NO,58.31183,6.96060,1
NO026-38526,NO,58.41357,6.65527,1
NO027-38543,NO,58.47970,5.99554,3
NO027-39668,NO,58.67427,6.08419,1
NO031-38523,NO,59.05408,6.65368,1
NO035-38546,NO,59.33004,6.44967,2
NO038-38547,NO,59.49876,5.91029,2
NO062-38534,NO,60.64705,5.99912,2
NO076-38550,NO,61.40850,7.28042,3
NO083-38548,NO,61.36862,5.68652,1
NO084-38524,NO,61.44941,5.89623,1
NO087-38549,NO,61.76420,6.21233,2
NO109-38535,NO,62.66854,8.57124,1
NO112-38536,NO,62.98006,8.72555,3
NO121-38517,NO,63.20059,9.77194,3
NO122-38552,NO,63.28612,10.26919,3
NO123-38525,NO,63.43280,10.40589,1
NO124-38527,NO,63.44846,10.99303,4
NO139-38522,NO,64.44165,11.81870,3
NO151-38520,NO,65.74958,13.23754,1
NO155-38539,NO,66.10920,13.80544,2
NO156-38538,NO,66.32275,14.17663,1
NO161-38537,NO,66.99160,14.74921,3
NO196-38554,NO,69.04247,18.59368,2
NO234-38533,NO,70.22968,28.16909,3
NO247-40531,NO,69.69518,30.60979,2
NO247-41551,NO,69.70515,30.63181,1
NO6247,NO,59.60757,9.42703,1
NONTRESNOH,NO,64.01640,11.49970,1
NORERRS,NO,,,1
NOROGEORR,NO,58.67730,5.59147,1
NORSTEGLO,NO,,,1
NOTROEMLL,NO,,,1
PL01S0201-0745,PL,54.83118,18.23476,1
PL01S0201-0755,PL,54.48571,18.54627,1
PL01S0201-0765,PL,53.76581,19.20656,2
PL01S0201-0777,PL,54.72780,18.39315,1
PL01S0201-0789,PL,54.27342,19.22187,2
PL01S0201-0798,PL,54.25667,18.94772,3
PL01S0201-0802,PL,53.80417,17.44750,1
PL01S0201-0804,PL,53.77228,17.21950,4
PL01S0201-0810,PL,54.28833,17.30305,2
PL01S0201-0811,PL,54.58917,16.85250,1
PL01S0201-0813,PL,54.54556,16.92778,2
PL01S0201-0817,PL,54.52694,17.63139,1
PL01S0201-0818,PL,54.65417,17.56417,3
PL01S0201-0819,PL,54.75776,17.54739,5
PL01S0201-0820,PL,54.45667,17.41111,1
PL01S0201-0821,PL,54.66222,17.21250,2
PL01S0201-0822,PL,54.66708,17.05553,2
PL01S0201-0866,PL,54.25583,17.47861,3
PL01S0201-3081,PL,54.61165,18.49580,1
PL01S0301-0879,PL,53.67030,19.80735,1
PL01S0301-0882,PL,54.21844,19.36197,1
PL01S0301-0894,PL,53.84839,22.47339,3
PL01S0301-0914,PL,54.23164,19.30958,2
PL01S0301-0928,PL,53.63730,21.81584,2
PL01S0301-2008,PL,54.05944,22.49130,1
PL01S0301-2012,PL,53.46864,20.52423,1
PL01S0301-2013,PL,54.12667,22.19833,2
PL01S0601-0968,PL,52.84711,18.96169,1
PL01S0601-0972,PL,53.18400,19.36046,1
PL01S0601-0978,PL,52.90563,18.73764,2
PL01S0601-0979,PL,52.65782,19.13366,2
PL01S0601-0980,PL,52.74515,18.96334,2
PL01S0601-0987,PL,52.66205,19.06565,3
PL01S0601-0994,PL,53.23706,19.36982,1
PL01S0601-0996,PL,52.99892,18.70308,5
PL01S0601-0997,PL,53.36213,18.41534,1
PL01S0601-1009,PL,53.55213,18.77476,1
PL01S0601-1012,PL,53.09509,19.04156,1
PL01S0601-1018,PL,53.02565,18.75223,1
PL01S0601-1029,PL,,,1
PL01S0601-1031,PL,53.11165,18.12195,1
PL01S0601-3001,PL,53.28049,19.58211,5
PL01S0701-1059,PL,51.85083,21.29083,2
PL01S0701-1060,PL,52.13472,21.16722,1
PL01S0701-1061,PL,,,3
PL01S0701-1064,PL,52.53860,19.69020,1
PL01S0701-1067,PL,51.22361,21.77333,2
PL01S0701-1075,PL,51.35806,20.80111,1
PL01S0701-1076,PL,51.51111,21.17833,3
PL01S0701-1077,PL,51.69167,21.41778,2
PL01S0701-1092,PL,51.85528,21.38722,1
PL01S0701-1095,PL,51.85528,21.27139,1
PL01S0701-1098,PL,51.60278,20.57250,2
PL01S0701-1124,PL,52.10055,21.22361,1
PL01S0701-1133,PL,52.37397,20.20792,3
PL01S0701-1157,PL,52.46936,19.75473,2
PL01S0701-1174,PL,52.59575,19.53235,2
PL01S0701-1187,PL,53.08861,21.56611,2
PL01S0701-1188,PL,52.91056,21.40083,1
PL01S0701-1189,PL,52.70028,21.09472,2
PL01S0701-1191,PL,52.43730,20.69623,1
PL01S0701-1197,PL,53.07528,21.54028,2
PL01S0701-1217,PL,52.36139,22.87056,2
PL01S0701-1218,PL,52.41583,22.56111,2
PL01S0701-1219,PL,52.68194,21.95861,1
PL01S0701-1220,PL,52.59109,21.45976,2
PL01S0701-1221,PL,52.53417,21.25944,1
PL01S0701-1228,PL,52.70250,21.90639,3
PL01S0701-1238,PL,52.59417,21.56278,2
PL01S0701-1253,PL,52.50417,21.64694,3
PL01S0701-1259,PL,52.43000,21.03500,1
PL01S0701-1270,PL,52.72807,20.42950,1
PL01S0701-1271,PL,52.47166,20.73861,1
PL01S0801-1327,PL,53.23932,21.93554,1
PL01S0801-1336,PL,52.64683,22.47250,1
PL01S0801-1340,PL,53.27390,22.45930,2
PL01S0801-1344,PL,53.21581,22.55441,2
PL01S0801-1355,PL,52.79168,22.26913,1
PL01S0801-1359,PL,52.82677,23.25029,1
PL01S0801-1360,PL,52.39456,22.87513,3
PL01S0801-1361,PL,53.23466,21.86748,1
PL01S0801-1368,PL,53.48665,22.62655,1
PL01S0801-1370,PL,53.37478,21.91553,2
PL01S0801-2295,PL,53.22993,21.87305,2
PL01S0901-1396,PL,51.30421,19.92376,2
PL01S0901-1399,PL,51.37737,19.82799,1
PL01S0901-1408,PL,51.53502,20.04393,1
PL01S0901-1416,PL,51.44976,20.47735,1
PL01S0901-1424,PL,52.11273,19.92888,2
PL01S0901-1425,PL,52.13908,20.10538,1
PL01S0901-1430,PL,52.16756,19.50372,2
PL01S0901-1442,PL,52.07349,19.65009,3
PL01S0901-1447,PL,52.13954,19.87080,1
PL01S0901-1463,PL,52.13573,20.13167,3
PL01S0901-2077,PL,51.52067,20.22287,3
PL01S0901-3212,PL,52.03940,19.23960,1
PL01S1001-1469,PL,50.64017,20.48408,1
PL01S1001-1473,PL,50.77427,20.45260,2
PL01S1001-1475,PL,50.88177,20.32854,4
PL01S1001-1477,PL,50.50478,20.46214,2
PL01S1001-1478,PL,50.75553,20.40601,1
PL01S1001-1480,PL,50.29644,20.80406,6
PL01S1001-1486,PL,50.20524,20.65060,1
PL01S1001-1488,PL,50.66200,21.70350,1
PL01S1001-1491,PL,50.48962,21.40010,1
PL01S1001-1500,PL,51.10162,20.84617,1
PL01S1001-1505,PL,50.90481,21.49439,1
PL01S1001-1506,PL,51.05647,21.75925,1
PL01S1001-1511,PL,50.89753,21.12053,3
PL01S1001-1512,PL,50.96943,21.26587,1
PL01S1001-1515,PL,50.92694,19.98564,2
PL01S1001-1516,PL,50.94736,19.85308,2
PL01S1101-1521,PL,50.67734,24.06274,2
PL01S1101-1523,PL,50.85687,24.14152,1
PL01S1101-1525,PL,51.18512,23.80783,2
PL01S1101-1526,PL,51.53686,23.56408,1
PL01S1101-1529,PL,52.14701,23.49979,3
PL01S1101-1537,PL,50.80808,23.95433,3
PL01S1101-1544,PL,51.26661,23.65372,3
PL01S1101-1559,PL,51.91775,22.50570,2
PL01S1101-1570,PL,52.10721,23.52780,1
PL01S1101-1572,PL,50.88545,21.82935,4
PL01S1101-1573,PL,51.10750,21.79611,1
PL01S1101-1574,PL,51.47667,21.87472,3
PL01S1101-1580,PL,51.29306,21.88417,1
PL01S1101-1598,PL,50.56017,23.14985,2
PL01S1101-1602,PL,51.06808,23.10902,1
PL01S1101-1605,PL,51.33773,22.77932,3
PL01S1101-1606,PL,51.54583,21.84167,4
PL01S1101-1612,PL,50.95343,23.18663,1
PL01S1101-1616,PL,51.10680,22.49875,3
PL01S1101-1643,PL,51.63465,22.49870,1
PL01S1101-3225,PL,52.28110,23.16713,2
PL01S1301-1661,PL,,,1
PL01S1301-1662,PL,49.68052,18.84803,2
PL01S1301-1671,PL,49.91363,18.76694,1
PL01S1301-1678,PL,49.91853,18.98451,3
PL01S1301-1695,PL,49.93389,19.02111,1
PL01S1301-1696,PL,50.06382,19.19217,1
PL01S1301-1698,PL,50.45099,18.98171,1
PL01S1301-1724,PL,50.09755,19.22492,4
PL01S1301-1725,PL,49.48944,19.06866,3
PL01S1301-1735,PL,50.63622,19.79360,1
PL01S1301-1737,PL,50.77009,19.68271,1
PL01S1301-2162,PL,,,1
PL01S1501-1739,PL,50.28035,19.38578,1
PL01S1501-1744,PL,50.05438,19.23714,1
PL01S1501-1747,PL,50.04732,19.36685,1
PL01S1501-1749,PL,50.03286,19.44064,2
PL01S1501-1755,PL,49.74297,19.60262,4
PL01S1501-1757,PL,,,4
PL01S1501-1761,PL,49.99922,19.44558,2
PL01S1501-1771,PL,50.03206,20.09595,4
PL01S1501-1772,PL,50.04156,19.78524,3
PL01S1501-1778,PL,50.05660,19.90663,3
PL01S1501-1785,PL,50.04416,20.15109,3
PL01S1501-1790,PL,49.84890,19.97652,1
PL01S1501-1795,PL,50.15389,20.59663,1
PL01S1501-1796,PL,50.13487,20.50031,1
PL01S1501-1809,PL,50.11861,20.51111,4
PL01S1501-1810,PL,50.07656,20.52006,1
PL01S1501-1816,PL,50.17118,20.74388,5
PL01S1501-1817,PL,,,1
PL01S1501-1820,PL,49.56420,20.98498,2
PL01S1501-1828,PL,50.24211,20.72899,3
PL01S1501-1844,PL,49.39211,20.40200,1
PL01S1501-1848,PL,49.66843,20.67585,1
PL01S1501-1853,PL,49.29857,20.92418,5
PL01S1501-1857,PL,49.56876,20.65872,1
PL01S1501-1860,PL,49.78694,20.65139,3
PL01S1501-2172,PL,50.14420,20.59472,1
PL01S1501-3068,PL,49.45917,20.21056,2
PL01S1501-3069,PL,49.26359,20.11487,2
PL01S1601-1874,PL,50.42755,21.33073,1
PL01S1601-1885,PL,49.51518,21.43613,2
PL01S1601-1889,PL,49.98842,21.30939,4
PL01S1601-1904,PL,50.41711,21.37064,2
PL01S1601-1905,PL,49.28408,22.46203,1
PL01S1601-1916,PL,,,2
PL01S1601-1918,PL,49.65617,22.77758,2
PL01S1601-1922,PL,50.16641,22.58529,2
PL01S1601-1926,PL,49.53211,21.92563,1
PL01S1601-1940,PL,50.16247,22.54741,2
PL01S1601-1944,PL,49.91917,22.96708,1
PL01S1601-1946,PL,49.98469,23.12492,4
PL01S1601-1958,PL,50.49436,22.26621,1
PL01S1601-1960,PL,50.64440,22.03284,2
PL01S1601-1962,PL,50.24423,23.51841,1
PL01S1601-2233,PL,50.02106,21.31019,2
PL01S1601-2240,PL,50.11102,22.29436,2
PL02S0101-0453,PL,52.73942,14.46054,1
PL02S0101-0455,PL,53.12241,14.38193,1
PL02S0101-0456,PL,53.03468,14.31237,1
PL02S0101-0458,PL,53.02240,14.38869,1
PL02S0101-0459,PL,52.78488,14.29501,1
PL02S0101-0462,PL,53.24421,14.48010,1
PL02S0101-0478,PL,53.39759,14.61443,1
PL02S0101-0479,PL,53.46876,14.60208,3
PL02S0101-0493,PL,53.56520,14.79628,5
PL02S0101-0500,PL,53.68701,14.27568,2
PL02S0101-0502,PL,53.67429,14.66988,2
PL02S0101-0503,PL,53.64446,14.93596,1
PL02S0101-0508,PL,53.88672,14.78970,2
PL02S0101-0518,PL,53.75054,15.32315,2
PL02S0101-0526,PL,54.06355,15.26062,1
PL02S0101-0527,PL,54.14184,15.28588,1
PL02S0101-0543,PL,54.03253,15.87905,4
PL02S0101-0545,PL,54.09142,15.71362,2
PL02S0101-0547,PL,54.17286,15.57512,2
PL02S0101-0550,PL,54.23432,16.14184,1
PL02S0101-0552,PL,54.24052,16.06948,2
PL02S0101-0558,PL,54.44226,16.60603,4
PL02S0101-0562,PL,54.15105,16.69252,4
PL02S0101-0563,PL,54.30031,16.43566,4
PL02S0101-0565,PL,54.53934,16.56381,1
PL02S0101-1515,PL,54.12843,15.44290,2
PL02S0101-1517,PL,53.69210,14.85514,1
PL02S0101-1518,PL,53.80249,14.68825,3
PL02S0101-1521,PL,53.40836,15.22846,2
PL02S0101-3053,PL,53.73594,15.71935,1
PL02S0101-3155,PL,53.41590,14.70331,1
PL02S0201-0578,PL,54.15477,16.97647,2
PL02S0201-0580,PL,54.56593,16.75872,1
PL02S0201-0582,PL,54.14750,17.03556,1
PL02S0201-0584,PL,53.66591,16.92723,2
PL02S0201-0585,PL,53.54573,16.95538,3
PL02S0401-0612,PL,52.03820,15.66945,1
PL02S0401-0621,PL,51.56145,15.45211,2
PL02S0401-0624,PL,51.54849,15.39179,3
PL02S0401-0655,PL,51.95354,14.72921,1
PL02S0401-0656,PL,51.99086,14.71983,3
PL02S0401-0669,PL,52.60190,15.50090,3
PL02S0401-0671,PL,52.58763,15.47741,3
PL02S0401-0677,PL,52.73720,15.41052,3
PL02S0401-0682,PL,52.58363,14.64575,4
PL02S0501-0711,PL,52.04202,18.01991,3
PL02S0501-0741,PL,52.87192,15.98221,3
PL02S0501-0747,PL,52.44008,17.03460,4
PL02S0501-0753,PL,53.05679,16.72918,4
PL02S0501-0764,PL,52.24830,16.85634,1
PL02S0501-0783,PL,52.18069,18.56827,4
PL02S0501-0797,PL,52.10929,17.57668,1
PL02S0501-0805,PL,52.21142,17.85445,3
PL02S0501-0810,PL,51.98915,16.14599,2
PL02S0501-0817,PL,52.11417,17.19937,2
PL02S0501-0828,PL,52.86296,16.01219,1
PL02S0501-0832,PL,52.00685,15.98566,2
PL02S0501-0842,PL,52.68776,16.30289,1
PL02S0501-0845,PL,53.25720,16.74835,6
PL02S0501-0858,PL,52.12082,17.66551,2
PL02S0501-0866,PL,53.17462,16.74449,1
PL02S0501-0870,PL,52.60929,16.58067,1
PL02S0501-0874,PL,52.23189,16.81684,2
PL02S0501-0894,PL,51.69675,18.21389,1
PL02S0501-0904,PL,52.30654,16.90637,2
PL02S0501-0911,PL,52.65246,16.80965,1
PL02S0501-0915,PL,52.20370,17.76282,1
PL02S0501-1795,PL,53.30408,16.79289,3
PL02S0601-0932,PL,52.78704,18.11409,1
PL02S0601-0935,PL,53.10938,17.65901,2
PL02S0901-0945,PL,51.45813,18.83769,3
PL02S0901-0948,PL,51.97265,18.79126,4
PL02S0901-0957,PL,51.38811,18.76205,3
PL02S0901-0986,PL,51.46504,18.94329,2
PL02S0901-0996,PL,51.45845,18.98481,1
PL02S0901-1006,PL,52.04023,19.03072,1
PL02S0901-1811,PL,51.27287,18.64000,2
PL02S0901-3186,PL,51.75226,18.79017,1
PL02S0901-3212,PL,51.11067,18.87316,2
PL02S1201-1016,PL,50.27861,18.24556,2
PL02S1201-1018,PL,50.33719,18.18078,1
PL02S1201-1032,PL,50.31307,17.36648,2
PL02S1201-1034,PL,50.46789,17.00875,1
PL02S1201-1054,PL,50.33731,18.15231,3
PL02S1201-1056,PL,50.70925,17.88953,2
PL02S1201-1087,PL,50.46589,17.96408,2
PL02S1201-1091,PL,50.27203,17.39553,4
PL02S1301-1123,PL,49.92007,18.32709,2
PL02S1301-1125,PL,49.57221,18.89315,1
PL02S1301-1130,PL,49.91103,18.47840,2
PL02S1301-1131,PL,49.90266,18.50679,1
PL02S1301-1134,PL,49.94575,18.33773,4
PL02S1301-1149,PL,50.18979,18.26306,2
PL02S1301-1174,PL,50.57543,19.02408,1
PL02S1301-1186,PL,50.56725,18.66134,2
PL02S1301-1192,PL,50.60459,19.27147,1
PL02S1301-1197,PL,50.79989,19.13016,1
PL02S1301-1200,PL,50.88274,19.42549,4
PL02S1301-1203,PL,50.87472,19.43556,1
PL02S1301-1214,PL,51.03904,19.06858,1
PL02S1401-1218,PL,51.25965,16.73597,1
PL02S1401-1220,PL,51.68511,16.20870,1
PL02S1401-1230,PL,50.50338,16.92801,3
PL02S1401-1233,PL,50.41637,16.64236,2
PL02S1401-1237,PL,50.54999,16.41346,2
PL02S1401-1246,PL,51.10329,17.05508,2
PL02S1401-1266,PL,51.18812,16.90675,1
PL02S1401-1273,PL,50.87736,16.52037,6
PL02S1401-1280,PL,51.10439,16.82793,1
PL02S1401-1291,PL,51.08900,17.29081,3
PL02S1401-1299,PL,51.24330,16.44607,2
PL02S1401-1300,PL,51.00728,15.90952,3
PL02S1401-1303,PL,51.27953,16.40126,1
PL02S1401-1324,PL,51.68661,16.26574,1
PL02S1401-1331,PL,51.56352,16.69317,3
PL02S1401-1346,PL,,,1
PL02S1401-1349,PL,51.32704,15.56839,2
PL02S1401-1361,PL,51.32679,15.58062,5
PL02S1401-1374,PL,50.87080,14.82276,4
PL02S1401-1381,PL,51.01619,15.03347,2
PL02S1401-2298,PL,51.46854,16.90850,1
PL02S1401-2299,PL,50.80147,16.89313,1
PL02S1401-3128,PL,50.77490,15.73988,1
PL02S1401-3137,PL,,,1
PL03S1601-0001,PL,49.48118,22.69539,1
PL04S1301-0001,PL,49.53143,18.87981,1
PL04S1501-0002,PL,49.46868,19.67549,3
PL05S0301-0001,PL,54.41839,19.94842,3
PL06S1401-0001,PL,50.78154,15.37048,3
PL06S1401-0004,PL,50.16455,16.56046,2
PL07S0801-0071,PL,54.34426,23.02081,2
PL07S0801-0077,PL,54.06010,23.00679,2
PL07S0801-0078,PL,54.02695,23.45728,3
PL07S0801-0080,PL,53.87827,23.50210,1
PL07S0801-0083,PL,53.26307,23.80179,1
PL07S0801-0084,PL,53.15292,23.91423,3
PL08S0301-0101,PL,54.35062,22.56386,1
PL08S0301-0108,PL,54.25371,21.99961,3
PL08S0301-0139,PL,54.32255,21.04284,2
PL08S0301-0159,PL,54.32637,21.98010,2
PLSM-PL01S0201-0790,PL,53.86190,18.25710,3
PLSM-PL01S0201-0805,PL,54.45330,17.03530,1
PLSM-PL01S0201-0814,PL,54.69230,17.44840,1
PLSM-PL01S0201-3083,PL,53.95720,18.57310,1
PLSM-PL01S0301-0920,PL,53.79360,20.15260,2
PLSM-PL01S0301-2007,PL,53.56000,19.88220,3
PLSM-PL01S0701-1057,PL,51.53030,21.83310,1
PLSM-PL01S0801-1364,PL,52.95320,22.93750,2
PLSM-PL01S0801-1385,PL,53.62560,22.92160,4
PLSM-PL01S1001-1471,PL,50.77750,20.70890,1
PLSM-PL01S1501-2183,PL,,,1
PLSM-PL01S1601-1882,PL,50.22360,21.74010,2
PLSM-PL01S1601-1919,PL,49.72560,22.84220,1
PLSM-PL01S1601-1927,PL,,,1
PLSM-PL01S1601-2300,PL,50.10320,23.27430,1
PLSM-PL02S0402-2134,PL,52.33450,15.21980,1
PLSM-PL02S0501-0830,PL,53.05500,16.73180,2
PLSM-PL02S0501-0871,PL,52.70750,16.52110,2
PLSM-PL02S0501-0906,PL,52.64290,16.81870,2
PLSM-PL07S0801-0072,PL,54.31370,23.04010,1
PLSM-PL07S0801-0085,PL,54.11990,23.47330,2
PLSM-PL07S0801-0086,PL,53.96930,23.49550,3
PT04E07,PT,,,2
PT04G07,PT,41.61294,-8.42772,1
PT04N01,PT,,,2
PT05H02,PT,41.37082,-8.27551,1
PT11I01,PT,40.46739,-8.03452,1
PT11K03,PT,,,1
PT12F04-A,PT,40.17890,-8.64115,1
PT15E06,PT,39.68607,-8.77059,1
PT16D03,PT,39.53706,-8.94689,2
PT17F03,PT,39.38167,-8.66043,1
PT20C01,PT,38.85194,-9.12596,1
PT31H02,PT,37.12386,-8.17376,1
RO10100,RO,,,2
RO10200,RO,,,3
RO102400,RO,,,2
RO102900,RO,,,3
RO103700,RO,,,2
RO106500,RO,,,5
RO107500,RO,,,3
RO112800,RO,,,2
RO113200,RO,,,3
RO113600,RO,,,4
RO11400,RO,,,5
RO114220,RO,,,2
RO11900,RO,,,4
RO12190,RO,,,1
RO12200,RO,,,1
RO12380,RO,,,1
RO12510,RO,,,3
RO125700,RO,,,2
RO12760,RO,,,2
RO129700,RO,,,1
RO12980,RO,,,6
RO130200,RO,,,1
RO133300,RO,,,3
RO133600,RO,,,2
RO134000,RO,,,3
RO14130-1,RO,,,2
RO141300,RO,44.21420,22.67610,5
RO14270,RO,,,1
RO14270-1,RO,,,2
RO142900,RO,44.12810,27.26840,2
RO142900-1,RO,,,1
RO143900-1,RO,,,3
RO144000,RO,45.40790,29.55490,5
RO144000-3,RO,,,1
RO144300,RO,45.15910,29.67000,2
RO144300-1,RO,,,2
RO144300-3,RO,,,4
RO20100,RO,,,1
RO21120,RO,,,6
RO21200,RO,,,2
RO21800,RO,,,9
RO22200,RO,,,1
RO22400,RO,,,1
RO22700,RO,,,4
RO23030,RO,,,1
RO24100,RO,,,2
RO24200,RO,,,3
RO24300,RO,,,5
RO24500,RO,,,4
RO25400,RO,,,2
RO30100,RO,,,1
RO31100,RO,,,2
RO32100,RO,,,9
RO32770,RO,,,1
RO33400,RO,,,7
RO34100,RO,,,6
RO40900,RO,,,4
RO42300,RO,,,2
RO42550,RO,,,2
RO43000,RO,,,2
RO43200,RO,,,2
RO43500,RO,,,4
RO43600,RO,,,1
RO43900,RO,,,5
RO44200,RO,,,3
RO45200,RO,,,3
RO45600,RO,,,1
RO45900,RO,,,2
RO46500,RO,,,2
RO50100,RO,,,4
RO50400,RO,,,3
RO50600,RO,,,2
RO50810,RO,,,1
RO51900,RO,,,2
RO52300,RO,,,4
RO52900,RO,,,2
RO7005,RO,,,1
RO70300,RO,45.45080,23.41940,1
RO7380,RO,,,1
RO73800,RO,44.25440,23.79750,1
RO7400,RO,,,2
RO80100,RO,,,2
RO80600,RO,,,1
RO81100,RO,,,2
RO81900,RO,,,3
RO82000,RO,,,1
RO82300,RO,,,5
RO83600,RO,,,1
RO84300,RO,,,3
RO84800,RO,,,6
RO86801,RO,,,3
RO87500,RO,,,1
RO90100,RO,,,1
RS42450,RS,,,4
RS42914,RS,,,3
RS42929,RS,,,1
RS45098,RS,,,1
RS45842,RS,,,1
RS45908,RS,,,2
RS45920,RS,,,1
RS47025,RS,,,3
RS47035,RS,,,2
RS47057,RS,,,3
RS47067,RS,,,2
RS47083,RS,,,1
RS47101,RS,,,2
RS47123,RS,,,2
RS47175,RS,,,3
RS47195,RS,,,2
RS47269,RS,,,4
RS47495,RS,,,2
RS47540,RS,,,3
RS47570,RS,,,3
RS47890,RS,,,5
RS47950,RS,,,1
RS7203A1,RS,,,2
RS92120,RS,,,3
RS92130,RS,,,1
RS92135,RS,,,1
RS94025,RS,,,1
RS95882,RS,,,1
RS97105,RS,,,1
RS97937,RS,,,4
RSLW00008,RS,43.81380,22.22830,1
RSLW00010,RS,43.82040,22.20230,2
RSLW00030,RS,43.90960,20.23300,1
RSLW00031,RS,43.91460,20.22900,2
RSLW00032,RS,43.91680,20.22140,2
RSLW00034,RS,43.90020,20.17540,1
RSLW00035,RS,43.89780,20.15880,1
RSRW00001,RS,45.85420,18.85860,4
RSRW00002,RS,45.52910,19.07801,5
RSRW00003,RS,45.22600,19.83670,2
RSRW00007,RS,44.69614,22.41127,3
RSRW00008,RS,45.43050,20.85580,3
RSRW00009,RS,45.32450,21.01440,2
RSRW00010,RS,44.99420,21.35080,2
RSRW00011,RS,44.87100,21.47310,6
RSRW00012,RS,44.71670,21.53620,4
RSRW00014,RS,45.99900,20.34700,4
RSRW00015,RS,45.58580,20.13460,3
RSRW00016,RS,45.20460,20.31480,6
RSRW00017,RS,45.65270,20.79870,4
RSRW00018,RS,45.57870,20.75580,8
RSRW00019,RS,44.87810,19.08410,6
RSRW00020,RS,44.96700,19.60210,2
RSRW00021,RS,44.77115,19.70127,1
RSRW00022,RS,43.38270,19.63810,4
RSRW00023,RS,43.97487,19.54164,1
RSRW00024,RS,44.78820,19.35040,2
RSRW00026,RS,43.72440,21.37320,4
RSRW00027,RS,44.06850,21.19740,5
RSRW00028,RS,44.58490,21.13250,3
RSRW00030,RS,43.73400,20.73460,2
RSRW00031,RS,43.29700,20.61430,2
RSRW00033,RS,43.71850,20.68880,4
RSRW00035,RS,43.63080,21.48540,4
RSRW00036,RS,43.00710,22.81150,2
RSRW00037,RS,42.99720,22.77270,3
RSRW00038,RS,43.32600,21.90180,1
RSRW00039,RS,45.85780,18.90260,3
RSRW00040,RS,45.38780,19.23220,1
RSRW00041,RS,45.28240,19.81610,6
RSRW00043,RS,46.11420,20.08140,3
RSRW00044,RS,44.73182,20.31055,4
SE614886-136002,SE,55.44943,13.59290,6
SE617027-137477,SE,55.64561,13.81616,1
SE618678-132881,SE,55.77973,13.07664,1
SE620277-140091,SE,55.94343,14.21933,3
SE621205-131122,SE,55.99983,12.77907,6
SE622467-133458,SE,56.12168,13.14527,2
SE622950-143450,SE,56.18921,14.75027,2
SE623006-149119,SE,,,2
SE624038-143063,SE,56.28636,14.68510,2
SE626827-132577,SE,56.50964,12.97498,1
SE626875-133051,SE,56.51568,13.05156,3
SE627831-152255,SE,56.63152,16.17266,2
SE628877-132040,SE,56.69148,12.87366,1
SE631338-129833,SE,56.90312,12.49464,3
SE632033-152167,SE,57.00890,16.16188,1
SE633520-153920,SE,57.14127,16.45270,4
SE634496-146157,SE,57.22920,15.17180,3
SE635136-128895,SE,,,1
SE638491-166721,SE,57.55869,18.60251,1
SE638665-129243,SE,57.55727,12.33679,2
SE639339-154122,SE,57.66356,16.49582,2
SE640881-140842,SE,57.79353,14.26408,2
SE641071-127372,SE,57.76386,12.00238,3
SE641732-140096,SE,57.86932,14.13631,3
SE642010-126900,SE,57.84557,11.91419,1
SE642122-148744,SE,57.91514,15.59330,3
SE643455-140114,SE,58.02400,14.13215,2
SE644463-139986,SE,58.11417,14.10621,1
SE646965-154810,SE,58.34751,16.62658,1
SE647568-131469,SE,58.36508,12.63838,3
SE647577-129929,SE,58.35911,12.37567,2
SE647582-127369,SE,58.34711,11.93927,2
SE648930-125964,SE,58.46035,11.68586,2
SE649035-145565,SE,58.53371,15.04379,4
SE649673-151838,SE,58.59286,16.12123,3
SE650164-131327,SE,58.59718,12.59298,2
SE650960-138526,SE,58.69358,13.82621,1
SE651375-154304,SE,58.74391,16.54851,2
SE652370-156442,SE,58.83057,16.92055,2
SE653621-125394,SE,58.87716,11.53738,1
SE654151-140275,SE,58.98420,14.11379,2
SE655385-140604,SE,59.09574,14.16573,1
SE660749-161885,SE,59.57066,17.90810,3
SE661974-144297,SE,59.69357,14.79242,1
SE663116-160415,SE,59.78693,17.65985,3
SE663617-160579,SE,59.83146,17.69159,5
SE664214-159929,SE,59.88663,17.57858,5
SE666294-137309,SE,60.06558,13.52595,3
SE667332-153739,SE,60.17670,16.47880,1
SE668814-161417,SE,60.29600,17.87330,2
SE669097-133744,SE,60.30480,12.86680,3
SE670757-145007,SE,60.48338,14.90006,1
SE671742-158974,SE,60.56421,17.44139,3
SE672117-145779,SE,60.60564,15.03452,5
SE672729-138082,SE,60.64505,13.62646,3
SE672915-157210,SE,,,2
SE678924-156862,SE,61.21275,17.08190,3
SE683661-156793,SE,61.63785,17.08635,5
SE690530-152405,SE,62.26030,16.27128,1
SE691743-155984,SE,62.36424,16.96093,5
SE693587-158205,SE,62.52541,17.39854,1
SE694231-133350,SE,62.55570,12.57019,5
SE703055-166572,SE,63.34555,19.11565,3
SE703411-148805,SE,63.41668,15.56901,2
SE706083-132287,SE,63.61114,12.23319,1
SE707160-168739,SE,63.70233,19.59600,3
SE710354-155465,SE,64.03440,16.92323,1
SE711900-175034,SE,64.08681,20.94122,4
SE713297-169256,SE,64.24875,19.77751,2
SE716805-166700,SE,64.57621,19.29114,4
SE718150-168580,SE,64.68679,19.69976,2
SE719095-173622,SE,64.73974,20.76791,2
SE721000-174904,SE,64.90065,21.06912,1
SE726410-175525,SE,65.37900,21.29890,2
SE728796-160764,SE,65.67486,18.14620,1
SE729186-178575,SE,65.60132,22.00966,1
SE730224-165025,SE,65.78569,19.08766,2
SE732407-183604,SE,65.83960,23.17318,1
SE733222-181059,SE,65.93788,22.63954,1
SE733351-187900,SE,65.87547,24.13104,3
SE733833-177925,SE,66.02137,21.96819,7
SE735526-183905,SE,66.11376,23.32001,5
SE741419-169012,SE,66.76575,20.12467,2
SE758793-162214,SE,68.35625,18.77182,1
SE95-1,SE,56.13890,12.84670,3
SKB400010D,SK,,,3
SKIDK002,SK,,,6
SKIDK003,SK,,,2
SKIDK005,SK,,,5
SKIDK008,SK,,,1
SKIDK021,SK,,,2
SKIDK022,SK,,,8
SKIDK023,SK,,,6
SKIDK028,SK,47.75130,18.11680,1
SKIDK029,SK,47.79310,18.72760,4
SKIDK037,SK,,,4
SKIDK043,SK,,,3
SKIDK045,SK,,,3
SKIDK050,SK,,,1
SKIDK052,SK,,,6
SKIDK070,SK,,,2
SKIDK087,SK,,,1
SKIDK090,SK,,,1
SKIDK099,SK,,,11
SKIDK105,SK,,,5
SKIDK108,SK,,,3
SKIDK121,SK,,,3
SKIDK127,SK,,,7
SKIDK156,SK,,,3
SKIDK162,SK,,,3
SKIDK173,SK,,,1
SKIDK178,SK,,,9
SKIDK181,SK,,,1
SKIDK188,SK,,,4
SKIDK195,SK,,,1
SKIDK199,SK,,,2
SKIDK200,SK,,,4
SKIDK201,SK,,,1
SKIDK202,SK,,,5
SKIDK205,SK,,,8
SKIDK206,SK,,,5
SKIDK210,SK,,,3
SKIDK211,SK,,,8
SKIDK215,SK,,,2
SKIDK225,SK,,,9
SKIDK227,SK,,,9
SKIDK231,SK,,,3
SKIDK233,SK,,,8
SKIDK239,SK,,,1
SKIDK241,SK,,,1
SKIDK245,SK,,,1
SKIDK246,SK,,,2
SKIDK250,SK,,,12
SKQ5145,SK,,,6
SKQ6570,SK,,,2
SKQ7645,SK,,,6
SKV238010D,SK,49.11960,18.33020,1
XKRV01-013,XK,42.25460,20.64902,3
XKRV01-032,XK,42.61405,20.57115,1
XKRV01-041,XK,42.69618,20.15980,1
XKRV01-052,XK,42.52184,20.56440,1
XKRV01-062,XK,42.51847,20.54116,2
XKRV01-101,XK,42.21379,20.92539,2
XKRV01-102,XK,42.19343,20.65157,1
XKRV02-023,XK,42.60881,21.06176,1
XKRV02-024,XK,42.70687,21.03835,1
XKRV02-026,XK,42.89752,20.88216,1
XKRV02-061,XK,42.51706,20.92322,1
XKRV02-071,XK,42.40740,20.99470,1
XKRV02-072,XK,42.44979,21.09417,1
XKRV03-012,XK,42.36000,21.36688,1
XKRV03-014,XK,42.50457,21.64165,1
XKRV03-021,XK,42.55473,21.40923,1
XKRV03-022,XK,42.51051,21.63270,1
