campaign,station,analyte,value,is_non_detect,lod,loq,threshold,threshold_kind,verdict_standard,verdict_censoring_aware,cause,flipped
C1,1,17-alpha-Estradiol,0.0,True,,,0.00018,EU AA,compliant,indeterminate,unresolved_no_lod,True
C1,1,17-alpha-Ethinylestradiol,0.0,True,,,1.7e-05,EU AA,compliant,indeterminate,unresolved_no_lod,True
C1,1,17-beta-Estradiol,0.0,True,,,0.00018,EU AA,compliant,indeterminate,unresolved_no_lod,True
C1,1,Acetamiprid,0.0,True,0.025237601919248082,0.08412533973082695,0.16,EU MAC,compliant,compliant,,False
C1,1,Aclonifen,0.0,True,,,0.12,EU MAC,compliant,indeterminate,unresolved_no_lod,True
C1,1,Anthracene,0.0,True,,,0.1,EU MAC,compliant,indeterminate,unresolved_no_lod,True
C1,1,Azithromycin,7.446940531173082,False,,,0.18,EU MAC,exceeding,exceeding,,False
C1,1,Bifenox,0.0,True,,,0.04,EU MAC,compliant,indeterminate,unresolved_no_lod,True
C1,1,Bisphenol-A,0.0,True,,,130.0,EU MAC,compliant,indeterminate,unresolved_no_lod,True
C1,1,Chlorpyrifos,0.0,True,,,0.0026,EU MAC,compliant,indeterminate,unresolved_no_lod,True
C1,1,Clarithromycin,0.039727572100301756,False,,,0.13,EU MAC,compliant,compliant,,False
C1,1,Clothianidin,0.0,True,0.13583585498351416,0.45278618327838055,0.34,EU MAC,compliant,indeterminate,method_insufficient,True
C1,1,Cybutryne,0.0,True,,,0.016,EU MAC,compliant,indeterminate,unresolved_no_lod,True
C1,1,Cypermethrin,0.0,True,,,0.0006000000000000001,EU MAC,compliant,indeterminate,unresolved_no_lod,True
C1,1,Di(2- ethylhexyl)phthalate (DEHP),0.0,True,,,2.0,EU MAC,compliant,indeterminate,unresolved_no_lod,True
C1,1,Dichlorvos,0.0,True,,,0.0007,EU MAC,compliant,indeterminate,unresolved_no_lod,True
C1,1,Diuron,0.0,True,,,0.27,EU MAC,compliant,indeterminate,unresolved_no_lod,True
C1,1,Erythromycin,0.0,True,,,1.0,EU MAC,compliant,indeterminate,unresolved_no_lod,True
C1,1,Fluoranthene,0.0,True,,,0.12,EU MAC,compliant,indeterminate,unresolved_no_lod,True
C1,1,Hexachlorobenzene,0.0,True,,,8.0,EU MAC,compliant,indeterminate,unresolved_no_lod,True
C1,1,Imidacloprid,0.0,True,0.6194075722193858,2.0646919073979526,0.057,EU MAC,compliant,indeterminate,method_insufficient,True
C1,1,Isoproturon,0.0,True,,,1.0,EU MAC,compliant,indeterminate,unresolved_no_lod,True
C1,1,Pentachlorobenzene,0.0,True,,,0.007,EU AA,compliant,indeterminate,unresolved_no_lod,True
C1,1,Quinoxyfen,0.0,True,,,2.7,EU MAC,compliant,indeterminate,unresolved_no_lod,True
C1,1,Terbutryn,0.0,True,,,0.34,EU MAC,compliant,indeterminate,unresolved_no_lod,True
C1,1,Thiacloprid,0.0,True,0.08682554171532375,0.28941847238441254,0.05,EU MAC,compliant,indeterminate,method_insufficient,True
C1,1,Triclosan,0.0,True,,,0.02,EU MAC,compliant,indeterminate,unresolved_no_lod,True
C1,1,Trifluralin,0.0,True,,,0.03,EU AA,compliant,indeterminate,unresolved_no_lod,True
C1,2,17-alpha-Estradiol,0.0,True,,,0.00018,EU AA,compliant,indeterminate,unresolved_no_lod,True
C1,2,17-alpha-Ethinylestradiol,0.0,True,,,1.7e-05,EU AA,compliant,indeterminate,unresolved_no_lod,True
C1,2,17-beta-Estradiol,0.0,True,,,0.00018,EU AA,compliant,indeterminate,unresolved_no_lod,True
C1,2,Acetamiprid,0.0,True,0.025237601919248082,0.08412533973082695,0.16,EU MAC,compliant,compliant,,False
C1,2,Aclonifen,0.23859850282222508,False,,,0.12,EU MAC,exceeding,exceeding,,False
C1,2,Anthracene,0.0,True,,,0.1,EU MAC,compliant,indeterminate,unresolved_no_lod,True
C1,2,Azithromycin,7.863652964197836,False,,,0.18,EU MAC,exceeding,exceeding,,False
C1,2,Bifenox,0.0,True,,,0.04,EU MAC,compliant,indeterminate,unresolved_no_lod,True
C1,2,Bisphenol-A,0.0,True,,,130.0,EU MAC,compliant,indeterminate,unresolved_no_lod,True
C1,2,Chlorpyrifos,0.0,True,,,0.0026,EU MAC,compliant,indeterminate,unresolved_no_lod,True
C1,2,Clarithromycin,0.19303021581225546,False,,,0.13,EU MAC,exceeding,exceeding,,False
C1,2,Clothianidin,0.0,True,0.13583585498351416,0.45278618327838055,0.34,EU MAC,compliant,indeterminate,method_insufficient,True
C1,2,Cybutryne,0.0,True,,,0.016,EU MAC,compliant,indeterminate,unresolved_no_lod,True
C1,2,Cypermethrin,0.0,True,,,0.0006000000000000001,EU MAC,compliant,indeterminate,unresolved_no_lod,True
C1,2,Di(2- ethylhexyl)phthalate (DEHP),0.0,True,,,2.0,EU MAC,compliant,indeterminate,unresolved_no_lod,True
C1,2,Dichlorvos,0.0,True,,,0.0007,EU MAC,compliant,indeterminate,unresolved_no_lod,True
C1,2,Diuron,0.0,True,,,0.27,EU MAC,compliant,indeterminate,unresolved_no_lod,True
C1,2,Erythromycin,0.0,True,,,1.0,EU MAC,compliant,indeterminate,unresolved_no_lod,True
C1,2,Fluoranthene,0.0,True,,,0.12,EU MAC,compliant,indeterminate,unresolved_no_lod,True
C1,2,Hexachlorobenzene,0.0,True,,,8.0,EU MAC,compliant,indeterminate,unresolved_no_lod,True
C1,2,Imidacloprid,0.0,True,0.6194075722193858,2.0646919073979526,0.057,EU MAC,compliant,indeterminate,method_insufficient,True
C1,2,Isoproturon,0.0,True,,,1.0,EU MAC,compliant,indeterminate,unresolved_no_lod,True
C1,2,Pentachlorobenzene,0.0,True,,,0.007,EU AA,compliant,indeterminate,unresolved_no_lod,True
C1,2,Quinoxyfen,0.0,True,,,2.7,EU MAC,compliant,indeterminate,unresolved_no_lod,True
C1,2,Terbutryn,0.0,True,,,0.34,EU MAC,compliant,indeterminate,unresolved_no_lod,True
C1,2,Thiacloprid,0.0,True,0.08682554171532375,0.28941847238441254,0.05,EU MAC,compliant,indeterminate,method_insufficient,True
C1,2,Triclosan,0.0,True,,,0.02,EU MAC,compliant,indeterminate,unresolved_no_lod,True
C1,2,Trifluralin,0.0,True,,,0.03,EU AA,compliant,indeterminate,unresolved_no_lod,True
C1,3,17-alpha-Estradiol,0.0,True,,,0.00018,EU AA,compliant,indeterminate,unresolved_no_lod,True
C1,3,17-alpha-Ethinylestradiol,0.0,True,,,1.7e-05,EU AA,compliant,indeterminate,unresolved_no_lod,True
C1,3,17-beta-Estradiol,0.0,True,,,0.00018,EU AA,compliant,indeterminate,unresolved_no_lod,True
C1,3,Acetamiprid,0.0,True,0.025237601919248082,0.08412533973082695,0.16,EU MAC,compliant,compliant,,False
C1,3,Aclonifen,0.2999505727808003,False,,,0.12,EU MAC,exceeding,exceeding,,False
C1,3,Anthracene,0.0,True,,,0.1,EU MAC,compliant,indeterminate,unresolved_no_lod,True
C1,3,Azithromycin,3.994494940777985,False,,,0.18,EU MAC,exceeding,exceeding,,False
C1,3,Bifenox,0.0,True,,,0.04,EU MAC,compliant,indeterminate,unresolved_no_lod,True
C1,3,Bisphenol-A,0.0,True,,,130.0,EU MAC,compliant,indeterminate,unresolved_no_lod,True
C1,3,Chlorpyrifos,0.0,True,,,0.0026,EU MAC,compliant,indeterminate,unresolved_no_lod,True
C1,3,Clarithromycin,0.1073199354425322,False,,,0.13,EU MAC,compliant,compliant,,False
C1,3,Clothianidin,0.0,True,0.13583585498351416,0.45278618327838055,0.34,EU MAC,compliant,indeterminate,method_insufficient,True
C1,3,Cybutryne,0.0,True,,,0.016,EU MAC,compliant,indeterminate,unresolved_no_lod,True
C1,3,Cypermethrin,0.0,True,,,0.0006000000000000001,EU MAC,compliant,indeterminate,unresolved_no_lod,True
C1,3,Di(2- ethylhexyl)phthalate (DEHP),0.0,True,,,2.0,EU MAC,compliant,indeterminate,unresolved_no_lod,True
C1,3,Dichlorvos,0.0,True,,,0.0007,EU MAC,compliant,indeterminate,unresolved_no_lod,True
C1,3,Diuron,0.0,True,,,0.27,EU MAC,compliant,indeterminate,unresolved_no_lod,True
C1,3,Erythromycin,0.0,True,,,1.0,EU MAC,compliant,indeterminate,unresolved_no_lod,True
C1,3,Fluoranthene,0.0,True,,,0.12,EU MAC,compliant,indeterminate,unresolved_no_lod,True
C1,3,Hexachlorobenzene,0.0,True,,,8.0,EU MAC,compliant,indeterminate,unresolved_no_lod,True
C1,3,Imidacloprid,0.0,True,0.6194075722193858,2.0646919073979526,0.057,EU MAC,compliant,indeterminate,method_insufficient,True
C1,3,Isoproturon,0.0,True,,,1.0,EU MAC,compliant,indeterminate,unresolved_no_lod,True
C1,3,Pentachlorobenzene,0.0,True,,,0.007,EU AA,compliant,indeterminate,unresolved_no_lod,True
C1,3,Quinoxyfen,0.0,True,,,2.7,EU MAC,compliant,indeterminate,unresolved_no_lod,True
C1,3,Terbutryn,0.0,True,,,0.34,EU MAC,compliant,indeterminate,unresolved_no_lod,True
C1,3,Thiacloprid,0.0,True,0.08682554171532375,0.28941847238441254,0.05,EU MAC,compliant,indeterminate,method_insufficient,True
C1,3,Triclosan,0.0,True,,,0.02,EU MAC,compliant,indeterminate,unresolved_no_lod,True
C1,3,Trifluralin,0.0,True,,,0.03,EU AA,compliant,indeterminate,unresolved_no_lod,True
C1,4,17-alpha-Estradiol,0.0,True,,,0.00018,EU AA,compliant,indeterminate,unresolved_no_lod,True
C1,4,17-alpha-Ethinylestradiol,0.0,True,,,1.7e-05,EU AA,compliant,indeterminate,unresolved_no_lod,True
C1,4,17-beta-Estradiol,0.0,True,,,0.00018,EU AA,compliant,indeterminate,unresolved_no_lod,True
C1,4,Acetamiprid,0.03588011050291087,False,0.025237601919248082,0.08412533973082695,0.16,EU MAC,compliant,compliant,,False
C1,4,Aclonifen,0.193413794946362,False,,,0.12,EU MAC,exceeding,exceeding,,False
C1,4,Anthracene,0.0,True,,,0.1,EU MAC,compliant,indeterminate,unresolved_no_lod,True
C1,4,Azithromycin,1.5308807221870733,False,,,0.18,EU MAC,exceeding,exceeding,,False
C1,4,Bifenox,0.0,True,,,0.04,EU MAC,compliant,indeterminate,unresolved_no_lod,True
C1,4,Bisphenol-A,0.0,True,,,130.0,EU MAC,compliant,indeterminate,unresolved_no_lod,True
C1,4,Chlorpyrifos,0.0,True,,,0.0026,EU MAC,compliant,indeterminate,unresolved_no_lod,True
C1,4,Clarithromycin,0.38745053064300283,False,,,0.13,EU MAC,exceeding,exceeding,,False
C1,4,Clothianidin,0.0,True,0.13583585498351416,0.45278618327838055,0.34,EU MAC,compliant,indeterminate,method_insufficient,True
C1,4,Cybutryne,0.0,True,,,0.016,EU MAC,compliant,indeterminate,unresolved_no_lod,True
C1,4,Cypermethrin,0.0,True,,,0.0006000000000000001,EU MAC,compliant,indeterminate,unresolved_no_lod,True
C1,4,Di(2- ethylhexyl)phthalate (DEHP),0.0,True,,,2.0,EU MAC,compliant,indeterminate,unresolved_no_lod,True
C1,4,Dichlorvos,0.0,True,,,0.0007,EU MAC,compliant,indeterminate,unresolved_no_lod,True
C1,4,Diuron,1.058982940835134,False,,,0.27,EU MAC,exceeding,exceeding,,False
C1,4,Erythromycin,0.0,True,,,1.0,EU MAC,compliant,indeterminate,unresolved_no_lod,True
C1,4,Fluoranthene,11.68900263288861,False,,,0.12,EU MAC,exceeding,exceeding,,False
C1,4,Hexachlorobenzene,0.0,True,,,8.0,EU MAC,compliant,indeterminate,unresolved_no_lod,True
C1,4,Imidacloprid,0.0,True,0.6194075722193858,2.0646919073979526,0.057,EU MAC,compliant,indeterminate,method_insufficient,True
C1,4,Isoproturon,0.0,True,,,1.0,EU MAC,compliant,indeterminate,unresolved_no_lod,True
C1,4,Pentachlorobenzene,0.0,True,,,0.007,EU AA,compliant,indeterminate,unresolved_no_lod,True
C1,4,Quinoxyfen,0.0,True,,,2.7,EU MAC,compliant,indeterminate,unresolved_no_lod,True
C1,4,Terbutryn,0.025110719251269894,False,,,0.34,EU MAC,compliant,compliant,,False
C1,4,Thiacloprid,0.0,True,0.08682554171532375,0.28941847238441254,0.05,EU MAC,compliant,indeterminate,method_insufficient,True
C1,4,Triclosan,0.0,True,,,0.02,EU MAC,compliant,indeterminate,unresolved_no_lod,True
C1,4,Trifluralin,0.0,True,,,0.03,EU AA,compliant,indeterminate,unresolved_no_lod,True
C1,5,17-alpha-Estradiol,0.0,True,,,0.00018,EU AA,compliant,indeterminate,unresolved_no_lod,True
C1,5,17-alpha-Ethinylestradiol,0.0,True,,,1.7e-05,EU AA,compliant,indeterminate,unresolved_no_lod,True
C1,5,17-beta-Estradiol,0.0,True,,,0.00018,EU AA,compliant,indeterminate,unresolved_no_lod,True
C1,5,Acetamiprid,0.5061103596860829,False,0.025237601919248082,0.08412533973082695,0.16,EU MAC,exceeding,exceeding,,False
C1,5,Aclonifen,0.14732664143438554,False,,,0.12,EU MAC,exceeding,exceeding,,False
C1,5,Anthracene,309.0227156617198,False,,,0.1,EU MAC,exceeding,exceeding,,False
C1,5,Azithromycin,3.9216462595576664,False,,,0.18,EU MAC,exceeding,exceeding,,False
C1,5,Bifenox,0.0,True,,,0.04,EU MAC,compliant,indeterminate,unresolved_no_lod,True
C1,5,Bisphenol-A,35.42054827119864,False,,,130.0,EU MAC,compliant,compliant,,False
C1,5,Chlorpyrifos,0.0,True,,,0.0026,EU MAC,compliant,indeterminate,unresolved_no_lod,True
C1,5,Clarithromycin,0.16886718462026123,False,,,0.13,EU MAC,exceeding,exceeding,,False
C1,5,Clothianidin,0.0,True,0.13583585498351416,0.45278618327838055,0.34,EU MAC,compliant,indeterminate,method_insufficient,True
C1,5,Cybutryne,0.0,True,,,0.016,EU MAC,compliant,indeterminate,unresolved_no_lod,True
C1,5,Cypermethrin,0.0,True,,,0.0006000000000000001,EU MAC,compliant,indeterminate,unresolved_no_lod,True
C1,5,Di(2- ethylhexyl)phthalate (DEHP),0.0,True,,,2.0,EU MAC,compliant,indeterminate,unresolved_no_lod,True
C1,5,Dichlorvos,0.0,True,,,0.0007,EU MAC,compliant,indeterminate,unresolved_no_lod,True
C1,5,Diuron,1.0471960239745226,False,,,0.27,EU MAC,exceeding,exceeding,,False
C1,5,Erythromycin,0.0,True,,,1.0,EU MAC,compliant,indeterminate,unresolved_no_lod,True
C1,5,Fluoranthene,4.461008700730441,False,,,0.12,EU MAC,exceeding,exceeding,,False
C1,5,Hexachlorobenzene,0.0,True,,,8.0,EU MAC,compliant,indeterminate,unresolved_no_lod,True
C1,5,Imidacloprid,0.0,True,0.6194075722193858,2.0646919073979526,0.057,EU MAC,compliant,indeterminate,method_insufficient,True
C1,5,Isoproturon,0.0,True,,,1.0,EU MAC,compliant,indeterminate,unresolved_no_lod,True
C1,5,Pentachlorobenzene,0.0,True,,,0.007,EU AA,compliant,indeterminate,unresolved_no_lod,True
C1,5,Quinoxyfen,0.0,True,,,2.7,EU MAC,compliant,indeterminate,unresolved_no_lod,True
C1,5,Terbutryn,0.018524621829353022,False,,,0.34,EU MAC,compliant,compliant,,False
C1,5,Thiacloprid,0.0,True,0.08682554171532375,0.28941847238441254,0.05,EU MAC,compliant,indeterminate,method_insufficient,True
C1,5,Triclosan,0.0,True,,,0.02,EU MAC,compliant,indeterminate,unresolved_no_lod,True
C1,5,Trifluralin,0.0,True,,,0.03,EU AA,compliant,indeterminate,unresolved_no_lod,True
C1,6,17-alpha-Estradiol,0.0,True,,,0.00018,EU AA,compliant,indeterminate,unresolved_no_lod,True
C1,6,17-alpha-Ethinylestradiol,0.0,True,,,1.7e-05,EU AA,compliant,indeterminate,unresolved_no_lod,True
C1,6,17-beta-Estradiol,0.0,True,,,0.00018,EU AA,compliant,indeterminate,unresolved_no_lod,True
C1,6,Acetamiprid,0.07343210799151746,False,0.025237601919248082,0.08412533973082695,0.16,EU MAC,compliant,compliant,,False
C1,6,Aclonifen,0.24140316443883084,False,,,0.12,EU MAC,exceeding,exceeding,,False
C1,6,Anthracene,0.0,True,,,0.1,EU MAC,compliant,indeterminate,unresolved_no_lod,True
C1,6,Azithromycin,2.997159056839369,False,,,0.18,EU MAC,exceeding,exceeding,,False
C1,6,Bifenox,0.0,True,,,0.04,EU MAC,compliant,indeterminate,unresolved_no_lod,True
C1,6,Bisphenol-A,0.0,True,,,130.0,EU MAC,compliant,indeterminate,unresolved_no_lod,True
C1,6,Chlorpyrifos,0.0,True,,,0.0026,EU MAC,compliant,indeterminate,unresolved_no_lod,True
C1,6,Clarithromycin,0.07749812862460391,False,,,0.13,EU MAC,compliant,compliant,,False
C1,6,Clothianidin,0.0,True,0.13583585498351416,0.45278618327838055,0.34,EU MAC,compliant,indeterminate,method_insufficient,True
C1,6,Cybutryne,0.0,True,,,0.016,EU MAC,compliant,indeterminate,unresolved_no_lod,True
C1,6,Cypermethrin,0.0,True,,,0.0006000000000000001,EU MAC,compliant,indeterminate,unresolved_no_lod,True
C1,6,Di(2- ethylhexyl)phthalate (DEHP),0.0,True,,,2.0,EU MAC,compliant,indeterminate,unresolved_no_lod,True
C1,6,Dichlorvos,0.0,True,,,0.0007,EU MAC,compliant,indeterminate,unresolved_no_lod,True
C1,6,Diuron,1.0674040621253083,False,,,0.27,EU MAC,exceeding,exceeding,,False
C1,6,Erythromycin,0.0,True,,,1.0,EU MAC,compliant,indeterminate,unresolved_no_lod,True
C1,6,Fluoranthene,0.0,True,,,0.12,EU MAC,compliant,indeterminate,unresolved_no_lod,True
C1,6,Hexachlorobenzene,0.0,True,,,8.0,EU MAC,compliant,indeterminate,unresolved_no_lod,True
C1,6,Imidacloprid,0.0,True,0.6194075722193858,2.0646919073979526,0.057,EU MAC,compliant,indeterminate,method_insufficient,True
C1,6,Isoproturon,0.0,True,,,1.0,EU MAC,compliant,indeterminate,unresolved_no_lod,True
C1,6,Pentachlorobenzene,0.0,True,,,0.007,EU AA,compliant,indeterminate,unresolved_no_lod,True
C1,6,Quinoxyfen,0.0,True,,,2.7,EU MAC,compliant,indeterminate,unresolved_no_lod,True
C1,6,Terbutryn,0.0,True,,,0.34,EU MAC,compliant,indeterminate,unresolved_no_lod,True
C1,6,Thiacloprid,0.0,True,0.08682554171532375,0.28941847238441254,0.05,EU MAC,compliant,indeterminate,method_insufficient,True
C1,6,Triclosan,0.0,True,,,0.02,EU MAC,compliant,indeterminate,unresolved_no_lod,True
C1,6,Trifluralin,0.0,True,,,0.03,EU AA,compliant,indeterminate,unresolved_no_lod,True
C1,7,17-alpha-Estradiol,0.0,True,,,0.00018,EU AA,compliant,indeterminate,unresolved_no_lod,True
C1,7,17-alpha-Ethinylestradiol,0.0,True,,,1.7e-05,EU AA,compliant,indeterminate,unresolved_no_lod,True
C1,7,17-beta-Estradiol,0.0,True,,,0.00018,EU AA,compliant,indeterminate,unresolved_no_lod,True
C1,7,Acetamiprid,0.0,True,0.025237601919248082,0.08412533973082695,0.16,EU MAC,compliant,compliant,,False
C1,7,Aclonifen,0.1569955528518235,False,,,0.12,EU MAC,exceeding,exceeding,,False
C1,7,Anthracene,0.0,True,,,0.1,EU MAC,compliant,indeterminate,unresolved_no_lod,True
C1,7,Azithromycin,3.0327220259183516,False,,,0.18,EU MAC,exceeding,exceeding,,False
C1,7,Bifenox,0.0,True,,,0.04,EU MAC,compliant,indeterminate,unresolved_no_lod,True
C1,7,Bisphenol-A,0.0,True,,,130.0,EU MAC,compliant,indeterminate,unresolved_no_lod,True
C1,7,Chlorpyrifos,0.0,True,,,0.0026,EU MAC,compliant,indeterminate,unresolved_no_lod,True
C1,7,Clarithromycin,0.039022327624523366,False,,,0.13,EU MAC,compliant,compliant,,False
C1,7,Clothianidin,0.0,True,0.13583585498351416,0.45278618327838055,0.34,EU MAC,compliant,indeterminate,method_insufficient,True
C1,7,Cybutryne,0.0,True,,,0.016,EU MAC,compliant,indeterminate,unresolved_no_lod,True
C1,7,Cypermethrin,0.0,True,,,0.0006000000000000001,EU MAC,compliant,indeterminate,unresolved_no_lod,True
C1,7,Di(2- ethylhexyl)phthalate (DEHP),0.0,True,,,2.0,EU MAC,compliant,indeterminate,unresolved_no_lod,True
C1,7,Dichlorvos,0.0,True,,,0.0007,EU MAC,compliant,indeterminate,unresolved_no_lod,True
C1,7,Diuron,0.29173012245736046,False,,,0.27,EU MAC,exceeding,exceeding,,False
C1,7,Erythromycin,0.0,True,,,1.0,EU MAC,compliant,indeterminate,unresolved_no_lod,True
C1,7,Fluoranthene,0.0,True,,,0.12,EU MAC,compliant,indeterminate,unresolved_no_lod,True
C1,7,Hexachlorobenzene,0.0,True,,,8.0,EU MAC,compliant,indeterminate,unresolved_no_lod,True
C1,7,Imidacloprid,0.0,True,0.6194075722193858,2.0646919073979526,0.057,EU MAC,compliant,indeterminate,method_insufficient,True
C1,7,Isoproturon,0.0,True,,,1.0,EU MAC,compliant,indeterminate,unresolved_no_lod,True
C1,7,Pentachlorobenzene,0.0,True,,,0.007,EU AA,compliant,indeterminate,unresolved_no_lod,True
C1,7,Quinoxyfen,0.0,True,,,2.7,EU MAC,compliant,indeterminate,unresolved_no_lod,True
C1,7,Terbutryn,0.0,True,,,0.34,EU MAC,compliant,indeterminate,unresolved_no_lod,True
C1,7,Thiacloprid,0.0,True,0.08682554171532375,0.28941847238441254,0.05,EU MAC,compliant,indeterminate,method_insufficient,True
C1,7,Triclosan,0.0,True,,,0.02,EU MAC,compliant,indeterminate,unresolved_no_lod,True
C1,7,Trifluralin,0.0,True,,,0.03,EU AA,compliant,indeterminate,unresolved_no_lod,True
C1,8,17-alpha-Estradiol,0.0,True,,,0.00018,EU AA,compliant,indeterminate,unresolved_no_lod,True
C1,8,17-alpha-Ethinylestradiol,0.0,True,,,1.7e-05,EU AA,compliant,indeterminate,unresolved_no_lod,True
C1,8,17-beta-Estradiol,0.0,True,,,0.00018,EU AA,compliant,indeterminate,unresolved_no_lod,True
C1,8,Acetamiprid,0.6100020724313071,False,0.025237601919248082,0.08412533973082695,0.16,EU MAC,exceeding,exceeding,,False
C1,8,Aclonifen,0.0,True,,,0.12,EU MAC,compliant,indeterminate,unresolved_no_lod,True
C1,8,Anthracene,851.0014610843169,False,,,0.1,EU MAC,exceeding,exceeding,,False
C1,8,Azithromycin,3.557175043291077,False,,,0.18,EU MAC,exceeding,exceeding,,False
C1,8,Bifenox,0.0,True,,,0.04,EU MAC,compliant,indeterminate,unresolved_no_lod,True
C1,8,Bisphenol-A,48.97852943790552,False,,,130.0,EU MAC,compliant,compliant,,False
C1,8,Chlorpyrifos,0.0,True,,,0.0026,EU MAC,compliant,indeterminate,unresolved_no_lod,True
C1,8,Clarithromycin,2.736256081676459,False,,,0.13,EU MAC,exceeding,exceeding,,False
C1,8,Clothianidin,0.0,True,0.13583585498351416,0.45278618327838055,0.34,EU MAC,compliant,indeterminate,method_insufficient,True
C1,8,Cybutryne,0.0,True,,,0.016,EU MAC,compliant,indeterminate,unresolved_no_lod,True
C1,8,Cypermethrin,0.0,True,,,0.0006000000000000001,EU MAC,compliant,indeterminate,unresolved_no_lod,True
C1,8,Di(2- ethylhexyl)phthalate (DEHP),8.037494518484944,False,,,2.0,EU MAC,exceeding,exceeding,,False
C1,8,Dichlorvos,0.0,True,,,0.0007,EU MAC,compliant,indeterminate,unresolved_no_lod,True
C1,8,Diuron,0.6758520202087802,False,,,0.27,EU MAC,exceeding,exceeding,,False
C1,8,Erythromycin,1.1132085478987057,False,,,1.0,EU MAC,exceeding,exceeding,,False
C1,8,Fluoranthene,19.43558339263911,False,,,0.12,EU MAC,exceeding,exceeding,,False
C1,8,Hexachlorobenzene,0.0,True,,,8.0,EU MAC,compliant,indeterminate,unresolved_no_lod,True
C1,8,Imidacloprid,0.0,True,0.6194075722193858,2.0646919073979526,0.057,EU MAC,compliant,indeterminate,method_insufficient,True
C1,8,Isoproturon,0.0,True,,,1.0,EU MAC,compliant,indeterminate,unresolved_no_lod,True
C1,8,Pentachlorobenzene,0.0,True,,,0.007,EU AA,compliant,indeterminate,unresolved_no_lod,True
C1,8,Quinoxyfen,0.0,True,,,2.7,EU MAC,compliant,indeterminate,unresolved_no_lod,True
C1,8,Terbutryn,0.01236571946528382,False,,,0.34,EU MAC,compliant,compliant,,False
C1,8,Thiacloprid,0.0,True,0.08682554171532375,0.28941847238441254,0.05,EU MAC,compliant,indeterminate,method_insufficient,True
C1,8,Triclosan,0.0,True,,,0.02,EU MAC,compliant,indeterminate,unresolved_no_lod,True
C1,8,Trifluralin,0.0,True,,,0.03,EU AA,compliant,indeterminate,unresolved_no_lod,True
C1,9,17-alpha-Estradiol,0.0,True,,,0.00018,EU AA,compliant,indeterminate,unresolved_no_lod,True
C1,9,17-alpha-Ethinylestradiol,0.0,True,,,1.7e-05,EU AA,compliant,indeterminate,unresolved_no_lod,True
C1,9,17-beta-Estradiol,0.0,True,,,0.00018,EU AA,compliant,indeterminate,unresolved_no_lod,True
C1,9,Acetamiprid,0.19713049303926677,False,0.025237601919248082,0.08412533973082695,0.16,EU MAC,exceeding,exceeding,,False
C1,9,Aclonifen,0.0,True,,,0.12,EU MAC,compliant,indeterminate,unresolved_no_lod,True
C1,9,Anthracene,388.4333189469141,False,,,0.1,EU MAC,exceeding,exceeding,,False
C1,9,Azithromycin,1.2835108870685525,False,,,0.18,EU MAC,exceeding,exceeding,,False
C1,9,Bifenox,0.0,True,,,0.04,EU MAC,compliant,indeterminate,unresolved_no_lod,True
C1,9,Bisphenol-A,27.04481541315144,False,,,130.0,EU MAC,compliant,compliant,,False
C1,9,Chlorpyrifos,0.0,True,,,0.0026,EU MAC,compliant,indeterminate,unresolved_no_lod,True
C1,9,Clarithromycin,0.05661577110528983,False,,,0.13,EU MAC,compliant,compliant,,False
C1,9,Clothianidin,0.0,True,0.13583585498351416,0.45278618327838055,0.34,EU MAC,compliant,indeterminate,method_insufficient,True
C1,9,Cybutryne,0.0,True,,,0.016,EU MAC,compliant,indeterminate,unresolved_no_lod,True
C1,9,Cypermethrin,0.0,True,,,0.0006000000000000001,EU MAC,compliant,indeterminate,unresolved_no_lod,True
C1,9,Di(2- ethylhexyl)phthalate (DEHP),10.174492751769783,False,,,2.0,EU MAC,exceeding,exceeding,,False
C1,9,Dichlorvos,0.0,True,,,0.0007,EU MAC,compliant,indeterminate,unresolved_no_lod,True
C1,9,Diuron,0.0,True,,,0.27,EU MAC,compliant,indeterminate,unresolved_no_lod,True
C1,9,Erythromycin,0.0,True,,,1.0,EU MAC,compliant,indeterminate,unresolved_no_lod,True
C1,9,Fluoranthene,7.3237240405865585,False,,,0.12,EU MAC,exceeding,exceeding,,False
C1,9,Hexachlorobenzene,0.0,True,,,8.0,EU MAC,compliant,indeterminate,unresolved_no_lod,True
C1,9,Imidacloprid,0.0,True,0.6194075722193858,2.0646919073979526,0.057,EU MAC,compliant,indeterminate,method_insufficient,True
C1,9,Isoproturon,0.0,True,,,1.0,EU MAC,compliant,indeterminate,unresolved_no_lod,True
C1,9,Pentachlorobenzene,0.3338718362950996,False,,,0.007,EU AA,exceeding,exceeding,,False
C1,9,Quinoxyfen,0.0,True,,,2.7,EU MAC,compliant,indeterminate,unresolved_no_lod,True
C1,9,Terbutryn,0.0066579954739172465,False,,,0.34,EU MAC,compliant,compliant,,False
C1,9,Thiacloprid,0.0,True,0.08682554171532375,0.28941847238441254,0.05,EU MAC,compliant,indeterminate,method_insufficient,True
C1,9,Triclosan,0.0,True,,,0.02,EU MAC,compliant,indeterminate,unresolved_no_lod,True
C1,9,Trifluralin,0.0,True,,,0.03,EU AA,compliant,indeterminate,unresolved_no_lod,True
C1,10,17-alpha-Estradiol,0.0,True,,,0.00018,EU AA,compliant,indeterminate,unresolved_no_lod,True
C1,10,17-alpha-Ethinylestradiol,0.0,True,,,1.7e-05,EU AA,compliant,indeterminate,unresolved_no_lod,True
C1,10,17-beta-Estradiol,0.0,True,,,0.00018,EU AA,compliant,indeterminate,unresolved_no_lod,True
C1,10,Acetamiprid,0.0,True,0.025237601919248082,0.08412533973082695,0.16,EU MAC,compliant,compliant,,False
C1,10,Aclonifen,0.22234734388252508,False,,,0.12,EU MAC,exceeding,exceeding,,False
C1,10,Anthracene,0.0,True,,,0.1,EU MAC,compliant,indeterminate,unresolved_no_lod,True
C1,10,Azithromycin,1.8614184806766285,False,,,0.18,EU MAC,exceeding,exceeding,,False
C1,10,Bifenox,0.0,True,,,0.04,EU MAC,compliant,indeterminate,unresolved_no_lod,True
C1,10,Bisphenol-A,0.0,True,,,130.0,EU MAC,compliant,indeterminate,unresolved_no_lod,True
C1,10,Chlorpyrifos,0.0,True,,,0.0026,EU MAC,compliant,indeterminate,unresolved_no_lod,True
C1,10,Clarithromycin,0.24557872324408503,False,,,0.13,EU MAC,exceeding,exceeding,,False
C1,10,Clothianidin,0.0,True,0.13583585498351416,0.45278618327838055,0.34,EU MAC,compliant,indeterminate,method_insufficient,True
C1,10,Cybutryne,0.0,True,,,0.016,EU MAC,compliant,indeterminate,unresolved_no_lod,True
C1,10,Cypermethrin,0.0,True,,,0.0006000000000000001,EU MAC,compliant,indeterminate,unresolved_no_lod,True
C1,10,Di(2- ethylhexyl)phthalate (DEHP),13.92663974840519,False,,,2.0,EU MAC,exceeding,exceeding,,False
C1,10,Dichlorvos,0.0,True,,,0.0007,EU MAC,compliant,indeterminate,unresolved_no_lod,True
C1,10,Diuron,0.1522205666716251,False,,,0.27,EU MAC,compliant,compliant,,False
C1,10,Erythromycin,0.0,True,,,1.0,EU MAC,compliant,indeterminate,unresolved_no_lod,True
C1,10,Fluoranthene,0.0,True,,,0.12,EU MAC,compliant,indeterminate,unresolved_no_lod,True
C1,10,Hexachlorobenzene,0.0,True,,,8.0,EU MAC,compliant,indeterminate,unresolved_no_lod,True
C1,10,Imidacloprid,0.0,True,0.6194075722193858,2.0646919073979526,0.057,EU MAC,compliant,indeterminate,method_insufficient,True
C1,10,Isoproturon,0.0,True,,,1.0,EU MAC,compliant,indeterminate,unresolved_no_lod,True
C1,10,Pentachlorobenzene,0.0,True,,,0.007,EU AA,compliant,indeterminate,unresolved_no_lod,True
C1,10,Quinoxyfen,0.0,True,,,2.7,EU MAC,compliant,indeterminate,unresolved_no_lod,True
C1,10,Terbutryn,0.0,True,,,0.34,EU MAC,compliant,indeterminate,unresolved_no_lod,True
C1,10,Thiacloprid,0.0,True,0.08682554171532375,0.28941847238441254,0.05,EU MAC,compliant,indeterminate,method_insufficient,True
C1,10,Triclosan,0.0,True,,,0.02,EU MAC,compliant,indeterminate,unresolved_no_lod,True
C1,10,Trifluralin,0.0,True,,,0.03,EU AA,compliant,indeterminate,unresolved_no_lod,True
C1,11,17-alpha-Estradiol,0.0,True,,,0.00018,EU AA,compliant,indeterminate,unresolved_no_lod,True
C1,11,17-alpha-Ethinylestradiol,0.0,True,,,1.7e-05,EU AA,compliant,indeterminate,unresolved_no_lod,True
C1,11,17-beta-Estradiol,0.0,True,,,0.00018,EU AA,compliant,indeterminate,unresolved_no_lod,True
C1,11,Acetamiprid,0.22296594848135218,False,0.025237601919248082,0.08412533973082695,0.16,EU MAC,exceeding,exceeding,,False
C1,11,Aclonifen,0.18385337207057306,False,,,0.12,EU MAC,exceeding,exceeding,,False
C1,11,Anthracene,44.58827759798633,False,,,0.1,EU MAC,exceeding,exceeding,,False
C1,11,Azithromycin,1.5411065327582625,False,,,0.18,EU MAC,exceeding,exceeding,,False
C1,11,Bifenox,0.0,True,,,0.04,EU MAC,compliant,indeterminate,unresolved_no_lod,True
C1,11,Bisphenol-A,0.0,True,,,130.0,EU MAC,compliant,indeterminate,unresolved_no_lod,True
C1,11,Chlorpyrifos,0.6652064280983588,False,,,0.0026,EU MAC,exceeding,exceeding,,False
C1,11,Clarithromycin,1.3544481820366228,False,,,0.13,EU MAC,exceeding,exceeding,,False
C1,11,Clothianidin,0.0,True,0.13583585498351416,0.45278618327838055,0.34,EU MAC,compliant,indeterminate,method_insufficient,True
C1,11,Cybutryne,0.0,True,,,0.016,EU MAC,compliant,indeterminate,unresolved_no_lod,True
C1,11,Cypermethrin,0.0,True,,,0.0006000000000000001,EU MAC,compliant,indeterminate,unresolved_no_lod,True
C1,11,Di(2- ethylhexyl)phthalate (DEHP),3.0645142525468603,False,,,2.0,EU MAC,exceeding,exceeding,,False
C1,11,Dichlorvos,0.0,True,,,0.0007,EU MAC,compliant,indeterminate,unresolved_no_lod,True
C1,11,Diuron,0.13650366730431257,False,,,0.27,EU MAC,compliant,compliant,,False
C1,11,Erythromycin,0.0,True,,,1.0,EU MAC,compliant,indeterminate,unresolved_no_lod,True
C1,11,Fluoranthene,0.0,True,,,0.12,EU MAC,compliant,indeterminate,unresolved_no_lod,True
C1,11,Hexachlorobenzene,0.0,True,,,8.0,EU MAC,compliant,indeterminate,unresolved_no_lod,True
C1,11,Imidacloprid,0.0,True,0.6194075722193858,2.0646919073979526,0.057,EU MAC,compliant,indeterminate,method_insufficient,True
C1,11,Isoproturon,0.0,True,,,1.0,EU MAC,compliant,indeterminate,unresolved_no_lod,True
C1,11,Pentachlorobenzene,0.0,True,,,0.007,EU AA,compliant,indeterminate,unresolved_no_lod,True
C1,11,Quinoxyfen,0.0,True,,,2.7,EU MAC,compliant,indeterminate,unresolved_no_lod,True
C1,11,Terbutryn,0.0,True,,,0.34,EU MAC,compliant,indeterminate,unresolved_no_lod,True
C1,11,Thiacloprid,0.09990715719358931,False,0.08682554171532375,0.28941847238441254,0.05,EU MAC,exceeding,indeterminate,method_insufficient,True
C1,11,Triclosan,0.0,True,,,0.02,EU MAC,compliant,indeterminate,unresolved_no_lod,True
C1,11,Trifluralin,0.0,True,,,0.03,EU AA,compliant,indeterminate,unresolved_no_lod,True
C1,12,17-alpha-Estradiol,0.0,True,,,0.00018,EU AA,compliant,indeterminate,unresolved_no_lod,True
C1,12,17-alpha-Ethinylestradiol,0.0,True,,,1.7e-05,EU AA,compliant,indeterminate,unresolved_no_lod,True
C1,12,17-beta-Estradiol,0.0,True,,,0.00018,EU AA,compliant,indeterminate,unresolved_no_lod,True
C1,12,Acetamiprid,0.056238415876914125,False,0.025237601919248082,0.08412533973082695,0.16,EU MAC,compliant,compliant,,False
C1,12,Aclonifen,0.2253298648817402,False,,,0.12,EU MAC,exceeding,exceeding,,False
C1,12,Anthracene,0.0,True,,,0.1,EU MAC,compliant,indeterminate,unresolved_no_lod,True
C1,12,Azithromycin,0.5421346513799623,False,,,0.18,EU MAC,exceeding,exceeding,,False
C1,12,Bifenox,0.0,True,,,0.04,EU MAC,compliant,indeterminate,unresolved_no_lod,True
C1,12,Bisphenol-A,0.0,True,,,130.0,EU MAC,compliant,indeterminate,unresolved_no_lod,True
C1,12,Chlorpyrifos,0.0,True,,,0.0026,EU MAC,compliant,indeterminate,unresolved_no_lod,True
C1,12,Clarithromycin,0.15523967590776977,False,,,0.13,EU MAC,exceeding,exceeding,,False
C1,12,Clothianidin,0.0,True,0.13583585498351416,0.45278618327838055,0.34,EU MAC,compliant,indeterminate,method_insufficient,True
C1,12,Cybutryne,0.0,True,,,0.016,EU MAC,compliant,indeterminate,unresolved_no_lod,True
C1,12,Cypermethrin,0.0,True,,,0.0006000000000000001,EU MAC,compliant,indeterminate,unresolved_no_lod,True
C1,12,Di(2- ethylhexyl)phthalate (DEHP),0.0,True,,,2.0,EU MAC,compliant,indeterminate,unresolved_no_lod,True
C1,12,Dichlorvos,0.0,True,,,0.0007,EU MAC,compliant,indeterminate,unresolved_no_lod,True
C1,12,Diuron,0.06553851725609558,False,,,0.27,EU MAC,compliant,compliant,,False
C1,12,Erythromycin,0.0,True,,,1.0,EU MAC,compliant,indeterminate,unresolved_no_lod,True
C1,12,Fluoranthene,0.0,True,,,0.12,EU MAC,compliant,indeterminate,unresolved_no_lod,True
C1,12,Hexachlorobenzene,0.0,True,,,8.0,EU MAC,compliant,indeterminate,unresolved_no_lod,True
C1,12,Imidacloprid,0.0,True,0.6194075722193858,2.0646919073979526,0.057,EU MAC,compliant,indeterminate,method_insufficient,True
C1,12,Isoproturon,0.0,True,,,1.0,EU MAC,compliant,indeterminate,unresolved_no_lod,True
C1,12,Pentachlorobenzene,0.0,True,,,0.007,EU AA,compliant,indeterminate,unresolved_no_lod,True
C1,12,Quinoxyfen,0.0,True,,,2.7,EU MAC,compliant,indeterminate,unresolved_no_lod,True
C1,12,Terbutryn,0.0,True,,,0.34,EU MAC,compliant,indeterminate,unresolved_no_lod,True
C1,12,Thiacloprid,0.0,True,0.08682554171532375,0.28941847238441254,0.05,EU MAC,compliant,indeterminate,method_insufficient,True
C1,12,Triclosan,0.0,True,,,0.02,EU MAC,compliant,indeterminate,unresolved_no_lod,True
C1,12,Trifluralin,0.0,True,,,0.03,EU AA,compliant,indeterminate,unresolved_no_lod,True
C1,13,17-alpha-Estradiol,0.0,True,,,0.00018,EU AA,compliant,indeterminate,unresolved_no_lod,True
C1,13,17-alpha-Ethinylestradiol,0.0,True,,,1.7e-05,EU AA,compliant,indeterminate,unresolved_no_lod,True
C1,13,17-beta-Estradiol,0.0,True,,,0.00018,EU AA,compliant,indeterminate,unresolved_no_lod,True
C1,13,Acetamiprid,0.05981072002865321,False,0.025237601919248082,0.08412533973082695,0.16,EU MAC,compliant,compliant,,False
C1,13,Aclonifen,0.0,True,,,0.12,EU MAC,compliant,indeterminate,unresolved_no_lod,True
C1,13,Anthracene,106.61936935244265,False,,,0.1,EU MAC,exceeding,exceeding,,False
C1,13,Azithromycin,1.9192495884580485,False,,,0.18,EU MAC,exceeding,exceeding,,False
C1,13,Bifenox,0.0,True,,,0.04,EU MAC,compliant,indeterminate,unresolved_no_lod,True
C1,13,Bisphenol-A,0.0,True,,,130.0,EU MAC,compliant,indeterminate,unresolved_no_lod,True
C1,13,Chlorpyrifos,0.0,True,,,0.0026,EU MAC,compliant,indeterminate,unresolved_no_lod,True
C1,13,Clarithromycin,0.10962709752477193,False,,,0.13,EU MAC,compliant,compliant,,False
C1,13,Clothianidin,0.0,True,0.13583585498351416,0.45278618327838055,0.34,EU MAC,compliant,indeterminate,method_insufficient,True
C1,13,Cybutryne,0.0,True,,,0.016,EU MAC,compliant,indeterminate,unresolved_no_lod,True
C1,13,Cypermethrin,0.0,True,,,0.0006000000000000001,EU MAC,compliant,indeterminate,unresolved_no_lod,True
C1,13,Di(2- ethylhexyl)phthalate (DEHP),20.74840823545235,False,,,2.0,EU MAC,exceeding,exceeding,,False
C1,13,Dichlorvos,0.0,True,,,0.0007,EU MAC,compliant,indeterminate,unresolved_no_lod,True
C1,13,Diuron,0.2098561725234347,False,,,0.27,EU MAC,compliant,compliant,,False
C1,13,Erythromycin,0.0,True,,,1.0,EU MAC,compliant,indeterminate,unresolved_no_lod,True
C1,13,Fluoranthene,0.0,True,,,0.12,EU MAC,compliant,indeterminate,unresolved_no_lod,True
C1,13,Hexachlorobenzene,0.0,True,,,8.0,EU MAC,compliant,indeterminate,unresolved_no_lod,True
C1,13,Imidacloprid,0.0,True,0.6194075722193858,2.0646919073979526,0.057,EU MAC,compliant,indeterminate,method_insufficient,True
C1,13,Isoproturon,0.0,True,,,1.0,EU MAC,compliant,indeterminate,unresolved_no_lod,True
C1,13,Pentachlorobenzene,0.0,True,,,0.007,EU AA,compliant,indeterminate,unresolved_no_lod,True
C1,13,Quinoxyfen,0.0,True,,,2.7,EU MAC,compliant,indeterminate,unresolved_no_lod,True
C1,13,Terbutryn,0.0,True,,,0.34,EU MAC,compliant,indeterminate,unresolved_no_lod,True
C1,13,Thiacloprid,0.0,True,0.08682554171532375,0.28941847238441254,0.05,EU MAC,compliant,indeterminate,method_insufficient,True
C1,13,Triclosan,0.0,True,,,0.02,EU MAC,compliant,indeterminate,unresolved_no_lod,True
C1,13,Trifluralin,0.0,True,,,0.03,EU AA,compliant,indeterminate,unresolved_no_lod,True
C1,14,17-alpha-Estradiol,0.0,True,,,0.00018,EU AA,compliant,indeterminate,unresolved_no_lod,True
C1,14,17-alpha-Ethinylestradiol,0.0,True,,,1.7e-05,EU AA,compliant,indeterminate,unresolved_no_lod,True
C1,14,17-beta-Estradiol,0.0,True,,,0.00018,EU AA,compliant,indeterminate,unresolved_no_lod,True
C1,14,Acetamiprid,0.0,True,0.025237601919248082,0.08412533973082695,0.16,EU MAC,compliant,compliant,,False
C1,14,Aclonifen,0.0,True,,,0.12,EU MAC,compliant,indeterminate,unresolved_no_lod,True
C1,14,Anthracene,133.0813449877943,False,,,0.1,EU MAC,exceeding,exceeding,,False
C1,14,Azithromycin,0.6156340694840314,False,,,0.18,EU MAC,exceeding,exceeding,,False
C1,14,Bifenox,0.0,True,,,0.04,EU MAC,compliant,indeterminate,unresolved_no_lod,True
C1,14,Bisphenol-A,0.0,True,,,130.0,EU MAC,compliant,indeterminate,unresolved_no_lod,True
C1,14,Chlorpyrifos,0.0,True,,,0.0026,EU MAC,compliant,indeterminate,unresolved_no_lod,True
C1,14,Clarithromycin,1.0726979234938638,False,,,0.13,EU MAC,exceeding,exceeding,,False
C1,14,Clothianidin,0.0,True,0.13583585498351416,0.45278618327838055,0.34,EU MAC,compliant,indeterminate,method_insufficient,True
C1,14,Cybutryne,0.0,True,,,0.016,EU MAC,compliant,indeterminate,unresolved_no_lod,True
C1,14,Cypermethrin,0.0,True,,,0.0006000000000000001,EU MAC,compliant,indeterminate,unresolved_no_lod,True
C1,14,Di(2- ethylhexyl)phthalate (DEHP),27.5578074221049,False,,,2.0,EU MAC,exceeding,exceeding,,False
C1,14,Dichlorvos,0.0,True,,,0.0007,EU MAC,compliant,indeterminate,unresolved_no_lod,True
C1,14,Diuron,0.12303475788076522,False,,,0.27,EU MAC,compliant,compliant,,False
C1,14,Erythromycin,0.11858504530528073,False,,,1.0,EU MAC,compliant,compliant,,False
C1,14,Fluoranthene,2.2589060232636093,False,,,0.12,EU MAC,exceeding,exceeding,,False
C1,14,Hexachlorobenzene,0.0,True,,,8.0,EU MAC,compliant,indeterminate,unresolved_no_lod,True
C1,14,Imidacloprid,0.0,True,0.6194075722193858,2.0646919073979526,0.057,EU MAC,compliant,indeterminate,method_insufficient,True
C1,14,Isoproturon,0.0,True,,,1.0,EU MAC,compliant,indeterminate,unresolved_no_lod,True
C1,14,Pentachlorobenzene,0.0,True,,,0.007,EU AA,compliant,indeterminate,unresolved_no_lod,True
C1,14,Quinoxyfen,0.0,True,,,2.7,EU MAC,compliant,indeterminate,unresolved_no_lod,True
C1,14,Terbutryn,0.0,True,,,0.34,EU MAC,compliant,indeterminate,unresolved_no_lod,True
C1,14,Thiacloprid,0.0,True,0.08682554171532375,0.28941847238441254,0.05,EU MAC,compliant,indeterminate,method_insufficient,True
C1,14,Triclosan,0.0,True,,,0.02,EU MAC,compliant,indeterminate,unresolved_no_lod,True
C1,14,Trifluralin,0.0,True,,,0.03,EU AA,compliant,indeterminate,unresolved_no_lod,True
C1,15,17-alpha-Estradiol,0.0,True,,,0.00018,EU AA,compliant,indeterminate,unresolved_no_lod,True
C1,15,17-alpha-Ethinylestradiol,0.0,True,,,1.7e-05,EU AA,compliant,indeterminate,unresolved_no_lod,True
C1,15,17-beta-Estradiol,0.0,True,,,0.00018,EU AA,compliant,indeterminate,unresolved_no_lod,True
C1,15,Acetamiprid,0.1285858855909194,False,0.025237601919248082,0.08412533973082695,0.16,EU MAC,compliant,compliant,,False
C1,15,Aclonifen,0.0,True,,,0.12,EU MAC,compliant,indeterminate,unresolved_no_lod,True
C1,15,Anthracene,0.0,True,,,0.1,EU MAC,compliant,indeterminate,unresolved_no_lod,True
C1,15,Azithromycin,0.277649268639551,False,,,0.18,EU MAC,exceeding,exceeding,,False
C1,15,Bifenox,0.0,True,,,0.04,EU MAC,compliant,indeterminate,unresolved_no_lod,True
C1,15,Bisphenol-A,0.0,True,,,130.0,EU MAC,compliant,indeterminate,unresolved_no_lod,True
C1,15,Chlorpyrifos,0.0,True,,,0.0026,EU MAC,compliant,indeterminate,unresolved_no_lod,True
C1,15,Clarithromycin,0.06139709553470069,False,,,0.13,EU MAC,compliant,compliant,,False
C1,15,Clothianidin,0.0,True,0.13583585498351416,0.45278618327838055,0.34,EU MAC,compliant,indeterminate,method_insufficient,True
C1,15,Cybutryne,0.0,True,,,0.016,EU MAC,compliant,indeterminate,unresolved_no_lod,True
C1,15,Cypermethrin,0.0,True,,,0.0006000000000000001,EU MAC,compliant,indeterminate,unresolved_no_lod,True
C1,15,Di(2- ethylhexyl)phthalate (DEHP),39.99189479337715,False,,,2.0,EU MAC,exceeding,exceeding,,False
C1,15,Dichlorvos,0.0,True,,,0.0007,EU MAC,compliant,indeterminate,unresolved_no_lod,True
C1,15,Diuron,0.0,True,,,0.27,EU MAC,compliant,indeterminate,unresolved_no_lod,True
C1,15,Erythromycin,0.0,True,,,1.0,EU MAC,compliant,indeterminate,unresolved_no_lod,True
C1,15,Fluoranthene,0.0,True,,,0.12,EU MAC,compliant,indeterminate,unresolved_no_lod,True
C1,15,Hexachlorobenzene,0.0,True,,,8.0,EU MAC,compliant,indeterminate,unresolved_no_lod,True
C1,15,Imidacloprid,0.0,True,0.6194075722193858,2.0646919073979526,0.057,EU MAC,compliant,indeterminate,method_insufficient,True
C1,15,Isoproturon,0.0,True,,,1.0,EU MAC,compliant,indeterminate,unresolved_no_lod,True
C1,15,Pentachlorobenzene,0.0,True,,,0.007,EU AA,compliant,indeterminate,unresolved_no_lod,True
C1,15,Quinoxyfen,0.0,True,,,2.7,EU MAC,compliant,indeterminate,unresolved_no_lod,True
C1,15,Terbutryn,0.0,True,,,0.34,EU MAC,compliant,indeterminate,unresolved_no_lod,True
C1,15,Thiacloprid,0.0,True,0.08682554171532375,0.28941847238441254,0.05,EU MAC,compliant,indeterminate,method_insufficient,True
C1,15,Triclosan,0.0,True,,,0.02,EU MAC,compliant,indeterminate,unresolved_no_lod,True
C1,15,Trifluralin,0.0,True,,,0.03,EU AA,compliant,indeterminate,unresolved_no_lod,True
C1,16,17-alpha-Estradiol,0.0,True,,,0.00018,EU AA,compliant,indeterminate,unresolved_no_lod,True
C1,16,17-alpha-Ethinylestradiol,0.0,True,,,1.7e-05,EU AA,compliant,indeterminate,unresolved_no_lod,True
C1,16,17-beta-Estradiol,0.0,True,,,0.00018,EU AA,compliant,indeterminate,unresolved_no_lod,True
C1,16,Acetamiprid,0.0,True,0.025237601919248082,0.08412533973082695,0.16,EU MAC,compliant,compliant,,False
C1,16,Aclonifen,0.15145509173739358,False,,,0.12,EU MAC,exceeding,exceeding,,False
C1,16,Anthracene,0.0,True,,,0.1,EU MAC,compliant,indeterminate,unresolved_no_lod,True
C1,16,Azithromycin,1.1617260395459745,False,,,0.18,EU MAC,exceeding,exceeding,,False
C1,16,Bifenox,0.0,True,,,0.04,EU MAC,compliant,indeterminate,unresolved_no_lod,True
C1,16,Bisphenol-A,0.0,True,,,130.0,EU MAC,compliant,indeterminate,unresolved_no_lod,True
C1,16,Chlorpyrifos,0.0,True,,,0.0026,EU MAC,compliant,indeterminate,unresolved_no_lod,True
C1,16,Clarithromycin,0.09339805082585986,False,,,0.13,EU MAC,compliant,compliant,,False
C1,16,Clothianidin,0.0,True,0.13583585498351416,0.45278618327838055,0.34,EU MAC,compliant,indeterminate,method_insufficient,True
C1,16,Cybutryne,0.0,True,,,0.016,EU MAC,compliant,indeterminate,unresolved_no_lod,True
C1,16,Cypermethrin,0.0,True,,,0.0006000000000000001,EU MAC,compliant,indeterminate,unresolved_no_lod,True
C1,16,Di(2- ethylhexyl)phthalate (DEHP),13.728321933301315,False,,,2.0,EU MAC,exceeding,exceeding,,False
C1,16,Dichlorvos,0.0,True,,,0.0007,EU MAC,compliant,indeterminate,unresolved_no_lod,True
C1,16,Diuron,0.08932385235886181,False,,,0.27,EU MAC,compliant,compliant,,False
C1,16,Erythromycin,0.0,True,,,1.0,EU MAC,compliant,indeterminate,unresolved_no_lod,True
C1,16,Fluoranthene,0.0,True,,,0.12,EU MAC,compliant,indeterminate,unresolved_no_lod,True
C1,16,Hexachlorobenzene,0.0,True,,,8.0,EU MAC,compliant,indeterminate,unresolved_no_lod,True
C1,16,Imidacloprid,0.0,True,0.6194075722193858,2.0646919073979526,0.057,EU MAC,compliant,indeterminate,method_insufficient,True
C1,16,Isoproturon,0.0,True,,,1.0,EU MAC,compliant,indeterminate,unresolved_no_lod,True
C1,16,Pentachlorobenzene,0.0,True,,,0.007,EU AA,compliant,indeterminate,unresolved_no_lod,True
C1,16,Quinoxyfen,0.0,True,,,2.7,EU MAC,compliant,indeterminate,unresolved_no_lod,True
C1,16,Terbutryn,0.0,True,,,0.34,EU MAC,compliant,indeterminate,unresolved_no_lod,True
C1,16,Thiacloprid,0.0,True,0.08682554171532375,0.28941847238441254,0.05,EU MAC,compliant,indeterminate,method_insufficient,True
C1,16,Triclosan,0.0,True,,,0.02,EU MAC,compliant,indeterminate,unresolved_no_lod,True
C1,16,Trifluralin,0.0,True,,,0.03,EU AA,compliant,indeterminate,unresolved_no_lod,True
C1,17,17-alpha-Estradiol,0.0,True,,,0.00018,EU AA,compliant,indeterminate,unresolved_no_lod,True
C1,17,17-alpha-Ethinylestradiol,0.0,True,,,1.7e-05,EU AA,compliant,indeterminate,unresolved_no_lod,True
C1,17,17-beta-Estradiol,0.0,True,,,0.00018,EU AA,compliant,indeterminate,unresolved_no_lod,True
C1,17,Acetamiprid,0.0,True,0.025237601919248082,0.08412533973082695,0.16,EU MAC,compliant,compliant,,False
C1,17,Aclonifen,0.086034214323688,False,,,0.12,EU MAC,compliant,compliant,,False
C1,17,Anthracene,0.0,True,,,0.1,EU MAC,compliant,indeterminate,unresolved_no_lod,True
C1,17,Azithromycin,0.23880721895682036,False,,,0.18,EU MAC,exceeding,exceeding,,False
C1,17,Bifenox,0.0,True,,,0.04,EU MAC,compliant,indeterminate,unresolved_no_lod,True
C1,17,Bisphenol-A,0.0,True,,,130.0,EU MAC,compliant,indeterminate,unresolved_no_lod,True
C1,17,Chlorpyrifos,0.0,True,,,0.0026,EU MAC,compliant,indeterminate,unresolved_no_lod,True
C1,17,Clarithromycin,0.0966161613518784,False,,,0.13,EU MAC,compliant,compliant,,False
C1,17,Clothianidin,0.0,True,0.13583585498351416,0.45278618327838055,0.34,EU MAC,compliant,indeterminate,method_insufficient,True
C1,17,Cybutryne,0.0,True,,,0.016,EU MAC,compliant,indeterminate,unresolved_no_lod,True
C1,17,Cypermethrin,0.0,True,,,0.0006000000000000001,EU MAC,compliant,indeterminate,unresolved_no_lod,True
C1,17,Di(2- ethylhexyl)phthalate (DEHP),0.0,True,,,2.0,EU MAC,compliant,indeterminate,unresolved_no_lod,True
C1,17,Dichlorvos,0.0,True,,,0.0007,EU MAC,compliant,indeterminate,unresolved_no_lod,True
C1,17,Diuron,0.0,True,,,0.27,EU MAC,compliant,indeterminate,unresolved_no_lod,True
C1,17,Erythromycin,0.0,True,,,1.0,EU MAC,compliant,indeterminate,unresolved_no_lod,True
C1,17,Fluoranthene,0.0,True,,,0.12,EU MAC,compliant,indeterminate,unresolved_no_lod,True
C1,17,Hexachlorobenzene,0.0,True,,,8.0,EU MAC,compliant,indeterminate,unresolved_no_lod,True
C1,17,Imidacloprid,0.0,True,0.6194075722193858,2.0646919073979526,0.057,EU MAC,compliant,indeterminate,method_insufficient,True
C1,17,Isoproturon,0.0,True,,,1.0,EU MAC,compliant,indeterminate,unresolved_no_lod,True
C1,17,Pentachlorobenzene,0.0,True,,,0.007,EU AA,compliant,indeterminate,unresolved_no_lod,True
C1,17,Quinoxyfen,0.0,True,,,2.7,EU MAC,compliant,indeterminate,unresolved_no_lod,True
C1,17,Terbutryn,0.0,True,,,0.34,EU MAC,compliant,indeterminate,unresolved_no_lod,True
C1,17,Thiacloprid,0.0,True,0.08682554171532375,0.28941847238441254,0.05,EU MAC,compliant,indeterminate,method_insufficient,True
C1,17,Triclosan,0.0,True,,,0.02,EU MAC,compliant,indeterminate,unresolved_no_lod,True
C1,17,Trifluralin,0.0,True,,,0.03,EU AA,compliant,indeterminate,unresolved_no_lod,True
C1,18,17-alpha-Estradiol,0.0,True,,,0.00018,EU AA,compliant,indeterminate,unresolved_no_lod,True
C1,18,17-alpha-Ethinylestradiol,0.0,True,,,1.7e-05,EU AA,compliant,indeterminate,unresolved_no_lod,True
C1,18,17-beta-Estradiol,0.0,True,,,0.00018,EU AA,compliant,indeterminate,unresolved_no_lod,True
C1,18,Acetamiprid,0.0,True,0.025237601919248082,0.08412533973082695,0.16,EU MAC,compliant,compliant,,False
C1,18,Aclonifen,0.10446219609975518,False,,,0.12,EU MAC,compliant,compliant,,False
C1,18,Anthracene,0.0,True,,,0.1,EU MAC,compliant,indeterminate,unresolved_no_lod,True
C1,18,Azithromycin,0.06709384899761156,False,,,0.18,EU MAC,compliant,compliant,,False
C1,18,Bifenox,0.0,True,,,0.04,EU MAC,compliant,indeterminate,unresolved_no_lod,True
C1,18,Bisphenol-A,0.0,True,,,130.0,EU MAC,compliant,indeterminate,unresolved_no_lod,True
C1,18,Chlorpyrifos,0.0,True,,,0.0026,EU MAC,compliant,indeterminate,unresolved_no_lod,True
C1,18,Clarithromycin,0.07095344502059277,False,,,0.13,EU MAC,compliant,compliant,,False
C1,18,Clothianidin,0.0,True,0.13583585498351416,0.45278618327838055,0.34,EU MAC,compliant,indeterminate,method_insufficient,True
C1,18,Cybutryne,0.0,True,,,0.016,EU MAC,compliant,indeterminate,unresolved_no_lod,True
C1,18,Cypermethrin,0.0,True,,,0.0006000000000000001,EU MAC,compliant,indeterminate,unresolved_no_lod,True
C1,18,Di(2- ethylhexyl)phthalate (DEHP),0.0,True,,,2.0,EU MAC,compliant,indeterminate,unresolved_no_lod,True
C1,18,Dichlorvos,0.0,True,,,0.0007,EU MAC,compliant,indeterminate,unresolved_no_lod,True
C1,18,Diuron,0.0,True,,,0.27,EU MAC,compliant,indeterminate,unresolved_no_lod,True
C1,18,Erythromycin,0.0,True,,,1.0,EU MAC,compliant,indeterminate,unresolved_no_lod,True
C1,18,Fluoranthene,0.0,True,,,0.12,EU MAC,compliant,indeterminate,unresolved_no_lod,True
C1,18,Hexachlorobenzene,0.0,True,,,8.0,EU MAC,compliant,indeterminate,unresolved_no_lod,True
C1,18,Imidacloprid,0.0,True,0.6194075722193858,2.0646919073979526,0.057,EU MAC,compliant,indeterminate,method_insufficient,True
C1,18,Isoproturon,0.0,True,,,1.0,EU MAC,compliant,indeterminate,unresolved_no_lod,True
C1,18,Pentachlorobenzene,0.0,True,,,0.007,EU AA,compliant,indeterminate,unresolved_no_lod,True
C1,18,Quinoxyfen,0.0,True,,,2.7,EU MAC,compliant,indeterminate,unresolved_no_lod,True
C1,18,Terbutryn,0.0,True,,,0.34,EU MAC,compliant,indeterminate,unresolved_no_lod,True
C1,18,Thiacloprid,0.0,True,0.08682554171532375,0.28941847238441254,0.05,EU MAC,compliant,indeterminate,method_insufficient,True
C1,18,Triclosan,0.0,True,,,0.02,EU MAC,compliant,indeterminate,unresolved_no_lod,True
C1,18,Trifluralin,0.0,True,,,0.03,EU AA,compliant,indeterminate,unresolved_no_lod,True
C1,19,17-alpha-Estradiol,0.0,True,,,0.00018,EU AA,compliant,indeterminate,unresolved_no_lod,True
C1,19,17-alpha-Ethinylestradiol,0.0,True,,,1.7e-05,EU AA,compliant,indeterminate,unresolved_no_lod,True
C1,19,17-beta-Estradiol,0.0,True,,,0.00018,EU AA,compliant,indeterminate,unresolved_no_lod,True
C1,19,Acetamiprid,0.0,True,0.025237601919248082,0.08412533973082695,0.16,EU MAC,compliant,compliant,,False
C1,19,Aclonifen,0.0,True,,,0.12,EU MAC,compliant,indeterminate,unresolved_no_lod,True
C1,19,Anthracene,0.0,True,,,0.1,EU MAC,compliant,indeterminate,unresolved_no_lod,True
C1,19,Azithromycin,0.20692709923228947,False,,,0.18,EU MAC,exceeding,exceeding,,False
C1,19,Bifenox,0.0,True,,,0.04,EU MAC,compliant,indeterminate,unresolved_no_lod,True
C1,19,Bisphenol-A,0.0,True,,,130.0,EU MAC,compliant,indeterminate,unresolved_no_lod,True
C1,19,Chlorpyrifos,0.0,True,,,0.0026,EU MAC,compliant,indeterminate,unresolved_no_lod,True
C1,19,Clarithromycin,0.0,True,,,0.13,EU MAC,compliant,indeterminate,unresolved_no_lod,True
C1,19,Clothianidin,0.0,True,0.13583585498351416,0.45278618327838055,0.34,EU MAC,compliant,indeterminate,method_insufficient,True
C1,19,Cybutryne,0.0,True,,,0.016,EU MAC,compliant,indeterminate,unresolved_no_lod,True
C1,19,Cypermethrin,0.0,True,,,0.0006000000000000001,EU MAC,compliant,indeterminate,unresolved_no_lod,True
C1,19,Di(2- ethylhexyl)phthalate (DEHP),0.0,True,,,2.0,EU MAC,compliant,indeterminate,unresolved_no_lod,True
C1,19,Dichlorvos,0.0,True,,,0.0007,EU MAC,compliant,indeterminate,unresolved_no_lod,True
C1,19,Diuron,0.0,True,,,0.27,EU MAC,compliant,indeterminate,unresolved_no_lod,True
C1,19,Erythromycin,0.0,True,,,1.0,EU MAC,compliant,indeterminate,unresolved_no_lod,True
C1,19,Fluoranthene,0.0,True,,,0.12,EU MAC,compliant,indeterminate,unresolved_no_lod,True
C1,19,Hexachlorobenzene,0.0,True,,,8.0,EU MAC,compliant,indeterminate,unresolved_no_lod,True
C1,19,Imidacloprid,0.0,True,0.6194075722193858,2.0646919073979526,0.057,EU MAC,compliant,indeterminate,method_insufficient,True
C1,19,Isoproturon,0.0,True,,,1.0,EU MAC,compliant,indeterminate,unresolved_no_lod,True
C1,19,Pentachlorobenzene,0.0,True,,,0.007,EU AA,compliant,indeterminate,unresolved_no_lod,True
C1,19,Quinoxyfen,0.0,True,,,2.7,EU MAC,compliant,indeterminate,unresolved_no_lod,True
C1,19,Terbutryn,0.0,True,,,0.34,EU MAC,compliant,indeterminate,unresolved_no_lod,True
C1,19,Thiacloprid,0.0,True,0.08682554171532375,0.28941847238441254,0.05,EU MAC,compliant,indeterminate,method_insufficient,True
C1,19,Triclosan,0.0,True,,,0.02,EU MAC,compliant,indeterminate,unresolved_no_lod,True
C1,19,Trifluralin,0.0,True,,,0.03,EU AA,compliant,indeterminate,unresolved_no_lod,True
C1,20,17-alpha-Estradiol,0.0,True,,,0.00018,EU AA,compliant,indeterminate,unresolved_no_lod,True
C1,20,17-alpha-Ethinylestradiol,0.0,True,,,1.7e-05,EU AA,compliant,indeterminate,unresolved_no_lod,True
C1,20,17-beta-Estradiol,0.0,True,,,0.00018,EU AA,compliant,indeterminate,unresolved_no_lod,True
C1,20,Acetamiprid,0.0,True,0.025237601919248082,0.08412533973082695,0.16,EU MAC,compliant,compliant,,False
C1,20,Aclonifen,0.0,True,,,0.12,EU MAC,compliant,indeterminate,unresolved_no_lod,True
C1,20,Anthracene,0.0,True,,,0.1,EU MAC,compliant,indeterminate,unresolved_no_lod,True
C1,20,Azithromycin,1.116187038031556,False,,,0.18,EU MAC,exceeding,exceeding,,False
C1,20,Bifenox,0.0,True,,,0.04,EU MAC,compliant,indeterminate,unresolved_no_lod,True
C1,20,Bisphenol-A,0.0,True,,,130.0,EU MAC,compliant,indeterminate,unresolved_no_lod,True
C1,20,Chlorpyrifos,0.0,True,,,0.0026,EU MAC,compliant,indeterminate,unresolved_no_lod,True
C1,20,Clarithromycin,0.19677602846587502,False,,,0.13,EU MAC,exceeding,exceeding,,False
C1,20,Clothianidin,0.0,True,0.13583585498351416,0.45278618327838055,0.34,EU MAC,compliant,indeterminate,method_insufficient,True
C1,20,Cybutryne,0.0,True,,,0.016,EU MAC,compliant,indeterminate,unresolved_no_lod,True
C1,20,Cypermethrin,0.0,True,,,0.0006000000000000001,EU MAC,compliant,indeterminate,unresolved_no_lod,True
C1,20,Di(2- ethylhexyl)phthalate (DEHP),0.0,True,,,2.0,EU MAC,compliant,indeterminate,unresolved_no_lod,True
C1,20,Dichlorvos,0.0,True,,,0.0007,EU MAC,compliant,indeterminate,unresolved_no_lod,True
C1,20,Diuron,0.0,True,,,0.27,EU MAC,compliant,indeterminate,unresolved_no_lod,True
C1,20,Erythromycin,0.0,True,,,1.0,EU MAC,compliant,indeterminate,unresolved_no_lod,True
C1,20,Fluoranthene,0.0,True,,,0.12,EU MAC,compliant,indeterminate,unresolved_no_lod,True
C1,20,Hexachlorobenzene,0.0,True,,,8.0,EU MAC,compliant,indeterminate,unresolved_no_lod,True
C1,20,Imidacloprid,0.0,True,0.6194075722193858,2.0646919073979526,0.057,EU MAC,compliant,indeterminate,method_insufficient,True
C1,20,Isoproturon,0.0,True,,,1.0,EU MAC,compliant,indeterminate,unresolved_no_lod,True
C1,20,Pentachlorobenzene,0.0,True,,,0.007,EU AA,compliant,indeterminate,unresolved_no_lod,True
C1,20,Quinoxyfen,0.0,True,,,2.7,EU MAC,compliant,indeterminate,unresolved_no_lod,True
C1,20,Terbutryn,0.0,True,,,0.34,EU MAC,compliant,indeterminate,unresolved_no_lod,True
C1,20,Thiacloprid,0.0,True,0.08682554171532375,0.28941847238441254,0.05,EU MAC,compliant,indeterminate,method_insufficient,True
C1,20,Triclosan,0.0,True,,,0.02,EU MAC,compliant,indeterminate,unresolved_no_lod,True
C1,20,Trifluralin,0.0,True,,,0.03,EU AA,compliant,indeterminate,unresolved_no_lod,True
C1,21,17-alpha-Estradiol,0.0,True,,,0.00018,EU AA,compliant,indeterminate,unresolved_no_lod,True
C1,21,17-alpha-Ethinylestradiol,0.0,True,,,1.7e-05,EU AA,compliant,indeterminate,unresolved_no_lod,True
C1,21,17-beta-Estradiol,0.0,True,,,0.00018,EU AA,compliant,indeterminate,unresolved_no_lod,True
C1,21,Acetamiprid,0.0,True,0.025237601919248082,0.08412533973082695,0.16,EU MAC,compliant,compliant,,False
C1,21,Aclonifen,0.0,True,,,0.12,EU MAC,compliant,indeterminate,unresolved_no_lod,True
C1,21,Anthracene,34.85838779956427,False,,,0.1,EU MAC,exceeding,exceeding,,False
C1,21,Azithromycin,0.14353149939955726,False,,,0.18,EU MAC,compliant,compliant,,False
C1,21,Bifenox,0.0,True,,,0.04,EU MAC,compliant,indeterminate,unresolved_no_lod,True
C1,21,Bisphenol-A,0.0,True,,,130.0,EU MAC,compliant,indeterminate,unresolved_no_lod,True
C1,21,Chlorpyrifos,0.0,True,,,0.0026,EU MAC,compliant,indeterminate,unresolved_no_lod,True
C1,21,Clarithromycin,0.021267350060043475,False,,,0.13,EU MAC,compliant,compliant,,False
C1,21,Clothianidin,0.0,True,0.13583585498351416,0.45278618327838055,0.34,EU MAC,compliant,indeterminate,method_insufficient,True
C1,21,Cybutryne,0.0,True,,,0.016,EU MAC,compliant,indeterminate,unresolved_no_lod,True
C1,21,Cypermethrin,0.0,True,,,0.0006000000000000001,EU MAC,compliant,indeterminate,unresolved_no_lod,True
C1,21,Di(2- ethylhexyl)phthalate (DEHP),11.433429002550511,False,,,2.0,EU MAC,exceeding,exceeding,,False
C1,21,Dichlorvos,0.0,True,,,0.0007,EU MAC,compliant,indeterminate,unresolved_no_lod,True
C1,21,Diuron,0.0,True,,,0.27,EU MAC,compliant,indeterminate,unresolved_no_lod,True
C1,21,Erythromycin,0.0,True,,,1.0,EU MAC,compliant,indeterminate,unresolved_no_lod,True
C1,21,Fluoranthene,0.0,True,,,0.12,EU MAC,compliant,indeterminate,unresolved_no_lod,True
C1,21,Hexachlorobenzene,0.0,True,,,8.0,EU MAC,compliant,indeterminate,unresolved_no_lod,True
C1,21,Imidacloprid,0.0,True,0.6194075722193858,2.0646919073979526,0.057,EU MAC,compliant,indeterminate,method_insufficient,True
C1,21,Isoproturon,0.0,True,,,1.0,EU MAC,compliant,indeterminate,unresolved_no_lod,True
C1,21,Pentachlorobenzene,0.0,True,,,0.007,EU AA,compliant,indeterminate,unresolved_no_lod,True
C1,21,Quinoxyfen,0.0,True,,,2.7,EU MAC,compliant,indeterminate,unresolved_no_lod,True
C1,21,Terbutryn,0.0,True,,,0.34,EU MAC,compliant,indeterminate,unresolved_no_lod,True
C1,21,Thiacloprid,0.0,True,0.08682554171532375,0.28941847238441254,0.05,EU MAC,compliant,indeterminate,method_insufficient,True
C1,21,Triclosan,0.0,True,,,0.02,EU MAC,compliant,indeterminate,unresolved_no_lod,True
C1,21,Trifluralin,0.0,True,,,0.03,EU AA,compliant,indeterminate,unresolved_no_lod,True
C1,22,17-alpha-Estradiol,0.0,True,,,0.00018,EU AA,compliant,indeterminate,unresolved_no_lod,True
C1,22,17-alpha-Ethinylestradiol,0.0,True,,,1.7e-05,EU AA,compliant,indeterminate,unresolved_no_lod,True
C1,22,17-beta-Estradiol,0.0,True,,,0.00018,EU AA,compliant,indeterminate,unresolved_no_lod,True
C1,22,Acetamiprid,0.0,True,0.025237601919248082,0.08412533973082695,0.16,EU MAC,compliant,compliant,,False
C1,22,Aclonifen,0.0,True,,,0.12,EU MAC,compliant,indeterminate,unresolved_no_lod,True
C1,22,Anthracene,0.0,True,,,0.1,EU MAC,compliant,indeterminate,unresolved_no_lod,True
C1,22,Azithromycin,0.7977272652521408,False,,,0.18,EU MAC,exceeding,exceeding,,False
C1,22,Bifenox,0.0,True,,,0.04,EU MAC,compliant,indeterminate,unresolved_no_lod,True
C1,22,Bisphenol-A,0.0,True,,,130.0,EU MAC,compliant,indeterminate,unresolved_no_lod,True
C1,22,Chlorpyrifos,0.0,True,,,0.0026,EU MAC,compliant,indeterminate,unresolved_no_lod,True
C1,22,Clarithromycin,0.0,True,,,0.13,EU MAC,compliant,indeterminate,unresolved_no_lod,True
C1,22,Clothianidin,0.0,True,0.13583585498351416,0.45278618327838055,0.34,EU MAC,compliant,indeterminate,method_insufficient,True
C1,22,Cybutryne,0.0,True,,,0.016,EU MAC,compliant,indeterminate,unresolved_no_lod,True
C1,22,Cypermethrin,0.0,True,,,0.0006000000000000001,EU MAC,compliant,indeterminate,unresolved_no_lod,True
C1,22,Di(2- ethylhexyl)phthalate (DEHP),0.0,True,,,2.0,EU MAC,compliant,indeterminate,unresolved_no_lod,True
C1,22,Dichlorvos,0.0,True,,,0.0007,EU MAC,compliant,indeterminate,unresolved_no_lod,True
C1,22,Diuron,0.0,True,,,0.27,EU MAC,compliant,indeterminate,unresolved_no_lod,True
C1,22,Erythromycin,0.0,True,,,1.0,EU MAC,compliant,indeterminate,unresolved_no_lod,True
C1,22,Fluoranthene,0.0,True,,,0.12,EU MAC,compliant,indeterminate,unresolved_no_lod,True
C1,22,Hexachlorobenzene,0.0,True,,,8.0,EU MAC,compliant,indeterminate,unresolved_no_lod,True
C1,22,Imidacloprid,0.0,True,0.6194075722193858,2.0646919073979526,0.057,EU MAC,compliant,indeterminate,method_insufficient,True
C1,22,Isoproturon,0.0,True,,,1.0,EU MAC,compliant,indeterminate,unresolved_no_lod,True
C1,22,Pentachlorobenzene,0.0,True,,,0.007,EU AA,compliant,indeterminate,unresolved_no_lod,True
C1,22,Quinoxyfen,0.0,True,,,2.7,EU MAC,compliant,indeterminate,unresolved_no_lod,True
C1,22,Terbutryn,0.0,True,,,0.34,EU MAC,compliant,indeterminate,unresolved_no_lod,True
C1,22,Thiacloprid,0.0,True,0.08682554171532375,0.28941847238441254,0.05,EU MAC,compliant,indeterminate,method_insufficient,True
C1,22,Triclosan,0.0,True,,,0.02,EU MAC,compliant,indeterminate,unresolved_no_lod,True
C1,22,Trifluralin,0.0,True,,,0.03,EU AA,compliant,indeterminate,unresolved_no_lod,True
C1,23,17-alpha-Estradiol,0.0,True,,,0.00018,EU AA,compliant,indeterminate,unresolved_no_lod,True
C1,23,17-alpha-Ethinylestradiol,0.0,True,,,1.7e-05,EU AA,compliant,indeterminate,unresolved_no_lod,True
C1,23,17-beta-Estradiol,0.0,True,,,0.00018,EU AA,compliant,indeterminate,unresolved_no_lod,True
C1,23,Acetamiprid,0.18062459295204367,False,0.025237601919248082,0.08412533973082695,0.16,EU MAC,exceeding,exceeding,,False
C1,23,Aclonifen,0.0,True,,,0.12,EU MAC,compliant,indeterminate,unresolved_no_lod,True
C1,23,Anthracene,89.14639868189903,False,,,0.1,EU MAC,exceeding,exceeding,,False
C1,23,Azithromycin,0.6347669990453411,False,,,0.18,EU MAC,exceeding,exceeding,,False
C1,23,Bifenox,0.0,True,,,0.04,EU MAC,compliant,indeterminate,unresolved_no_lod,True
C1,23,Bisphenol-A,0.0,True,,,130.0,EU MAC,compliant,indeterminate,unresolved_no_lod,True
C1,23,Chlorpyrifos,0.0,True,,,0.0026,EU MAC,compliant,indeterminate,unresolved_no_lod,True
C1,23,Clarithromycin,0.07755348728921518,False,,,0.13,EU MAC,compliant,compliant,,False
C1,23,Clothianidin,0.0,True,0.13583585498351416,0.45278618327838055,0.34,EU MAC,compliant,indeterminate,method_insufficient,True
C1,23,Cybutryne,0.0,True,,,0.016,EU MAC,compliant,indeterminate,unresolved_no_lod,True
C1,23,Cypermethrin,0.0,True,,,0.0006000000000000001,EU MAC,compliant,indeterminate,unresolved_no_lod,True
C1,23,Di(2- ethylhexyl)phthalate (DEHP),0.0,True,,,2.0,EU MAC,compliant,indeterminate,unresolved_no_lod,True
C1,23,Dichlorvos,0.0,True,,,0.0007,EU MAC,compliant,indeterminate,unresolved_no_lod,True
C1,23,Diuron,0.4399935943841695,False,,,0.27,EU MAC,exceeding,exceeding,,False
C1,23,Erythromycin,0.0,True,,,1.0,EU MAC,compliant,indeterminate,unresolved_no_lod,True
C1,23,Fluoranthene,0.0,True,,,0.12,EU MAC,compliant,indeterminate,unresolved_no_lod,True
C1,23,Hexachlorobenzene,0.0,True,,,8.0,EU MAC,compliant,indeterminate,unresolved_no_lod,True
C1,23,Imidacloprid,0.0,True,0.6194075722193858,2.0646919073979526,0.057,EU MAC,compliant,indeterminate,method_insufficient,True
C1,23,Isoproturon,0.0,True,,,1.0,EU MAC,compliant,indeterminate,unresolved_no_lod,True
C1,23,Pentachlorobenzene,0.0,True,,,0.007,EU AA,compliant,indeterminate,unresolved_no_lod,True
C1,23,Quinoxyfen,0.0,True,,,2.7,EU MAC,compliant,indeterminate,unresolved_no_lod,True
C1,23,Terbutryn,0.0,True,,,0.34,EU MAC,compliant,indeterminate,unresolved_no_lod,True
C1,23,Thiacloprid,0.0,True,0.08682554171532375,0.28941847238441254,0.05,EU MAC,compliant,indeterminate,method_insufficient,True
C1,23,Triclosan,0.0,True,,,0.02,EU MAC,compliant,indeterminate,unresolved_no_lod,True
C1,23,Trifluralin,0.0,True,,,0.03,EU AA,compliant,indeterminate,unresolved_no_lod,True
C1,24,17-alpha-Estradiol,0.0,True,,,0.00018,EU AA,compliant,indeterminate,unresolved_no_lod,True
C1,24,17-alpha-Ethinylestradiol,0.0,True,,,1.7e-05,EU AA,compliant,indeterminate,unresolved_no_lod,True
C1,24,17-beta-Estradiol,0.0,True,,,0.00018,EU AA,compliant,indeterminate,unresolved_no_lod,True
C1,24,Acetamiprid,0.06529478263229427,False,0.025237601919248082,0.08412533973082695,0.16,EU MAC,compliant,compliant,,False
C1,24,Aclonifen,0.0,True,,,0.12,EU MAC,compliant,indeterminate,unresolved_no_lod,True
C1,24,Anthracene,0.0,True,,,0.1,EU MAC,compliant,indeterminate,unresolved_no_lod,True
C1,24,Azithromycin,0.2520725606881601,False,,,0.18,EU MAC,exceeding,exceeding,,False
C1,24,Bifenox,0.0,True,,,0.04,EU MAC,compliant,indeterminate,unresolved_no_lod,True
C1,24,Bisphenol-A,0.0,True,,,130.0,EU MAC,compliant,indeterminate,unresolved_no_lod,True
C1,24,Chlorpyrifos,0.0,True,,,0.0026,EU MAC,compliant,indeterminate,unresolved_no_lod,True
C1,24,Clarithromycin,0.07152524321668995,False,,,0.13,EU MAC,compliant,compliant,,False
C1,24,Clothianidin,0.0,True,0.13583585498351416,0.45278618327838055,0.34,EU MAC,compliant,indeterminate,method_insufficient,True
C1,24,Cybutryne,0.0,True,,,0.016,EU MAC,compliant,indeterminate,unresolved_no_lod,True
C1,24,Cypermethrin,0.0,True,,,0.0006000000000000001,EU MAC,compliant,indeterminate,unresolved_no_lod,True
C1,24,Di(2- ethylhexyl)phthalate (DEHP),48.69367139832046,False,,,2.0,EU MAC,exceeding,exceeding,,False
C1,24,Dichlorvos,0.0,True,,,0.0007,EU MAC,compliant,indeterminate,unresolved_no_lod,True
C1,24,Diuron,0.38547280298301045,False,,,0.27,EU MAC,exceeding,exceeding,,False
C1,24,Erythromycin,0.0,True,,,1.0,EU MAC,compliant,indeterminate,unresolved_no_lod,True
C1,24,Fluoranthene,0.0,True,,,0.12,EU MAC,compliant,indeterminate,unresolved_no_lod,True
C1,24,Hexachlorobenzene,0.0,True,,,8.0,EU MAC,compliant,indeterminate,unresolved_no_lod,True
C1,24,Imidacloprid,0.0,True,0.6194075722193858,2.0646919073979526,0.057,EU MAC,compliant,indeterminate,method_insufficient,True
C1,24,Isoproturon,0.0,True,,,1.0,EU MAC,compliant,indeterminate,unresolved_no_lod,True
C1,24,Pentachlorobenzene,0.0,True,,,0.007,EU AA,compliant,indeterminate,unresolved_no_lod,True
C1,24,Quinoxyfen,0.0,True,,,2.7,EU MAC,compliant,indeterminate,unresolved_no_lod,True
C1,24,Terbutryn,0.0,True,,,0.34,EU MAC,compliant,indeterminate,unresolved_no_lod,True
C1,24,Thiacloprid,0.0,True,0.08682554171532375,0.28941847238441254,0.05,EU MAC,compliant,indeterminate,method_insufficient,True
C1,24,Triclosan,0.0,True,,,0.02,EU MAC,compliant,indeterminate,unresolved_no_lod,True
C1,24,Trifluralin,0.0,True,,,0.03,EU AA,compliant,indeterminate,unresolved_no_lod,True
C1,25,17-alpha-Estradiol,0.0,True,,,0.00018,EU AA,compliant,indeterminate,unresolved_no_lod,True
C1,25,17-alpha-Ethinylestradiol,0.0,True,,,1.7e-05,EU AA,compliant,indeterminate,unresolved_no_lod,True
C1,25,17-beta-Estradiol,0.0,True,,,0.00018,EU AA,compliant,indeterminate,unresolved_no_lod,True
C1,25,Acetamiprid,0.18825173977667758,False,0.025237601919248082,0.08412533973082695,0.16,EU MAC,exceeding,exceeding,,False
C1,25,Aclonifen,0.0,True,,,0.12,EU MAC,compliant,indeterminate,unresolved_no_lod,True
C1,25,Anthracene,0.0,True,,,0.1,EU MAC,compliant,indeterminate,unresolved_no_lod,True
C1,25,Azithromycin,0.2263684403524442,False,,,0.18,EU MAC,exceeding,exceeding,,False
C1,25,Bifenox,0.0,True,,,0.04,EU MAC,compliant,indeterminate,unresolved_no_lod,True
C1,25,Bisphenol-A,0.0,True,,,130.0,EU MAC,compliant,indeterminate,unresolved_no_lod,True
C1,25,Chlorpyrifos,0.0,True,,,0.0026,EU MAC,compliant,indeterminate,unresolved_no_lod,True
C1,25,Clarithromycin,0.023692783159142645,False,,,0.13,EU MAC,compliant,compliant,,False
C1,25,Clothianidin,0.0,True,0.13583585498351416,0.45278618327838055,0.34,EU MAC,compliant,indeterminate,method_insufficient,True
C1,25,Cybutryne,0.0,True,,,0.016,EU MAC,compliant,indeterminate,unresolved_no_lod,True
C1,25,Cypermethrin,0.0,True,,,0.0006000000000000001,EU MAC,compliant,indeterminate,unresolved_no_lod,True
C1,25,Di(2- ethylhexyl)phthalate (DEHP),7.696965213211253,False,,,2.0,EU MAC,exceeding,exceeding,,False
C1,25,Dichlorvos,0.0,True,,,0.0007,EU MAC,compliant,indeterminate,unresolved_no_lod,True
C1,25,Diuron,0.15105385160662338,False,,,0.27,EU MAC,compliant,compliant,,False
C1,25,Erythromycin,0.0,True,,,1.0,EU MAC,compliant,indeterminate,unresolved_no_lod,True
C1,25,Fluoranthene,0.0,True,,,0.12,EU MAC,compliant,indeterminate,unresolved_no_lod,True
C1,25,Hexachlorobenzene,0.0,True,,,8.0,EU MAC,compliant,indeterminate,unresolved_no_lod,True
C1,25,Imidacloprid,0.0,True,0.6194075722193858,2.0646919073979526,0.057,EU MAC,compliant,indeterminate,method_insufficient,True
C1,25,Isoproturon,0.0,True,,,1.0,EU MAC,compliant,indeterminate,unresolved_no_lod,True
C1,25,Pentachlorobenzene,0.0,True,,,0.007,EU AA,compliant,indeterminate,unresolved_no_lod,True
C1,25,Quinoxyfen,0.0,True,,,2.7,EU MAC,compliant,indeterminate,unresolved_no_lod,True
C1,25,Terbutryn,0.0,True,,,0.34,EU MAC,compliant,indeterminate,unresolved_no_lod,True
C1,25,Thiacloprid,0.0,True,0.08682554171532375,0.28941847238441254,0.05,EU MAC,compliant,indeterminate,method_insufficient,True
C1,25,Triclosan,0.0,True,,,0.02,EU MAC,compliant,indeterminate,unresolved_no_lod,True
C1,25,Trifluralin,0.0,True,,,0.03,EU AA,compliant,indeterminate,unresolved_no_lod,True
C1,26,17-alpha-Estradiol,0.0,True,,,0.00018,EU AA,compliant,indeterminate,unresolved_no_lod,True
C1,26,17-alpha-Ethinylestradiol,0.0,True,,,1.7e-05,EU AA,compliant,indeterminate,unresolved_no_lod,True
C1,26,17-beta-Estradiol,0.0,True,,,0.00018,EU AA,compliant,indeterminate,unresolved_no_lod,True
C1,26,Acetamiprid,0.0,True,0.025237601919248082,0.08412533973082695,0.16,EU MAC,compliant,compliant,,False
C1,26,Aclonifen,0.48289979188300997,False,,,0.12,EU MAC,exceeding,exceeding,,False
C1,26,Anthracene,102.48614213617935,False,,,0.1,EU MAC,exceeding,exceeding,,False
C1,26,Azithromycin,0.4612641451772832,False,,,0.18,EU MAC,exceeding,exceeding,,False
C1,26,Bifenox,0.0,True,,,0.04,EU MAC,compliant,indeterminate,unresolved_no_lod,True
C1,26,Bisphenol-A,0.0,True,,,130.0,EU MAC,compliant,indeterminate,unresolved_no_lod,True
C1,26,Chlorpyrifos,0.0,True,,,0.0026,EU MAC,compliant,indeterminate,unresolved_no_lod,True
C1,26,Clarithromycin,0.03791107986969424,False,,,0.13,EU MAC,compliant,compliant,,False
C1,26,Clothianidin,0.0,True,0.13583585498351416,0.45278618327838055,0.34,EU MAC,compliant,indeterminate,method_insufficient,True
C1,26,Cybutryne,0.0,True,,,0.016,EU MAC,compliant,indeterminate,unresolved_no_lod,True
C1,26,Cypermethrin,0.0,True,,,0.0006000000000000001,EU MAC,compliant,indeterminate,unresolved_no_lod,True
C1,26,Di(2- ethylhexyl)phthalate (DEHP),35.873728494142696,False,,,2.0,EU MAC,exceeding,exceeding,,False
C1,26,Dichlorvos,0.0,True,,,0.0007,EU MAC,compliant,indeterminate,unresolved_no_lod,True
C1,26,Diuron,0.03919338491136445,False,,,0.27,EU MAC,compliant,compliant,,False
C1,26,Erythromycin,0.0,True,,,1.0,EU MAC,compliant,indeterminate,unresolved_no_lod,True
C1,26,Fluoranthene,0.0,True,,,0.12,EU MAC,compliant,indeterminate,unresolved_no_lod,True
C1,26,Hexachlorobenzene,0.0,True,,,8.0,EU MAC,compliant,indeterminate,unresolved_no_lod,True
C1,26,Imidacloprid,0.0,True,0.6194075722193858,2.0646919073979526,0.057,EU MAC,compliant,indeterminate,method_insufficient,True
C1,26,Isoproturon,0.0,True,,,1.0,EU MAC,compliant,indeterminate,unresolved_no_lod,True
C1,26,Pentachlorobenzene,0.0,True,,,0.007,EU AA,compliant,indeterminate,unresolved_no_lod,True
C1,26,Quinoxyfen,0.02630109004991244,False,,,2.7,EU MAC,compliant,compliant,,False
C1,26,Terbutryn,0.0,True,,,0.34,EU MAC,compliant,indeterminate,unresolved_no_lod,True
C1,26,Thiacloprid,0.0,True,0.08682554171532375,0.28941847238441254,0.05,EU MAC,compliant,indeterminate,method_insufficient,True
C1,26,Triclosan,0.0,True,,,0.02,EU MAC,compliant,indeterminate,unresolved_no_lod,True
C1,26,Trifluralin,0.0,True,,,0.03,EU AA,compliant,indeterminate,unresolved_no_lod,True
C1,27,17-alpha-Estradiol,0.0,True,,,0.00018,EU AA,compliant,indeterminate,unresolved_no_lod,True
C1,27,17-alpha-Ethinylestradiol,0.0,True,,,1.7e-05,EU AA,compliant,indeterminate,unresolved_no_lod,True
C1,27,17-beta-Estradiol,0.0,True,,,0.00018,EU AA,compliant,indeterminate,unresolved_no_lod,True
C1,27,Acetamiprid,0.06631991388583099,False,0.025237601919248082,0.08412533973082695,0.16,EU MAC,compliant,compliant,,False
C1,27,Aclonifen,0.0,True,,,0.12,EU MAC,compliant,indeterminate,unresolved_no_lod,True
C1,27,Anthracene,0.0,True,,,0.1,EU MAC,compliant,indeterminate,unresolved_no_lod,True
C1,27,Azithromycin,0.35647497899571623,False,,,0.18,EU MAC,exceeding,exceeding,,False
C1,27,Bifenox,0.0,True,,,0.04,EU MAC,compliant,indeterminate,unresolved_no_lod,True
C1,27,Bisphenol-A,0.0,True,,,130.0,EU MAC,compliant,indeterminate,unresolved_no_lod,True
C1,27,Chlorpyrifos,0.166348784536217,False,,,0.0026,EU MAC,exceeding,exceeding,,False
C1,27,Clarithromycin,0.5162137863337048,False,,,0.13,EU MAC,exceeding,exceeding,,False
C1,27,Clothianidin,0.0,True,0.13583585498351416,0.45278618327838055,0.34,EU MAC,compliant,indeterminate,method_insufficient,True
C1,27,Cybutryne,0.0,True,,,0.016,EU MAC,compliant,indeterminate,unresolved_no_lod,True
C1,27,Cypermethrin,0.0,True,,,0.0006000000000000001,EU MAC,compliant,indeterminate,unresolved_no_lod,True
C1,27,Di(2- ethylhexyl)phthalate (DEHP),26.33082415678284,False,,,2.0,EU MAC,exceeding,exceeding,,False
C1,27,Dichlorvos,0.0,True,,,0.0007,EU MAC,compliant,indeterminate,unresolved_no_lod,True
C1,27,Diuron,2.317295423878016,False,,,0.27,EU MAC,exceeding,exceeding,,False
C1,27,Erythromycin,0.3434229812182568,False,,,1.0,EU MAC,compliant,compliant,,False
C1,27,Fluoranthene,5.163213767459677,False,,,0.12,EU MAC,exceeding,exceeding,,False
C1,27,Hexachlorobenzene,0.0,True,,,8.0,EU MAC,compliant,indeterminate,unresolved_no_lod,True
C1,27,Imidacloprid,0.0,True,0.6194075722193858,2.0646919073979526,0.057,EU MAC,compliant,indeterminate,method_insufficient,True
C1,27,Isoproturon,0.0,True,,,1.0,EU MAC,compliant,indeterminate,unresolved_no_lod,True
C1,27,Pentachlorobenzene,0.0,True,,,0.007,EU AA,compliant,indeterminate,unresolved_no_lod,True
C1,27,Quinoxyfen,0.0,True,,,2.7,EU MAC,compliant,indeterminate,unresolved_no_lod,True
C1,27,Terbutryn,0.01889082530932944,False,,,0.34,EU MAC,compliant,compliant,,False
C1,27,Thiacloprid,0.0,True,0.08682554171532375,0.28941847238441254,0.05,EU MAC,compliant,indeterminate,method_insufficient,True
C1,27,Triclosan,0.0,True,,,0.02,EU MAC,compliant,indeterminate,unresolved_no_lod,True
C1,27,Trifluralin,0.0,True,,,0.03,EU AA,compliant,indeterminate,unresolved_no_lod,True
C1,28,17-alpha-Estradiol,0.0,True,,,0.00018,EU AA,compliant,indeterminate,unresolved_no_lod,True
C1,28,17-alpha-Ethinylestradiol,0.0,True,,,1.7e-05,EU AA,compliant,indeterminate,unresolved_no_lod,True
C1,28,17-beta-Estradiol,0.0,True,,,0.00018,EU AA,compliant,indeterminate,unresolved_no_lod,True
C1,28,Acetamiprid,0.2940478288854889,False,0.025237601919248082,0.08412533973082695,0.16,EU MAC,exceeding,exceeding,,False
C1,28,Aclonifen,0.0,True,,,0.12,EU MAC,compliant,indeterminate,unresolved_no_lod,True
C1,28,Anthracene,0.0,True,,,0.1,EU MAC,compliant,indeterminate,unresolved_no_lod,True
C1,28,Azithromycin,0.17190184228046143,False,,,0.18,EU MAC,compliant,compliant,,False
C1,28,Bifenox,0.0,True,,,0.04,EU MAC,compliant,indeterminate,unresolved_no_lod,True
C1,28,Bisphenol-A,17.29657166460141,False,,,130.0,EU MAC,compliant,compliant,,False
C1,28,Chlorpyrifos,0.371209521536319,False,,,0.0026,EU MAC,exceeding,exceeding,,False
C1,28,Clarithromycin,0.46629316861967485,False,,,0.13,EU MAC,exceeding,exceeding,,False
C1,28,Clothianidin,0.0,True,0.13583585498351416,0.45278618327838055,0.34,EU MAC,compliant,indeterminate,method_insufficient,True
C1,28,Cybutryne,0.0,True,,,0.016,EU MAC,compliant,indeterminate,unresolved_no_lod,True
C1,28,Cypermethrin,0.0,True,,,0.0006000000000000001,EU MAC,compliant,indeterminate,unresolved_no_lod,True
C1,28,Di(2- ethylhexyl)phthalate (DEHP),0.0,True,,,2.0,EU MAC,compliant,indeterminate,unresolved_no_lod,True
C1,28,Dichlorvos,0.0,True,,,0.0007,EU MAC,compliant,indeterminate,unresolved_no_lod,True
C1,28,Diuron,2.6392466410574156,False,,,0.27,EU MAC,exceeding,exceeding,,False
C1,28,Erythromycin,0.0,True,,,1.0,EU MAC,compliant,indeterminate,unresolved_no_lod,True
C1,28,Fluoranthene,0.0,True,,,0.12,EU MAC,compliant,indeterminate,unresolved_no_lod,True
C1,28,Hexachlorobenzene,0.0,True,,,8.0,EU MAC,compliant,indeterminate,unresolved_no_lod,True
C1,28,Imidacloprid,0.0,True,0.6194075722193858,2.0646919073979526,0.057,EU MAC,compliant,indeterminate,method_insufficient,True
C1,28,Isoproturon,0.0,True,,,1.0,EU MAC,compliant,indeterminate,unresolved_no_lod,True
C1,28,Pentachlorobenzene,0.0,True,,,0.007,EU AA,compliant,indeterminate,unresolved_no_lod,True
C1,28,Quinoxyfen,0.0,True,,,2.7,EU MAC,compliant,indeterminate,unresolved_no_lod,True
C1,28,Terbutryn,0.03235910761734667,False,,,0.34,EU MAC,compliant,compliant,,False
C1,28,Thiacloprid,0.0,True,0.08682554171532375,0.28941847238441254,0.05,EU MAC,compliant,indeterminate,method_insufficient,True
C1,28,Triclosan,0.0,True,,,0.02,EU MAC,compliant,indeterminate,unresolved_no_lod,True
C1,28,Trifluralin,0.0,True,,,0.03,EU AA,compliant,indeterminate,unresolved_no_lod,True
C1,29,17-alpha-Estradiol,0.0,True,,,0.00018,EU AA,compliant,indeterminate,unresolved_no_lod,True
C1,29,17-alpha-Ethinylestradiol,0.0,True,,,1.7e-05,EU AA,compliant,indeterminate,unresolved_no_lod,True
C1,29,17-beta-Estradiol,0.0,True,,,0.00018,EU AA,compliant,indeterminate,unresolved_no_lod,True
C1,29,Acetamiprid,0.15532518892496258,False,0.025237601919248082,0.08412533973082695,0.16,EU MAC,compliant,compliant,,False
C1,29,Aclonifen,0.0,True,,,0.12,EU MAC,compliant,indeterminate,unresolved_no_lod,True
C1,29,Anthracene,0.0,True,,,0.1,EU MAC,compliant,indeterminate,unresolved_no_lod,True
C1,29,Azithromycin,0.24462607981538934,False,,,0.18,EU MAC,exceeding,exceeding,,False
C1,29,Bifenox,0.0,True,,,0.04,EU MAC,compliant,indeterminate,unresolved_no_lod,True
C1,29,Bisphenol-A,0.0,True,,,130.0,EU MAC,compliant,indeterminate,unresolved_no_lod,True
C1,29,Chlorpyrifos,0.12933927240390566,False,,,0.0026,EU MAC,exceeding,exceeding,,False
C1,29,Clarithromycin,0.32197155548385087,False,,,0.13,EU MAC,exceeding,exceeding,,False
C1,29,Clothianidin,0.0,True,0.13583585498351416,0.45278618327838055,0.34,EU MAC,compliant,indeterminate,method_insufficient,True
C1,29,Cybutryne,0.0,True,,,0.016,EU MAC,compliant,indeterminate,unresolved_no_lod,True
C1,29,Cypermethrin,0.0,True,,,0.0006000000000000001,EU MAC,compliant,indeterminate,unresolved_no_lod,True
C1,29,Di(2- ethylhexyl)phthalate (DEHP),26.923701639216485,False,,,2.0,EU MAC,exceeding,exceeding,,False
C1,29,Dichlorvos,0.0,True,,,0.0007,EU MAC,compliant,indeterminate,unresolved_no_lod,True
C1,29,Diuron,1.41207826937921,False,,,0.27,EU MAC,exceeding,exceeding,,False
C1,29,Erythromycin,0.39000039000039,False,,,1.0,EU MAC,compliant,compliant,,False
C1,29,Fluoranthene,0.0,True,,,0.12,EU MAC,compliant,indeterminate,unresolved_no_lod,True
C1,29,Hexachlorobenzene,0.0,True,,,8.0,EU MAC,compliant,indeterminate,unresolved_no_lod,True
C1,29,Imidacloprid,0.0,True,0.6194075722193858,2.0646919073979526,0.057,EU MAC,compliant,indeterminate,method_insufficient,True
C1,29,Isoproturon,0.0,True,,,1.0,EU MAC,compliant,indeterminate,unresolved_no_lod,True
C1,29,Pentachlorobenzene,0.0,True,,,0.007,EU AA,compliant,indeterminate,unresolved_no_lod,True
C1,29,Quinoxyfen,0.0,True,,,2.7,EU MAC,compliant,indeterminate,unresolved_no_lod,True
C1,29,Terbutryn,0.02427812997851802,False,,,0.34,EU MAC,compliant,compliant,,False
C1,29,Thiacloprid,0.0,True,0.08682554171532375,0.28941847238441254,0.05,EU MAC,compliant,indeterminate,method_insufficient,True
C1,29,Triclosan,0.0,True,,,0.02,EU MAC,compliant,indeterminate,unresolved_no_lod,True
C1,29,Trifluralin,0.0,True,,,0.03,EU AA,compliant,indeterminate,unresolved_no_lod,True
C1,30,17-alpha-Estradiol,0.0,True,,,0.00018,EU AA,compliant,indeterminate,unresolved_no_lod,True
C1,30,17-alpha-Ethinylestradiol,0.0,True,,,1.7e-05,EU AA,compliant,indeterminate,unresolved_no_lod,True
C1,30,17-beta-Estradiol,0.0,True,,,0.00018,EU AA,compliant,indeterminate,unresolved_no_lod,True
C1,30,Acetamiprid,0.19208989015234257,False,0.025237601919248082,0.08412533973082695,0.16,EU MAC,exceeding,exceeding,,False
C1,30,Aclonifen,0.17766892666780543,False,,,0.12,EU MAC,exceeding,exceeding,,False
C1,30,Anthracene,0.0,True,,,0.1,EU MAC,compliant,indeterminate,unresolved_no_lod,True
C1,30,Azithromycin,0.44233229837632376,False,,,0.18,EU MAC,exceeding,exceeding,,False
C1,30,Bifenox,0.0,True,,,0.04,EU MAC,compliant,indeterminate,unresolved_no_lod,True
C1,30,Bisphenol-A,0.0,True,,,130.0,EU MAC,compliant,indeterminate,unresolved_no_lod,True
C1,30,Chlorpyrifos,0.0,True,,,0.0026,EU MAC,compliant,indeterminate,unresolved_no_lod,True
C1,30,Clarithromycin,0.3122119871403627,False,,,0.13,EU MAC,exceeding,exceeding,,False
C1,30,Clothianidin,0.0,True,0.13583585498351416,0.45278618327838055,0.34,EU MAC,compliant,indeterminate,method_insufficient,True
C1,30,Cybutryne,0.0,True,,,0.016,EU MAC,compliant,indeterminate,unresolved_no_lod,True
C1,30,Cypermethrin,0.0,True,,,0.0006000000000000001,EU MAC,compliant,indeterminate,unresolved_no_lod,True
C1,30,Di(2- ethylhexyl)phthalate (DEHP),23.177036085948686,False,,,2.0,EU MAC,exceeding,exceeding,,False
C1,30,Dichlorvos,0.0,True,,,0.0007,EU MAC,compliant,indeterminate,unresolved_no_lod,True
C1,30,Diuron,1.553909115529783,False,,,0.27,EU MAC,exceeding,exceeding,,False
C1,30,Erythromycin,0.24335191922890148,False,,,1.0,EU MAC,compliant,compliant,,False
C1,30,Fluoranthene,0.0,True,,,0.12,EU MAC,compliant,indeterminate,unresolved_no_lod,True
C1,30,Hexachlorobenzene,0.0,True,,,8.0,EU MAC,compliant,indeterminate,unresolved_no_lod,True
C1,30,Imidacloprid,0.0,True,0.6194075722193858,2.0646919073979526,0.057,EU MAC,compliant,indeterminate,method_insufficient,True
C1,30,Isoproturon,0.0,True,,,1.0,EU MAC,compliant,indeterminate,unresolved_no_lod,True
C1,30,Pentachlorobenzene,0.5538096955334604,False,,,0.007,EU AA,exceeding,exceeding,,False
C1,30,Quinoxyfen,0.0,True,,,2.7,EU MAC,compliant,indeterminate,unresolved_no_lod,True
C1,30,Terbutryn,0.02737503343198938,False,,,0.34,EU MAC,compliant,compliant,,False
C1,30,Thiacloprid,0.0,True,0.08682554171532375,0.28941847238441254,0.05,EU MAC,compliant,indeterminate,method_insufficient,True
C1,30,Triclosan,0.0,True,,,0.02,EU MAC,compliant,indeterminate,unresolved_no_lod,True
C1,30,Trifluralin,0.0,True,,,0.03,EU AA,compliant,indeterminate,unresolved_no_lod,True
C1,31,17-alpha-Estradiol,0.0,True,,,0.00018,EU AA,compliant,indeterminate,unresolved_no_lod,True
C1,31,17-alpha-Ethinylestradiol,0.0,True,,,1.7e-05,EU AA,compliant,indeterminate,unresolved_no_lod,True
C1,31,17-beta-Estradiol,0.0,True,,,0.00018,EU AA,compliant,indeterminate,unresolved_no_lod,True
C1,31,Acetamiprid,0.23212104551396154,False,0.025237601919248082,0.08412533973082695,0.16,EU MAC,exceeding,exceeding,,False
C1,31,Aclonifen,0.2363483601891363,False,,,0.12,EU MAC,exceeding,exceeding,,False
C1,31,Anthracene,0.0,True,,,0.1,EU MAC,compliant,indeterminate,unresolved_no_lod,True
C1,31,Azithromycin,0.40195984958064634,False,,,0.18,EU MAC,exceeding,exceeding,,False
C1,31,Bifenox,0.0,True,,,0.04,EU MAC,compliant,indeterminate,unresolved_no_lod,True
C1,31,Bisphenol-A,0.0,True,,,130.0,EU MAC,compliant,indeterminate,unresolved_no_lod,True
C1,31,Chlorpyrifos,0.0,True,,,0.0026,EU MAC,compliant,indeterminate,unresolved_no_lod,True
C1,31,Clarithromycin,0.37656704066431346,False,,,0.13,EU MAC,exceeding,exceeding,,False
C1,31,Clothianidin,0.0,True,0.13583585498351416,0.45278618327838055,0.34,EU MAC,compliant,indeterminate,method_insufficient,True
C1,31,Cybutryne,0.0,True,,,0.016,EU MAC,compliant,indeterminate,unresolved_no_lod,True
C1,31,Cypermethrin,0.0,True,,,0.0006000000000000001,EU MAC,compliant,indeterminate,unresolved_no_lod,True
C1,31,Di(2- ethylhexyl)phthalate (DEHP),0.0,True,,,2.0,EU MAC,compliant,indeterminate,unresolved_no_lod,True
C1,31,Dichlorvos,0.0,True,,,0.0007,EU MAC,compliant,indeterminate,unresolved_no_lod,True
C1,31,Diuron,1.5056055207755659,False,,,0.27,EU MAC,exceeding,exceeding,,False
C1,31,Erythromycin,0.0,True,,,1.0,EU MAC,compliant,indeterminate,unresolved_no_lod,True
C1,31,Fluoranthene,0.0,True,,,0.12,EU MAC,compliant,indeterminate,unresolved_no_lod,True
C1,31,Hexachlorobenzene,0.0,True,,,8.0,EU MAC,compliant,indeterminate,unresolved_no_lod,True
C1,31,Imidacloprid,0.0,True,0.6194075722193858,2.0646919073979526,0.057,EU MAC,compliant,indeterminate,method_insufficient,True
C1,31,Isoproturon,0.0,True,,,1.0,EU MAC,compliant,indeterminate,unresolved_no_lod,True
C1,31,Pentachlorobenzene,0.0,True,,,0.007,EU AA,compliant,indeterminate,unresolved_no_lod,True
C1,31,Quinoxyfen,0.0,True,,,2.7,EU MAC,compliant,indeterminate,unresolved_no_lod,True
C1,31,Terbutryn,0.01559011284192814,False,,,0.34,EU MAC,compliant,compliant,,False
C1,31,Thiacloprid,0.0,True,0.08682554171532375,0.28941847238441254,0.05,EU MAC,compliant,indeterminate,method_insufficient,True
C1,31,Triclosan,0.0,True,,,0.02,EU MAC,compliant,indeterminate,unresolved_no_lod,True
C1,31,Trifluralin,0.0,True,,,0.03,EU AA,compliant,indeterminate,unresolved_no_lod,True
C1,32,17-alpha-Estradiol,0.0,True,,,0.00018,EU AA,compliant,indeterminate,unresolved_no_lod,True
C1,32,17-alpha-Ethinylestradiol,0.0,True,,,1.7e-05,EU AA,compliant,indeterminate,unresolved_no_lod,True
C1,32,17-beta-Estradiol,0.0,True,,,0.00018,EU AA,compliant,indeterminate,unresolved_no_lod,True
C1,32,Acetamiprid,0.0777974326832427,False,0.025237601919248082,0.08412533973082695,0.16,EU MAC,compliant,compliant,,False
C1,32,Aclonifen,0.07927684315266631,False,,,0.12,EU MAC,compliant,compliant,,False
C1,32,Anthracene,0.0,True,,,0.1,EU MAC,compliant,indeterminate,unresolved_no_lod,True
C1,32,Azithromycin,0.22705715548805763,False,,,0.18,EU MAC,exceeding,exceeding,,False
C1,32,Bifenox,0.0,True,,,0.04,EU MAC,compliant,indeterminate,unresolved_no_lod,True
C1,32,Bisphenol-A,0.0,True,,,130.0,EU MAC,compliant,indeterminate,unresolved_no_lod,True
C1,32,Chlorpyrifos,0.0,True,,,0.0026,EU MAC,compliant,indeterminate,unresolved_no_lod,True
C1,32,Clarithromycin,0.3415748395898333,False,,,0.13,EU MAC,exceeding,exceeding,,False
C1,32,Clothianidin,0.0,True,0.13583585498351416,0.45278618327838055,0.34,EU MAC,compliant,indeterminate,method_insufficient,True
C1,32,Cybutryne,0.0,True,,,0.016,EU MAC,compliant,indeterminate,unresolved_no_lod,True
C1,32,Cypermethrin,0.0,True,,,0.0006000000000000001,EU MAC,compliant,indeterminate,unresolved_no_lod,True
C1,32,Di(2- ethylhexyl)phthalate (DEHP),0.0,True,,,2.0,EU MAC,compliant,indeterminate,unresolved_no_lod,True
C1,32,Dichlorvos,0.0,True,,,0.0007,EU MAC,compliant,indeterminate,unresolved_no_lod,True
C1,32,Diuron,0.8725481998890579,False,,,0.27,EU MAC,exceeding,exceeding,,False
C1,32,Erythromycin,0.0,True,,,1.0,EU MAC,compliant,indeterminate,unresolved_no_lod,True
C1,32,Fluoranthene,0.0,True,,,0.12,EU MAC,compliant,indeterminate,unresolved_no_lod,True
C1,32,Hexachlorobenzene,0.0,True,,,8.0,EU MAC,compliant,indeterminate,unresolved_no_lod,True
C1,32,Imidacloprid,0.0,True,0.6194075722193858,2.0646919073979526,0.057,EU MAC,compliant,indeterminate,method_insufficient,True
C1,32,Isoproturon,0.0,True,,,1.0,EU MAC,compliant,indeterminate,unresolved_no_lod,True
C1,32,Pentachlorobenzene,0.3721062068238148,False,,,0.007,EU AA,exceeding,exceeding,,False
C1,32,Quinoxyfen,0.0,True,,,2.7,EU MAC,compliant,indeterminate,unresolved_no_lod,True
C1,32,Terbutryn,0.01748097953743374,False,,,0.34,EU MAC,compliant,compliant,,False
C1,32,Thiacloprid,0.0,True,0.08682554171532375,0.28941847238441254,0.05,EU MAC,compliant,indeterminate,method_insufficient,True
C1,32,Triclosan,0.0,True,,,0.02,EU MAC,compliant,indeterminate,unresolved_no_lod,True
C1,32,Trifluralin,0.0,True,,,0.03,EU AA,compliant,indeterminate,unresolved_no_lod,True
C1,33,17-alpha-Estradiol,0.0,True,,,0.00018,EU AA,compliant,indeterminate,unresolved_no_lod,True
C1,33,17-alpha-Ethinylestradiol,0.0,True,,,1.7e-05,EU AA,compliant,indeterminate,unresolved_no_lod,True
C1,33,17-beta-Estradiol,0.0,True,,,0.00018,EU AA,compliant,indeterminate,unresolved_no_lod,True
C1,33,Acetamiprid,0.1522309671563599,False,0.025237601919248082,0.08412533973082695,0.16,EU MAC,compliant,compliant,,False
C1,33,Aclonifen,0.0,True,,,0.12,EU MAC,compliant,indeterminate,unresolved_no_lod,True
C1,33,Anthracene,0.0,True,,,0.1,EU MAC,compliant,indeterminate,unresolved_no_lod,True
C1,33,Azithromycin,0.44158437203982015,False,,,0.18,EU MAC,exceeding,exceeding,,False
C1,33,Bifenox,0.0,True,,,0.04,EU MAC,compliant,indeterminate,unresolved_no_lod,True
C1,33,Bisphenol-A,0.0,True,,,130.0,EU MAC,compliant,indeterminate,unresolved_no_lod,True
C1,33,Chlorpyrifos,0.0,True,,,0.0026,EU MAC,compliant,indeterminate,unresolved_no_lod,True
C1,33,Clarithromycin,0.2576660727272879,False,,,0.13,EU MAC,exceeding,exceeding,,False
C1,33,Clothianidin,0.0,True,0.13583585498351416,0.45278618327838055,0.34,EU MAC,compliant,indeterminate,method_insufficient,True
C1,33,Cybutryne,0.0,True,,,0.016,EU MAC,compliant,indeterminate,unresolved_no_lod,True
C1,33,Cypermethrin,0.0,True,,,0.0006000000000000001,EU MAC,compliant,indeterminate,unresolved_no_lod,True
C1,33,Di(2- ethylhexyl)phthalate (DEHP),0.0,True,,,2.0,EU MAC,compliant,indeterminate,unresolved_no_lod,True
C1,33,Dichlorvos,0.0,True,,,0.0007,EU MAC,compliant,indeterminate,unresolved_no_lod,True
C1,33,Diuron,0.9388770030313841,False,,,0.27,EU MAC,exceeding,exceeding,,False
C1,33,Erythromycin,0.0,True,,,1.0,EU MAC,compliant,indeterminate,unresolved_no_lod,True
C1,33,Fluoranthene,0.0,True,,,0.12,EU MAC,compliant,indeterminate,unresolved_no_lod,True
C1,33,Hexachlorobenzene,0.0,True,,,8.0,EU MAC,compliant,indeterminate,unresolved_no_lod,True
C1,33,Imidacloprid,0.0,True,0.6194075722193858,2.0646919073979526,0.057,EU MAC,compliant,indeterminate,method_insufficient,True
C1,33,Isoproturon,0.0,True,,,1.0,EU MAC,compliant,indeterminate,unresolved_no_lod,True
C1,33,Pentachlorobenzene,0.0,True,,,0.007,EU AA,compliant,indeterminate,unresolved_no_lod,True
C1,33,Quinoxyfen,0.0,True,,,2.7,EU MAC,compliant,indeterminate,unresolved_no_lod,True
C1,33,Terbutryn,0.02758231193652772,False,,,0.34,EU MAC,compliant,compliant,,False
C1,33,Thiacloprid,0.0,True,0.08682554171532375,0.28941847238441254,0.05,EU MAC,compliant,indeterminate,method_insufficient,True
C1,33,Triclosan,0.0,True,,,0.02,EU MAC,compliant,indeterminate,unresolved_no_lod,True
C1,33,Trifluralin,0.0,True,,,0.03,EU AA,compliant,indeterminate,unresolved_no_lod,True
C1,34,17-alpha-Estradiol,0.0,True,,,0.00018,EU AA,compliant,indeterminate,unresolved_no_lod,True
C1,34,17-alpha-Ethinylestradiol,0.0,True,,,1.7e-05,EU AA,compliant,indeterminate,unresolved_no_lod,True
C1,34,17-beta-Estradiol,0.0,True,,,0.00018,EU AA,compliant,indeterminate,unresolved_no_lod,True
C1,34,Acetamiprid,0.19849572207379332,False,0.025237601919248082,0.08412533973082695,0.16,EU MAC,exceeding,exceeding,,False
C1,34,Aclonifen,0.0,True,,,0.12,EU MAC,compliant,indeterminate,unresolved_no_lod,True
C1,34,Anthracene,0.0,True,,,0.1,EU MAC,compliant,indeterminate,unresolved_no_lod,True
C1,34,Azithromycin,0.16511761271906086,False,,,0.18,EU MAC,compliant,compliant,,False
C1,34,Bifenox,0.0,True,,,0.04,EU MAC,compliant,indeterminate,unresolved_no_lod,True
C1,34,Bisphenol-A,0.0,True,,,130.0,EU MAC,compliant,indeterminate,unresolved_no_lod,True
C1,34,Chlorpyrifos,0.20333890100661656,False,,,0.0026,EU MAC,exceeding,exceeding,,False
C1,34,Clarithromycin,0.19924364280386408,False,,,0.13,EU MAC,exceeding,exceeding,,False
C1,34,Clothianidin,0.0,True,0.13583585498351416,0.45278618327838055,0.34,EU MAC,compliant,indeterminate,method_insufficient,True
C1,34,Cybutryne,0.0,True,,,0.016,EU MAC,compliant,indeterminate,unresolved_no_lod,True
C1,34,Cypermethrin,0.0,True,,,0.0006000000000000001,EU MAC,compliant,indeterminate,unresolved_no_lod,True
C1,34,Di(2- ethylhexyl)phthalate (DEHP),4.684328928893057,False,,,2.0,EU MAC,exceeding,exceeding,,False
C1,34,Dichlorvos,0.0,True,,,0.0007,EU MAC,compliant,indeterminate,unresolved_no_lod,True
C1,34,Diuron,0.8479060728470648,False,,,0.27,EU MAC,exceeding,exceeding,,False
C1,34,Erythromycin,0.0,True,,,1.0,EU MAC,compliant,indeterminate,unresolved_no_lod,True
C1,34,Fluoranthene,0.0,True,,,0.12,EU MAC,compliant,indeterminate,unresolved_no_lod,True
C1,34,Hexachlorobenzene,0.0,True,,,8.0,EU MAC,compliant,indeterminate,unresolved_no_lod,True
C1,34,Imidacloprid,0.0,True,0.6194075722193858,2.0646919073979526,0.057,EU MAC,compliant,indeterminate,method_insufficient,True
C1,34,Isoproturon,0.0,True,,,1.0,EU MAC,compliant,indeterminate,unresolved_no_lod,True
C1,34,Pentachlorobenzene,0.0,True,,,0.007,EU AA,compliant,indeterminate,unresolved_no_lod,True
C1,34,Quinoxyfen,0.0,True,,,2.7,EU MAC,compliant,indeterminate,unresolved_no_lod,True
C1,34,Terbutryn,0.012752174008552783,False,,,0.34,EU MAC,compliant,compliant,,False
C1,34,Thiacloprid,0.0,True,0.08682554171532375,0.28941847238441254,0.05,EU MAC,compliant,indeterminate,method_insufficient,True
C1,34,Triclosan,0.0,True,,,0.02,EU MAC,compliant,indeterminate,unresolved_no_lod,True
C1,34,Trifluralin,0.0,True,,,0.03,EU AA,compliant,indeterminate,unresolved_no_lod,True
C1,35,17-alpha-Estradiol,0.0,True,,,0.00018,EU AA,compliant,indeterminate,unresolved_no_lod,True
C1,35,17-alpha-Ethinylestradiol,0.0,True,,,1.7e-05,EU AA,compliant,indeterminate,unresolved_no_lod,True
C1,35,17-beta-Estradiol,0.0,True,,,0.00018,EU AA,compliant,indeterminate,unresolved_no_lod,True
C1,35,Acetamiprid,0.1270760861373339,False,0.025237601919248082,0.08412533973082695,0.16,EU MAC,compliant,compliant,,False
C1,35,Aclonifen,0.0,True,,,0.12,EU MAC,compliant,indeterminate,unresolved_no_lod,True
C1,35,Anthracene,0.0,True,,,0.1,EU MAC,compliant,indeterminate,unresolved_no_lod,True
C1,35,Azithromycin,0.30185852416252346,False,,,0.18,EU MAC,exceeding,exceeding,,False
C1,35,Bifenox,0.0,True,,,0.04,EU MAC,compliant,indeterminate,unresolved_no_lod,True
C1,35,Bisphenol-A,0.0,True,,,130.0,EU MAC,compliant,indeterminate,unresolved_no_lod,True
C1,35,Chlorpyrifos,0.0,True,,,0.0026,EU MAC,compliant,indeterminate,unresolved_no_lod,True
C1,35,Clarithromycin,0.17805160546949,False,,,0.13,EU MAC,exceeding,exceeding,,False
C1,35,Clothianidin,0.0,True,0.13583585498351416,0.45278618327838055,0.34,EU MAC,compliant,indeterminate,method_insufficient,True
C1,35,Cybutryne,0.0,True,,,0.016,EU MAC,compliant,indeterminate,unresolved_no_lod,True
C1,35,Cypermethrin,0.0,True,,,0.0006000000000000001,EU MAC,compliant,indeterminate,unresolved_no_lod,True
C1,35,Di(2- ethylhexyl)phthalate (DEHP),0.0,True,,,2.0,EU MAC,compliant,indeterminate,unresolved_no_lod,True
C1,35,Dichlorvos,0.0,True,,,0.0007,EU MAC,compliant,indeterminate,unresolved_no_lod,True
C1,35,Diuron,0.8817457961711175,False,,,0.27,EU MAC,exceeding,exceeding,,False
C1,35,Erythromycin,0.0,True,,,1.0,EU MAC,compliant,indeterminate,unresolved_no_lod,True
C1,35,Fluoranthene,0.0,True,,,0.12,EU MAC,compliant,indeterminate,unresolved_no_lod,True
C1,35,Hexachlorobenzene,0.0,True,,,8.0,EU MAC,compliant,indeterminate,unresolved_no_lod,True
C1,35,Imidacloprid,0.0,True,0.6194075722193858,2.0646919073979526,0.057,EU MAC,compliant,indeterminate,method_insufficient,True
C1,35,Isoproturon,0.0,True,,,1.0,EU MAC,compliant,indeterminate,unresolved_no_lod,True
C1,35,Pentachlorobenzene,0.0,True,,,0.007,EU AA,compliant,indeterminate,unresolved_no_lod,True
C1,35,Quinoxyfen,0.0,True,,,2.7,EU MAC,compliant,indeterminate,unresolved_no_lod,True
C1,35,Terbutryn,0.013722998912381696,False,,,0.34,EU MAC,compliant,compliant,,False
C1,35,Thiacloprid,0.0,True,0.08682554171532375,0.28941847238441254,0.05,EU MAC,compliant,indeterminate,method_insufficient,True
C1,35,Triclosan,0.0,True,,,0.02,EU MAC,compliant,indeterminate,unresolved_no_lod,True
C1,35,Trifluralin,0.0,True,,,0.03,EU AA,compliant,indeterminate,unresolved_no_lod,True
C1,36,17-alpha-Estradiol,0.0,True,,,0.00018,EU AA,compliant,indeterminate,unresolved_no_lod,True
C1,36,17-alpha-Ethinylestradiol,0.0,True,,,1.7e-05,EU AA,compliant,indeterminate,unresolved_no_lod,True
C1,36,17-beta-Estradiol,0.0,True,,,0.00018,EU AA,compliant,indeterminate,unresolved_no_lod,True
C1,36,Acetamiprid,0.1154951205107561,False,0.025237601919248082,0.08412533973082695,0.16,EU MAC,compliant,compliant,,False
C1,36,Aclonifen,0.0,True,,,0.12,EU MAC,compliant,indeterminate,unresolved_no_lod,True
C1,36,Anthracene,0.0,True,,,0.1,EU MAC,compliant,indeterminate,unresolved_no_lod,True
C1,36,Azithromycin,0.42064539214201013,False,,,0.18,EU MAC,exceeding,exceeding,,False
C1,36,Bifenox,0.0,True,,,0.04,EU MAC,compliant,indeterminate,unresolved_no_lod,True
C1,36,Bisphenol-A,0.0,True,,,130.0,EU MAC,compliant,indeterminate,unresolved_no_lod,True
C1,36,Chlorpyrifos,0.0,True,,,0.0026,EU MAC,compliant,indeterminate,unresolved_no_lod,True
C1,36,Clarithromycin,0.18697703668497226,False,,,0.13,EU MAC,exceeding,exceeding,,False
C1,36,Clothianidin,0.0,True,0.13583585498351416,0.45278618327838055,0.34,EU MAC,compliant,indeterminate,method_insufficient,True
C1,36,Cybutryne,0.0,True,,,0.016,EU MAC,compliant,indeterminate,unresolved_no_lod,True
C1,36,Cypermethrin,0.0,True,,,0.0006000000000000001,EU MAC,compliant,indeterminate,unresolved_no_lod,True
C1,36,Di(2- ethylhexyl)phthalate (DEHP),27.67481769879101,False,,,2.0,EU MAC,exceeding,exceeding,,False
C1,36,Dichlorvos,0.0,True,,,0.0007,EU MAC,compliant,indeterminate,unresolved_no_lod,True
C1,36,Diuron,0.9666549741066945,False,,,0.27,EU MAC,exceeding,exceeding,,False
C1,36,Erythromycin,0.0,True,,,1.0,EU MAC,compliant,indeterminate,unresolved_no_lod,True
C1,36,Fluoranthene,0.0,True,,,0.12,EU MAC,compliant,indeterminate,unresolved_no_lod,True
C1,36,Hexachlorobenzene,0.0,True,,,8.0,EU MAC,compliant,indeterminate,unresolved_no_lod,True
C1,36,Imidacloprid,0.0,True,0.6194075722193858,2.0646919073979526,0.057,EU MAC,compliant,indeterminate,method_insufficient,True
C1,36,Isoproturon,0.0,True,,,1.0,EU MAC,compliant,indeterminate,unresolved_no_lod,True
C1,36,Pentachlorobenzene,0.0,True,,,0.007,EU AA,compliant,indeterminate,unresolved_no_lod,True
C1,36,Quinoxyfen,0.0,True,,,2.7,EU MAC,compliant,indeterminate,unresolved_no_lod,True
C1,36,Terbutryn,0.010229750829761174,False,,,0.34,EU MAC,compliant,compliant,,False
C1,36,Thiacloprid,0.0,True,0.08682554171532375,0.28941847238441254,0.05,EU MAC,compliant,indeterminate,method_insufficient,True
C1,36,Triclosan,0.0,True,,,0.02,EU MAC,compliant,indeterminate,unresolved_no_lod,True
C1,36,Trifluralin,0.0,True,,,0.03,EU AA,compliant,indeterminate,unresolved_no_lod,True
C1,37,17-alpha-Estradiol,0.0,True,,,0.00018,EU AA,compliant,indeterminate,unresolved_no_lod,True
C1,37,17-alpha-Ethinylestradiol,0.0,True,,,1.7e-05,EU AA,compliant,indeterminate,unresolved_no_lod,True
C1,37,17-beta-Estradiol,0.0,True,,,0.00018,EU AA,compliant,indeterminate,unresolved_no_lod,True
C1,37,Acetamiprid,0.06758324031416717,False,0.025237601919248082,0.08412533973082695,0.16,EU MAC,compliant,compliant,,False
C1,37,Aclonifen,0.12348056044410965,False,,,0.12,EU MAC,exceeding,exceeding,,False
C1,37,Anthracene,0.0,True,,,0.1,EU MAC,compliant,indeterminate,unresolved_no_lod,True
C1,37,Azithromycin,0.14956494173491083,False,,,0.18,EU MAC,compliant,compliant,,False
C1,37,Bifenox,0.0,True,,,0.04,EU MAC,compliant,indeterminate,unresolved_no_lod,True
C1,37,Bisphenol-A,0.0,True,,,130.0,EU MAC,compliant,indeterminate,unresolved_no_lod,True
C1,37,Chlorpyrifos,0.24670950522805773,False,,,0.0026,EU MAC,exceeding,exceeding,,False
C1,37,Clarithromycin,0.09885812438342509,False,,,0.13,EU MAC,compliant,compliant,,False
C1,37,Clothianidin,0.0,True,0.13583585498351416,0.45278618327838055,0.34,EU MAC,compliant,indeterminate,method_insufficient,True
C1,37,Cybutryne,0.0,True,,,0.016,EU MAC,compliant,indeterminate,unresolved_no_lod,True
C1,37,Cypermethrin,0.0,True,,,0.0006000000000000001,EU MAC,compliant,indeterminate,unresolved_no_lod,True
C1,37,Di(2- ethylhexyl)phthalate (DEHP),0.0,True,,,2.0,EU MAC,compliant,indeterminate,unresolved_no_lod,True
C1,37,Dichlorvos,0.0,True,,,0.0007,EU MAC,compliant,indeterminate,unresolved_no_lod,True
C1,37,Diuron,0.4997595089586594,False,,,0.27,EU MAC,exceeding,exceeding,,False
C1,37,Erythromycin,0.0,True,,,1.0,EU MAC,compliant,indeterminate,unresolved_no_lod,True
C1,37,Fluoranthene,0.0,True,,,0.12,EU MAC,compliant,indeterminate,unresolved_no_lod,True
C1,37,Hexachlorobenzene,0.0,True,,,8.0,EU MAC,compliant,indeterminate,unresolved_no_lod,True
C1,37,Imidacloprid,0.0,True,0.6194075722193858,2.0646919073979526,0.057,EU MAC,compliant,indeterminate,method_insufficient,True
C1,37,Isoproturon,0.0,True,,,1.0,EU MAC,compliant,indeterminate,unresolved_no_lod,True
C1,37,Pentachlorobenzene,0.0,True,,,0.007,EU AA,compliant,indeterminate,unresolved_no_lod,True
C1,37,Quinoxyfen,0.0,True,,,2.7,EU MAC,compliant,indeterminate,unresolved_no_lod,True
C1,37,Terbutryn,0.008472319015725455,False,,,0.34,EU MAC,compliant,compliant,,False
C1,37,Thiacloprid,0.0,True,0.08682554171532375,0.28941847238441254,0.05,EU MAC,compliant,indeterminate,method_insufficient,True
C1,37,Triclosan,0.0,True,,,0.02,EU MAC,compliant,indeterminate,unresolved_no_lod,True
C1,37,Trifluralin,0.0,True,,,0.03,EU AA,compliant,indeterminate,unresolved_no_lod,True
C1,38,17-alpha-Estradiol,0.0,True,,,0.00018,EU AA,compliant,indeterminate,unresolved_no_lod,True
C1,38,17-alpha-Ethinylestradiol,0.0,True,,,1.7e-05,EU AA,compliant,indeterminate,unresolved_no_lod,True
C1,38,17-beta-Estradiol,0.0,True,,,0.00018,EU AA,compliant,indeterminate,unresolved_no_lod,True
C1,38,Acetamiprid,0.048475401705962866,False,0.025237601919248082,0.08412533973082695,0.16,EU MAC,compliant,compliant,,False
C1,38,Aclonifen,0.0,True,,,0.12,EU MAC,compliant,indeterminate,unresolved_no_lod,True
C1,38,Anthracene,0.0,True,,,0.1,EU MAC,compliant,indeterminate,unresolved_no_lod,True
C1,38,Azithromycin,0.4481135796922697,False,,,0.18,EU MAC,exceeding,exceeding,,False
C1,38,Bifenox,0.0,True,,,0.04,EU MAC,compliant,indeterminate,unresolved_no_lod,True
C1,38,Bisphenol-A,0.0,True,,,130.0,EU MAC,compliant,indeterminate,unresolved_no_lod,True
C1,38,Chlorpyrifos,0.0,True,,,0.0026,EU MAC,compliant,indeterminate,unresolved_no_lod,True
C1,38,Clarithromycin,0.1419543856113681,False,,,0.13,EU MAC,exceeding,exceeding,,False
C1,38,Clothianidin,0.0,True,0.13583585498351416,0.45278618327838055,0.34,EU MAC,compliant,indeterminate,method_insufficient,True
C1,38,Cybutryne,0.0,True,,,0.016,EU MAC,compliant,indeterminate,unresolved_no_lod,True
C1,38,Cypermethrin,0.0,True,,,0.0006000000000000001,EU MAC,compliant,indeterminate,unresolved_no_lod,True
C1,38,Di(2- ethylhexyl)phthalate (DEHP),0.0,True,,,2.0,EU MAC,compliant,indeterminate,unresolved_no_lod,True
C1,38,Dichlorvos,0.0,True,,,0.0007,EU MAC,compliant,indeterminate,unresolved_no_lod,True
C1,38,Diuron,0.44205978018236736,False,,,0.27,EU MAC,exceeding,exceeding,,False
C1,38,Erythromycin,0.0,True,,,1.0,EU MAC,compliant,indeterminate,unresolved_no_lod,True
C1,38,Fluoranthene,0.0,True,,,0.12,EU MAC,compliant,indeterminate,unresolved_no_lod,True
C1,38,Hexachlorobenzene,0.0,True,,,8.0,EU MAC,compliant,indeterminate,unresolved_no_lod,True
C1,38,Imidacloprid,0.0,True,0.6194075722193858,2.0646919073979526,0.057,EU MAC,compliant,indeterminate,method_insufficient,True
C1,38,Isoproturon,0.0,True,,,1.0,EU MAC,compliant,indeterminate,unresolved_no_lod,True
C1,38,Pentachlorobenzene,0.0,True,,,0.007,EU AA,compliant,indeterminate,unresolved_no_lod,True
C1,38,Quinoxyfen,0.0,True,,,2.7,EU MAC,compliant,indeterminate,unresolved_no_lod,True
C1,38,Terbutryn,0.011864996586357885,False,,,0.34,EU MAC,compliant,compliant,,False
C1,38,Thiacloprid,0.0,True,0.08682554171532375,0.28941847238441254,0.05,EU MAC,compliant,indeterminate,method_insufficient,True
C1,38,Triclosan,0.0,True,,,0.02,EU MAC,compliant,indeterminate,unresolved_no_lod,True
C1,38,Trifluralin,0.0,True,,,0.03,EU AA,compliant,indeterminate,unresolved_no_lod,True
C1,39,17-alpha-Estradiol,0.0,True,,,0.00018,EU AA,compliant,indeterminate,unresolved_no_lod,True
C1,39,17-alpha-Ethinylestradiol,0.0,True,,,1.7e-05,EU AA,compliant,indeterminate,unresolved_no_lod,True
C1,39,17-beta-Estradiol,0.0,True,,,0.00018,EU AA,compliant,indeterminate,unresolved_no_lod,True
C1,39,Acetamiprid,0.05274261959709909,False,0.025237601919248082,0.08412533973082695,0.16,EU MAC,compliant,compliant,,False
C1,39,Aclonifen,0.0,True,,,0.12,EU MAC,compliant,indeterminate,unresolved_no_lod,True
C1,39,Anthracene,0.0,True,,,0.1,EU MAC,compliant,indeterminate,unresolved_no_lod,True
C1,39,Azithromycin,0.3737580102759648,False,,,0.18,EU MAC,exceeding,exceeding,,False
C1,39,Bifenox,0.0,True,,,0.04,EU MAC,compliant,indeterminate,unresolved_no_lod,True
C1,39,Bisphenol-A,0.0,True,,,130.0,EU MAC,compliant,indeterminate,unresolved_no_lod,True
C1,39,Chlorpyrifos,0.0,True,,,0.0026,EU MAC,compliant,indeterminate,unresolved_no_lod,True
C1,39,Clarithromycin,0.0766856487915036,False,,,0.13,EU MAC,compliant,compliant,,False
C1,39,Clothianidin,0.0,True,0.13583585498351416,0.45278618327838055,0.34,EU MAC,compliant,indeterminate,method_insufficient,True
C1,39,Cybutryne,0.0,True,,,0.016,EU MAC,compliant,indeterminate,unresolved_no_lod,True
C1,39,Cypermethrin,0.0,True,,,0.0006000000000000001,EU MAC,compliant,indeterminate,unresolved_no_lod,True
C1,39,Di(2- ethylhexyl)phthalate (DEHP),0.0,True,,,2.0,EU MAC,compliant,indeterminate,unresolved_no_lod,True
C1,39,Dichlorvos,0.0,True,,,0.0007,EU MAC,compliant,indeterminate,unresolved_no_lod,True
C1,39,Diuron,0.46119684328055655,False,,,0.27,EU MAC,exceeding,exceeding,,False
C1,39,Erythromycin,0.08254877882385046,False,,,1.0,EU MAC,compliant,compliant,,False
C1,39,Fluoranthene,0.0,True,,,0.12,EU MAC,compliant,indeterminate,unresolved_no_lod,True
C1,39,Hexachlorobenzene,0.0,True,,,8.0,EU MAC,compliant,indeterminate,unresolved_no_lod,True
C1,39,Imidacloprid,0.0,True,0.6194075722193858,2.0646919073979526,0.057,EU MAC,compliant,indeterminate,method_insufficient,True
C1,39,Isoproturon,0.0,True,,,1.0,EU MAC,compliant,indeterminate,unresolved_no_lod,True
C1,39,Pentachlorobenzene,0.0,True,,,0.007,EU AA,compliant,indeterminate,unresolved_no_lod,True
C1,39,Quinoxyfen,0.0,True,,,2.7,EU MAC,compliant,indeterminate,unresolved_no_lod,True
C1,39,Terbutryn,0.0,True,,,0.34,EU MAC,compliant,indeterminate,unresolved_no_lod,True
C1,39,Thiacloprid,0.0,True,0.08682554171532375,0.28941847238441254,0.05,EU MAC,compliant,indeterminate,method_insufficient,True
C1,39,Triclosan,0.0,True,,,0.02,EU MAC,compliant,indeterminate,unresolved_no_lod,True
C1,39,Trifluralin,0.0,True,,,0.03,EU AA,compliant,indeterminate,unresolved_no_lod,True
C1,40,17-alpha-Estradiol,0.0,True,,,0.00018,EU AA,compliant,indeterminate,unresolved_no_lod,True
C1,40,17-alpha-Ethinylestradiol,0.0,True,,,1.7e-05,EU AA,compliant,indeterminate,unresolved_no_lod,True
C1,40,17-beta-Estradiol,0.0,True,,,0.00018,EU AA,compliant,indeterminate,unresolved_no_lod,True
C1,40,Acetamiprid,0.051425092153765145,False,0.025237601919248082,0.08412533973082695,0.16,EU MAC,compliant,compliant,,False
C1,40,Aclonifen,0.0,True,,,0.12,EU MAC,compliant,indeterminate,unresolved_no_lod,True
C1,40,Anthracene,0.0,True,,,0.1,EU MAC,compliant,indeterminate,unresolved_no_lod,True
C1,40,Azithromycin,0.23043964296516262,False,,,0.18,EU MAC,exceeding,exceeding,,False
C1,40,Bifenox,0.0,True,,,0.04,EU MAC,compliant,indeterminate,unresolved_no_lod,True
C1,40,Bisphenol-A,0.0,True,,,130.0,EU MAC,compliant,indeterminate,unresolved_no_lod,True
C1,40,Chlorpyrifos,0.0,True,,,0.0026,EU MAC,compliant,indeterminate,unresolved_no_lod,True
C1,40,Clarithromycin,0.08021569035397165,False,,,0.13,EU MAC,compliant,compliant,,False
C1,40,Clothianidin,0.0,True,0.13583585498351416,0.45278618327838055,0.34,EU MAC,compliant,indeterminate,method_insufficient,True
C1,40,Cybutryne,0.0,True,,,0.016,EU MAC,compliant,indeterminate,unresolved_no_lod,True
C1,40,Cypermethrin,0.0,True,,,0.0006000000000000001,EU MAC,compliant,indeterminate,unresolved_no_lod,True
C1,40,Di(2- ethylhexyl)phthalate (DEHP),0.0,True,,,2.0,EU MAC,compliant,indeterminate,unresolved_no_lod,True
C1,40,Dichlorvos,0.0,True,,,0.0007,EU MAC,compliant,indeterminate,unresolved_no_lod,True
C1,40,Diuron,0.4588208404823515,False,,,0.27,EU MAC,exceeding,exceeding,,False
C1,40,Erythromycin,0.0,True,,,1.0,EU MAC,compliant,indeterminate,unresolved_no_lod,True
C1,40,Fluoranthene,0.0,True,,,0.12,EU MAC,compliant,indeterminate,unresolved_no_lod,True
C1,40,Hexachlorobenzene,0.0,True,,,8.0,EU MAC,compliant,indeterminate,unresolved_no_lod,True
C1,40,Imidacloprid,0.0,True,0.6194075722193858,2.0646919073979526,0.057,EU MAC,compliant,indeterminate,method_insufficient,True
C1,40,Isoproturon,0.0,True,,,1.0,EU MAC,compliant,indeterminate,unresolved_no_lod,True
C1,40,Pentachlorobenzene,0.0,True,,,0.007,EU AA,compliant,indeterminate,unresolved_no_lod,True
C1,40,Quinoxyfen,0.0,True,,,2.7,EU MAC,compliant,indeterminate,unresolved_no_lod,True
C1,40,Terbutryn,0.006900908036937851,False,,,0.34,EU MAC,compliant,compliant,,False
C1,40,Thiacloprid,0.0,True,0.08682554171532375,0.28941847238441254,0.05,EU MAC,compliant,indeterminate,method_insufficient,True
C1,40,Triclosan,0.0,True,,,0.02,EU MAC,compliant,indeterminate,unresolved_no_lod,True
C1,40,Trifluralin,0.0,True,,,0.03,EU AA,compliant,indeterminate,unresolved_no_lod,True
C1,41,17-alpha-Estradiol,0.0,True,,,0.00018,EU AA,compliant,indeterminate,unresolved_no_lod,True
C1,41,17-alpha-Ethinylestradiol,0.0,True,,,1.7e-05,EU AA,compliant,indeterminate,unresolved_no_lod,True
C1,41,17-beta-Estradiol,0.0,True,,,0.00018,EU AA,compliant,indeterminate,unresolved_no_lod,True
C1,41,Acetamiprid,0.0,True,0.025237601919248082,0.08412533973082695,0.16,EU MAC,compliant,compliant,,False
C1,41,Aclonifen,0.0810922178815884,False,,,0.12,EU MAC,compliant,compliant,,False
C1,41,Anthracene,0.0,True,,,0.1,EU MAC,compliant,indeterminate,unresolved_no_lod,True
C1,41,Azithromycin,0.10439252754637894,False,,,0.18,EU MAC,compliant,compliant,,False
C1,41,Bifenox,0.0,True,,,0.04,EU MAC,compliant,indeterminate,unresolved_no_lod,True
C1,41,Bisphenol-A,0.0,True,,,130.0,EU MAC,compliant,indeterminate,unresolved_no_lod,True
C1,41,Chlorpyrifos,0.0,True,,,0.0026,EU MAC,compliant,indeterminate,unresolved_no_lod,True
C1,41,Clarithromycin,0.028826730277202308,False,,,0.13,EU MAC,compliant,compliant,,False
C1,41,Clothianidin,0.0,True,0.13583585498351416,0.45278618327838055,0.34,EU MAC,compliant,indeterminate,method_insufficient,True
C1,41,Cybutryne,0.0,True,,,0.016,EU MAC,compliant,indeterminate,unresolved_no_lod,True
C1,41,Cypermethrin,0.0,True,,,0.0006000000000000001,EU MAC,compliant,indeterminate,unresolved_no_lod,True
C1,41,Di(2- ethylhexyl)phthalate (DEHP),6.327568253655041,False,,,2.0,EU MAC,exceeding,exceeding,,False
C1,41,Dichlorvos,0.0,True,,,0.0007,EU MAC,compliant,indeterminate,unresolved_no_lod,True
C1,41,Diuron,0.0,True,,,0.27,EU MAC,compliant,indeterminate,unresolved_no_lod,True
C1,41,Erythromycin,0.0,True,,,1.0,EU MAC,compliant,indeterminate,unresolved_no_lod,True
C1,41,Fluoranthene,0.0,True,,,0.12,EU MAC,compliant,indeterminate,unresolved_no_lod,True
C1,41,Hexachlorobenzene,0.0,True,,,8.0,EU MAC,compliant,indeterminate,unresolved_no_lod,True
C1,41,Imidacloprid,0.0,True,0.6194075722193858,2.0646919073979526,0.057,EU MAC,compliant,indeterminate,method_insufficient,True
C1,41,Isoproturon,0.0,True,,,1.0,EU MAC,compliant,indeterminate,unresolved_no_lod,True
C1,41,Pentachlorobenzene,0.0,True,,,0.007,EU AA,compliant,indeterminate,unresolved_no_lod,True
C1,41,Quinoxyfen,0.0,True,,,2.7,EU MAC,compliant,indeterminate,unresolved_no_lod,True
C1,41,Terbutryn,0.0,True,,,0.34,EU MAC,compliant,indeterminate,unresolved_no_lod,True
C1,41,Thiacloprid,0.0,True,0.08682554171532375,0.28941847238441254,0.05,EU MAC,compliant,indeterminate,method_insufficient,True
C1,41,Triclosan,0.0,True,,,0.02,EU MAC,compliant,indeterminate,unresolved_no_lod,True
C1,41,Trifluralin,0.0,True,,,0.03,EU AA,compliant,indeterminate,unresolved_no_lod,True
C1,42,17-alpha-Estradiol,0.0,True,,,0.00018,EU AA,compliant,indeterminate,unresolved_no_lod,True
C1,42,17-alpha-Ethinylestradiol,0.0,True,,,1.7e-05,EU AA,compliant,indeterminate,unresolved_no_lod,True
C1,42,17-beta-Estradiol,0.0,True,,,0.00018,EU AA,compliant,indeterminate,unresolved_no_lod,True
C1,42,Acetamiprid,0.07800632823935631,False,0.025237601919248082,0.08412533973082695,0.16,EU MAC,compliant,compliant,,False
C1,42,Aclonifen,0.18102671617536856,False,,,0.12,EU MAC,exceeding,exceeding,,False
C1,42,Anthracene,0.0,True,,,0.1,EU MAC,compliant,indeterminate,unresolved_no_lod,True
C1,42,Azithromycin,0.4176321038651641,False,,,0.18,EU MAC,exceeding,exceeding,,False
C1,42,Bifenox,0.0,True,,,0.04,EU MAC,compliant,indeterminate,unresolved_no_lod,True
C1,42,Bisphenol-A,0.0,True,,,130.0,EU MAC,compliant,indeterminate,unresolved_no_lod,True
C1,42,Chlorpyrifos,0.0,True,,,0.0026,EU MAC,compliant,indeterminate,unresolved_no_lod,True
C1,42,Clarithromycin,0.791310494835551,False,,,0.13,EU MAC,exceeding,exceeding,,False
C1,42,Clothianidin,0.0,True,0.13583585498351416,0.45278618327838055,0.34,EU MAC,compliant,indeterminate,method_insufficient,True
C1,42,Cybutryne,0.0,True,,,0.016,EU MAC,compliant,indeterminate,unresolved_no_lod,True
C1,42,Cypermethrin,0.0,True,,,0.0006000000000000001,EU MAC,compliant,indeterminate,unresolved_no_lod,True
C1,42,Di(2- ethylhexyl)phthalate (DEHP),0.0,True,,,2.0,EU MAC,compliant,indeterminate,unresolved_no_lod,True
C1,42,Dichlorvos,0.0,True,,,0.0007,EU MAC,compliant,indeterminate,unresolved_no_lod,True
C1,42,Diuron,1.6594057416472878,False,,,0.27,EU MAC,exceeding,exceeding,,False
C1,42,Erythromycin,0.0,True,,,1.0,EU MAC,compliant,indeterminate,unresolved_no_lod,True
C1,42,Fluoranthene,2.197175352244835,False,,,0.12,EU MAC,exceeding,exceeding,,False
C1,42,Hexachlorobenzene,0.0,True,,,8.0,EU MAC,compliant,indeterminate,unresolved_no_lod,True
C1,42,Imidacloprid,0.0,True,0.6194075722193858,2.0646919073979526,0.057,EU MAC,compliant,indeterminate,method_insufficient,True
C1,42,Isoproturon,0.0,True,,,1.0,EU MAC,compliant,indeterminate,unresolved_no_lod,True
C1,42,Pentachlorobenzene,0.0,True,,,0.007,EU AA,compliant,indeterminate,unresolved_no_lod,True
C1,42,Quinoxyfen,0.0,True,,,2.7,EU MAC,compliant,indeterminate,unresolved_no_lod,True
C1,42,Terbutryn,0.02761288381016329,False,,,0.34,EU MAC,compliant,compliant,,False
C1,42,Thiacloprid,0.0,True,0.08682554171532375,0.28941847238441254,0.05,EU MAC,compliant,indeterminate,method_insufficient,True
C1,42,Triclosan,0.0,True,,,0.02,EU MAC,compliant,indeterminate,unresolved_no_lod,True
C1,42,Trifluralin,0.0,True,,,0.03,EU AA,compliant,indeterminate,unresolved_no_lod,True
C1,43,17-alpha-Estradiol,0.0,True,,,0.00018,EU AA,compliant,indeterminate,unresolved_no_lod,True
C1,43,17-alpha-Ethinylestradiol,0.0,True,,,1.7e-05,EU AA,compliant,indeterminate,unresolved_no_lod,True
C1,43,17-beta-Estradiol,0.0,True,,,0.00018,EU AA,compliant,indeterminate,unresolved_no_lod,True
C1,43,Acetamiprid,0.0,True,0.025237601919248082,0.08412533973082695,0.16,EU MAC,compliant,compliant,,False
C1,43,Aclonifen,0.0,True,,,0.12,EU MAC,compliant,indeterminate,unresolved_no_lod,True
C1,43,Anthracene,0.0,True,,,0.1,EU MAC,compliant,indeterminate,unresolved_no_lod,True
C1,43,Azithromycin,0.2543316598089917,False,,,0.18,EU MAC,exceeding,exceeding,,False
C1,43,Bifenox,0.0,True,,,0.04,EU MAC,compliant,indeterminate,unresolved_no_lod,True
C1,43,Bisphenol-A,0.0,True,,,130.0,EU MAC,compliant,indeterminate,unresolved_no_lod,True
C1,43,Chlorpyrifos,0.0,True,,,0.0026,EU MAC,compliant,indeterminate,unresolved_no_lod,True
C1,43,Clarithromycin,0.0322610965627234,False,,,0.13,EU MAC,compliant,compliant,,False
C1,43,Clothianidin,0.0,True,0.13583585498351416,0.45278618327838055,0.34,EU MAC,compliant,indeterminate,method_insufficient,True
C1,43,Cybutryne,0.0,True,,,0.016,EU MAC,compliant,indeterminate,unresolved_no_lod,True
C1,43,Cypermethrin,0.0,True,,,0.0006000000000000001,EU MAC,compliant,indeterminate,unresolved_no_lod,True
C1,43,Di(2- ethylhexyl)phthalate (DEHP),11.01561630217129,False,,,2.0,EU MAC,exceeding,exceeding,,False
C1,43,Dichlorvos,0.0,True,,,0.0007,EU MAC,compliant,indeterminate,unresolved_no_lod,True
C1,43,Diuron,0.0712573143537381,False,,,0.27,EU MAC,compliant,compliant,,False
C1,43,Erythromycin,0.0,True,,,1.0,EU MAC,compliant,indeterminate,unresolved_no_lod,True
C1,43,Fluoranthene,0.0,True,,,0.12,EU MAC,compliant,indeterminate,unresolved_no_lod,True
C1,43,Hexachlorobenzene,0.0,True,,,8.0,EU MAC,compliant,indeterminate,unresolved_no_lod,True
C1,43,Imidacloprid,0.0,True,0.6194075722193858,2.0646919073979526,0.057,EU MAC,compliant,indeterminate,method_insufficient,True
C1,43,Isoproturon,0.0,True,,,1.0,EU MAC,compliant,indeterminate,unresolved_no_lod,True
C1,43,Pentachlorobenzene,0.0,True,,,0.007,EU AA,compliant,indeterminate,unresolved_no_lod,True
C1,43,Quinoxyfen,0.0,True,,,2.7,EU MAC,compliant,indeterminate,unresolved_no_lod,True
C1,43,Terbutryn,0.0,True,,,0.34,EU MAC,compliant,indeterminate,unresolved_no_lod,True
C1,43,Thiacloprid,0.0,True,0.08682554171532375,0.28941847238441254,0.05,EU MAC,compliant,indeterminate,method_insufficient,True
C1,43,Triclosan,0.0,True,,,0.02,EU MAC,compliant,indeterminate,unresolved_no_lod,True
C1,43,Trifluralin,0.0,True,,,0.03,EU AA,compliant,indeterminate,unresolved_no_lod,True
C1,44,17-alpha-Estradiol,0.0,True,,,0.00018,EU AA,compliant,indeterminate,unresolved_no_lod,True
C1,44,17-alpha-Ethinylestradiol,0.0,True,,,1.7e-05,EU AA,compliant,indeterminate,unresolved_no_lod,True
C1,44,17-beta-Estradiol,0.0,True,,,0.00018,EU AA,compliant,indeterminate,unresolved_no_lod,True
C1,44,Acetamiprid,0.0,True,0.025237601919248082,0.08412533973082695,0.16,EU MAC,compliant,compliant,,False
C1,44,Aclonifen,0.0,True,,,0.12,EU MAC,compliant,indeterminate,unresolved_no_lod,True
C1,44,Anthracene,0.0,True,,,0.1,EU MAC,compliant,indeterminate,unresolved_no_lod,True
C1,44,Azithromycin,0.0,True,,,0.18,EU MAC,compliant,indeterminate,unresolved_no_lod,True
C1,44,Bifenox,0.0,True,,,0.04,EU MAC,compliant,indeterminate,unresolved_no_lod,True
C1,44,Bisphenol-A,0.0,True,,,130.0,EU MAC,compliant,indeterminate,unresolved_no_lod,True
C1,44,Chlorpyrifos,0.0,True,,,0.0026,EU MAC,compliant,indeterminate,unresolved_no_lod,True
C1,44,Clarithromycin,0.0,True,,,0.13,EU MAC,compliant,indeterminate,unresolved_no_lod,True
C1,44,Clothianidin,0.0,True,0.13583585498351416,0.45278618327838055,0.34,EU MAC,compliant,indeterminate,method_insufficient,True
C1,44,Cybutryne,0.0,True,,,0.016,EU MAC,compliant,indeterminate,unresolved_no_lod,True
C1,44,Cypermethrin,0.0,True,,,0.0006000000000000001,EU MAC,compliant,indeterminate,unresolved_no_lod,True
C1,44,Di(2- ethylhexyl)phthalate (DEHP),9.168687086947013,False,,,2.0,EU MAC,exceeding,exceeding,,False
C1,44,Dichlorvos,0.0,True,,,0.0007,EU MAC,compliant,indeterminate,unresolved_no_lod,True
C1,44,Diuron,0.18383196466574114,False,,,0.27,EU MAC,compliant,compliant,,False
C1,44,Erythromycin,0.0,True,,,1.0,EU MAC,compliant,indeterminate,unresolved_no_lod,True
C1,44,Fluoranthene,0.0,True,,,0.12,EU MAC,compliant,indeterminate,unresolved_no_lod,True
C1,44,Hexachlorobenzene,0.0,True,,,8.0,EU MAC,compliant,indeterminate,unresolved_no_lod,True
C1,44,Imidacloprid,0.0,True,0.6194075722193858,2.0646919073979526,0.057,EU MAC,compliant,indeterminate,method_insufficient,True
C1,44,Isoproturon,0.0,True,,,1.0,EU MAC,compliant,indeterminate,unresolved_no_lod,True
C1,44,Pentachlorobenzene,0.0,True,,,0.007,EU AA,compliant,indeterminate,unresolved_no_lod,True
C1,44,Quinoxyfen,0.0,True,,,2.7,EU MAC,compliant,indeterminate,unresolved_no_lod,True
C1,44,Terbutryn,0.008705272400995312,False,,,0.34,EU MAC,compliant,compliant,,False
C1,44,Thiacloprid,0.0,True,0.08682554171532375,0.28941847238441254,0.05,EU MAC,compliant,indeterminate,method_insufficient,True
C1,44,Triclosan,0.0,True,,,0.02,EU MAC,compliant,indeterminate,unresolved_no_lod,True
C1,44,Trifluralin,2.162673635085472,False,,,0.03,EU AA,exceeding,exceeding,,False
C1,45,17-alpha-Estradiol,0.0,True,,,0.00018,EU AA,compliant,indeterminate,unresolved_no_lod,True
C1,45,17-alpha-Ethinylestradiol,0.0,True,,,1.7e-05,EU AA,compliant,indeterminate,unresolved_no_lod,True
C1,45,17-beta-Estradiol,0.0,True,,,0.00018,EU AA,compliant,indeterminate,unresolved_no_lod,True
C1,45,Acetamiprid,0.0,True,0.025237601919248082,0.08412533973082695,0.16,EU MAC,compliant,compliant,,False
C1,45,Aclonifen,0.0,True,,,0.12,EU MAC,compliant,indeterminate,unresolved_no_lod,True
C1,45,Anthracene,0.0,True,,,0.1,EU MAC,compliant,indeterminate,unresolved_no_lod,True
C1,45,Azithromycin,0.10021075248464448,False,,,0.18,EU MAC,compliant,compliant,,False
C1,45,Bifenox,0.0,True,,,0.04,EU MAC,compliant,indeterminate,unresolved_no_lod,True
C1,45,Bisphenol-A,0.0,True,,,130.0,EU MAC,compliant,indeterminate,unresolved_no_lod,True
C1,45,Chlorpyrifos,0.0,True,,,0.0026,EU MAC,compliant,indeterminate,unresolved_no_lod,True
C1,45,Clarithromycin,0.0,True,,,0.13,EU MAC,compliant,indeterminate,unresolved_no_lod,True
C1,45,Clothianidin,0.0,True,0.13583585498351416,0.45278618327838055,0.34,EU MAC,compliant,indeterminate,method_insufficient,True
C1,45,Cybutryne,0.0,True,,,0.016,EU MAC,compliant,indeterminate,unresolved_no_lod,True
C1,45,Cypermethrin,0.0,True,,,0.0006000000000000001,EU MAC,compliant,indeterminate,unresolved_no_lod,True
C1,45,Di(2- ethylhexyl)phthalate (DEHP),0.0,True,,,2.0,EU MAC,compliant,indeterminate,unresolved_no_lod,True
C1,45,Dichlorvos,0.0,True,,,0.0007,EU MAC,compliant,indeterminate,unresolved_no_lod,True
C1,45,Diuron,0.0,True,,,0.27,EU MAC,compliant,indeterminate,unresolved_no_lod,True
C1,45,Erythromycin,0.0,True,,,1.0,EU MAC,compliant,indeterminate,unresolved_no_lod,True
C1,45,Fluoranthene,0.0,True,,,0.12,EU MAC,compliant,indeterminate,unresolved_no_lod,True
C1,45,Hexachlorobenzene,0.0,True,,,8.0,EU MAC,compliant,indeterminate,unresolved_no_lod,True
C1,45,Imidacloprid,0.0,True,0.6194075722193858,2.0646919073979526,0.057,EU MAC,compliant,indeterminate,method_insufficient,True
C1,45,Isoproturon,0.0,True,,,1.0,EU MAC,compliant,indeterminate,unresolved_no_lod,True
C1,45,Pentachlorobenzene,0.0,True,,,0.007,EU AA,compliant,indeterminate,unresolved_no_lod,True
C1,45,Quinoxyfen,0.0,True,,,2.7,EU MAC,compliant,indeterminate,unresolved_no_lod,True
C1,45,Terbutryn,0.0,True,,,0.34,EU MAC,compliant,indeterminate,unresolved_no_lod,True
C1,45,Thiacloprid,0.0,True,0.08682554171532375,0.28941847238441254,0.05,EU MAC,compliant,indeterminate,method_insufficient,True
C1,45,Triclosan,0.0,True,,,0.02,EU MAC,compliant,indeterminate,unresolved_no_lod,True
C1,45,Trifluralin,0.0,True,,,0.03,EU AA,compliant,indeterminate,unresolved_no_lod,True
C1,46,17-alpha-Estradiol,0.0,True,,,0.00018,EU AA,compliant,indeterminate,unresolved_no_lod,True
C1,46,17-alpha-Ethinylestradiol,0.0,True,,,1.7e-05,EU AA,compliant,indeterminate,unresolved_no_lod,True
C1,46,17-beta-Estradiol,0.0,True,,,0.00018,EU AA,compliant,indeterminate,unresolved_no_lod,True
C1,46,Acetamiprid,0.07960015381281715,False,0.025237601919248082,0.08412533973082695,0.16,EU MAC,compliant,compliant,,False
C1,46,Aclonifen,0.0,True,,,0.12,EU MAC,compliant,indeterminate,unresolved_no_lod,True
C1,46,Anthracene,0.0,True,,,0.1,EU MAC,compliant,indeterminate,unresolved_no_lod,True
C1,46,Azithromycin,0.19873865319444436,False,,,0.18,EU MAC,exceeding,exceeding,,False
C1,46,Bifenox,0.0,True,,,0.04,EU MAC,compliant,indeterminate,unresolved_no_lod,True
C1,46,Bisphenol-A,15.032779129494461,False,,,130.0,EU MAC,compliant,compliant,,False
C1,46,Chlorpyrifos,0.0,True,,,0.0026,EU MAC,compliant,indeterminate,unresolved_no_lod,True
C1,46,Clarithromycin,0.20521329169363586,False,,,0.13,EU MAC,exceeding,exceeding,,False
C1,46,Clothianidin,0.0,True,0.13583585498351416,0.45278618327838055,0.34,EU MAC,compliant,indeterminate,method_insufficient,True
C1,46,Cybutryne,0.0,True,,,0.016,EU MAC,compliant,indeterminate,unresolved_no_lod,True
C1,46,Cypermethrin,0.0,True,,,0.0006000000000000001,EU MAC,compliant,indeterminate,unresolved_no_lod,True
C1,46,Di(2- ethylhexyl)phthalate (DEHP),38.24733729826508,False,,,2.0,EU MAC,exceeding,exceeding,,False
C1,46,Dichlorvos,0.0,True,,,0.0007,EU MAC,compliant,indeterminate,unresolved_no_lod,True
C1,46,Diuron,0.8740881926066836,False,,,0.27,EU MAC,exceeding,exceeding,,False
C1,46,Erythromycin,0.0,True,,,1.0,EU MAC,compliant,indeterminate,unresolved_no_lod,True
C1,46,Fluoranthene,0.0,True,,,0.12,EU MAC,compliant,indeterminate,unresolved_no_lod,True
C1,46,Hexachlorobenzene,0.0,True,,,8.0,EU MAC,compliant,indeterminate,unresolved_no_lod,True
C1,46,Imidacloprid,0.0,True,0.6194075722193858,2.0646919073979526,0.057,EU MAC,compliant,indeterminate,method_insufficient,True
C1,46,Isoproturon,0.0,True,,,1.0,EU MAC,compliant,indeterminate,unresolved_no_lod,True
C1,46,Pentachlorobenzene,0.0,True,,,0.007,EU AA,compliant,indeterminate,unresolved_no_lod,True
C1,46,Quinoxyfen,0.0,True,,,2.7,EU MAC,compliant,indeterminate,unresolved_no_lod,True
C1,46,Terbutryn,0.01770667376130688,False,,,0.34,EU MAC,compliant,compliant,,False
C1,46,Thiacloprid,0.0,True,0.08682554171532375,0.28941847238441254,0.05,EU MAC,compliant,indeterminate,method_insufficient,True
C1,46,Triclosan,0.0,True,,,0.02,EU MAC,compliant,indeterminate,unresolved_no_lod,True
C1,46,Trifluralin,0.0,True,,,0.03,EU AA,compliant,indeterminate,unresolved_no_lod,True
C1,47,17-alpha-Estradiol,0.0,True,,,0.00018,EU AA,compliant,indeterminate,unresolved_no_lod,True
C1,47,17-alpha-Ethinylestradiol,0.0,True,,,1.7e-05,EU AA,compliant,indeterminate,unresolved_no_lod,True
C1,47,17-beta-Estradiol,0.0,True,,,0.00018,EU AA,compliant,indeterminate,unresolved_no_lod,True
C1,47,Acetamiprid,0.0,True,0.025237601919248082,0.08412533973082695,0.16,EU MAC,compliant,compliant,,False
C1,47,Aclonifen,0.16168703812602506,False,,,0.12,EU MAC,exceeding,exceeding,,False
C1,47,Anthracene,0.0,True,,,0.1,EU MAC,compliant,indeterminate,unresolved_no_lod,True
C1,47,Azithromycin,0.6144669804170664,False,,,0.18,EU MAC,exceeding,exceeding,,False
C1,47,Bifenox,0.0,True,,,0.04,EU MAC,compliant,indeterminate,unresolved_no_lod,True
C1,47,Bisphenol-A,0.0,True,,,130.0,EU MAC,compliant,indeterminate,unresolved_no_lod,True
C1,47,Chlorpyrifos,0.0,True,,,0.0026,EU MAC,compliant,indeterminate,unresolved_no_lod,True
C1,47,Clarithromycin,0.855954708872559,False,,,0.13,EU MAC,exceeding,exceeding,,False
C1,47,Clothianidin,0.0,True,0.13583585498351416,0.45278618327838055,0.34,EU MAC,compliant,indeterminate,method_insufficient,True
C1,47,Cybutryne,0.0,True,,,0.016,EU MAC,compliant,indeterminate,unresolved_no_lod,True
C1,47,Cypermethrin,0.0,True,,,0.0006000000000000001,EU MAC,compliant,indeterminate,unresolved_no_lod,True
C1,47,Di(2- ethylhexyl)phthalate (DEHP),69.92268672385586,False,,,2.0,EU MAC,exceeding,exceeding,,False
C1,47,Dichlorvos,0.0,True,,,0.0007,EU MAC,compliant,indeterminate,unresolved_no_lod,True
C1,47,Diuron,0.0,True,,,0.27,EU MAC,compliant,indeterminate,unresolved_no_lod,True
C1,47,Erythromycin,0.0,True,,,1.0,EU MAC,compliant,indeterminate,unresolved_no_lod,True
C1,47,Fluoranthene,0.0,True,,,0.12,EU MAC,compliant,indeterminate,unresolved_no_lod,True
C1,47,Hexachlorobenzene,0.0,True,,,8.0,EU MAC,compliant,indeterminate,unresolved_no_lod,True
C1,47,Imidacloprid,0.0,True,0.6194075722193858,2.0646919073979526,0.057,EU MAC,compliant,indeterminate,method_insufficient,True
C1,47,Isoproturon,0.0,True,,,1.0,EU MAC,compliant,indeterminate,unresolved_no_lod,True
C1,47,Pentachlorobenzene,0.0,True,,,0.007,EU AA,compliant,indeterminate,unresolved_no_lod,True
C1,47,Quinoxyfen,0.0,True,,,2.7,EU MAC,compliant,indeterminate,unresolved_no_lod,True
C1,47,Terbutryn,0.01485956127690609,False,,,0.34,EU MAC,compliant,compliant,,False
C1,47,Thiacloprid,0.0,True,0.08682554171532375,0.28941847238441254,0.05,EU MAC,compliant,indeterminate,method_insufficient,True
C1,47,Triclosan,0.0,True,,,0.02,EU MAC,compliant,indeterminate,unresolved_no_lod,True
C1,47,Trifluralin,0.0,True,,,0.03,EU AA,compliant,indeterminate,unresolved_no_lod,True
C1,48,17-alpha-Estradiol,0.0,True,,,0.00018,EU AA,compliant,indeterminate,unresolved_no_lod,True
C1,48,17-alpha-Ethinylestradiol,0.0,True,,,1.7e-05,EU AA,compliant,indeterminate,unresolved_no_lod,True
C1,48,17-beta-Estradiol,0.0,True,,,0.00018,EU AA,compliant,indeterminate,unresolved_no_lod,True
C1,48,Acetamiprid,0.18175316152256102,False,0.025237601919248082,0.08412533973082695,0.16,EU MAC,exceeding,exceeding,,False
C1,48,Aclonifen,0.0,True,,,0.12,EU MAC,compliant,indeterminate,unresolved_no_lod,True
C1,48,Anthracene,0.0,True,,,0.1,EU MAC,compliant,indeterminate,unresolved_no_lod,True
C1,48,Azithromycin,0.2984864791966994,False,,,0.18,EU MAC,exceeding,exceeding,,False
C1,48,Bifenox,0.0,True,,,0.04,EU MAC,compliant,indeterminate,unresolved_no_lod,True
C1,48,Bisphenol-A,0.0,True,,,130.0,EU MAC,compliant,indeterminate,unresolved_no_lod,True
C1,48,Chlorpyrifos,0.620389902646015,False,,,0.0026,EU MAC,exceeding,exceeding,,False
C1,48,Clarithromycin,0.6876269897966281,False,,,0.13,EU MAC,exceeding,exceeding,,False
C1,48,Clothianidin,0.0,True,0.13583585498351416,0.45278618327838055,0.34,EU MAC,compliant,indeterminate,method_insufficient,True
C1,48,Cybutryne,0.0,True,,,0.016,EU MAC,compliant,indeterminate,unresolved_no_lod,True
C1,48,Cypermethrin,0.0,True,,,0.0006000000000000001,EU MAC,compliant,indeterminate,unresolved_no_lod,True
C1,48,Di(2- ethylhexyl)phthalate (DEHP),0.0,True,,,2.0,EU MAC,compliant,indeterminate,unresolved_no_lod,True
C1,48,Dichlorvos,0.0,True,,,0.0007,EU MAC,compliant,indeterminate,unresolved_no_lod,True
C1,48,Diuron,1.8542038089596058,False,,,0.27,EU MAC,exceeding,exceeding,,False
C1,48,Erythromycin,0.0,True,,,1.0,EU MAC,compliant,indeterminate,unresolved_no_lod,True
C1,48,Fluoranthene,0.0,True,,,0.12,EU MAC,compliant,indeterminate,unresolved_no_lod,True
C1,48,Hexachlorobenzene,0.0,True,,,8.0,EU MAC,compliant,indeterminate,unresolved_no_lod,True
C1,48,Imidacloprid,0.0,True,0.6194075722193858,2.0646919073979526,0.057,EU MAC,compliant,indeterminate,method_insufficient,True
C1,48,Isoproturon,0.0,True,,,1.0,EU MAC,compliant,indeterminate,unresolved_no_lod,True
C1,48,Pentachlorobenzene,0.0,True,,,0.007,EU AA,compliant,indeterminate,unresolved_no_lod,True
C1,48,Quinoxyfen,0.0,True,,,2.7,EU MAC,compliant,indeterminate,unresolved_no_lod,True
C1,48,Terbutryn,0.02925094142802874,False,,,0.34,EU MAC,compliant,compliant,,False
C1,48,Thiacloprid,0.0,True,0.08682554171532375,0.28941847238441254,0.05,EU MAC,compliant,indeterminate,method_insufficient,True
C1,48,Triclosan,0.0,True,,,0.02,EU MAC,compliant,indeterminate,unresolved_no_lod,True
C1,48,Trifluralin,0.0,True,,,0.03,EU AA,compliant,indeterminate,unresolved_no_lod,True
C1,49,17-alpha-Estradiol,0.0,True,,,0.00018,EU AA,compliant,indeterminate,unresolved_no_lod,True
C1,49,17-alpha-Ethinylestradiol,0.0,True,,,1.7e-05,EU AA,compliant,indeterminate,unresolved_no_lod,True
C1,49,17-beta-Estradiol,0.0,True,,,0.00018,EU AA,compliant,indeterminate,unresolved_no_lod,True
C1,49,Acetamiprid,0.10990613116327447,False,0.025237601919248082,0.08412533973082695,0.16,EU MAC,compliant,compliant,,False
C1,49,Aclonifen,0.0,True,,,0.12,EU MAC,compliant,indeterminate,unresolved_no_lod,True
C1,49,Anthracene,0.0,True,,,0.1,EU MAC,compliant,indeterminate,unresolved_no_lod,True
C1,49,Azithromycin,0.14936622296824595,False,,,0.18,EU MAC,compliant,compliant,,False
C1,49,Bifenox,0.0,True,,,0.04,EU MAC,compliant,indeterminate,unresolved_no_lod,True
C1,49,Bisphenol-A,0.0,True,,,130.0,EU MAC,compliant,indeterminate,unresolved_no_lod,True
C1,49,Chlorpyrifos,0.0,True,,,0.0026,EU MAC,compliant,indeterminate,unresolved_no_lod,True
C1,49,Clarithromycin,0.0,True,,,0.13,EU MAC,compliant,indeterminate,unresolved_no_lod,True
C1,49,Clothianidin,0.0,True,0.13583585498351416,0.45278618327838055,0.34,EU MAC,compliant,indeterminate,method_insufficient,True
C1,49,Cybutryne,0.0,True,,,0.016,EU MAC,compliant,indeterminate,unresolved_no_lod,True
C1,49,Cypermethrin,0.0,True,,,0.0006000000000000001,EU MAC,compliant,indeterminate,unresolved_no_lod,True
C1,49,Di(2- ethylhexyl)phthalate (DEHP),0.0,True,,,2.0,EU MAC,compliant,indeterminate,unresolved_no_lod,True
C1,49,Dichlorvos,0.0,True,,,0.0007,EU MAC,compliant,indeterminate,unresolved_no_lod,True
C1,49,Diuron,1.0180202438330799,False,,,0.27,EU MAC,exceeding,exceeding,,False
C1,49,Erythromycin,0.0,True,,,1.0,EU MAC,compliant,indeterminate,unresolved_no_lod,True
C1,49,Fluoranthene,0.0,True,,,0.12,EU MAC,compliant,indeterminate,unresolved_no_lod,True
C1,49,Hexachlorobenzene,0.0,True,,,8.0,EU MAC,compliant,indeterminate,unresolved_no_lod,True
C1,49,Imidacloprid,0.0,True,0.6194075722193858,2.0646919073979526,0.057,EU MAC,compliant,indeterminate,method_insufficient,True
C1,49,Isoproturon,0.0,True,,,1.0,EU MAC,compliant,indeterminate,unresolved_no_lod,True
C1,49,Pentachlorobenzene,0.0,True,,,0.007,EU AA,compliant,indeterminate,unresolved_no_lod,True
C1,49,Quinoxyfen,0.0,True,,,2.7,EU MAC,compliant,indeterminate,unresolved_no_lod,True
C1,49,Terbutryn,0.0,True,,,0.34,EU MAC,compliant,indeterminate,unresolved_no_lod,True
C1,49,Thiacloprid,0.0,True,0.08682554171532375,0.28941847238441254,0.05,EU MAC,compliant,indeterminate,method_insufficient,True
C1,49,Triclosan,0.0,True,,,0.02,EU MAC,compliant,indeterminate,unresolved_no_lod,True
C1,49,Trifluralin,0.0,True,,,0.03,EU AA,compliant,indeterminate,unresolved_no_lod,True
C1,50,17-alpha-Estradiol,0.0,True,,,0.00018,EU AA,compliant,indeterminate,unresolved_no_lod,True
C1,50,17-alpha-Ethinylestradiol,0.0,True,,,1.7e-05,EU AA,compliant,indeterminate,unresolved_no_lod,True
C1,50,17-beta-Estradiol,0.0,True,,,0.00018,EU AA,compliant,indeterminate,unresolved_no_lod,True
C1,50,Acetamiprid,0.0,True,0.025237601919248082,0.08412533973082695,0.16,EU MAC,compliant,compliant,,False
C1,50,Aclonifen,0.0,True,,,0.12,EU MAC,compliant,indeterminate,unresolved_no_lod,True
C1,50,Anthracene,0.0,True,,,0.1,EU MAC,compliant,indeterminate,unresolved_no_lod,True
C1,50,Azithromycin,0.22397413425093987,False,,,0.18,EU MAC,exceeding,exceeding,,False
C1,50,Bifenox,0.0,True,,,0.04,EU MAC,compliant,indeterminate,unresolved_no_lod,True
C1,50,Bisphenol-A,0.0,True,,,130.0,EU MAC,compliant,indeterminate,unresolved_no_lod,True
C1,50,Chlorpyrifos,0.0,True,,,0.0026,EU MAC,compliant,indeterminate,unresolved_no_lod,True
C1,50,Clarithromycin,0.0,True,,,0.13,EU MAC,compliant,indeterminate,unresolved_no_lod,True
C1,50,Clothianidin,0.0,True,0.13583585498351416,0.45278618327838055,0.34,EU MAC,compliant,indeterminate,method_insufficient,True
C1,50,Cybutryne,0.0,True,,,0.016,EU MAC,compliant,indeterminate,unresolved_no_lod,True
C1,50,Cypermethrin,0.0,True,,,0.0006000000000000001,EU MAC,compliant,indeterminate,unresolved_no_lod,True
C1,50,Di(2- ethylhexyl)phthalate (DEHP),0.0,True,,,2.0,EU MAC,compliant,indeterminate,unresolved_no_lod,True
C1,50,Dichlorvos,0.0,True,,,0.0007,EU MAC,compliant,indeterminate,unresolved_no_lod,True
C1,50,Diuron,1.0952025438218287,False,,,0.27,EU MAC,exceeding,exceeding,,False
C1,50,Erythromycin,0.0,True,,,1.0,EU MAC,compliant,indeterminate,unresolved_no_lod,True
C1,50,Fluoranthene,1.8262652092240996,False,,,0.12,EU MAC,exceeding,exceeding,,False
C1,50,Hexachlorobenzene,0.0,True,,,8.0,EU MAC,compliant,indeterminate,unresolved_no_lod,True
C1,50,Imidacloprid,0.0,True,0.6194075722193858,2.0646919073979526,0.057,EU MAC,compliant,indeterminate,method_insufficient,True
C1,50,Isoproturon,0.0,True,,,1.0,EU MAC,compliant,indeterminate,unresolved_no_lod,True
C1,50,Pentachlorobenzene,0.0,True,,,0.007,EU AA,compliant,indeterminate,unresolved_no_lod,True
C1,50,Quinoxyfen,0.0,True,,,2.7,EU MAC,compliant,indeterminate,unresolved_no_lod,True
C1,50,Terbutryn,0.0,True,,,0.34,EU MAC,compliant,indeterminate,unresolved_no_lod,True
C1,50,Thiacloprid,0.0,True,0.08682554171532375,0.28941847238441254,0.05,EU MAC,compliant,indeterminate,method_insufficient,True
C1,50,Triclosan,0.0,True,,,0.02,EU MAC,compliant,indeterminate,unresolved_no_lod,True
C1,50,Trifluralin,0.0,True,,,0.03,EU AA,compliant,indeterminate,unresolved_no_lod,True
C1,51,17-alpha-Estradiol,0.0,True,,,0.00018,EU AA,compliant,indeterminate,unresolved_no_lod,True
C1,51,17-alpha-Ethinylestradiol,0.0,True,,,1.7e-05,EU AA,compliant,indeterminate,unresolved_no_lod,True
C1,51,17-beta-Estradiol,0.0,True,,,0.00018,EU AA,compliant,indeterminate,unresolved_no_lod,True
C1,51,Acetamiprid,0.0,True,0.025237601919248082,0.08412533973082695,0.16,EU MAC,compliant,compliant,,False
C1,51,Aclonifen,0.7450129859139162,False,,,0.12,EU MAC,exceeding,exceeding,,False
C1,51,Anthracene,0.0,True,,,0.1,EU MAC,compliant,indeterminate,unresolved_no_lod,True
C1,51,Azithromycin,1.0331510213554091,False,,,0.18,EU MAC,exceeding,exceeding,,False
C1,51,Bifenox,0.0,True,,,0.04,EU MAC,compliant,indeterminate,unresolved_no_lod,True
C1,51,Bisphenol-A,12.123377396689294,False,,,130.0,EU MAC,compliant,compliant,,False
C1,51,Chlorpyrifos,0.0,True,,,0.0026,EU MAC,compliant,indeterminate,unresolved_no_lod,True
C1,51,Clarithromycin,0.15650121160245029,False,,,0.13,EU MAC,exceeding,exceeding,,False
C1,51,Clothianidin,0.0,True,0.13583585498351416,0.45278618327838055,0.34,EU MAC,compliant,indeterminate,method_insufficient,True
C1,51,Cybutryne,0.0,True,,,0.016,EU MAC,compliant,indeterminate,unresolved_no_lod,True
C1,51,Cypermethrin,0.0,True,,,0.0006000000000000001,EU MAC,compliant,indeterminate,unresolved_no_lod,True
C1,51,Di(2- ethylhexyl)phthalate (DEHP),0.0,True,,,2.0,EU MAC,compliant,indeterminate,unresolved_no_lod,True
C1,51,Dichlorvos,0.0,True,,,0.0007,EU MAC,compliant,indeterminate,unresolved_no_lod,True
C1,51,Diuron,0.0,True,,,0.27,EU MAC,compliant,indeterminate,unresolved_no_lod,True
C1,51,Erythromycin,0.0,True,,,1.0,EU MAC,compliant,indeterminate,unresolved_no_lod,True
C1,51,Fluoranthene,0.0,True,,,0.12,EU MAC,compliant,indeterminate,unresolved_no_lod,True
C1,51,Hexachlorobenzene,0.0,True,,,8.0,EU MAC,compliant,indeterminate,unresolved_no_lod,True
C1,51,Imidacloprid,0.0,True,0.6194075722193858,2.0646919073979526,0.057,EU MAC,compliant,indeterminate,method_insufficient,True
C1,51,Isoproturon,0.0,True,,,1.0,EU MAC,compliant,indeterminate,unresolved_no_lod,True
C1,51,Pentachlorobenzene,0.0,True,,,0.007,EU AA,compliant,indeterminate,unresolved_no_lod,True
C1,51,Quinoxyfen,0.0,True,,,2.7,EU MAC,compliant,indeterminate,unresolved_no_lod,True
C1,51,Terbutryn,0.0,True,,,0.34,EU MAC,compliant,indeterminate,unresolved_no_lod,True
C1,51,Thiacloprid,0.0,True,0.08682554171532375,0.28941847238441254,0.05,EU MAC,compliant,indeterminate,method_insufficient,True
C1,51,Triclosan,0.0,True,,,0.02,EU MAC,compliant,indeterminate,unresolved_no_lod,True
C1,51,Trifluralin,0.0,True,,,0.03,EU AA,compliant,indeterminate,unresolved_no_lod,True
C1,52,17-alpha-Estradiol,0.0,True,,,0.00018,EU AA,compliant,indeterminate,unresolved_no_lod,True
C1,52,17-alpha-Ethinylestradiol,0.0,True,,,1.7e-05,EU AA,compliant,indeterminate,unresolved_no_lod,True
C1,52,17-beta-Estradiol,0.0,True,,,0.00018,EU AA,compliant,indeterminate,unresolved_no_lod,True
C1,52,Acetamiprid,0.2913953047890818,False,0.025237601919248082,0.08412533973082695,0.16,EU MAC,exceeding,exceeding,,False
C1,52,Aclonifen,0.07495432396618168,False,,,0.12,EU MAC,compliant,compliant,,False
C1,52,Anthracene,0.0,True,,,0.1,EU MAC,compliant,indeterminate,unresolved_no_lod,True
C1,52,Azithromycin,0.1887066378206109,False,,,0.18,EU MAC,exceeding,exceeding,,False
C1,52,Bifenox,0.0,True,,,0.04,EU MAC,compliant,indeterminate,unresolved_no_lod,True
C1,52,Bisphenol-A,0.0,True,,,130.0,EU MAC,compliant,indeterminate,unresolved_no_lod,True
C1,52,Chlorpyrifos,0.43466369127068194,False,,,0.0026,EU MAC,exceeding,exceeding,,False
C1,52,Clarithromycin,2.0779784670955013,False,,,0.13,EU MAC,exceeding,exceeding,,False
C1,52,Clothianidin,0.0,True,0.13583585498351416,0.45278618327838055,0.34,EU MAC,compliant,indeterminate,method_insufficient,True
C1,52,Cybutryne,0.0,True,,,0.016,EU MAC,compliant,indeterminate,unresolved_no_lod,True
C1,52,Cypermethrin,0.0,True,,,0.0006000000000000001,EU MAC,compliant,indeterminate,unresolved_no_lod,True
C1,52,Di(2- ethylhexyl)phthalate (DEHP),0.0,True,,,2.0,EU MAC,compliant,indeterminate,unresolved_no_lod,True
C1,52,Dichlorvos,0.0,True,,,0.0007,EU MAC,compliant,indeterminate,unresolved_no_lod,True
C1,52,Diuron,1.4036083868980913,False,,,0.27,EU MAC,exceeding,exceeding,,False
C1,52,Erythromycin,0.3627109605370475,False,,,1.0,EU MAC,compliant,compliant,,False
C1,52,Fluoranthene,0.0,True,,,0.12,EU MAC,compliant,indeterminate,unresolved_no_lod,True
C1,52,Hexachlorobenzene,0.0,True,,,8.0,EU MAC,compliant,indeterminate,unresolved_no_lod,True
C1,52,Imidacloprid,0.0,True,0.6194075722193858,2.0646919073979526,0.057,EU MAC,compliant,indeterminate,method_insufficient,True
C1,52,Isoproturon,0.0,True,,,1.0,EU MAC,compliant,indeterminate,unresolved_no_lod,True
C1,52,Pentachlorobenzene,0.0,True,,,0.007,EU AA,compliant,indeterminate,unresolved_no_lod,True
C1,52,Quinoxyfen,0.0,True,,,2.7,EU MAC,compliant,indeterminate,unresolved_no_lod,True
C1,52,Terbutryn,0.007445585836911571,False,,,0.34,EU MAC,compliant,compliant,,False
C1,52,Thiacloprid,0.0,True,0.08682554171532375,0.28941847238441254,0.05,EU MAC,compliant,indeterminate,method_insufficient,True
C1,52,Triclosan,0.0,True,,,0.02,EU MAC,compliant,indeterminate,unresolved_no_lod,True
C1,52,Trifluralin,0.0,True,,,0.03,EU AA,compliant,indeterminate,unresolved_no_lod,True
C1,53,17-alpha-Estradiol,0.0,True,,,0.00018,EU AA,compliant,indeterminate,unresolved_no_lod,True
C1,53,17-alpha-Ethinylestradiol,0.0,True,,,1.7e-05,EU AA,compliant,indeterminate,unresolved_no_lod,True
C1,53,17-beta-Estradiol,0.0,True,,,0.00018,EU AA,compliant,indeterminate,unresolved_no_lod,True
C1,53,Acetamiprid,1.128793325474142,False,0.025237601919248082,0.08412533973082695,0.16,EU MAC,exceeding,exceeding,,False
C1,53,Aclonifen,0.0,True,,,0.12,EU MAC,compliant,indeterminate,unresolved_no_lod,True
C1,53,Anthracene,0.0,True,,,0.1,EU MAC,compliant,indeterminate,unresolved_no_lod,True
C1,53,Azithromycin,0.17390400765303443,False,,,0.18,EU MAC,compliant,compliant,,False
C1,53,Bifenox,0.0,True,,,0.04,EU MAC,compliant,indeterminate,unresolved_no_lod,True
C1,53,Bisphenol-A,0.0,True,,,130.0,EU MAC,compliant,indeterminate,unresolved_no_lod,True
C1,53,Chlorpyrifos,0.0,True,,,0.0026,EU MAC,compliant,indeterminate,unresolved_no_lod,True
C1,53,Clarithromycin,1.6967588662155866,False,,,0.13,EU MAC,exceeding,exceeding,,False
C1,53,Clothianidin,0.0,True,0.13583585498351416,0.45278618327838055,0.34,EU MAC,compliant,indeterminate,method_insufficient,True
C1,53,Cybutryne,0.0,True,,,0.016,EU MAC,compliant,indeterminate,unresolved_no_lod,True
C1,53,Cypermethrin,0.0,True,,,0.0006000000000000001,EU MAC,compliant,indeterminate,unresolved_no_lod,True
C1,53,Di(2- ethylhexyl)phthalate (DEHP),0.0,True,,,2.0,EU MAC,compliant,indeterminate,unresolved_no_lod,True
C1,53,Dichlorvos,0.0,True,,,0.0007,EU MAC,compliant,indeterminate,unresolved_no_lod,True
C1,53,Diuron,1.520402046590701,False,,,0.27,EU MAC,exceeding,exceeding,,False
C1,53,Erythromycin,0.0,True,,,1.0,EU MAC,compliant,indeterminate,unresolved_no_lod,True
C1,53,Fluoranthene,0.0,True,,,0.12,EU MAC,compliant,indeterminate,unresolved_no_lod,True
C1,53,Hexachlorobenzene,0.0,True,,,8.0,EU MAC,compliant,indeterminate,unresolved_no_lod,True
C1,53,Imidacloprid,0.0,True,0.6194075722193858,2.0646919073979526,0.057,EU MAC,compliant,indeterminate,method_insufficient,True
C1,53,Isoproturon,0.0,True,,,1.0,EU MAC,compliant,indeterminate,unresolved_no_lod,True
C1,53,Pentachlorobenzene,0.0,True,,,0.007,EU AA,compliant,indeterminate,unresolved_no_lod,True
C1,53,Quinoxyfen,0.0,True,,,2.7,EU MAC,compliant,indeterminate,unresolved_no_lod,True
C1,53,Terbutryn,0.00730252489362275,False,,,0.34,EU MAC,compliant,compliant,,False
C1,53,Thiacloprid,0.0,True,0.08682554171532375,0.28941847238441254,0.05,EU MAC,compliant,indeterminate,method_insufficient,True
C1,53,Triclosan,0.0,True,,,0.02,EU MAC,compliant,indeterminate,unresolved_no_lod,True
C1,53,Trifluralin,0.0,True,,,0.03,EU AA,compliant,indeterminate,unresolved_no_lod,True
C1,54,17-alpha-Estradiol,0.0,True,,,0.00018,EU AA,compliant,indeterminate,unresolved_no_lod,True
C1,54,17-alpha-Ethinylestradiol,0.0,True,,,1.7e-05,EU AA,compliant,indeterminate,unresolved_no_lod,True
C1,54,17-beta-Estradiol,0.0,True,,,0.00018,EU AA,compliant,indeterminate,unresolved_no_lod,True
C1,54,Acetamiprid,0.2853827855113813,False,0.025237601919248082,0.08412533973082695,0.16,EU MAC,exceeding,exceeding,,False
C1,54,Aclonifen,0.0,True,,,0.12,EU MAC,compliant,indeterminate,unresolved_no_lod,True
C1,54,Anthracene,0.0,True,,,0.1,EU MAC,compliant,indeterminate,unresolved_no_lod,True
C1,54,Azithromycin,0.1097679112939281,False,,,0.18,EU MAC,compliant,compliant,,False
C1,54,Bifenox,0.0,True,,,0.04,EU MAC,compliant,indeterminate,unresolved_no_lod,True
C1,54,Bisphenol-A,27.734016016804517,False,,,130.0,EU MAC,compliant,compliant,,False
C1,54,Chlorpyrifos,0.0,True,,,0.0026,EU MAC,compliant,indeterminate,unresolved_no_lod,True
C1,54,Clarithromycin,0.3667746804657726,False,,,0.13,EU MAC,exceeding,exceeding,,False
C1,54,Clothianidin,0.0,True,0.13583585498351416,0.45278618327838055,0.34,EU MAC,compliant,indeterminate,method_insufficient,True
C1,54,Cybutryne,0.0,True,,,0.016,EU MAC,compliant,indeterminate,unresolved_no_lod,True
C1,54,Cypermethrin,0.0,True,,,0.0006000000000000001,EU MAC,compliant,indeterminate,unresolved_no_lod,True
C1,54,Di(2- ethylhexyl)phthalate (DEHP),0.0,True,,,2.0,EU MAC,compliant,indeterminate,unresolved_no_lod,True
C1,54,Dichlorvos,0.0,True,,,0.0007,EU MAC,compliant,indeterminate,unresolved_no_lod,True
C1,54,Diuron,1.1155679531682599,False,,,0.27,EU MAC,exceeding,exceeding,,False
C1,54,Erythromycin,0.0,True,,,1.0,EU MAC,compliant,indeterminate,unresolved_no_lod,True
C1,54,Fluoranthene,0.7995331821675496,False,,,0.12,EU MAC,exceeding,exceeding,,False
C1,54,Hexachlorobenzene,0.0,True,,,8.0,EU MAC,compliant,indeterminate,unresolved_no_lod,True
C1,54,Imidacloprid,0.0,True,0.6194075722193858,2.0646919073979526,0.057,EU MAC,compliant,indeterminate,method_insufficient,True
C1,54,Isoproturon,0.0,True,,,1.0,EU MAC,compliant,indeterminate,unresolved_no_lod,True
C1,54,Pentachlorobenzene,0.0,True,,,0.007,EU AA,compliant,indeterminate,unresolved_no_lod,True
C1,54,Quinoxyfen,0.0,True,,,2.7,EU MAC,compliant,indeterminate,unresolved_no_lod,True
C1,54,Terbutryn,0.01852185280958897,False,,,0.34,EU MAC,compliant,compliant,,False
C1,54,Thiacloprid,0.0,True,0.08682554171532375,0.28941847238441254,0.05,EU MAC,compliant,indeterminate,method_insufficient,True
C1,54,Triclosan,0.0,True,,,0.02,EU MAC,compliant,indeterminate,unresolved_no_lod,True
C1,54,Trifluralin,0.0,True,,,0.03,EU AA,compliant,indeterminate,unresolved_no_lod,True
C1,55,17-alpha-Estradiol,0.0,True,,,0.00018,EU AA,compliant,indeterminate,unresolved_no_lod,True
C1,55,17-alpha-Ethinylestradiol,0.0,True,,,1.7e-05,EU AA,compliant,indeterminate,unresolved_no_lod,True
C1,55,17-beta-Estradiol,0.0,True,,,0.00018,EU AA,compliant,indeterminate,unresolved_no_lod,True
C1,55,Acetamiprid,0.0,True,0.025237601919248082,0.08412533973082695,0.16,EU MAC,compliant,compliant,,False
C1,55,Aclonifen,0.0,True,,,0.12,EU MAC,compliant,indeterminate,unresolved_no_lod,True
C1,55,Anthracene,0.0,True,,,0.1,EU MAC,compliant,indeterminate,unresolved_no_lod,True
C1,55,Azithromycin,0.12880687665046572,False,,,0.18,EU MAC,compliant,compliant,,False
C1,55,Bifenox,0.0,True,,,0.04,EU MAC,compliant,indeterminate,unresolved_no_lod,True
C1,55,Bisphenol-A,0.0,True,,,130.0,EU MAC,compliant,indeterminate,unresolved_no_lod,True
C1,55,Chlorpyrifos,0.0,True,,,0.0026,EU MAC,compliant,indeterminate,unresolved_no_lod,True
C1,55,Clarithromycin,0.0,True,,,0.13,EU MAC,compliant,indeterminate,unresolved_no_lod,True
C1,55,Clothianidin,0.0,True,0.13583585498351416,0.45278618327838055,0.34,EU MAC,compliant,indeterminate,method_insufficient,True
C1,55,Cybutryne,0.0,True,,,0.016,EU MAC,compliant,indeterminate,unresolved_no_lod,True
C1,55,Cypermethrin,0.0,True,,,0.0006000000000000001,EU MAC,compliant,indeterminate,unresolved_no_lod,True
C1,55,Di(2- ethylhexyl)phthalate (DEHP),0.0,True,,,2.0,EU MAC,compliant,indeterminate,unresolved_no_lod,True
C1,55,Dichlorvos,0.0,True,,,0.0007,EU MAC,compliant,indeterminate,unresolved_no_lod,True
C1,55,Diuron,0.6829969368950505,False,,,0.27,EU MAC,exceeding,exceeding,,False
C1,55,Erythromycin,0.0,True,,,1.0,EU MAC,compliant,indeterminate,unresolved_no_lod,True
C1,55,Fluoranthene,1.2118393110775987,False,,,0.12,EU MAC,exceeding,exceeding,,False
C1,55,Hexachlorobenzene,0.0,True,,,8.0,EU MAC,compliant,indeterminate,unresolved_no_lod,True
C1,55,Imidacloprid,0.0,True,0.6194075722193858,2.0646919073979526,0.057,EU MAC,compliant,indeterminate,method_insufficient,True
C1,55,Isoproturon,0.0,True,,,1.0,EU MAC,compliant,indeterminate,unresolved_no_lod,True
C1,55,Pentachlorobenzene,0.0,True,,,0.007,EU AA,compliant,indeterminate,unresolved_no_lod,True
C1,55,Quinoxyfen,0.0,True,,,2.7,EU MAC,compliant,indeterminate,unresolved_no_lod,True
C1,55,Terbutryn,0.007132819578556069,False,,,0.34,EU MAC,compliant,compliant,,False
C1,55,Thiacloprid,0.0,True,0.08682554171532375,0.28941847238441254,0.05,EU MAC,compliant,indeterminate,method_insufficient,True
C1,55,Triclosan,0.0,True,,,0.02,EU MAC,compliant,indeterminate,unresolved_no_lod,True
C1,55,Trifluralin,0.0,True,,,0.03,EU AA,compliant,indeterminate,unresolved_no_lod,True
C1,56,17-alpha-Estradiol,0.0,True,,,0.00018,EU AA,compliant,indeterminate,unresolved_no_lod,True
C1,56,17-alpha-Ethinylestradiol,0.0,True,,,1.7e-05,EU AA,compliant,indeterminate,unresolved_no_lod,True
C1,56,17-beta-Estradiol,0.0,True,,,0.00018,EU AA,compliant,indeterminate,unresolved_no_lod,True
C1,56,Acetamiprid,0.4110026043519765,False,0.025237601919248082,0.08412533973082695,0.16,EU MAC,exceeding,exceeding,,False
C1,56,Aclonifen,0.11017116973890827,False,,,0.12,EU MAC,compliant,compliant,,False
C1,56,Anthracene,81.13758707269653,False,,,0.1,EU MAC,exceeding,exceeding,,False
C1,56,Azithromycin,0.3917224754721071,False,,,0.18,EU MAC,exceeding,exceeding,,False
C1,56,Bifenox,0.0,True,,,0.04,EU MAC,compliant,indeterminate,unresolved_no_lod,True
C1,56,Bisphenol-A,36.07113035848229,False,,,130.0,EU MAC,compliant,compliant,,False
C1,56,Chlorpyrifos,0.4812639829746303,False,,,0.0026,EU MAC,exceeding,exceeding,,False
C1,56,Clarithromycin,0.2571624727695165,False,,,0.13,EU MAC,exceeding,exceeding,,False
C1,56,Clothianidin,0.0,True,0.13583585498351416,0.45278618327838055,0.34,EU MAC,compliant,indeterminate,method_insufficient,True
C1,56,Cybutryne,0.0,True,,,0.016,EU MAC,compliant,indeterminate,unresolved_no_lod,True
C1,56,Cypermethrin,0.0,True,,,0.0006000000000000001,EU MAC,compliant,indeterminate,unresolved_no_lod,True
C1,56,Di(2- ethylhexyl)phthalate (DEHP),26.871923292802574,False,,,2.0,EU MAC,exceeding,exceeding,,False
C1,56,Dichlorvos,0.0,True,,,0.0007,EU MAC,compliant,indeterminate,unresolved_no_lod,True
C1,56,Diuron,1.1330816707679894,False,,,0.27,EU MAC,exceeding,exceeding,,False
C1,56,Erythromycin,0.444781233526621,False,,,1.0,EU MAC,compliant,compliant,,False
C1,56,Fluoranthene,0.5782637905743583,False,,,0.12,EU MAC,exceeding,exceeding,,False
C1,56,Hexachlorobenzene,0.0,True,,,8.0,EU MAC,compliant,indeterminate,unresolved_no_lod,True
C1,56,Imidacloprid,0.0,True,0.6194075722193858,2.0646919073979526,0.057,EU MAC,compliant,indeterminate,method_insufficient,True
C1,56,Isoproturon,0.0,True,,,1.0,EU MAC,compliant,indeterminate,unresolved_no_lod,True
C1,56,Pentachlorobenzene,0.0,True,,,0.007,EU AA,compliant,indeterminate,unresolved_no_lod,True
C1,56,Quinoxyfen,0.0,True,,,2.7,EU MAC,compliant,indeterminate,unresolved_no_lod,True
C1,56,Terbutryn,0.01912065591974403,False,,,0.34,EU MAC,compliant,compliant,,False
C1,56,Thiacloprid,0.0,True,0.08682554171532375,0.28941847238441254,0.05,EU MAC,compliant,indeterminate,method_insufficient,True
C1,56,Triclosan,0.0,True,,,0.02,EU MAC,compliant,indeterminate,unresolved_no_lod,True
C1,56,Trifluralin,0.0,True,,,0.03,EU AA,compliant,indeterminate,unresolved_no_lod,True
C1,57,17-alpha-Estradiol,0.0,True,,,0.00018,EU AA,compliant,indeterminate,unresolved_no_lod,True
C1,57,17-alpha-Ethinylestradiol,0.0,True,,,1.7e-05,EU AA,compliant,indeterminate,unresolved_no_lod,True
C1,57,17-beta-Estradiol,0.0,True,,,0.00018,EU AA,compliant,indeterminate,unresolved_no_lod,True
C1,57,Acetamiprid,0.0,True,0.025237601919248082,0.08412533973082695,0.16,EU MAC,compliant,compliant,,False
C1,57,Aclonifen,0.20307678289540965,False,,,0.12,EU MAC,exceeding,exceeding,,False
C1,57,Anthracene,0.0,True,,,0.1,EU MAC,compliant,indeterminate,unresolved_no_lod,True
C1,57,Azithromycin,0.3423748014914412,False,,,0.18,EU MAC,exceeding,exceeding,,False
C1,57,Bifenox,0.0,True,,,0.04,EU MAC,compliant,indeterminate,unresolved_no_lod,True
C1,57,Bisphenol-A,0.0,True,,,130.0,EU MAC,compliant,indeterminate,unresolved_no_lod,True
C1,57,Chlorpyrifos,0.0,True,,,0.0026,EU MAC,compliant,indeterminate,unresolved_no_lod,True
C1,57,Clarithromycin,0.0,True,,,0.13,EU MAC,compliant,indeterminate,unresolved_no_lod,True
C1,57,Clothianidin,0.0,True,0.13583585498351416,0.45278618327838055,0.34,EU MAC,compliant,indeterminate,method_insufficient,True
C1,57,Cybutryne,0.0,True,,,0.016,EU MAC,compliant,indeterminate,unresolved_no_lod,True
C1,57,Cypermethrin,0.0,True,,,0.0006000000000000001,EU MAC,compliant,indeterminate,unresolved_no_lod,True
C1,57,Di(2- ethylhexyl)phthalate (DEHP),0.0,True,,,2.0,EU MAC,compliant,indeterminate,unresolved_no_lod,True
C1,57,Dichlorvos,0.0,True,,,0.0007,EU MAC,compliant,indeterminate,unresolved_no_lod,True
C1,57,Diuron,1.1763288432928962,False,,,0.27,EU MAC,exceeding,exceeding,,False
C1,57,Erythromycin,0.0,True,,,1.0,EU MAC,compliant,indeterminate,unresolved_no_lod,True
C1,57,Fluoranthene,0.0,True,,,0.12,EU MAC,compliant,indeterminate,unresolved_no_lod,True
C1,57,Hexachlorobenzene,0.0,True,,,8.0,EU MAC,compliant,indeterminate,unresolved_no_lod,True
C1,57,Imidacloprid,0.0,True,0.6194075722193858,2.0646919073979526,0.057,EU MAC,compliant,indeterminate,method_insufficient,True
C1,57,Isoproturon,0.0,True,,,1.0,EU MAC,compliant,indeterminate,unresolved_no_lod,True
C1,57,Pentachlorobenzene,0.0,True,,,0.007,EU AA,compliant,indeterminate,unresolved_no_lod,True
C1,57,Quinoxyfen,0.0,True,,,2.7,EU MAC,compliant,indeterminate,unresolved_no_lod,True
C1,57,Terbutryn,0.010820087727309725,False,,,0.34,EU MAC,compliant,compliant,,False
C1,57,Thiacloprid,0.0,True,0.08682554171532375,0.28941847238441254,0.05,EU MAC,compliant,indeterminate,method_insufficient,True
C1,57,Triclosan,0.0,True,,,0.02,EU MAC,compliant,indeterminate,unresolved_no_lod,True
C1,57,Trifluralin,0.0,True,,,0.03,EU AA,compliant,indeterminate,unresolved_no_lod,True
C1,58,17-alpha-Estradiol,0.0,True,,,0.00018,EU AA,compliant,indeterminate,unresolved_no_lod,True
C1,58,17-alpha-Ethinylestradiol,0.0,True,,,1.7e-05,EU AA,compliant,indeterminate,unresolved_no_lod,True
C1,58,17-beta-Estradiol,0.0,True,,,0.00018,EU AA,compliant,indeterminate,unresolved_no_lod,True
C1,58,Acetamiprid,0.11271811098248212,False,0.025237601919248082,0.08412533973082695,0.16,EU MAC,compliant,compliant,,False
C1,58,Aclonifen,0.0,True,,,0.12,EU MAC,compliant,indeterminate,unresolved_no_lod,True
C1,58,Anthracene,0.0,True,,,0.1,EU MAC,compliant,indeterminate,unresolved_no_lod,True
C1,58,Azithromycin,0.2881456518264601,False,,,0.18,EU MAC,exceeding,exceeding,,False
C1,58,Bifenox,0.0,True,,,0.04,EU MAC,compliant,indeterminate,unresolved_no_lod,True
C1,58,Bisphenol-A,0.0,True,,,130.0,EU MAC,compliant,indeterminate,unresolved_no_lod,True
C1,58,Chlorpyrifos,0.0,True,,,0.0026,EU MAC,compliant,indeterminate,unresolved_no_lod,True
C1,58,Clarithromycin,0.0,True,,,0.13,EU MAC,compliant,indeterminate,unresolved_no_lod,True
C1,58,Clothianidin,0.0,True,0.13583585498351416,0.45278618327838055,0.34,EU MAC,compliant,indeterminate,method_insufficient,True
C1,58,Cybutryne,0.0,True,,,0.016,EU MAC,compliant,indeterminate,unresolved_no_lod,True
C1,58,Cypermethrin,0.0,True,,,0.0006000000000000001,EU MAC,compliant,indeterminate,unresolved_no_lod,True
C1,58,Di(2- ethylhexyl)phthalate (DEHP),17.121862738320566,False,,,2.0,EU MAC,exceeding,exceeding,,False
C1,58,Dichlorvos,0.0,True,,,0.0007,EU MAC,compliant,indeterminate,unresolved_no_lod,True
C1,58,Diuron,1.1043783931490174,False,,,0.27,EU MAC,exceeding,exceeding,,False
C1,58,Erythromycin,0.0,True,,,1.0,EU MAC,compliant,indeterminate,unresolved_no_lod,True
C1,58,Fluoranthene,2.0483134376902807,False,,,0.12,EU MAC,exceeding,exceeding,,False
C1,58,Hexachlorobenzene,0.0,True,,,8.0,EU MAC,compliant,indeterminate,unresolved_no_lod,True
C1,58,Imidacloprid,0.0,True,0.6194075722193858,2.0646919073979526,0.057,EU MAC,compliant,indeterminate,method_insufficient,True
C1,58,Isoproturon,0.0,True,,,1.0,EU MAC,compliant,indeterminate,unresolved_no_lod,True
C1,58,Pentachlorobenzene,0.0,True,,,0.007,EU AA,compliant,indeterminate,unresolved_no_lod,True
C1,58,Quinoxyfen,0.0,True,,,2.7,EU MAC,compliant,indeterminate,unresolved_no_lod,True
C1,58,Terbutryn,0.007252160543983675,False,,,0.34,EU MAC,compliant,compliant,,False
C1,58,Thiacloprid,0.0,True,0.08682554171532375,0.28941847238441254,0.05,EU MAC,compliant,indeterminate,method_insufficient,True
C1,58,Triclosan,0.0,True,,,0.02,EU MAC,compliant,indeterminate,unresolved_no_lod,True
C1,58,Trifluralin,0.0,True,,,0.03,EU AA,compliant,indeterminate,unresolved_no_lod,True
C1,59,17-alpha-Estradiol,0.0,True,,,0.00018,EU AA,compliant,indeterminate,unresolved_no_lod,True
C1,59,17-alpha-Ethinylestradiol,0.0,True,,,1.7e-05,EU AA,compliant,indeterminate,unresolved_no_lod,True
C1,59,17-beta-Estradiol,0.0,True,,,0.00018,EU AA,compliant,indeterminate,unresolved_no_lod,True
C1,59,Acetamiprid,0.0,True,0.025237601919248082,0.08412533973082695,0.16,EU MAC,compliant,compliant,,False
C1,59,Aclonifen,0.0,True,,,0.12,EU MAC,compliant,indeterminate,unresolved_no_lod,True
C1,59,Anthracene,0.0,True,,,0.1,EU MAC,compliant,indeterminate,unresolved_no_lod,True
C1,59,Azithromycin,0.1891794359049288,False,,,0.18,EU MAC,exceeding,exceeding,,False
C1,59,Bifenox,0.0,True,,,0.04,EU MAC,compliant,indeterminate,unresolved_no_lod,True
C1,59,Bisphenol-A,0.0,True,,,130.0,EU MAC,compliant,indeterminate,unresolved_no_lod,True
C1,59,Chlorpyrifos,0.0,True,,,0.0026,EU MAC,compliant,indeterminate,unresolved_no_lod,True
C1,59,Clarithromycin,0.05520183014573012,False,,,0.13,EU MAC,compliant,compliant,,False
C1,59,Clothianidin,0.0,True,0.13583585498351416,0.45278618327838055,0.34,EU MAC,compliant,indeterminate,method_insufficient,True
C1,59,Cybutryne,0.0,True,,,0.016,EU MAC,compliant,indeterminate,unresolved_no_lod,True
C1,59,Cypermethrin,0.0,True,,,0.0006000000000000001,EU MAC,compliant,indeterminate,unresolved_no_lod,True
C1,59,Di(2- ethylhexyl)phthalate (DEHP),0.0,True,,,2.0,EU MAC,compliant,indeterminate,unresolved_no_lod,True
C1,59,Dichlorvos,0.0,True,,,0.0007,EU MAC,compliant,indeterminate,unresolved_no_lod,True
C1,59,Diuron,0.0,True,,,0.27,EU MAC,compliant,indeterminate,unresolved_no_lod,True
C1,59,Erythromycin,0.0,True,,,1.0,EU MAC,compliant,indeterminate,unresolved_no_lod,True
C1,59,Fluoranthene,0.0,True,,,0.12,EU MAC,compliant,indeterminate,unresolved_no_lod,True
C1,59,Hexachlorobenzene,0.0,True,,,8.0,EU MAC,compliant,indeterminate,unresolved_no_lod,True
C1,59,Imidacloprid,0.0,True,0.6194075722193858,2.0646919073979526,0.057,EU MAC,compliant,indeterminate,method_insufficient,True
C1,59,Isoproturon,0.0,True,,,1.0,EU MAC,compliant,indeterminate,unresolved_no_lod,True
C1,59,Pentachlorobenzene,0.0,True,,,0.007,EU AA,compliant,indeterminate,unresolved_no_lod,True
C1,59,Quinoxyfen,0.0,True,,,2.7,EU MAC,compliant,indeterminate,unresolved_no_lod,True
C1,59,Terbutryn,0.0,True,,,0.34,EU MAC,compliant,indeterminate,unresolved_no_lod,True
C1,59,Thiacloprid,0.0,True,0.08682554171532375,0.28941847238441254,0.05,EU MAC,compliant,indeterminate,method_insufficient,True
C1,59,Triclosan,0.0,True,,,0.02,EU MAC,compliant,indeterminate,unresolved_no_lod,True
C1,59,Trifluralin,0.0,True,,,0.03,EU AA,compliant,indeterminate,unresolved_no_lod,True
C1,60,17-alpha-Estradiol,0.0,True,,,0.00018,EU AA,compliant,indeterminate,unresolved_no_lod,True
C1,60,17-alpha-Ethinylestradiol,0.0,True,,,1.7e-05,EU AA,compliant,indeterminate,unresolved_no_lod,True
C1,60,17-beta-Estradiol,0.0,True,,,0.00018,EU AA,compliant,indeterminate,unresolved_no_lod,True
C1,60,Acetamiprid,0.0,True,0.025237601919248082,0.08412533973082695,0.16,EU MAC,compliant,compliant,,False
C1,60,Aclonifen,0.18644089440549616,False,,,0.12,EU MAC,exceeding,exceeding,,False
C1,60,Anthracene,0.0,True,,,0.1,EU MAC,compliant,indeterminate,unresolved_no_lod,True
C1,60,Azithromycin,0.1405734499926115,False,,,0.18,EU MAC,compliant,compliant,,False
C1,60,Bifenox,0.0,True,,,0.04,EU MAC,compliant,indeterminate,unresolved_no_lod,True
C1,60,Bisphenol-A,0.0,True,,,130.0,EU MAC,compliant,indeterminate,unresolved_no_lod,True
C1,60,Chlorpyrifos,0.0,True,,,0.0026,EU MAC,compliant,indeterminate,unresolved_no_lod,True
C1,60,Clarithromycin,0.0,True,,,0.13,EU MAC,compliant,indeterminate,unresolved_no_lod,True
C1,60,Clothianidin,0.0,True,0.13583585498351416,0.45278618327838055,0.34,EU MAC,compliant,indeterminate,method_insufficient,True
C1,60,Cybutryne,0.0,True,,,0.016,EU MAC,compliant,indeterminate,unresolved_no_lod,True
C1,60,Cypermethrin,0.0,True,,,0.0006000000000000001,EU MAC,compliant,indeterminate,unresolved_no_lod,True
C1,60,Di(2- ethylhexyl)phthalate (DEHP),0.0,True,,,2.0,EU MAC,compliant,indeterminate,unresolved_no_lod,True
C1,60,Dichlorvos,0.0,True,,,0.0007,EU MAC,compliant,indeterminate,unresolved_no_lod,True
C1,60,Diuron,0.0,True,,,0.27,EU MAC,compliant,indeterminate,unresolved_no_lod,True
C1,60,Erythromycin,0.0,True,,,1.0,EU MAC,compliant,indeterminate,unresolved_no_lod,True
C1,60,Fluoranthene,0.0,True,,,0.12,EU MAC,compliant,indeterminate,unresolved_no_lod,True
C1,60,Hexachlorobenzene,0.0,True,,,8.0,EU MAC,compliant,indeterminate,unresolved_no_lod,True
C1,60,Imidacloprid,0.0,True,0.6194075722193858,2.0646919073979526,0.057,EU MAC,compliant,indeterminate,method_insufficient,True
C1,60,Isoproturon,0.0,True,,,1.0,EU MAC,compliant,indeterminate,unresolved_no_lod,True
C1,60,Pentachlorobenzene,0.0,True,,,0.007,EU AA,compliant,indeterminate,unresolved_no_lod,True
C1,60,Quinoxyfen,0.0,True,,,2.7,EU MAC,compliant,indeterminate,unresolved_no_lod,True
C1,60,Terbutryn,0.005508368985915719,False,,,0.34,EU MAC,compliant,compliant,,False
C1,60,Thiacloprid,0.0,True,0.08682554171532375,0.28941847238441254,0.05,EU MAC,compliant,indeterminate,method_insufficient,True
C1,60,Triclosan,0.0,True,,,0.02,EU MAC,compliant,indeterminate,unresolved_no_lod,True
C1,60,Trifluralin,0.0,True,,,0.03,EU AA,compliant,indeterminate,unresolved_no_lod,True
C1,61,17-alpha-Estradiol,0.0,True,,,0.00018,EU AA,compliant,indeterminate,unresolved_no_lod,True
C1,61,17-alpha-Ethinylestradiol,0.0,True,,,1.7e-05,EU AA,compliant,indeterminate,unresolved_no_lod,True
C1,61,17-beta-Estradiol,0.0,True,,,0.00018,EU AA,compliant,indeterminate,unresolved_no_lod,True
C1,61,Acetamiprid,0.06457603547238744,False,0.025237601919248082,0.08412533973082695,0.16,EU MAC,compliant,compliant,,False
C1,61,Aclonifen,0.0,True,,,0.12,EU MAC,compliant,indeterminate,unresolved_no_lod,True
C1,61,Anthracene,0.0,True,,,0.1,EU MAC,compliant,indeterminate,unresolved_no_lod,True
C1,61,Azithromycin,0.3705972975955035,False,,,0.18,EU MAC,exceeding,exceeding,,False
C1,61,Bifenox,0.0,True,,,0.04,EU MAC,compliant,indeterminate,unresolved_no_lod,True
C1,61,Bisphenol-A,0.0,True,,,130.0,EU MAC,compliant,indeterminate,unresolved_no_lod,True
C1,61,Chlorpyrifos,0.0,True,,,0.0026,EU MAC,compliant,indeterminate,unresolved_no_lod,True
C1,61,Clarithromycin,1.488199191302741,False,,,0.13,EU MAC,exceeding,exceeding,,False
C1,61,Clothianidin,0.0,True,0.13583585498351416,0.45278618327838055,0.34,EU MAC,compliant,indeterminate,method_insufficient,True
C1,61,Cybutryne,0.0,True,,,0.016,EU MAC,compliant,indeterminate,unresolved_no_lod,True
C1,61,Cypermethrin,0.0,True,,,0.0006000000000000001,EU MAC,compliant,indeterminate,unresolved_no_lod,True
C1,61,Di(2- ethylhexyl)phthalate (DEHP),0.0,True,,,2.0,EU MAC,compliant,indeterminate,unresolved_no_lod,True
C1,61,Dichlorvos,0.0,True,,,0.0007,EU MAC,compliant,indeterminate,unresolved_no_lod,True
C1,61,Diuron,0.0,True,,,0.27,EU MAC,compliant,indeterminate,unresolved_no_lod,True
C1,61,Erythromycin,0.2907708250362101,False,,,1.0,EU MAC,compliant,compliant,,False
C1,61,Fluoranthene,0.0,True,,,0.12,EU MAC,compliant,indeterminate,unresolved_no_lod,True
C1,61,Hexachlorobenzene,0.0,True,,,8.0,EU MAC,compliant,indeterminate,unresolved_no_lod,True
C1,61,Imidacloprid,0.0,True,0.6194075722193858,2.0646919073979526,0.057,EU MAC,compliant,indeterminate,method_insufficient,True
C1,61,Isoproturon,0.0,True,,,1.0,EU MAC,compliant,indeterminate,unresolved_no_lod,True
C1,61,Pentachlorobenzene,0.0,True,,,0.007,EU AA,compliant,indeterminate,unresolved_no_lod,True
C1,61,Quinoxyfen,0.0,True,,,2.7,EU MAC,compliant,indeterminate,unresolved_no_lod,True
C1,61,Terbutryn,0.009223804125096696,False,,,0.34,EU MAC,compliant,compliant,,False
C1,61,Thiacloprid,0.0,True,0.08682554171532375,0.28941847238441254,0.05,EU MAC,compliant,indeterminate,method_insufficient,True
C1,61,Triclosan,0.0,True,,,0.02,EU MAC,compliant,indeterminate,unresolved_no_lod,True
C1,61,Trifluralin,0.0,True,,,0.03,EU AA,compliant,indeterminate,unresolved_no_lod,True
C1,62,17-alpha-Estradiol,0.0,True,,,0.00018,EU AA,compliant,indeterminate,unresolved_no_lod,True
C1,62,17-alpha-Ethinylestradiol,0.0,True,,,1.7e-05,EU AA,compliant,indeterminate,unresolved_no_lod,True
C1,62,17-beta-Estradiol,0.0,True,,,0.00018,EU AA,compliant,indeterminate,unresolved_no_lod,True
C1,62,Acetamiprid,0.13777226501790513,False,0.025237601919248082,0.08412533973082695,0.16,EU MAC,compliant,compliant,,False
C1,62,Aclonifen,0.12779719892690602,False,,,0.12,EU MAC,exceeding,exceeding,,False
C1,62,Anthracene,0.0,True,,,0.1,EU MAC,compliant,indeterminate,unresolved_no_lod,True
C1,62,Azithromycin,0.17430735035100897,False,,,0.18,EU MAC,compliant,compliant,,False
C1,62,Bifenox,0.0,True,,,0.04,EU MAC,compliant,indeterminate,unresolved_no_lod,True
C1,62,Bisphenol-A,0.0,True,,,130.0,EU MAC,compliant,indeterminate,unresolved_no_lod,True
C1,62,Chlorpyrifos,0.0,True,,,0.0026,EU MAC,compliant,indeterminate,unresolved_no_lod,True
C1,62,Clarithromycin,1.3355701432900364,False,,,0.13,EU MAC,exceeding,exceeding,,False
C1,62,Clothianidin,0.0,True,0.13583585498351416,0.45278618327838055,0.34,EU MAC,compliant,indeterminate,method_insufficient,True
C1,62,Cybutryne,0.0,True,,,0.016,EU MAC,compliant,indeterminate,unresolved_no_lod,True
C1,62,Cypermethrin,0.0,True,,,0.0006000000000000001,EU MAC,compliant,indeterminate,unresolved_no_lod,True
C1,62,Di(2- ethylhexyl)phthalate (DEHP),0.0,True,,,2.0,EU MAC,compliant,indeterminate,unresolved_no_lod,True
C1,62,Dichlorvos,0.0,True,,,0.0007,EU MAC,compliant,indeterminate,unresolved_no_lod,True
C1,62,Diuron,1.3591107122614083,False,,,0.27,EU MAC,exceeding,exceeding,,False
C1,62,Erythromycin,0.36156465081811917,False,,,1.0,EU MAC,compliant,compliant,,False
C1,62,Fluoranthene,0.0,True,,,0.12,EU MAC,compliant,indeterminate,unresolved_no_lod,True
C1,62,Hexachlorobenzene,0.0,True,,,8.0,EU MAC,compliant,indeterminate,unresolved_no_lod,True
C1,62,Imidacloprid,0.0,True,0.6194075722193858,2.0646919073979526,0.057,EU MAC,compliant,indeterminate,method_insufficient,True
C1,62,Isoproturon,0.0,True,,,1.0,EU MAC,compliant,indeterminate,unresolved_no_lod,True
C1,62,Pentachlorobenzene,0.0,True,,,0.007,EU AA,compliant,indeterminate,unresolved_no_lod,True
C1,62,Quinoxyfen,0.0,True,,,2.7,EU MAC,compliant,indeterminate,unresolved_no_lod,True
C1,62,Terbutryn,0.01204966551576815,False,,,0.34,EU MAC,compliant,compliant,,False
C1,62,Thiacloprid,0.0,True,0.08682554171532375,0.28941847238441254,0.05,EU MAC,compliant,indeterminate,method_insufficient,True
C1,62,Triclosan,0.0,True,,,0.02,EU MAC,compliant,indeterminate,unresolved_no_lod,True
C1,62,Trifluralin,0.0,True,,,0.03,EU AA,compliant,indeterminate,unresolved_no_lod,True
C1,63,17-alpha-Estradiol,0.0,True,,,0.00018,EU AA,compliant,indeterminate,unresolved_no_lod,True
C1,63,17-alpha-Ethinylestradiol,0.0,True,,,1.7e-05,EU AA,compliant,indeterminate,unresolved_no_lod,True
C1,63,17-beta-Estradiol,0.0,True,,,0.00018,EU AA,compliant,indeterminate,unresolved_no_lod,True
C1,63,Acetamiprid,0.07821384217115158,False,0.025237601919248082,0.08412533973082695,0.16,EU MAC,compliant,compliant,,False
C1,63,Aclonifen,0.0,True,,,0.12,EU MAC,compliant,indeterminate,unresolved_no_lod,True
C1,63,Anthracene,0.0,True,,,0.1,EU MAC,compliant,indeterminate,unresolved_no_lod,True
C1,63,Azithromycin,0.10647190323167646,False,,,0.18,EU MAC,compliant,compliant,,False
C1,63,Bifenox,0.0,True,,,0.04,EU MAC,compliant,indeterminate,unresolved_no_lod,True
C1,63,Bisphenol-A,0.0,True,,,130.0,EU MAC,compliant,indeterminate,unresolved_no_lod,True
C1,63,Chlorpyrifos,0.21237502924138685,False,,,0.0026,EU MAC,exceeding,exceeding,,False
C1,63,Clarithromycin,0.07270466345802781,False,,,0.13,EU MAC,compliant,compliant,,False
C1,63,Clothianidin,0.0,True,0.13583585498351416,0.45278618327838055,0.34,EU MAC,compliant,indeterminate,method_insufficient,True
C1,63,Cybutryne,0.0,True,,,0.016,EU MAC,compliant,indeterminate,unresolved_no_lod,True
C1,63,Cypermethrin,0.0,True,,,0.0006000000000000001,EU MAC,compliant,indeterminate,unresolved_no_lod,True
C1,63,Di(2- ethylhexyl)phthalate (DEHP),0.0,True,,,2.0,EU MAC,compliant,indeterminate,unresolved_no_lod,True
C1,63,Dichlorvos,0.0,True,,,0.0007,EU MAC,compliant,indeterminate,unresolved_no_lod,True
C1,63,Diuron,0.6624197324472971,False,,,0.27,EU MAC,exceeding,exceeding,,False
C1,63,Erythromycin,0.0,True,,,1.0,EU MAC,compliant,indeterminate,unresolved_no_lod,True
C1,63,Fluoranthene,0.0,True,,,0.12,EU MAC,compliant,indeterminate,unresolved_no_lod,True
C1,63,Hexachlorobenzene,0.0,True,,,8.0,EU MAC,compliant,indeterminate,unresolved_no_lod,True
C1,63,Imidacloprid,0.0,True,0.6194075722193858,2.0646919073979526,0.057,EU MAC,compliant,indeterminate,method_insufficient,True
C1,63,Isoproturon,0.0,True,,,1.0,EU MAC,compliant,indeterminate,unresolved_no_lod,True
C1,63,Pentachlorobenzene,0.0,True,,,0.007,EU AA,compliant,indeterminate,unresolved_no_lod,True
C1,63,Quinoxyfen,0.0,True,,,2.7,EU MAC,compliant,indeterminate,unresolved_no_lod,True
C1,63,Terbutryn,0.00890151575541717,False,,,0.34,EU MAC,compliant,compliant,,False
C1,63,Thiacloprid,0.0,True,0.08682554171532375,0.28941847238441254,0.05,EU MAC,compliant,indeterminate,method_insufficient,True
C1,63,Triclosan,0.0,True,,,0.02,EU MAC,compliant,indeterminate,unresolved_no_lod,True
C1,63,Trifluralin,0.0,True,,,0.03,EU AA,compliant,indeterminate,unresolved_no_lod,True
C1,64,17-alpha-Estradiol,0.0,True,,,0.00018,EU AA,compliant,indeterminate,unresolved_no_lod,True
C1,64,17-alpha-Ethinylestradiol,0.0,True,,,1.7e-05,EU AA,compliant,indeterminate,unresolved_no_lod,True
C1,64,17-beta-Estradiol,0.0,True,,,0.00018,EU AA,compliant,indeterminate,unresolved_no_lod,True
C1,64,Acetamiprid,0.0,True,0.025237601919248082,0.08412533973082695,0.16,EU MAC,compliant,compliant,,False
C1,64,Aclonifen,0.0,True,,,0.12,EU MAC,compliant,indeterminate,unresolved_no_lod,True
C1,64,Anthracene,0.0,True,,,0.1,EU MAC,compliant,indeterminate,unresolved_no_lod,True
C1,64,Azithromycin,0.2845612018259053,False,,,0.18,EU MAC,exceeding,exceeding,,False
C1,64,Bifenox,0.0,True,,,0.04,EU MAC,compliant,indeterminate,unresolved_no_lod,True
C1,64,Bisphenol-A,0.0,True,,,130.0,EU MAC,compliant,indeterminate,unresolved_no_lod,True
C1,64,Chlorpyrifos,0.0,True,,,0.0026,EU MAC,compliant,indeterminate,unresolved_no_lod,True
C1,64,Clarithromycin,1.7602523561786994,False,,,0.13,EU MAC,exceeding,exceeding,,False
C1,64,Clothianidin,0.0,True,0.13583585498351416,0.45278618327838055,0.34,EU MAC,compliant,indeterminate,method_insufficient,True
C1,64,Cybutryne,0.0,True,,,0.016,EU MAC,compliant,indeterminate,unresolved_no_lod,True
C1,64,Cypermethrin,0.0,True,,,0.0006000000000000001,EU MAC,compliant,indeterminate,unresolved_no_lod,True
C1,64,Di(2- ethylhexyl)phthalate (DEHP),21.233421383502076,False,,,2.0,EU MAC,exceeding,exceeding,,False
C1,64,Dichlorvos,0.0,True,,,0.0007,EU MAC,compliant,indeterminate,unresolved_no_lod,True
C1,64,Diuron,0.23329088302718443,False,,,0.27,EU MAC,compliant,compliant,,False
C1,64,Erythromycin,0.6345473717607758,False,,,1.0,EU MAC,compliant,compliant,,False
C1,64,Fluoranthene,0.9665182464489922,False,,,0.12,EU MAC,exceeding,exceeding,,False
C1,64,Hexachlorobenzene,0.0,True,,,8.0,EU MAC,compliant,indeterminate,unresolved_no_lod,True
C1,64,Imidacloprid,0.0,True,0.6194075722193858,2.0646919073979526,0.057,EU MAC,compliant,indeterminate,method_insufficient,True
C1,64,Isoproturon,0.0,True,,,1.0,EU MAC,compliant,indeterminate,unresolved_no_lod,True
C1,64,Pentachlorobenzene,0.0,True,,,0.007,EU AA,compliant,indeterminate,unresolved_no_lod,True
C1,64,Quinoxyfen,0.0,True,,,2.7,EU MAC,compliant,indeterminate,unresolved_no_lod,True
C1,64,Terbutryn,0.007081534715087271,False,,,0.34,EU MAC,compliant,compliant,,False
C1,64,Thiacloprid,0.0,True,0.08682554171532375,0.28941847238441254,0.05,EU MAC,compliant,indeterminate,method_insufficient,True
C1,64,Triclosan,0.0,True,,,0.02,EU MAC,compliant,indeterminate,unresolved_no_lod,True
C1,64,Trifluralin,0.0,True,,,0.03,EU AA,compliant,indeterminate,unresolved_no_lod,True
C1,65,17-alpha-Estradiol,0.0,True,,,0.00018,EU AA,compliant,indeterminate,unresolved_no_lod,True
C1,65,17-alpha-Ethinylestradiol,0.0,True,,,1.7e-05,EU AA,compliant,indeterminate,unresolved_no_lod,True
C1,65,17-beta-Estradiol,0.0,True,,,0.00018,EU AA,compliant,indeterminate,unresolved_no_lod,True
C1,65,Acetamiprid,0.0,True,0.025237601919248082,0.08412533973082695,0.16,EU MAC,compliant,compliant,,False
C1,65,Aclonifen,0.1871678639355407,False,,,0.12,EU MAC,exceeding,exceeding,,False
C1,65,Anthracene,0.0,True,,,0.1,EU MAC,compliant,indeterminate,unresolved_no_lod,True
C1,65,Azithromycin,0.0,True,,,0.18,EU MAC,compliant,indeterminate,unresolved_no_lod,True
C1,65,Bifenox,0.0,True,,,0.04,EU MAC,compliant,indeterminate,unresolved_no_lod,True
C1,65,Bisphenol-A,0.0,True,,,130.0,EU MAC,compliant,indeterminate,unresolved_no_lod,True
C1,65,Chlorpyrifos,0.0,True,,,0.0026,EU MAC,compliant,indeterminate,unresolved_no_lod,True
C1,65,Clarithromycin,0.0,True,,,0.13,EU MAC,compliant,indeterminate,unresolved_no_lod,True
C1,65,Clothianidin,0.0,True,0.13583585498351416,0.45278618327838055,0.34,EU MAC,compliant,indeterminate,method_insufficient,True
C1,65,Cybutryne,0.0,True,,,0.016,EU MAC,compliant,indeterminate,unresolved_no_lod,True
C1,65,Cypermethrin,0.0,True,,,0.0006000000000000001,EU MAC,compliant,indeterminate,unresolved_no_lod,True
C1,65,Di(2- ethylhexyl)phthalate (DEHP),16.562214730407902,False,,,2.0,EU MAC,exceeding,exceeding,,False
C1,65,Dichlorvos,0.0,True,,,0.0007,EU MAC,compliant,indeterminate,unresolved_no_lod,True
C1,65,Diuron,0.0,True,,,0.27,EU MAC,compliant,indeterminate,unresolved_no_lod,True
C1,65,Erythromycin,0.0,True,,,1.0,EU MAC,compliant,indeterminate,unresolved_no_lod,True
C1,65,Fluoranthene,0.0,True,,,0.12,EU MAC,compliant,indeterminate,unresolved_no_lod,True
C1,65,Hexachlorobenzene,0.0,True,,,8.0,EU MAC,compliant,indeterminate,unresolved_no_lod,True
C1,65,Imidacloprid,0.0,True,0.6194075722193858,2.0646919073979526,0.057,EU MAC,compliant,indeterminate,method_insufficient,True
C1,65,Isoproturon,0.0,True,,,1.0,EU MAC,compliant,indeterminate,unresolved_no_lod,True
C1,65,Pentachlorobenzene,0.0,True,,,0.007,EU AA,compliant,indeterminate,unresolved_no_lod,True
C1,65,Quinoxyfen,0.0,True,,,2.7,EU MAC,compliant,indeterminate,unresolved_no_lod,True
C1,65,Terbutryn,0.0,True,,,0.34,EU MAC,compliant,indeterminate,unresolved_no_lod,True
C1,65,Thiacloprid,0.0,True,0.08682554171532375,0.28941847238441254,0.05,EU MAC,compliant,indeterminate,method_insufficient,True
C1,65,Triclosan,0.0,True,,,0.02,EU MAC,compliant,indeterminate,unresolved_no_lod,True
C1,65,Trifluralin,0.0,True,,,0.03,EU AA,compliant,indeterminate,unresolved_no_lod,True
C1,66,17-alpha-Estradiol,0.0,True,,,0.00018,EU AA,compliant,indeterminate,unresolved_no_lod,True
C1,66,17-alpha-Ethinylestradiol,0.0,True,,,1.7e-05,EU AA,compliant,indeterminate,unresolved_no_lod,True
C1,66,17-beta-Estradiol,0.0,True,,,0.00018,EU AA,compliant,indeterminate,unresolved_no_lod,True
C1,66,Acetamiprid,0.0,True,0.025237601919248082,0.08412533973082695,0.16,EU MAC,compliant,compliant,,False
C1,66,Aclonifen,0.0,True,,,0.12,EU MAC,compliant,indeterminate,unresolved_no_lod,True
C1,66,Anthracene,27.544992649678587,False,,,0.1,EU MAC,exceeding,exceeding,,False
C1,66,Azithromycin,0.13837412715696157,False,,,0.18,EU MAC,compliant,compliant,,False
C1,66,Bifenox,0.0,True,,,0.04,EU MAC,compliant,indeterminate,unresolved_no_lod,True
C1,66,Bisphenol-A,0.0,True,,,130.0,EU MAC,compliant,indeterminate,unresolved_no_lod,True
C1,66,Chlorpyrifos,0.0,True,,,0.0026,EU MAC,compliant,indeterminate,unresolved_no_lod,True
C1,66,Clarithromycin,0.0,True,,,0.13,EU MAC,compliant,indeterminate,unresolved_no_lod,True
C1,66,Clothianidin,0.0,True,0.13583585498351416,0.45278618327838055,0.34,EU MAC,compliant,indeterminate,method_insufficient,True
C1,66,Cybutryne,0.0,True,,,0.016,EU MAC,compliant,indeterminate,unresolved_no_lod,True
C1,66,Cypermethrin,0.0,True,,,0.0006000000000000001,EU MAC,compliant,indeterminate,unresolved_no_lod,True
C1,66,Di(2- ethylhexyl)phthalate (DEHP),24.187968182700963,False,,,2.0,EU MAC,exceeding,exceeding,,False
C1,66,Dichlorvos,0.0,True,,,0.0007,EU MAC,compliant,indeterminate,unresolved_no_lod,True
C1,66,Diuron,0.4299407426599088,False,,,0.27,EU MAC,exceeding,exceeding,,False
C1,66,Erythromycin,0.0,True,,,1.0,EU MAC,compliant,indeterminate,unresolved_no_lod,True
C1,66,Fluoranthene,0.0,True,,,0.12,EU MAC,compliant,indeterminate,unresolved_no_lod,True
C1,66,Hexachlorobenzene,0.0,True,,,8.0,EU MAC,compliant,indeterminate,unresolved_no_lod,True
C1,66,Imidacloprid,0.0,True,0.6194075722193858,2.0646919073979526,0.057,EU MAC,compliant,indeterminate,method_insufficient,True
C1,66,Isoproturon,0.0,True,,,1.0,EU MAC,compliant,indeterminate,unresolved_no_lod,True
C1,66,Pentachlorobenzene,0.0,True,,,0.007,EU AA,compliant,indeterminate,unresolved_no_lod,True
C1,66,Quinoxyfen,0.0,True,,,2.7,EU MAC,compliant,indeterminate,unresolved_no_lod,True
C1,66,Terbutryn,0.0,True,,,0.34,EU MAC,compliant,indeterminate,unresolved_no_lod,True
C1,66,Thiacloprid,0.0,True,0.08682554171532375,0.28941847238441254,0.05,EU MAC,compliant,indeterminate,method_insufficient,True
C1,66,Triclosan,0.0,True,,,0.02,EU MAC,compliant,indeterminate,unresolved_no_lod,True
C1,66,Trifluralin,0.0,True,,,0.03,EU AA,compliant,indeterminate,unresolved_no_lod,True
C1,67,17-alpha-Estradiol,0.0,True,,,0.00018,EU AA,compliant,indeterminate,unresolved_no_lod,True
C1,67,17-alpha-Ethinylestradiol,0.0,True,,,1.7e-05,EU AA,compliant,indeterminate,unresolved_no_lod,True
C1,67,17-beta-Estradiol,0.0,True,,,0.00018,EU AA,compliant,indeterminate,unresolved_no_lod,True
C1,67,Acetamiprid,0.0,True,0.025237601919248082,0.08412533973082695,0.16,EU MAC,compliant,compliant,,False
C1,67,Aclonifen,0.15690950535143167,False,,,0.12,EU MAC,exceeding,exceeding,,False
C1,67,Anthracene,0.0,True,,,0.1,EU MAC,compliant,indeterminate,unresolved_no_lod,True
C1,67,Azithromycin,0.07014149237661355,False,,,0.18,EU MAC,compliant,compliant,,False
C1,67,Bifenox,0.0,True,,,0.04,EU MAC,compliant,indeterminate,unresolved_no_lod,True
C1,67,Bisphenol-A,0.0,True,,,130.0,EU MAC,compliant,indeterminate,unresolved_no_lod,True
C1,67,Chlorpyrifos,0.0,True,,,0.0026,EU MAC,compliant,indeterminate,unresolved_no_lod,True
C1,67,Clarithromycin,0.025724264797695556,False,,,0.13,EU MAC,compliant,compliant,,False
C1,67,Clothianidin,0.0,True,0.13583585498351416,0.45278618327838055,0.34,EU MAC,compliant,indeterminate,method_insufficient,True
C1,67,Cybutryne,0.0,True,,,0.016,EU MAC,compliant,indeterminate,unresolved_no_lod,True
C1,67,Cypermethrin,0.0,True,,,0.0006000000000000001,EU MAC,compliant,indeterminate,unresolved_no_lod,True
C1,67,Di(2- ethylhexyl)phthalate (DEHP),0.0,True,,,2.0,EU MAC,compliant,indeterminate,unresolved_no_lod,True
C1,67,Dichlorvos,0.0,True,,,0.0007,EU MAC,compliant,indeterminate,unresolved_no_lod,True
C1,67,Diuron,0.0,True,,,0.27,EU MAC,compliant,indeterminate,unresolved_no_lod,True
C1,67,Erythromycin,0.0,True,,,1.0,EU MAC,compliant,indeterminate,unresolved_no_lod,True
C1,67,Fluoranthene,0.0,True,,,0.12,EU MAC,compliant,indeterminate,unresolved_no_lod,True
C1,67,Hexachlorobenzene,0.0,True,,,8.0,EU MAC,compliant,indeterminate,unresolved_no_lod,True
C1,67,Imidacloprid,0.0,True,0.6194075722193858,2.0646919073979526,0.057,EU MAC,compliant,indeterminate,method_insufficient,True
C1,67,Isoproturon,0.0,True,,,1.0,EU MAC,compliant,indeterminate,unresolved_no_lod,True
C1,67,Pentachlorobenzene,0.0,True,,,0.007,EU AA,compliant,indeterminate,unresolved_no_lod,True
C1,67,Quinoxyfen,0.0,True,,,2.7,EU MAC,compliant,indeterminate,unresolved_no_lod,True
C1,67,Terbutryn,0.0,True,,,0.34,EU MAC,compliant,indeterminate,unresolved_no_lod,True
C1,67,Thiacloprid,0.0,True,0.08682554171532375,0.28941847238441254,0.05,EU MAC,compliant,indeterminate,method_insufficient,True
C1,67,Triclosan,0.0,True,,,0.02,EU MAC,compliant,indeterminate,unresolved_no_lod,True
C1,67,Trifluralin,0.0,True,,,0.03,EU AA,compliant,indeterminate,unresolved_no_lod,True
C1,68,17-alpha-Estradiol,0.0,True,,,0.00018,EU AA,compliant,indeterminate,unresolved_no_lod,True
C1,68,17-alpha-Ethinylestradiol,0.0,True,,,1.7e-05,EU AA,compliant,indeterminate,unresolved_no_lod,True
C1,68,17-beta-Estradiol,0.0,True,,,0.00018,EU AA,compliant,indeterminate,unresolved_no_lod,True
C1,68,Acetamiprid,0.0,True,0.025237601919248082,0.08412533973082695,0.16,EU MAC,compliant,compliant,,False
C1,68,Aclonifen,0.0,True,,,0.12,EU MAC,compliant,indeterminate,unresolved_no_lod,True
C1,68,Anthracene,28.654996374325354,False,,,0.1,EU MAC,exceeding,exceeding,,False
C1,68,Azithromycin,0.0,True,,,0.18,EU MAC,compliant,indeterminate,unresolved_no_lod,True
C1,68,Bifenox,0.0,True,,,0.04,EU MAC,compliant,indeterminate,unresolved_no_lod,True
C1,68,Bisphenol-A,0.0,True,,,130.0,EU MAC,compliant,indeterminate,unresolved_no_lod,True
C1,68,Chlorpyrifos,0.0,True,,,0.0026,EU MAC,compliant,indeterminate,unresolved_no_lod,True
C1,68,Clarithromycin,0.0,True,,,0.13,EU MAC,compliant,indeterminate,unresolved_no_lod,True
C1,68,Clothianidin,0.0,True,0.13583585498351416,0.45278618327838055,0.34,EU MAC,compliant,indeterminate,method_insufficient,True
C1,68,Cybutryne,0.0,True,,,0.016,EU MAC,compliant,indeterminate,unresolved_no_lod,True
C1,68,Cypermethrin,0.0,True,,,0.0006000000000000001,EU MAC,compliant,indeterminate,unresolved_no_lod,True
C1,68,Di(2- ethylhexyl)phthalate (DEHP),0.0,True,,,2.0,EU MAC,compliant,indeterminate,unresolved_no_lod,True
C1,68,Dichlorvos,0.0,True,,,0.0007,EU MAC,compliant,indeterminate,unresolved_no_lod,True
C1,68,Diuron,0.0,True,,,0.27,EU MAC,compliant,indeterminate,unresolved_no_lod,True
C1,68,Erythromycin,0.0,True,,,1.0,EU MAC,compliant,indeterminate,unresolved_no_lod,True
C1,68,Fluoranthene,0.0,True,,,0.12,EU MAC,compliant,indeterminate,unresolved_no_lod,True
C1,68,Hexachlorobenzene,0.0,True,,,8.0,EU MAC,compliant,indeterminate,unresolved_no_lod,True
C1,68,Imidacloprid,0.0,True,0.6194075722193858,2.0646919073979526,0.057,EU MAC,compliant,indeterminate,method_insufficient,True
C1,68,Isoproturon,0.0,True,,,1.0,EU MAC,compliant,indeterminate,unresolved_no_lod,True
C1,68,Pentachlorobenzene,0.0,True,,,0.007,EU AA,compliant,indeterminate,unresolved_no_lod,True
C1,68,Quinoxyfen,0.0,True,,,2.7,EU MAC,compliant,indeterminate,unresolved_no_lod,True
C1,68,Terbutryn,0.0,True,,,0.34,EU MAC,compliant,indeterminate,unresolved_no_lod,True
C1,68,Thiacloprid,0.0,True,0.08682554171532375,0.28941847238441254,0.05,EU MAC,compliant,indeterminate,method_insufficient,True
C1,68,Triclosan,0.0,True,,,0.02,EU MAC,compliant,indeterminate,unresolved_no_lod,True
C1,68,Trifluralin,0.0,True,,,0.03,EU AA,compliant,indeterminate,unresolved_no_lod,True
C1,69,17-alpha-Estradiol,0.0,True,,,0.00018,EU AA,compliant,indeterminate,unresolved_no_lod,True
C1,69,17-alpha-Ethinylestradiol,0.0,True,,,1.7e-05,EU AA,compliant,indeterminate,unresolved_no_lod,True
C1,69,17-beta-Estradiol,0.0,True,,,0.00018,EU AA,compliant,indeterminate,unresolved_no_lod,True
C1,69,Acetamiprid,0.0,True,0.025237601919248082,0.08412533973082695,0.16,EU MAC,compliant,compliant,,False
C1,69,Aclonifen,0.16096379732743366,False,,,0.12,EU MAC,exceeding,exceeding,,False
C1,69,Anthracene,0.0,True,,,0.1,EU MAC,compliant,indeterminate,unresolved_no_lod,True
C1,69,Azithromycin,2.0333873340554853,False,,,0.18,EU MAC,exceeding,exceeding,,False
C1,69,Bifenox,0.0,True,,,0.04,EU MAC,compliant,indeterminate,unresolved_no_lod,True
C1,69,Bisphenol-A,0.0,True,,,130.0,EU MAC,compliant,indeterminate,unresolved_no_lod,True
C1,69,Chlorpyrifos,0.0,True,,,0.0026,EU MAC,compliant,indeterminate,unresolved_no_lod,True
C1,69,Clarithromycin,0.220289343375444,False,,,0.13,EU MAC,exceeding,exceeding,,False
C1,69,Clothianidin,0.0,True,0.13583585498351416,0.45278618327838055,0.34,EU MAC,compliant,indeterminate,method_insufficient,True
C1,69,Cybutryne,0.0,True,,,0.016,EU MAC,compliant,indeterminate,unresolved_no_lod,True
C1,69,Cypermethrin,0.0,True,,,0.0006000000000000001,EU MAC,compliant,indeterminate,unresolved_no_lod,True
C1,69,Di(2- ethylhexyl)phthalate (DEHP),24.731415239325315,False,,,2.0,EU MAC,exceeding,exceeding,,False
C1,69,Dichlorvos,0.0,True,,,0.0007,EU MAC,compliant,indeterminate,unresolved_no_lod,True
C1,69,Diuron,0.0,True,,,0.27,EU MAC,compliant,indeterminate,unresolved_no_lod,True
C1,69,Erythromycin,0.0,True,,,1.0,EU MAC,compliant,indeterminate,unresolved_no_lod,True
C1,69,Fluoranthene,0.0,True,,,0.12,EU MAC,compliant,indeterminate,unresolved_no_lod,True
C1,69,Hexachlorobenzene,0.0,True,,,8.0,EU MAC,compliant,indeterminate,unresolved_no_lod,True
C1,69,Imidacloprid,0.7176922931325598,False,0.6194075722193858,2.0646919073979526,0.057,EU MAC,exceeding,indeterminate,method_insufficient,True
C1,69,Isoproturon,0.0,True,,,1.0,EU MAC,compliant,indeterminate,unresolved_no_lod,True
C1,69,Pentachlorobenzene,0.0,True,,,0.007,EU AA,compliant,indeterminate,unresolved_no_lod,True
C1,69,Quinoxyfen,0.0,True,,,2.7,EU MAC,compliant,indeterminate,unresolved_no_lod,True
C1,69,Terbutryn,0.0,True,,,0.34,EU MAC,compliant,indeterminate,unresolved_no_lod,True
C1,69,Thiacloprid,0.0,True,0.08682554171532375,0.28941847238441254,0.05,EU MAC,compliant,indeterminate,method_insufficient,True
C1,69,Triclosan,0.0,True,,,0.02,EU MAC,compliant,indeterminate,unresolved_no_lod,True
C1,69,Trifluralin,0.0,True,,,0.03,EU AA,compliant,indeterminate,unresolved_no_lod,True
C1,70,17-alpha-Estradiol,0.0,True,,,0.00018,EU AA,compliant,indeterminate,unresolved_no_lod,True
C1,70,17-alpha-Ethinylestradiol,0.0,True,,,1.7e-05,EU AA,compliant,indeterminate,unresolved_no_lod,True
C1,70,17-beta-Estradiol,0.0,True,,,0.00018,EU AA,compliant,indeterminate,unresolved_no_lod,True
C1,70,Acetamiprid,1.932673208455057,False,0.025237601919248082,0.08412533973082695,0.16,EU MAC,exceeding,exceeding,,False
C1,70,Aclonifen,0.12203448552885125,False,,,0.12,EU MAC,exceeding,exceeding,,False
C1,70,Anthracene,0.0,True,,,0.1,EU MAC,compliant,indeterminate,unresolved_no_lod,True
C1,70,Azithromycin,0.08566817872185373,False,,,0.18,EU MAC,compliant,compliant,,False
C1,70,Bifenox,0.0,True,,,0.04,EU MAC,compliant,indeterminate,unresolved_no_lod,True
C1,70,Bisphenol-A,0.0,True,,,130.0,EU MAC,compliant,indeterminate,unresolved_no_lod,True
C1,70,Chlorpyrifos,0.0,True,,,0.0026,EU MAC,compliant,indeterminate,unresolved_no_lod,True
C1,70,Clarithromycin,0.0,True,,,0.13,EU MAC,compliant,indeterminate,unresolved_no_lod,True
C1,70,Clothianidin,0.0,True,0.13583585498351416,0.45278618327838055,0.34,EU MAC,compliant,indeterminate,method_insufficient,True
C1,70,Cybutryne,0.0,True,,,0.016,EU MAC,compliant,indeterminate,unresolved_no_lod,True
C1,70,Cypermethrin,0.0,True,,,0.0006000000000000001,EU MAC,compliant,indeterminate,unresolved_no_lod,True
C1,70,Di(2- ethylhexyl)phthalate (DEHP),3.426882158512973,False,,,2.0,EU MAC,exceeding,exceeding,,False
C1,70,Dichlorvos,0.0,True,,,0.0007,EU MAC,compliant,indeterminate,unresolved_no_lod,True
C1,70,Diuron,0.0927830831836874,False,,,0.27,EU MAC,compliant,compliant,,False
C1,70,Erythromycin,0.0,True,,,1.0,EU MAC,compliant,indeterminate,unresolved_no_lod,True
C1,70,Fluoranthene,0.0,True,,,0.12,EU MAC,compliant,indeterminate,unresolved_no_lod,True
C1,70,Hexachlorobenzene,0.0,True,,,8.0,EU MAC,compliant,indeterminate,unresolved_no_lod,True
C1,70,Imidacloprid,0.0,True,0.6194075722193858,2.0646919073979526,0.057,EU MAC,compliant,indeterminate,method_insufficient,True
C1,70,Isoproturon,0.0,True,,,1.0,EU MAC,compliant,indeterminate,unresolved_no_lod,True
C1,70,Pentachlorobenzene,0.0,True,,,0.007,EU AA,compliant,indeterminate,unresolved_no_lod,True
C1,70,Quinoxyfen,0.0,True,,,2.7,EU MAC,compliant,indeterminate,unresolved_no_lod,True
C1,70,Terbutryn,0.0,True,,,0.34,EU MAC,compliant,indeterminate,unresolved_no_lod,True
C1,70,Thiacloprid,0.0,True,0.08682554171532375,0.28941847238441254,0.05,EU MAC,compliant,indeterminate,method_insufficient,True
C1,70,Triclosan,0.0,True,,,0.02,EU MAC,compliant,indeterminate,unresolved_no_lod,True
C1,70,Trifluralin,0.0,True,,,0.03,EU AA,compliant,indeterminate,unresolved_no_lod,True
C1,71,17-alpha-Estradiol,0.0,True,,,0.00018,EU AA,compliant,indeterminate,unresolved_no_lod,True
C1,71,17-alpha-Ethinylestradiol,0.0,True,,,1.7e-05,EU AA,compliant,indeterminate,unresolved_no_lod,True
C1,71,17-beta-Estradiol,0.0,True,,,0.00018,EU AA,compliant,indeterminate,unresolved_no_lod,True
C1,71,Acetamiprid,0.0,True,0.025237601919248082,0.08412533973082695,0.16,EU MAC,compliant,compliant,,False
C1,71,Aclonifen,0.0,True,,,0.12,EU MAC,compliant,indeterminate,unresolved_no_lod,True
C1,71,Anthracene,0.0,True,,,0.1,EU MAC,compliant,indeterminate,unresolved_no_lod,True
C1,71,Azithromycin,0.11120128332133652,False,,,0.18,EU MAC,compliant,compliant,,False
C1,71,Bifenox,0.0,True,,,0.04,EU MAC,compliant,indeterminate,unresolved_no_lod,True
C1,71,Bisphenol-A,0.0,True,,,130.0,EU MAC,compliant,indeterminate,unresolved_no_lod,True
C1,71,Chlorpyrifos,0.0,True,,,0.0026,EU MAC,compliant,indeterminate,unresolved_no_lod,True
C1,71,Clarithromycin,0.0,True,,,0.13,EU MAC,compliant,indeterminate,unresolved_no_lod,True
C1,71,Clothianidin,0.0,True,0.13583585498351416,0.45278618327838055,0.34,EU MAC,compliant,indeterminate,method_insufficient,True
C1,71,Cybutryne,0.0,True,,,0.016,EU MAC,compliant,indeterminate,unresolved_no_lod,True
C1,71,Cypermethrin,0.0,True,,,0.0006000000000000001,EU MAC,compliant,indeterminate,unresolved_no_lod,True
C1,71,Di(2- ethylhexyl)phthalate (DEHP),0.0,True,,,2.0,EU MAC,compliant,indeterminate,unresolved_no_lod,True
C1,71,Dichlorvos,0.0,True,,,0.0007,EU MAC,compliant,indeterminate,unresolved_no_lod,True
C1,71,Diuron,0.0,True,,,0.27,EU MAC,compliant,indeterminate,unresolved_no_lod,True
C1,71,Erythromycin,0.0,True,,,1.0,EU MAC,compliant,indeterminate,unresolved_no_lod,True
C1,71,Fluoranthene,0.0,True,,,0.12,EU MAC,compliant,indeterminate,unresolved_no_lod,True
C1,71,Hexachlorobenzene,0.0,True,,,8.0,EU MAC,compliant,indeterminate,unresolved_no_lod,True
C1,71,Imidacloprid,0.0,True,0.6194075722193858,2.0646919073979526,0.057,EU MAC,compliant,indeterminate,method_insufficient,True
C1,71,Isoproturon,0.0,True,,,1.0,EU MAC,compliant,indeterminate,unresolved_no_lod,True
C1,71,Pentachlorobenzene,0.0,True,,,0.007,EU AA,compliant,indeterminate,unresolved_no_lod,True
C1,71,Quinoxyfen,0.0,True,,,2.7,EU MAC,compliant,indeterminate,unresolved_no_lod,True
C1,71,Terbutryn,0.0,True,,,0.34,EU MAC,compliant,indeterminate,unresolved_no_lod,True
C1,71,Thiacloprid,0.0,True,0.08682554171532375,0.28941847238441254,0.05,EU MAC,compliant,indeterminate,method_insufficient,True
C1,71,Triclosan,0.0,True,,,0.02,EU MAC,compliant,indeterminate,unresolved_no_lod,True
C1,71,Trifluralin,0.0,True,,,0.03,EU AA,compliant,indeterminate,unresolved_no_lod,True
C1,72,17-alpha-Estradiol,0.0,True,,,0.00018,EU AA,compliant,indeterminate,unresolved_no_lod,True
C1,72,17-alpha-Ethinylestradiol,0.0,True,,,1.7e-05,EU AA,compliant,indeterminate,unresolved_no_lod,True
C1,72,17-beta-Estradiol,0.0,True,,,0.00018,EU AA,compliant,indeterminate,unresolved_no_lod,True
C1,72,Acetamiprid,0.12640934945654558,False,0.025237601919248082,0.08412533973082695,0.16,EU MAC,compliant,compliant,,False
C1,72,Aclonifen,0.0,True,,,0.12,EU MAC,compliant,indeterminate,unresolved_no_lod,True
C1,72,Anthracene,0.0,True,,,0.1,EU MAC,compliant,indeterminate,unresolved_no_lod,True
C1,72,Azithromycin,0.23200609317602502,False,,,0.18,EU MAC,exceeding,exceeding,,False
C1,72,Bifenox,0.0,True,,,0.04,EU MAC,compliant,indeterminate,unresolved_no_lod,True
C1,72,Bisphenol-A,0.0,True,,,130.0,EU MAC,compliant,indeterminate,unresolved_no_lod,True
C1,72,Chlorpyrifos,0.0,True,,,0.0026,EU MAC,compliant,indeterminate,unresolved_no_lod,True
C1,72,Clarithromycin,0.05887956186397499,False,,,0.13,EU MAC,compliant,compliant,,False
C1,72,Clothianidin,0.0,True,0.13583585498351416,0.45278618327838055,0.34,EU MAC,compliant,indeterminate,method_insufficient,True
C1,72,Cybutryne,0.0,True,,,0.016,EU MAC,compliant,indeterminate,unresolved_no_lod,True
C1,72,Cypermethrin,0.0,True,,,0.0006000000000000001,EU MAC,compliant,indeterminate,unresolved_no_lod,True
C1,72,Di(2- ethylhexyl)phthalate (DEHP),17.303964862022507,False,,,2.0,EU MAC,exceeding,exceeding,,False
C1,72,Dichlorvos,0.0,True,,,0.0007,EU MAC,compliant,indeterminate,unresolved_no_lod,True
C1,72,Diuron,0.37729863994332835,False,,,0.27,EU MAC,exceeding,exceeding,,False
C1,72,Erythromycin,0.0,True,,,1.0,EU MAC,compliant,indeterminate,unresolved_no_lod,True
C1,72,Fluoranthene,0.0,True,,,0.12,EU MAC,compliant,indeterminate,unresolved_no_lod,True
C1,72,Hexachlorobenzene,0.0,True,,,8.0,EU MAC,compliant,indeterminate,unresolved_no_lod,True
C1,72,Imidacloprid,0.0,True,0.6194075722193858,2.0646919073979526,0.057,EU MAC,compliant,indeterminate,method_insufficient,True
C1,72,Isoproturon,0.0,True,,,1.0,EU MAC,compliant,indeterminate,unresolved_no_lod,True
C1,72,Pentachlorobenzene,0.0,True,,,0.007,EU AA,compliant,indeterminate,unresolved_no_lod,True
C1,72,Quinoxyfen,0.0,True,,,2.7,EU MAC,compliant,indeterminate,unresolved_no_lod,True
C1,72,Terbutryn,0.00921891370183637,False,,,0.34,EU MAC,compliant,compliant,,False
C1,72,Thiacloprid,0.0,True,0.08682554171532375,0.28941847238441254,0.05,EU MAC,compliant,indeterminate,method_insufficient,True
C1,72,Triclosan,0.0,True,,,0.02,EU MAC,compliant,indeterminate,unresolved_no_lod,True
C1,72,Trifluralin,0.0,True,,,0.03,EU AA,compliant,indeterminate,unresolved_no_lod,True
C1,73,17-alpha-Estradiol,0.0,True,,,0.00018,EU AA,compliant,indeterminate,unresolved_no_lod,True
C1,73,17-alpha-Ethinylestradiol,0.0,True,,,1.7e-05,EU AA,compliant,indeterminate,unresolved_no_lod,True
C1,73,17-beta-Estradiol,0.0,True,,,0.00018,EU AA,compliant,indeterminate,unresolved_no_lod,True
C1,73,Acetamiprid,0.0,True,0.025237601919248082,0.08412533973082695,0.16,EU MAC,compliant,compliant,,False
C1,73,Aclonifen,0.0,True,,,0.12,EU MAC,compliant,indeterminate,unresolved_no_lod,True
C1,73,Anthracene,0.0,True,,,0.1,EU MAC,compliant,indeterminate,unresolved_no_lod,True
C1,73,Azithromycin,0.06940104678327733,False,,,0.18,EU MAC,compliant,compliant,,False
C1,73,Bifenox,0.0,True,,,0.04,EU MAC,compliant,indeterminate,unresolved_no_lod,True
C1,73,Bisphenol-A,0.0,True,,,130.0,EU MAC,compliant,indeterminate,unresolved_no_lod,True
C1,73,Chlorpyrifos,0.0,True,,,0.0026,EU MAC,compliant,indeterminate,unresolved_no_lod,True
C1,73,Clarithromycin,0.0,True,,,0.13,EU MAC,compliant,indeterminate,unresolved_no_lod,True
C1,73,Clothianidin,0.0,True,0.13583585498351416,0.45278618327838055,0.34,EU MAC,compliant,indeterminate,method_insufficient,True
C1,73,Cybutryne,0.0,True,,,0.016,EU MAC,compliant,indeterminate,unresolved_no_lod,True
C1,73,Cypermethrin,0.0,True,,,0.0006000000000000001,EU MAC,compliant,indeterminate,unresolved_no_lod,True
C1,73,Di(2- ethylhexyl)phthalate (DEHP),4.1650402737279215,False,,,2.0,EU MAC,exceeding,exceeding,,False
C1,73,Dichlorvos,0.0,True,,,0.0007,EU MAC,compliant,indeterminate,unresolved_no_lod,True
C1,73,Diuron,0.0,True,,,0.27,EU MAC,compliant,indeterminate,unresolved_no_lod,True
C1,73,Erythromycin,0.0,True,,,1.0,EU MAC,compliant,indeterminate,unresolved_no_lod,True
C1,73,Fluoranthene,0.0,True,,,0.12,EU MAC,compliant,indeterminate,unresolved_no_lod,True
C1,73,Hexachlorobenzene,0.0,True,,,8.0,EU MAC,compliant,indeterminate,unresolved_no_lod,True
C1,73,Imidacloprid,0.0,True,0.6194075722193858,2.0646919073979526,0.057,EU MAC,compliant,indeterminate,method_insufficient,True
C1,73,Isoproturon,0.0,True,,,1.0,EU MAC,compliant,indeterminate,unresolved_no_lod,True
C1,73,Pentachlorobenzene,0.0,True,,,0.007,EU AA,compliant,indeterminate,unresolved_no_lod,True
C1,73,Quinoxyfen,0.0,True,,,2.7,EU MAC,compliant,indeterminate,unresolved_no_lod,True
C1,73,Terbutryn,0.0,True,,,0.34,EU MAC,compliant,indeterminate,unresolved_no_lod,True
C1,73,Thiacloprid,0.0,True,0.08682554171532375,0.28941847238441254,0.05,EU MAC,compliant,indeterminate,method_insufficient,True
C1,73,Triclosan,0.0,True,,,0.02,EU MAC,compliant,indeterminate,unresolved_no_lod,True
C1,73,Trifluralin,0.0,True,,,0.03,EU AA,compliant,indeterminate,unresolved_no_lod,True
C1,74,17-alpha-Estradiol,0.0,True,,,0.00018,EU AA,compliant,indeterminate,unresolved_no_lod,True
C1,74,17-alpha-Ethinylestradiol,0.0,True,,,1.7e-05,EU AA,compliant,indeterminate,unresolved_no_lod,True
C1,74,17-beta-Estradiol,0.0,True,,,0.00018,EU AA,compliant,indeterminate,unresolved_no_lod,True
C1,74,Acetamiprid,0.06554227703710898,False,0.025237601919248082,0.08412533973082695,0.16,EU MAC,compliant,compliant,,False
C1,74,Aclonifen,0.24301418029641025,False,,,0.12,EU MAC,exceeding,exceeding,,False
C1,74,Anthracene,0.0,True,,,0.1,EU MAC,compliant,indeterminate,unresolved_no_lod,True
C1,74,Azithromycin,0.18914581925945415,False,,,0.18,EU MAC,exceeding,exceeding,,False
C1,74,Bifenox,0.0,True,,,0.04,EU MAC,compliant,indeterminate,unresolved_no_lod,True
C1,74,Bisphenol-A,0.0,True,,,130.0,EU MAC,compliant,indeterminate,unresolved_no_lod,True
C1,74,Chlorpyrifos,0.0,True,,,0.0026,EU MAC,compliant,indeterminate,unresolved_no_lod,True
C1,74,Clarithromycin,0.7213577718739919,False,,,0.13,EU MAC,exceeding,exceeding,,False
C1,74,Clothianidin,0.0,True,0.13583585498351416,0.45278618327838055,0.34,EU MAC,compliant,indeterminate,method_insufficient,True
C1,74,Cybutryne,0.0,True,,,0.016,EU MAC,compliant,indeterminate,unresolved_no_lod,True
C1,74,Cypermethrin,0.0,True,,,0.0006000000000000001,EU MAC,compliant,indeterminate,unresolved_no_lod,True
C1,74,Di(2- ethylhexyl)phthalate (DEHP),7.879755786310621,False,,,2.0,EU MAC,exceeding,exceeding,,False
C1,74,Dichlorvos,0.0,True,,,0.0007,EU MAC,compliant,indeterminate,unresolved_no_lod,True
C1,74,Diuron,0.0,True,,,0.27,EU MAC,compliant,indeterminate,unresolved_no_lod,True
C1,74,Erythromycin,0.0,True,,,1.0,EU MAC,compliant,indeterminate,unresolved_no_lod,True
C1,74,Fluoranthene,0.0,True,,,0.12,EU MAC,compliant,indeterminate,unresolved_no_lod,True
C1,74,Hexachlorobenzene,0.0,True,,,8.0,EU MAC,compliant,indeterminate,unresolved_no_lod,True
C1,74,Imidacloprid,0.0,True,0.6194075722193858,2.0646919073979526,0.057,EU MAC,compliant,indeterminate,method_insufficient,True
C1,74,Isoproturon,0.0,True,,,1.0,EU MAC,compliant,indeterminate,unresolved_no_lod,True
C1,74,Pentachlorobenzene,0.0,True,,,0.007,EU AA,compliant,indeterminate,unresolved_no_lod,True
C1,74,Quinoxyfen,0.0,True,,,2.7,EU MAC,compliant,indeterminate,unresolved_no_lod,True
C1,74,Terbutryn,0.0038368370108746042,False,,,0.34,EU MAC,compliant,compliant,,False
C1,74,Thiacloprid,0.0,True,0.08682554171532375,0.28941847238441254,0.05,EU MAC,compliant,indeterminate,method_insufficient,True
C1,74,Triclosan,0.0,True,,,0.02,EU MAC,compliant,indeterminate,unresolved_no_lod,True
C1,74,Trifluralin,0.0,True,,,0.03,EU AA,compliant,indeterminate,unresolved_no_lod,True
C1,75,17-alpha-Estradiol,0.0,True,,,0.00018,EU AA,compliant,indeterminate,unresolved_no_lod,True
C1,75,17-alpha-Ethinylestradiol,0.0,True,,,1.7e-05,EU AA,compliant,indeterminate,unresolved_no_lod,True
C1,75,17-beta-Estradiol,0.0,True,,,0.00018,EU AA,compliant,indeterminate,unresolved_no_lod,True
C1,75,Acetamiprid,0.03361180448296275,False,0.025237601919248082,0.08412533973082695,0.16,EU MAC,compliant,compliant,,False
C1,75,Aclonifen,0.06285600131105452,False,,,0.12,EU MAC,compliant,compliant,,False
C1,75,Anthracene,0.0,True,,,0.1,EU MAC,compliant,indeterminate,unresolved_no_lod,True
C1,75,Azithromycin,0.0,True,,,0.18,EU MAC,compliant,indeterminate,unresolved_no_lod,True
C1,75,Bifenox,0.0,True,,,0.04,EU MAC,compliant,indeterminate,unresolved_no_lod,True
C1,75,Bisphenol-A,0.0,True,,,130.0,EU MAC,compliant,indeterminate,unresolved_no_lod,True
C1,75,Chlorpyrifos,0.0,True,,,0.0026,EU MAC,compliant,indeterminate,unresolved_no_lod,True
C1,75,Clarithromycin,0.0,True,,,0.13,EU MAC,compliant,indeterminate,unresolved_no_lod,True
C1,75,Clothianidin,0.0,True,0.13583585498351416,0.45278618327838055,0.34,EU MAC,compliant,indeterminate,method_insufficient,True
C1,75,Cybutryne,0.0,True,,,0.016,EU MAC,compliant,indeterminate,unresolved_no_lod,True
C1,75,Cypermethrin,0.0,True,,,0.0006000000000000001,EU MAC,compliant,indeterminate,unresolved_no_lod,True
C1,75,Di(2- ethylhexyl)phthalate (DEHP),9.320772948301173,False,,,2.0,EU MAC,exceeding,exceeding,,False
C1,75,Dichlorvos,0.0,True,,,0.0007,EU MAC,compliant,indeterminate,unresolved_no_lod,True
C1,75,Diuron,0.0,True,,,0.27,EU MAC,compliant,indeterminate,unresolved_no_lod,True
C1,75,Erythromycin,0.0,True,,,1.0,EU MAC,compliant,indeterminate,unresolved_no_lod,True
C1,75,Fluoranthene,0.0,True,,,0.12,EU MAC,compliant,indeterminate,unresolved_no_lod,True
C1,75,Hexachlorobenzene,0.0,True,,,8.0,EU MAC,compliant,indeterminate,unresolved_no_lod,True
C1,75,Imidacloprid,0.0,True,0.6194075722193858,2.0646919073979526,0.057,EU MAC,compliant,indeterminate,method_insufficient,True
C1,75,Isoproturon,0.0,True,,,1.0,EU MAC,compliant,indeterminate,unresolved_no_lod,True
C1,75,Pentachlorobenzene,0.0,True,,,0.007,EU AA,compliant,indeterminate,unresolved_no_lod,True
C1,75,Quinoxyfen,0.0,True,,,2.7,EU MAC,compliant,indeterminate,unresolved_no_lod,True
C1,75,Terbutryn,0.0,True,,,0.34,EU MAC,compliant,indeterminate,unresolved_no_lod,True
C1,75,Thiacloprid,0.0,True,0.08682554171532375,0.28941847238441254,0.05,EU MAC,compliant,indeterminate,method_insufficient,True
C1,75,Triclosan,0.0,True,,,0.02,EU MAC,compliant,indeterminate,unresolved_no_lod,True
C1,75,Trifluralin,0.0,True,,,0.03,EU AA,compliant,indeterminate,unresolved_no_lod,True
C2,1,17-alpha-Estradiol,0.0,True,,,0.00018,EU AA,compliant,indeterminate,unresolved_no_lod,True
C2,1,17-alpha-Ethinylestradiol,0.0,True,,,1.7e-05,EU AA,compliant,indeterminate,unresolved_no_lod,True
C2,1,17-beta-Estradiol,0.0,True,,,0.00018,EU AA,compliant,indeterminate,unresolved_no_lod,True
C2,1,Acetamiprid,0.0,True,0.025237601919248082,0.08412533973082695,0.16,EU MAC,compliant,compliant,,False
C2,1,Aclonifen,0.0,True,,,0.12,EU MAC,compliant,indeterminate,unresolved_no_lod,True
C2,1,Anthracene,0.0,True,,,0.1,EU MAC,compliant,indeterminate,unresolved_no_lod,True
C2,1,Azithromycin,0.0,True,,,0.18,EU MAC,compliant,indeterminate,unresolved_no_lod,True
C2,1,Bifenox,0.0,True,,,0.04,EU MAC,compliant,indeterminate,unresolved_no_lod,True
C2,1,Bisphenol-A,0.0,True,,,130.0,EU MAC,compliant,indeterminate,unresolved_no_lod,True
C2,1,Chlorpyrifos,0.0,True,,,0.0026,EU MAC,compliant,indeterminate,unresolved_no_lod,True
C2,1,Clarithromycin,0.0,True,,,0.13,EU MAC,compliant,indeterminate,unresolved_no_lod,True
C2,1,Clothianidin,0.0,True,0.13583585498351416,0.45278618327838055,0.34,EU MAC,compliant,indeterminate,method_insufficient,True
C2,1,Cybutryne,0.0,True,,,0.016,EU MAC,compliant,indeterminate,unresolved_no_lod,True
C2,1,Cypermethrin,0.0,True,,,0.0006000000000000001,EU MAC,compliant,indeterminate,unresolved_no_lod,True
C2,1,Di(2- ethylhexyl)phthalate (DEHP),21.09143451660478,False,,,2.0,EU MAC,exceeding,exceeding,,False
C2,1,Dichlorvos,0.0,True,,,0.0007,EU MAC,compliant,indeterminate,unresolved_no_lod,True
C2,1,Diuron,0.0,True,,,0.27,EU MAC,compliant,indeterminate,unresolved_no_lod,True
C2,1,Erythromycin,0.0,True,,,1.0,EU MAC,compliant,indeterminate,unresolved_no_lod,True
C2,1,Fluoranthene,0.0,True,,,0.12,EU MAC,compliant,indeterminate,unresolved_no_lod,True
C2,1,Hexachlorobenzene,0.0,True,,,8.0,EU MAC,compliant,indeterminate,unresolved_no_lod,True
C2,1,Imidacloprid,0.0,True,0.6194075722193858,2.0646919073979526,0.057,EU MAC,compliant,indeterminate,method_insufficient,True
C2,1,Isoproturon,0.0,True,,,1.0,EU MAC,compliant,indeterminate,unresolved_no_lod,True
C2,1,Pentachlorobenzene,0.0,True,,,0.007,EU AA,compliant,indeterminate,unresolved_no_lod,True
C2,1,Quinoxyfen,0.0,True,,,2.7,EU MAC,compliant,indeterminate,unresolved_no_lod,True
C2,1,Terbutryn,0.0,True,,,0.34,EU MAC,compliant,indeterminate,unresolved_no_lod,True
C2,1,Thiacloprid,0.0,True,0.08682554171532375,0.28941847238441254,0.05,EU MAC,compliant,indeterminate,method_insufficient,True
C2,1,Triclosan,0.0,True,,,0.02,EU MAC,compliant,indeterminate,unresolved_no_lod,True
C2,1,Trifluralin,0.0,True,,,0.03,EU AA,compliant,indeterminate,unresolved_no_lod,True
C2,2,17-alpha-Estradiol,0.0,True,,,0.00018,EU AA,compliant,indeterminate,unresolved_no_lod,True
C2,2,17-alpha-Ethinylestradiol,0.0,True,,,1.7e-05,EU AA,compliant,indeterminate,unresolved_no_lod,True
C2,2,17-beta-Estradiol,0.0,True,,,0.00018,EU AA,compliant,indeterminate,unresolved_no_lod,True
C2,2,Acetamiprid,0.0,True,0.025237601919248082,0.08412533973082695,0.16,EU MAC,compliant,compliant,,False
C2,2,Aclonifen,0.0,True,,,0.12,EU MAC,compliant,indeterminate,unresolved_no_lod,True
C2,2,Anthracene,0.0,True,,,0.1,EU MAC,compliant,indeterminate,unresolved_no_lod,True
C2,2,Azithromycin,0.0,True,,,0.18,EU MAC,compliant,indeterminate,unresolved_no_lod,True
C2,2,Bifenox,0.0,True,,,0.04,EU MAC,compliant,indeterminate,unresolved_no_lod,True
C2,2,Bisphenol-A,0.0,True,,,130.0,EU MAC,compliant,indeterminate,unresolved_no_lod,True
C2,2,Chlorpyrifos,0.1947515199038888,False,,,0.0026,EU MAC,exceeding,exceeding,,False
C2,2,Clarithromycin,0.0,True,,,0.13,EU MAC,compliant,indeterminate,unresolved_no_lod,True
C2,2,Clothianidin,0.0,True,0.13583585498351416,0.45278618327838055,0.34,EU MAC,compliant,indeterminate,method_insufficient,True
C2,2,Cybutryne,0.0,True,,,0.016,EU MAC,compliant,indeterminate,unresolved_no_lod,True
C2,2,Cypermethrin,0.0,True,,,0.0006000000000000001,EU MAC,compliant,indeterminate,unresolved_no_lod,True
C2,2,Di(2- ethylhexyl)phthalate (DEHP),18.413884711417225,False,,,2.0,EU MAC,exceeding,exceeding,,False
C2,2,Dichlorvos,0.0,True,,,0.0007,EU MAC,compliant,indeterminate,unresolved_no_lod,True
C2,2,Diuron,0.0,True,,,0.27,EU MAC,compliant,indeterminate,unresolved_no_lod,True
C2,2,Erythromycin,0.0,True,,,1.0,EU MAC,compliant,indeterminate,unresolved_no_lod,True
C2,2,Fluoranthene,0.0,True,,,0.12,EU MAC,compliant,indeterminate,unresolved_no_lod,True
C2,2,Hexachlorobenzene,0.0,True,,,8.0,EU MAC,compliant,indeterminate,unresolved_no_lod,True
C2,2,Imidacloprid,0.0,True,0.6194075722193858,2.0646919073979526,0.057,EU MAC,compliant,indeterminate,method_insufficient,True
C2,2,Isoproturon,0.0,True,,,1.0,EU MAC,compliant,indeterminate,unresolved_no_lod,True
C2,2,Pentachlorobenzene,0.0,True,,,0.007,EU AA,compliant,indeterminate,unresolved_no_lod,True
C2,2,Quinoxyfen,0.0,True,,,2.7,EU MAC,compliant,indeterminate,unresolved_no_lod,True
C2,2,Terbutryn,0.0,True,,,0.34,EU MAC,compliant,indeterminate,unresolved_no_lod,True
C2,2,Thiacloprid,0.0,True,0.08682554171532375,0.28941847238441254,0.05,EU MAC,compliant,indeterminate,method_insufficient,True
C2,2,Triclosan,0.0,True,,,0.02,EU MAC,compliant,indeterminate,unresolved_no_lod,True
C2,2,Trifluralin,0.0,True,,,0.03,EU AA,compliant,indeterminate,unresolved_no_lod,True
C2,3,17-alpha-Estradiol,0.0,True,,,0.00018,EU AA,compliant,indeterminate,unresolved_no_lod,True
C2,3,17-alpha-Ethinylestradiol,0.0,True,,,1.7e-05,EU AA,compliant,indeterminate,unresolved_no_lod,True
C2,3,17-beta-Estradiol,0.0,True,,,0.00018,EU AA,compliant,indeterminate,unresolved_no_lod,True
C2,3,Acetamiprid,0.17397438251816588,False,0.025237601919248082,0.08412533973082695,0.16,EU MAC,exceeding,exceeding,,False
C2,3,Aclonifen,0.0,True,,,0.12,EU MAC,compliant,indeterminate,unresolved_no_lod,True
C2,3,Anthracene,0.0,True,,,0.1,EU MAC,compliant,indeterminate,unresolved_no_lod,True
C2,3,Azithromycin,0.0,True,,,0.18,EU MAC,compliant,indeterminate,unresolved_no_lod,True
C2,3,Bifenox,0.0,True,,,0.04,EU MAC,compliant,indeterminate,unresolved_no_lod,True
C2,3,Bisphenol-A,0.0,True,,,130.0,EU MAC,compliant,indeterminate,unresolved_no_lod,True
C2,3,Chlorpyrifos,0.0,True,,,0.0026,EU MAC,compliant,indeterminate,unresolved_no_lod,True
C2,3,Clarithromycin,0.219144,False,,,0.13,EU MAC,exceeding,exceeding,,False
C2,3,Clothianidin,0.0,True,0.13583585498351416,0.45278618327838055,0.34,EU MAC,compliant,indeterminate,method_insufficient,True
C2,3,Cybutryne,0.0,True,,,0.016,EU MAC,compliant,indeterminate,unresolved_no_lod,True
C2,3,Cypermethrin,0.0,True,,,0.0006000000000000001,EU MAC,compliant,indeterminate,unresolved_no_lod,True
C2,3,Di(2- ethylhexyl)phthalate (DEHP),0.0,True,,,2.0,EU MAC,compliant,indeterminate,unresolved_no_lod,True
C2,3,Dichlorvos,0.0,True,,,0.0007,EU MAC,compliant,indeterminate,unresolved_no_lod,True
C2,3,Diuron,0.348344,False,,,0.27,EU MAC,exceeding,exceeding,,False
C2,3,Erythromycin,0.0,True,,,1.0,EU MAC,compliant,indeterminate,unresolved_no_lod,True
C2,3,Fluoranthene,0.0,True,,,0.12,EU MAC,compliant,indeterminate,unresolved_no_lod,True
C2,3,Hexachlorobenzene,0.0,True,,,8.0,EU MAC,compliant,indeterminate,unresolved_no_lod,True
C2,3,Imidacloprid,0.0,True,0.6194075722193858,2.0646919073979526,0.057,EU MAC,compliant,indeterminate,method_insufficient,True
C2,3,Isoproturon,0.0,True,,,1.0,EU MAC,compliant,indeterminate,unresolved_no_lod,True
C2,3,Pentachlorobenzene,0.0,True,,,0.007,EU AA,compliant,indeterminate,unresolved_no_lod,True
C2,3,Quinoxyfen,0.0,True,,,2.7,EU MAC,compliant,indeterminate,unresolved_no_lod,True
C2,3,Terbutryn,0.0,True,,,0.34,EU MAC,compliant,indeterminate,unresolved_no_lod,True
C2,3,Thiacloprid,0.0,True,0.08682554171532375,0.28941847238441254,0.05,EU MAC,compliant,indeterminate,method_insufficient,True
C2,3,Triclosan,0.0,True,,,0.02,EU MAC,compliant,indeterminate,unresolved_no_lod,True
C2,3,Trifluralin,0.0,True,,,0.03,EU AA,compliant,indeterminate,unresolved_no_lod,True
C2,4,17-alpha-Estradiol,0.0,True,,,0.00018,EU AA,compliant,indeterminate,unresolved_no_lod,True
C2,4,17-alpha-Ethinylestradiol,0.0,True,,,1.7e-05,EU AA,compliant,indeterminate,unresolved_no_lod,True
C2,4,17-beta-Estradiol,0.0,True,,,0.00018,EU AA,compliant,indeterminate,unresolved_no_lod,True
C2,4,Acetamiprid,0.09922363752168804,False,0.025237601919248082,0.08412533973082695,0.16,EU MAC,compliant,compliant,,False
C2,4,Aclonifen,0.0,True,,,0.12,EU MAC,compliant,indeterminate,unresolved_no_lod,True
C2,4,Anthracene,0.0,True,,,0.1,EU MAC,compliant,indeterminate,unresolved_no_lod,True
C2,4,Azithromycin,0.0,True,,,0.18,EU MAC,compliant,indeterminate,unresolved_no_lod,True
C2,4,Bifenox,0.0,True,,,0.04,EU MAC,compliant,indeterminate,unresolved_no_lod,True
C2,4,Bisphenol-A,0.0,True,,,130.0,EU MAC,compliant,indeterminate,unresolved_no_lod,True
C2,4,Chlorpyrifos,0.2994433665808218,False,,,0.0026,EU MAC,exceeding,exceeding,,False
C2,4,Clarithromycin,0.285996,False,,,0.13,EU MAC,exceeding,exceeding,,False
C2,4,Clothianidin,0.0,True,0.13583585498351416,0.45278618327838055,0.34,EU MAC,compliant,indeterminate,method_insufficient,True
C2,4,Cybutryne,0.0,True,,,0.016,EU MAC,compliant,indeterminate,unresolved_no_lod,True
C2,4,Cypermethrin,0.0,True,,,0.0006000000000000001,EU MAC,compliant,indeterminate,unresolved_no_lod,True
C2,4,Di(2- ethylhexyl)phthalate (DEHP),6.876630762855843,False,,,2.0,EU MAC,exceeding,exceeding,,False
C2,4,Dichlorvos,0.1962413108813593,False,,,0.0007,EU MAC,exceeding,exceeding,,False
C2,4,Diuron,0.723333,False,,,0.27,EU MAC,exceeding,exceeding,,False
C2,4,Erythromycin,0.0,True,,,1.0,EU MAC,compliant,indeterminate,unresolved_no_lod,True
C2,4,Fluoranthene,0.0,True,,,0.12,EU MAC,compliant,indeterminate,unresolved_no_lod,True
C2,4,Hexachlorobenzene,0.0,True,,,8.0,EU MAC,compliant,indeterminate,unresolved_no_lod,True
C2,4,Imidacloprid,0.0,True,0.6194075722193858,2.0646919073979526,0.057,EU MAC,compliant,indeterminate,method_insufficient,True
C2,4,Isoproturon,0.0,True,,,1.0,EU MAC,compliant,indeterminate,unresolved_no_lod,True
C2,4,Pentachlorobenzene,0.0,True,,,0.007,EU AA,compliant,indeterminate,unresolved_no_lod,True
C2,4,Quinoxyfen,0.0,True,,,2.7,EU MAC,compliant,indeterminate,unresolved_no_lod,True
C2,4,Terbutryn,0.0,True,,,0.34,EU MAC,compliant,indeterminate,unresolved_no_lod,True
C2,4,Thiacloprid,0.0,True,0.08682554171532375,0.28941847238441254,0.05,EU MAC,compliant,indeterminate,method_insufficient,True
C2,4,Triclosan,0.0,True,,,0.02,EU MAC,compliant,indeterminate,unresolved_no_lod,True
C2,4,Trifluralin,0.0,True,,,0.03,EU AA,compliant,indeterminate,unresolved_no_lod,True
C2,5,17-alpha-Estradiol,0.0,True,,,0.00018,EU AA,compliant,indeterminate,unresolved_no_lod,True
C2,5,17-alpha-Ethinylestradiol,0.0,True,,,1.7e-05,EU AA,compliant,indeterminate,unresolved_no_lod,True
C2,5,17-beta-Estradiol,0.0,True,,,0.00018,EU AA,compliant,indeterminate,unresolved_no_lod,True
C2,5,Acetamiprid,0.4141504381222065,False,0.025237601919248082,0.08412533973082695,0.16,EU MAC,exceeding,exceeding,,False
C2,5,Aclonifen,0.0,True,,,0.12,EU MAC,compliant,indeterminate,unresolved_no_lod,True
C2,5,Anthracene,309.0227156617198,False,,,0.1,EU MAC,exceeding,exceeding,,False
C2,5,Azithromycin,0.0,True,,,0.18,EU MAC,compliant,indeterminate,unresolved_no_lod,True
C2,5,Bifenox,0.0,True,,,0.04,EU MAC,compliant,indeterminate,unresolved_no_lod,True
C2,5,Bisphenol-A,0.0,True,,,130.0,EU MAC,compliant,indeterminate,unresolved_no_lod,True
C2,5,Chlorpyrifos,0.0,True,,,0.0026,EU MAC,compliant,indeterminate,unresolved_no_lod,True
C2,5,Clarithromycin,0.126278,False,,,0.13,EU MAC,compliant,compliant,,False
C2,5,Clothianidin,0.0,True,0.13583585498351416,0.45278618327838055,0.34,EU MAC,compliant,indeterminate,method_insufficient,True
C2,5,Cybutryne,0.0,True,,,0.016,EU MAC,compliant,indeterminate,unresolved_no_lod,True
C2,5,Cypermethrin,0.0,True,,,0.0006000000000000001,EU MAC,compliant,indeterminate,unresolved_no_lod,True
C2,5,Di(2- ethylhexyl)phthalate (DEHP),0.0,True,,,2.0,EU MAC,compliant,indeterminate,unresolved_no_lod,True
C2,5,Dichlorvos,0.0,True,,,0.0007,EU MAC,compliant,indeterminate,unresolved_no_lod,True
C2,5,Diuron,0.796688,False,,,0.27,EU MAC,exceeding,exceeding,,False
C2,5,Erythromycin,0.0,True,,,1.0,EU MAC,compliant,indeterminate,unresolved_no_lod,True
C2,5,Fluoranthene,0.0,True,,,0.12,EU MAC,compliant,indeterminate,unresolved_no_lod,True
C2,5,Hexachlorobenzene,0.0,True,,,8.0,EU MAC,compliant,indeterminate,unresolved_no_lod,True
C2,5,Imidacloprid,0.0,True,0.6194075722193858,2.0646919073979526,0.057,EU MAC,compliant,indeterminate,method_insufficient,True
C2,5,Isoproturon,0.0,True,,,1.0,EU MAC,compliant,indeterminate,unresolved_no_lod,True
C2,5,Pentachlorobenzene,0.0,True,,,0.007,EU AA,compliant,indeterminate,unresolved_no_lod,True
C2,5,Quinoxyfen,0.0,True,,,2.7,EU MAC,compliant,indeterminate,unresolved_no_lod,True
C2,5,Terbutryn,0.008054683456844102,False,,,0.34,EU MAC,compliant,compliant,,False
C2,5,Thiacloprid,0.0,True,0.08682554171532375,0.28941847238441254,0.05,EU MAC,compliant,indeterminate,method_insufficient,True
C2,5,Triclosan,0.0,True,,,0.02,EU MAC,compliant,indeterminate,unresolved_no_lod,True
C2,5,Trifluralin,0.0,True,,,0.03,EU AA,compliant,indeterminate,unresolved_no_lod,True
C2,6,17-alpha-Estradiol,0.0,True,,,0.00018,EU AA,compliant,indeterminate,unresolved_no_lod,True
C2,6,17-alpha-Ethinylestradiol,0.0,True,,,1.7e-05,EU AA,compliant,indeterminate,unresolved_no_lod,True
C2,6,17-beta-Estradiol,0.0,True,,,0.00018,EU AA,compliant,indeterminate,unresolved_no_lod,True
C2,6,Acetamiprid,0.11170785658870337,False,0.025237601919248082,0.08412533973082695,0.16,EU MAC,compliant,compliant,,False
C2,6,Aclonifen,0.134471,False,,,0.12,EU MAC,exceeding,exceeding,,False
C2,6,Anthracene,0.0,True,,,0.1,EU MAC,compliant,indeterminate,unresolved_no_lod,True
C2,6,Azithromycin,0.0,True,,,0.18,EU MAC,compliant,indeterminate,unresolved_no_lod,True
C2,6,Bifenox,0.0,True,,,0.04,EU MAC,compliant,indeterminate,unresolved_no_lod,True
C2,6,Bisphenol-A,0.0,True,,,130.0,EU MAC,compliant,indeterminate,unresolved_no_lod,True
C2,6,Chlorpyrifos,0.0,True,,,0.0026,EU MAC,compliant,indeterminate,unresolved_no_lod,True
C2,6,Clarithromycin,0.0,True,,,0.13,EU MAC,compliant,indeterminate,unresolved_no_lod,True
C2,6,Clothianidin,0.0,True,0.13583585498351416,0.45278618327838055,0.34,EU MAC,compliant,indeterminate,method_insufficient,True
C2,6,Cybutryne,0.0,True,,,0.016,EU MAC,compliant,indeterminate,unresolved_no_lod,True
C2,6,Cypermethrin,0.0,True,,,0.0006000000000000001,EU MAC,compliant,indeterminate,unresolved_no_lod,True
C2,6,Di(2- ethylhexyl)phthalate (DEHP),9.328459808516989,False,,,2.0,EU MAC,exceeding,exceeding,,False
C2,6,Dichlorvos,0.0,True,,,0.0007,EU MAC,compliant,indeterminate,unresolved_no_lod,True
C2,6,Diuron,1.175313,False,,,0.27,EU MAC,exceeding,exceeding,,False
C2,6,Erythromycin,0.0,True,,,1.0,EU MAC,compliant,indeterminate,unresolved_no_lod,True
C2,6,Fluoranthene,0.0,True,,,0.12,EU MAC,compliant,indeterminate,unresolved_no_lod,True
C2,6,Hexachlorobenzene,0.0,True,,,8.0,EU MAC,compliant,indeterminate,unresolved_no_lod,True
C2,6,Imidacloprid,0.0,True,0.6194075722193858,2.0646919073979526,0.057,EU MAC,compliant,indeterminate,method_insufficient,True
C2,6,Isoproturon,0.0,True,,,1.0,EU MAC,compliant,indeterminate,unresolved_no_lod,True
C2,6,Pentachlorobenzene,0.0,True,,,0.007,EU AA,compliant,indeterminate,unresolved_no_lod,True
C2,6,Quinoxyfen,0.0,True,,,2.7,EU MAC,compliant,indeterminate,unresolved_no_lod,True
C2,6,Terbutryn,0.0,True,,,0.34,EU MAC,compliant,indeterminate,unresolved_no_lod,True
C2,6,Thiacloprid,0.0,True,0.08682554171532375,0.28941847238441254,0.05,EU MAC,compliant,indeterminate,method_insufficient,True
C2,6,Triclosan,0.0,True,,,0.02,EU MAC,compliant,indeterminate,unresolved_no_lod,True
C2,6,Trifluralin,0.0,True,,,0.03,EU AA,compliant,indeterminate,unresolved_no_lod,True
C2,7,17-alpha-Estradiol,0.0,True,,,0.00018,EU AA,compliant,indeterminate,unresolved_no_lod,True
C2,7,17-alpha-Ethinylestradiol,0.0,True,,,1.7e-05,EU AA,compliant,indeterminate,unresolved_no_lod,True
C2,7,17-beta-Estradiol,0.0,True,,,0.00018,EU AA,compliant,indeterminate,unresolved_no_lod,True
C2,7,Acetamiprid,0.0,True,0.025237601919248082,0.08412533973082695,0.16,EU MAC,compliant,compliant,,False
C2,7,Aclonifen,0.0,True,,,0.12,EU MAC,compliant,indeterminate,unresolved_no_lod,True
C2,7,Anthracene,0.0,True,,,0.1,EU MAC,compliant,indeterminate,unresolved_no_lod,True
C2,7,Azithromycin,0.0,True,,,0.18,EU MAC,compliant,indeterminate,unresolved_no_lod,True
C2,7,Bifenox,0.0,True,,,0.04,EU MAC,compliant,indeterminate,unresolved_no_lod,True
C2,7,Bisphenol-A,0.0,True,,,130.0,EU MAC,compliant,indeterminate,unresolved_no_lod,True
C2,7,Chlorpyrifos,0.2505972912018092,False,,,0.0026,EU MAC,exceeding,exceeding,,False
C2,7,Clarithromycin,0.0,True,,,0.13,EU MAC,compliant,indeterminate,unresolved_no_lod,True
C2,7,Clothianidin,0.0,True,0.13583585498351416,0.45278618327838055,0.34,EU MAC,compliant,indeterminate,method_insufficient,True
C2,7,Cybutryne,0.0,True,,,0.016,EU MAC,compliant,indeterminate,unresolved_no_lod,True
C2,7,Cypermethrin,0.0,True,,,0.0006000000000000001,EU MAC,compliant,indeterminate,unresolved_no_lod,True
C2,7,Di(2- ethylhexyl)phthalate (DEHP),33.11334350235222,False,,,2.0,EU MAC,exceeding,exceeding,,False
C2,7,Dichlorvos,0.0,True,,,0.0007,EU MAC,compliant,indeterminate,unresolved_no_lod,True
C2,7,Diuron,0.307371,False,,,0.27,EU MAC,exceeding,exceeding,,False
C2,7,Erythromycin,0.0,True,,,1.0,EU MAC,compliant,indeterminate,unresolved_no_lod,True
C2,7,Fluoranthene,0.0,True,,,0.12,EU MAC,compliant,indeterminate,unresolved_no_lod,True
C2,7,Hexachlorobenzene,0.0,True,,,8.0,EU MAC,compliant,indeterminate,unresolved_no_lod,True
C2,7,Imidacloprid,0.0,True,0.6194075722193858,2.0646919073979526,0.057,EU MAC,compliant,indeterminate,method_insufficient,True
C2,7,Isoproturon,0.0,True,,,1.0,EU MAC,compliant,indeterminate,unresolved_no_lod,True
C2,7,Pentachlorobenzene,0.0,True,,,0.007,EU AA,compliant,indeterminate,unresolved_no_lod,True
C2,7,Quinoxyfen,0.0,True,,,2.7,EU MAC,compliant,indeterminate,unresolved_no_lod,True
C2,7,Terbutryn,0.0,True,,,0.34,EU MAC,compliant,indeterminate,unresolved_no_lod,True
C2,7,Thiacloprid,0.0,True,0.08682554171532375,0.28941847238441254,0.05,EU MAC,compliant,indeterminate,method_insufficient,True
C2,7,Triclosan,0.0,True,,,0.02,EU MAC,compliant,indeterminate,unresolved_no_lod,True
C2,7,Trifluralin,0.0,True,,,0.03,EU AA,compliant,indeterminate,unresolved_no_lod,True
C2,8,17-alpha-Estradiol,0.0,True,,,0.00018,EU AA,compliant,indeterminate,unresolved_no_lod,True
C2,8,17-alpha-Ethinylestradiol,0.0,True,,,1.7e-05,EU AA,compliant,indeterminate,unresolved_no_lod,True
C2,8,17-beta-Estradiol,0.0,True,,,0.00018,EU AA,compliant,indeterminate,unresolved_no_lod,True
C2,8,Acetamiprid,0.1369460621317408,False,0.025237601919248082,0.08412533973082695,0.16,EU MAC,compliant,compliant,,False
C2,8,Aclonifen,0.072303,False,,,0.12,EU MAC,compliant,compliant,,False
C2,8,Anthracene,237.34604797303174,False,,,0.1,EU MAC,exceeding,exceeding,,False
C2,8,Azithromycin,0.11984432608635981,False,,,0.18,EU MAC,compliant,compliant,,False
C2,8,Bifenox,0.0,True,,,0.04,EU MAC,compliant,indeterminate,unresolved_no_lod,True
C2,8,Bisphenol-A,0.0,True,,,130.0,EU MAC,compliant,indeterminate,unresolved_no_lod,True
C2,8,Chlorpyrifos,0.0,True,,,0.0026,EU MAC,compliant,indeterminate,unresolved_no_lod,True
C2,8,Clarithromycin,0.182283,False,,,0.13,EU MAC,exceeding,exceeding,,False
C2,8,Clothianidin,0.0,True,0.13583585498351416,0.45278618327838055,0.34,EU MAC,compliant,indeterminate,method_insufficient,True
C2,8,Cybutryne,0.0,True,,,0.016,EU MAC,compliant,indeterminate,unresolved_no_lod,True
C2,8,Cypermethrin,0.0,True,,,0.0006000000000000001,EU MAC,compliant,indeterminate,unresolved_no_lod,True
C2,8,Di(2- ethylhexyl)phthalate (DEHP),52.04699247634307,False,,,2.0,EU MAC,exceeding,exceeding,,False
C2,8,Dichlorvos,0.0,True,,,0.0007,EU MAC,compliant,indeterminate,unresolved_no_lod,True
C2,8,Diuron,0.813875,False,,,0.27,EU MAC,exceeding,exceeding,,False
C2,8,Erythromycin,0.0,True,,,1.0,EU MAC,compliant,indeterminate,unresolved_no_lod,True
C2,8,Fluoranthene,0.0,True,,,0.12,EU MAC,compliant,indeterminate,unresolved_no_lod,True
C2,8,Hexachlorobenzene,0.0,True,,,8.0,EU MAC,compliant,indeterminate,unresolved_no_lod,True
C2,8,Imidacloprid,0.0,True,0.6194075722193858,2.0646919073979526,0.057,EU MAC,compliant,indeterminate,method_insufficient,True
C2,8,Isoproturon,0.0,True,,,1.0,EU MAC,compliant,indeterminate,unresolved_no_lod,True
C2,8,Pentachlorobenzene,0.0,True,,,0.007,EU AA,compliant,indeterminate,unresolved_no_lod,True
C2,8,Quinoxyfen,0.0,True,,,2.7,EU MAC,compliant,indeterminate,unresolved_no_lod,True
C2,8,Terbutryn,0.0,True,,,0.34,EU MAC,compliant,indeterminate,unresolved_no_lod,True
C2,8,Thiacloprid,0.0,True,0.08682554171532375,0.28941847238441254,0.05,EU MAC,compliant,indeterminate,method_insufficient,True
C2,8,Triclosan,0.0,True,,,0.02,EU MAC,compliant,indeterminate,unresolved_no_lod,True
C2,8,Trifluralin,0.0,True,,,0.03,EU AA,compliant,indeterminate,unresolved_no_lod,True
C2,9,17-alpha-Estradiol,0.0,True,,,0.00018,EU AA,compliant,indeterminate,unresolved_no_lod,True
C2,9,17-alpha-Ethinylestradiol,0.0,True,,,1.7e-05,EU AA,compliant,indeterminate,unresolved_no_lod,True
C2,9,17-beta-Estradiol,0.0,True,,,0.00018,EU AA,compliant,indeterminate,unresolved_no_lod,True
C2,9,Acetamiprid,0.0,True,0.025237601919248082,0.08412533973082695,0.16,EU MAC,compliant,compliant,,False
C2,9,Aclonifen,0.0,True,,,0.12,EU MAC,compliant,indeterminate,unresolved_no_lod,True
C2,9,Anthracene,90.66264975275105,False,,,0.1,EU MAC,exceeding,exceeding,,False
C2,9,Azithromycin,0.0,True,,,0.18,EU MAC,compliant,indeterminate,unresolved_no_lod,True
C2,9,Bifenox,0.0,True,,,0.04,EU MAC,compliant,indeterminate,unresolved_no_lod,True
C2,9,Bisphenol-A,0.0,True,,,130.0,EU MAC,compliant,indeterminate,unresolved_no_lod,True
C2,9,Chlorpyrifos,0.0,True,,,0.0026,EU MAC,compliant,indeterminate,unresolved_no_lod,True
C2,9,Clarithromycin,0.0,True,,,0.13,EU MAC,compliant,indeterminate,unresolved_no_lod,True
C2,9,Clothianidin,0.0,True,0.13583585498351416,0.45278618327838055,0.34,EU MAC,compliant,indeterminate,method_insufficient,True
C2,9,Cybutryne,0.0,True,,,0.016,EU MAC,compliant,indeterminate,unresolved_no_lod,True
C2,9,Cypermethrin,0.0,True,,,0.0006000000000000001,EU MAC,compliant,indeterminate,unresolved_no_lod,True
C2,9,Di(2- ethylhexyl)phthalate (DEHP),13.834092911497256,False,,,2.0,EU MAC,exceeding,exceeding,,False
C2,9,Dichlorvos,0.0,True,,,0.0007,EU MAC,compliant,indeterminate,unresolved_no_lod,True
C2,9,Diuron,0.0,True,,,0.27,EU MAC,compliant,indeterminate,unresolved_no_lod,True
C2,9,Erythromycin,0.0,True,,,1.0,EU MAC,compliant,indeterminate,unresolved_no_lod,True
C2,9,Fluoranthene,2.3194278784342357,False,,,0.12,EU MAC,exceeding,exceeding,,False
C2,9,Hexachlorobenzene,0.0,True,,,8.0,EU MAC,compliant,indeterminate,unresolved_no_lod,True
C2,9,Imidacloprid,0.0,True,0.6194075722193858,2.0646919073979526,0.057,EU MAC,compliant,indeterminate,method_insufficient,True
C2,9,Isoproturon,0.0,True,,,1.0,EU MAC,compliant,indeterminate,unresolved_no_lod,True
C2,9,Pentachlorobenzene,0.0,True,,,0.007,EU AA,compliant,indeterminate,unresolved_no_lod,True
C2,9,Quinoxyfen,0.0,True,,,2.7,EU MAC,compliant,indeterminate,unresolved_no_lod,True
C2,9,Terbutryn,0.0,True,,,0.34,EU MAC,compliant,indeterminate,unresolved_no_lod,True
C2,9,Thiacloprid,0.0,True,0.08682554171532375,0.28941847238441254,0.05,EU MAC,compliant,indeterminate,method_insufficient,True
C2,9,Triclosan,0.0,True,,,0.02,EU MAC,compliant,indeterminate,unresolved_no_lod,True
C2,9,Trifluralin,0.0,True,,,0.03,EU AA,compliant,indeterminate,unresolved_no_lod,True
C2,10,17-alpha-Estradiol,0.0,True,,,0.00018,EU AA,compliant,indeterminate,unresolved_no_lod,True
C2,10,17-alpha-Ethinylestradiol,0.0,True,,,1.7e-05,EU AA,compliant,indeterminate,unresolved_no_lod,True
C2,10,17-beta-Estradiol,0.0,True,,,0.00018,EU AA,compliant,indeterminate,unresolved_no_lod,True
C2,10,Acetamiprid,0.0,True,0.025237601919248082,0.08412533973082695,0.16,EU MAC,compliant,compliant,,False
C2,10,Aclonifen,0.0,True,,,0.12,EU MAC,compliant,indeterminate,unresolved_no_lod,True
C2,10,Anthracene,0.0,True,,,0.1,EU MAC,compliant,indeterminate,unresolved_no_lod,True
C2,10,Azithromycin,0.0,True,,,0.18,EU MAC,compliant,indeterminate,unresolved_no_lod,True
C2,10,Bifenox,0.0,True,,,0.04,EU MAC,compliant,indeterminate,unresolved_no_lod,True
C2,10,Bisphenol-A,0.0,True,,,130.0,EU MAC,compliant,indeterminate,unresolved_no_lod,True
C2,10,Chlorpyrifos,0.0,True,,,0.0026,EU MAC,compliant,indeterminate,unresolved_no_lod,True
C2,10,Clarithromycin,0.127948,False,,,0.13,EU MAC,compliant,compliant,,False
C2,10,Clothianidin,0.0,True,0.13583585498351416,0.45278618327838055,0.34,EU MAC,compliant,indeterminate,method_insufficient,True
C2,10,Cybutryne,0.0,True,,,0.016,EU MAC,compliant,indeterminate,unresolved_no_lod,True
C2,10,Cypermethrin,0.0,True,,,0.0006000000000000001,EU MAC,compliant,indeterminate,unresolved_no_lod,True
C2,10,Di(2- ethylhexyl)phthalate (DEHP),7.180307179064433,False,,,2.0,EU MAC,exceeding,exceeding,,False
C2,10,Dichlorvos,0.0,True,,,0.0007,EU MAC,compliant,indeterminate,unresolved_no_lod,True
C2,10,Diuron,0.0,True,,,0.27,EU MAC,compliant,indeterminate,unresolved_no_lod,True
C2,10,Erythromycin,0.0,True,,,1.0,EU MAC,compliant,indeterminate,unresolved_no_lod,True
C2,10,Fluoranthene,0.0,True,,,0.12,EU MAC,compliant,indeterminate,unresolved_no_lod,True
C2,10,Hexachlorobenzene,0.0,True,,,8.0,EU MAC,compliant,indeterminate,unresolved_no_lod,True
C2,10,Imidacloprid,0.0,True,0.6194075722193858,2.0646919073979526,0.057,EU MAC,compliant,indeterminate,method_insufficient,True
C2,10,Isoproturon,0.0,True,,,1.0,EU MAC,compliant,indeterminate,unresolved_no_lod,True
C2,10,Pentachlorobenzene,0.0,True,,,0.007,EU AA,compliant,indeterminate,unresolved_no_lod,True
C2,10,Quinoxyfen,0.0,True,,,2.7,EU MAC,compliant,indeterminate,unresolved_no_lod,True
C2,10,Terbutryn,0.0,True,,,0.34,EU MAC,compliant,indeterminate,unresolved_no_lod,True
C2,10,Thiacloprid,0.0,True,0.08682554171532375,0.28941847238441254,0.05,EU MAC,compliant,indeterminate,method_insufficient,True
C2,10,Triclosan,0.0,True,,,0.02,EU MAC,compliant,indeterminate,unresolved_no_lod,True
C2,10,Trifluralin,0.0,True,,,0.03,EU AA,compliant,indeterminate,unresolved_no_lod,True
C2,11,17-alpha-Estradiol,0.0,True,,,0.00018,EU AA,compliant,indeterminate,unresolved_no_lod,True
C2,11,17-alpha-Ethinylestradiol,0.0,True,,,1.7e-05,EU AA,compliant,indeterminate,unresolved_no_lod,True
C2,11,17-beta-Estradiol,0.0,True,,,0.00018,EU AA,compliant,indeterminate,unresolved_no_lod,True
C2,11,Acetamiprid,0.0,True,0.025237601919248082,0.08412533973082695,0.16,EU MAC,compliant,compliant,,False
C2,11,Aclonifen,0.0,True,,,0.12,EU MAC,compliant,indeterminate,unresolved_no_lod,True
C2,11,Anthracene,0.0,True,,,0.1,EU MAC,compliant,indeterminate,unresolved_no_lod,True
C2,11,Azithromycin,0.0,True,,,0.18,EU MAC,compliant,indeterminate,unresolved_no_lod,True
C2,11,Bifenox,0.0,True,,,0.04,EU MAC,compliant,indeterminate,unresolved_no_lod,True
C2,11,Bisphenol-A,0.0,True,,,130.0,EU MAC,compliant,indeterminate,unresolved_no_lod,True
C2,11,Chlorpyrifos,0.0,True,,,0.0026,EU MAC,compliant,indeterminate,unresolved_no_lod,True
C2,11,Clarithromycin,0.0,True,,,0.13,EU MAC,compliant,indeterminate,unresolved_no_lod,True
C2,11,Clothianidin,0.0,True,0.13583585498351416,0.45278618327838055,0.34,EU MAC,compliant,indeterminate,method_insufficient,True
C2,11,Cybutryne,0.0,True,,,0.016,EU MAC,compliant,indeterminate,unresolved_no_lod,True
C2,11,Cypermethrin,0.0,True,,,0.0006000000000000001,EU MAC,compliant,indeterminate,unresolved_no_lod,True
C2,11,Di(2- ethylhexyl)phthalate (DEHP),17.33639491440795,False,,,2.0,EU MAC,exceeding,exceeding,,False
C2,11,Dichlorvos,0.0,True,,,0.0007,EU MAC,compliant,indeterminate,unresolved_no_lod,True
C2,11,Diuron,0.0,True,,,0.27,EU MAC,compliant,indeterminate,unresolved_no_lod,True
C2,11,Erythromycin,0.0,True,,,1.0,EU MAC,compliant,indeterminate,unresolved_no_lod,True
C2,11,Fluoranthene,0.0,True,,,0.12,EU MAC,compliant,indeterminate,unresolved_no_lod,True
C2,11,Hexachlorobenzene,0.0,True,,,8.0,EU MAC,compliant,indeterminate,unresolved_no_lod,True
C2,11,Imidacloprid,0.0,True,0.6194075722193858,2.0646919073979526,0.057,EU MAC,compliant,indeterminate,method_insufficient,True
C2,11,Isoproturon,0.0,True,,,1.0,EU MAC,compliant,indeterminate,unresolved_no_lod,True
C2,11,Pentachlorobenzene,0.0,True,,,0.007,EU AA,compliant,indeterminate,unresolved_no_lod,True
C2,11,Quinoxyfen,0.0,True,,,2.7,EU MAC,compliant,indeterminate,unresolved_no_lod,True
C2,11,Terbutryn,0.0,True,,,0.34,EU MAC,compliant,indeterminate,unresolved_no_lod,True
C2,11,Thiacloprid,0.0,True,0.08682554171532375,0.28941847238441254,0.05,EU MAC,compliant,indeterminate,method_insufficient,True
C2,11,Triclosan,0.0,True,,,0.02,EU MAC,compliant,indeterminate,unresolved_no_lod,True
C2,11,Trifluralin,0.0,True,,,0.03,EU AA,compliant,indeterminate,unresolved_no_lod,True
C2,12,17-alpha-Estradiol,0.0,True,,,0.00018,EU AA,compliant,indeterminate,unresolved_no_lod,True
C2,12,17-alpha-Ethinylestradiol,0.0,True,,,1.7e-05,EU AA,compliant,indeterminate,unresolved_no_lod,True
C2,12,17-beta-Estradiol,0.0,True,,,0.00018,EU AA,compliant,indeterminate,unresolved_no_lod,True
C2,12,Acetamiprid,0.0,True,0.025237601919248082,0.08412533973082695,0.16,EU MAC,compliant,compliant,,False
C2,12,Aclonifen,0.0,True,,,0.12,EU MAC,compliant,indeterminate,unresolved_no_lod,True
C2,12,Anthracene,0.0,True,,,0.1,EU MAC,compliant,indeterminate,unresolved_no_lod,True
C2,12,Azithromycin,0.0,True,,,0.18,EU MAC,compliant,indeterminate,unresolved_no_lod,True
C2,12,Bifenox,0.0,True,,,0.04,EU MAC,compliant,indeterminate,unresolved_no_lod,True
C2,12,Bisphenol-A,0.0,True,,,130.0,EU MAC,compliant,indeterminate,unresolved_no_lod,True
C2,12,Chlorpyrifos,0.26445846209049434,False,,,0.0026,EU MAC,exceeding,exceeding,,False
C2,12,Clarithromycin,0.0,True,,,0.13,EU MAC,compliant,indeterminate,unresolved_no_lod,True
C2,12,Clothianidin,0.0,True,0.13583585498351416,0.45278618327838055,0.34,EU MAC,compliant,indeterminate,method_insufficient,True
C2,12,Cybutryne,0.0,True,,,0.016,EU MAC,compliant,indeterminate,unresolved_no_lod,True
C2,12,Cypermethrin,0.0,True,,,0.0006000000000000001,EU MAC,compliant,indeterminate,unresolved_no_lod,True
C2,12,Di(2- ethylhexyl)phthalate (DEHP),22.351527612000194,False,,,2.0,EU MAC,exceeding,exceeding,,False
C2,12,Dichlorvos,0.0,True,,,0.0007,EU MAC,compliant,indeterminate,unresolved_no_lod,True
C2,12,Diuron,0.0,True,,,0.27,EU MAC,compliant,indeterminate,unresolved_no_lod,True
C2,12,Erythromycin,0.0,True,,,1.0,EU MAC,compliant,indeterminate,unresolved_no_lod,True
C2,12,Fluoranthene,0.0,True,,,0.12,EU MAC,compliant,indeterminate,unresolved_no_lod,True
C2,12,Hexachlorobenzene,0.0,True,,,8.0,EU MAC,compliant,indeterminate,unresolved_no_lod,True
C2,12,Imidacloprid,0.0,True,0.6194075722193858,2.0646919073979526,0.057,EU MAC,compliant,indeterminate,method_insufficient,True
C2,12,Isoproturon,0.0,True,,,1.0,EU MAC,compliant,indeterminate,unresolved_no_lod,True
C2,12,Pentachlorobenzene,0.0,True,,,0.007,EU AA,compliant,indeterminate,unresolved_no_lod,True
C2,12,Quinoxyfen,0.0,True,,,2.7,EU MAC,compliant,indeterminate,unresolved_no_lod,True
C2,12,Terbutryn,0.0,True,,,0.34,EU MAC,compliant,indeterminate,unresolved_no_lod,True
C2,12,Thiacloprid,0.0,True,0.08682554171532375,0.28941847238441254,0.05,EU MAC,compliant,indeterminate,method_insufficient,True
C2,12,Triclosan,0.0,True,,,0.02,EU MAC,compliant,indeterminate,unresolved_no_lod,True
C2,12,Trifluralin,0.0,True,,,0.03,EU AA,compliant,indeterminate,unresolved_no_lod,True
C2,13,17-alpha-Estradiol,0.0,True,,,0.00018,EU AA,compliant,indeterminate,unresolved_no_lod,True
C2,13,17-alpha-Ethinylestradiol,0.0,True,,,1.7e-05,EU AA,compliant,indeterminate,unresolved_no_lod,True
C2,13,17-beta-Estradiol,0.0,True,,,0.00018,EU AA,compliant,indeterminate,unresolved_no_lod,True
C2,13,Acetamiprid,0.0,True,0.025237601919248082,0.08412533973082695,0.16,EU MAC,compliant,compliant,,False
C2,13,Aclonifen,0.0,True,,,0.12,EU MAC,compliant,indeterminate,unresolved_no_lod,True
C2,13,Anthracene,0.0,True,,,0.1,EU MAC,compliant,indeterminate,unresolved_no_lod,True
C2,13,Azithromycin,0.0,True,,,0.18,EU MAC,compliant,indeterminate,unresolved_no_lod,True
C2,13,Bifenox,0.0,True,,,0.04,EU MAC,compliant,indeterminate,unresolved_no_lod,True
C2,13,Bisphenol-A,0.0,True,,,130.0,EU MAC,compliant,indeterminate,unresolved_no_lod,True
C2,13,Chlorpyrifos,0.0,True,,,0.0026,EU MAC,compliant,indeterminate,unresolved_no_lod,True
C2,13,Clarithromycin,0.0,True,,,0.13,EU MAC,compliant,indeterminate,unresolved_no_lod,True
C2,13,Clothianidin,0.0,True,0.13583585498351416,0.45278618327838055,0.34,EU MAC,compliant,indeterminate,method_insufficient,True
C2,13,Cybutryne,0.0,True,,,0.016,EU MAC,compliant,indeterminate,unresolved_no_lod,True
C2,13,Cypermethrin,0.0,True,,,0.0006000000000000001,EU MAC,compliant,indeterminate,unresolved_no_lod,True
C2,13,Di(2- ethylhexyl)phthalate (DEHP),12.517232198383224,False,,,2.0,EU MAC,exceeding,exceeding,,False
C2,13,Dichlorvos,0.0,True,,,0.0007,EU MAC,compliant,indeterminate,unresolved_no_lod,True
C2,13,Diuron,0.0,True,,,0.27,EU MAC,compliant,indeterminate,unresolved_no_lod,True
C2,13,Erythromycin,0.0,True,,,1.0,EU MAC,compliant,indeterminate,unresolved_no_lod,True
C2,13,Fluoranthene,0.0,True,,,0.12,EU MAC,compliant,indeterminate,unresolved_no_lod,True
C2,13,Hexachlorobenzene,0.0,True,,,8.0,EU MAC,compliant,indeterminate,unresolved_no_lod,True
C2,13,Imidacloprid,0.0,True,0.6194075722193858,2.0646919073979526,0.057,EU MAC,compliant,indeterminate,method_insufficient,True
C2,13,Isoproturon,0.0,True,,,1.0,EU MAC,compliant,indeterminate,unresolved_no_lod,True
C2,13,Pentachlorobenzene,0.0,True,,,0.007,EU AA,compliant,indeterminate,unresolved_no_lod,True
C2,13,Quinoxyfen,0.0,True,,,2.7,EU MAC,compliant,indeterminate,unresolved_no_lod,True
C2,13,Terbutryn,0.0,True,,,0.34,EU MAC,compliant,indeterminate,unresolved_no_lod,True
C2,13,Thiacloprid,0.0,True,0.08682554171532375,0.28941847238441254,0.05,EU MAC,compliant,indeterminate,method_insufficient,True
C2,13,Triclosan,0.0,True,,,0.02,EU MAC,compliant,indeterminate,unresolved_no_lod,True
C2,13,Trifluralin,0.0,True,,,0.03,EU AA,compliant,indeterminate,unresolved_no_lod,True
C2,14,17-alpha-Estradiol,0.0,True,,,0.00018,EU AA,compliant,indeterminate,unresolved_no_lod,True
C2,14,17-alpha-Ethinylestradiol,0.0,True,,,1.7e-05,EU AA,compliant,indeterminate,unresolved_no_lod,True
C2,14,17-beta-Estradiol,0.0,True,,,0.00018,EU AA,compliant,indeterminate,unresolved_no_lod,True
C2,14,Acetamiprid,0.0,True,0.025237601919248082,0.08412533973082695,0.16,EU MAC,compliant,compliant,,False
C2,14,Aclonifen,0.0,True,,,0.12,EU MAC,compliant,indeterminate,unresolved_no_lod,True
C2,14,Anthracene,0.0,True,,,0.1,EU MAC,compliant,indeterminate,unresolved_no_lod,True
C2,14,Azithromycin,0.0,True,,,0.18,EU MAC,compliant,indeterminate,unresolved_no_lod,True
C2,14,Bifenox,0.0,True,,,0.04,EU MAC,compliant,indeterminate,unresolved_no_lod,True
C2,14,Bisphenol-A,0.0,True,,,130.0,EU MAC,compliant,indeterminate,unresolved_no_lod,True
C2,14,Chlorpyrifos,0.0,True,,,0.0026,EU MAC,compliant,indeterminate,unresolved_no_lod,True
C2,14,Clarithromycin,1.468771,False,,,0.13,EU MAC,exceeding,exceeding,,False
C2,14,Clothianidin,0.0,True,0.13583585498351416,0.45278618327838055,0.34,EU MAC,compliant,indeterminate,method_insufficient,True
C2,14,Cybutryne,0.0,True,,,0.016,EU MAC,compliant,indeterminate,unresolved_no_lod,True
C2,14,Cypermethrin,0.0,True,,,0.0006000000000000001,EU MAC,compliant,indeterminate,unresolved_no_lod,True
C2,14,Di(2- ethylhexyl)phthalate (DEHP),35.975921847398354,False,,,2.0,EU MAC,exceeding,exceeding,,False
C2,14,Dichlorvos,0.0,True,,,0.0007,EU MAC,compliant,indeterminate,unresolved_no_lod,True
C2,14,Diuron,0.0,True,,,0.27,EU MAC,compliant,indeterminate,unresolved_no_lod,True
C2,14,Erythromycin,0.0,True,,,1.0,EU MAC,compliant,indeterminate,unresolved_no_lod,True
C2,14,Fluoranthene,0.0,True,,,0.12,EU MAC,compliant,indeterminate,unresolved_no_lod,True
C2,14,Hexachlorobenzene,0.0,True,,,8.0,EU MAC,compliant,indeterminate,unresolved_no_lod,True
C2,14,Imidacloprid,0.0,True,0.6194075722193858,2.0646919073979526,0.057,EU MAC,compliant,indeterminate,method_insufficient,True
C2,14,Isoproturon,0.0,True,,,1.0,EU MAC,compliant,indeterminate,unresolved_no_lod,True
C2,14,Pentachlorobenzene,0.0,True,,,0.007,EU AA,compliant,indeterminate,unresolved_no_lod,True
C2,14,Quinoxyfen,0.0,True,,,2.7,EU MAC,compliant,indeterminate,unresolved_no_lod,True
C2,14,Terbutryn,0.0,True,,,0.34,EU MAC,compliant,indeterminate,unresolved_no_lod,True
C2,14,Thiacloprid,0.0,True,0.08682554171532375,0.28941847238441254,0.05,EU MAC,compliant,indeterminate,method_insufficient,True
C2,14,Triclosan,0.0,True,,,0.02,EU MAC,compliant,indeterminate,unresolved_no_lod,True
C2,14,Trifluralin,0.0,True,,,0.03,EU AA,compliant,indeterminate,unresolved_no_lod,True
C2,15,17-alpha-Estradiol,0.0,True,,,0.00018,EU AA,compliant,indeterminate,unresolved_no_lod,True
C2,15,17-alpha-Ethinylestradiol,0.0,True,,,1.7e-05,EU AA,compliant,indeterminate,unresolved_no_lod,True
C2,15,17-beta-Estradiol,0.0,True,,,0.00018,EU AA,compliant,indeterminate,unresolved_no_lod,True
C2,15,Acetamiprid,0.0,True,0.025237601919248082,0.08412533973082695,0.16,EU MAC,compliant,compliant,,False
C2,15,Aclonifen,0.0,True,,,0.12,EU MAC,compliant,indeterminate,unresolved_no_lod,True
C2,15,Anthracene,99.61513309533763,False,,,0.1,EU MAC,exceeding,exceeding,,False
C2,15,Azithromycin,0.0,True,,,0.18,EU MAC,compliant,indeterminate,unresolved_no_lod,True
C2,15,Bifenox,0.0,True,,,0.04,EU MAC,compliant,indeterminate,unresolved_no_lod,True
C2,15,Bisphenol-A,0.0,True,,,130.0,EU MAC,compliant,indeterminate,unresolved_no_lod,True
C2,15,Chlorpyrifos,0.0,True,,,0.0026,EU MAC,compliant,indeterminate,unresolved_no_lod,True
C2,15,Clarithromycin,0.0,True,,,0.13,EU MAC,compliant,indeterminate,unresolved_no_lod,True
C2,15,Clothianidin,0.0,True,0.13583585498351416,0.45278618327838055,0.34,EU MAC,compliant,indeterminate,method_insufficient,True
C2,15,Cybutryne,0.0,True,,,0.016,EU MAC,compliant,indeterminate,unresolved_no_lod,True
C2,15,Cypermethrin,0.0,True,,,0.0006000000000000001,EU MAC,compliant,indeterminate,unresolved_no_lod,True
C2,15,Di(2- ethylhexyl)phthalate (DEHP),12.717579068344005,False,,,2.0,EU MAC,exceeding,exceeding,,False
C2,15,Dichlorvos,0.0,True,,,0.0007,EU MAC,compliant,indeterminate,unresolved_no_lod,True
C2,15,Diuron,0.0,True,,,0.27,EU MAC,compliant,indeterminate,unresolved_no_lod,True
C2,15,Erythromycin,0.0,True,,,1.0,EU MAC,compliant,indeterminate,unresolved_no_lod,True
C2,15,Fluoranthene,0.0,True,,,0.12,EU MAC,compliant,indeterminate,unresolved_no_lod,True
C2,15,Hexachlorobenzene,0.0,True,,,8.0,EU MAC,compliant,indeterminate,unresolved_no_lod,True
C2,15,Imidacloprid,0.0,True,0.6194075722193858,2.0646919073979526,0.057,EU MAC,compliant,indeterminate,method_insufficient,True
C2,15,Isoproturon,0.0,True,,,1.0,EU MAC,compliant,indeterminate,unresolved_no_lod,True
C2,15,Pentachlorobenzene,0.0,True,,,0.007,EU AA,compliant,indeterminate,unresolved_no_lod,True
C2,15,Quinoxyfen,0.0,True,,,2.7,EU MAC,compliant,indeterminate,unresolved_no_lod,True
C2,15,Terbutryn,0.0,True,,,0.34,EU MAC,compliant,indeterminate,unresolved_no_lod,True
C2,15,Thiacloprid,0.11495239972633635,False,0.08682554171532375,0.28941847238441254,0.05,EU MAC,exceeding,indeterminate,method_insufficient,True
C2,15,Triclosan,0.0,True,,,0.02,EU MAC,compliant,indeterminate,unresolved_no_lod,True
C2,15,Trifluralin,0.0,True,,,0.03,EU AA,compliant,indeterminate,unresolved_no_lod,True
C2,16,17-alpha-Estradiol,0.0,True,,,0.00018,EU AA,compliant,indeterminate,unresolved_no_lod,True
C2,16,17-alpha-Ethinylestradiol,0.0,True,,,1.7e-05,EU AA,compliant,indeterminate,unresolved_no_lod,True
C2,16,17-beta-Estradiol,0.0,True,,,0.00018,EU AA,compliant,indeterminate,unresolved_no_lod,True
C2,16,Acetamiprid,0.0,True,0.025237601919248082,0.08412533973082695,0.16,EU MAC,compliant,compliant,,False
C2,16,Aclonifen,0.0,True,,,0.12,EU MAC,compliant,indeterminate,unresolved_no_lod,True
C2,16,Anthracene,0.0,True,,,0.1,EU MAC,compliant,indeterminate,unresolved_no_lod,True
C2,16,Azithromycin,0.0,True,,,0.18,EU MAC,compliant,indeterminate,unresolved_no_lod,True
C2,16,Bifenox,0.0,True,,,0.04,EU MAC,compliant,indeterminate,unresolved_no_lod,True
C2,16,Bisphenol-A,0.0,True,,,130.0,EU MAC,compliant,indeterminate,unresolved_no_lod,True
C2,16,Chlorpyrifos,0.3304226477390061,False,,,0.0026,EU MAC,exceeding,exceeding,,False
C2,16,Clarithromycin,0.0,True,,,0.13,EU MAC,compliant,indeterminate,unresolved_no_lod,True
C2,16,Clothianidin,0.0,True,0.13583585498351416,0.45278618327838055,0.34,EU MAC,compliant,indeterminate,method_insufficient,True
C2,16,Cybutryne,0.0,True,,,0.016,EU MAC,compliant,indeterminate,unresolved_no_lod,True
C2,16,Cypermethrin,0.0,True,,,0.0006000000000000001,EU MAC,compliant,indeterminate,unresolved_no_lod,True
C2,16,Di(2- ethylhexyl)phthalate (DEHP),11.38446209103036,False,,,2.0,EU MAC,exceeding,exceeding,,False
C2,16,Dichlorvos,0.0,True,,,0.0007,EU MAC,compliant,indeterminate,unresolved_no_lod,True
C2,16,Diuron,0.0,True,,,0.27,EU MAC,compliant,indeterminate,unresolved_no_lod,True
C2,16,Erythromycin,0.0,True,,,1.0,EU MAC,compliant,indeterminate,unresolved_no_lod,True
C2,16,Fluoranthene,0.0,True,,,0.12,EU MAC,compliant,indeterminate,unresolved_no_lod,True
C2,16,Hexachlorobenzene,0.0,True,,,8.0,EU MAC,compliant,indeterminate,unresolved_no_lod,True
C2,16,Imidacloprid,0.0,True,0.6194075722193858,2.0646919073979526,0.057,EU MAC,compliant,indeterminate,method_insufficient,True
C2,16,Isoproturon,0.0,True,,,1.0,EU MAC,compliant,indeterminate,unresolved_no_lod,True
C2,16,Pentachlorobenzene,0.0,True,,,0.007,EU AA,compliant,indeterminate,unresolved_no_lod,True
C2,16,Quinoxyfen,0.0,True,,,2.7,EU MAC,compliant,indeterminate,unresolved_no_lod,True
C2,16,Terbutryn,0.0,True,,,0.34,EU MAC,compliant,indeterminate,unresolved_no_lod,True
C2,16,Thiacloprid,0.0,True,0.08682554171532375,0.28941847238441254,0.05,EU MAC,compliant,indeterminate,method_insufficient,True
C2,16,Triclosan,0.0,True,,,0.02,EU MAC,compliant,indeterminate,unresolved_no_lod,True
C2,16,Trifluralin,0.0,True,,,0.03,EU AA,compliant,indeterminate,unresolved_no_lod,True
C2,17,17-alpha-Estradiol,0.0,True,,,0.00018,EU AA,compliant,indeterminate,unresolved_no_lod,True
C2,17,17-alpha-Ethinylestradiol,0.0,True,,,1.7e-05,EU AA,compliant,indeterminate,unresolved_no_lod,True
C2,17,17-beta-Estradiol,0.0,True,,,0.00018,EU AA,compliant,indeterminate,unresolved_no_lod,True
C2,17,Acetamiprid,0.0,True,0.025237601919248082,0.08412533973082695,0.16,EU MAC,compliant,compliant,,False
C2,17,Aclonifen,0.0,True,,,0.12,EU MAC,compliant,indeterminate,unresolved_no_lod,True
C2,17,Anthracene,0.0,True,,,0.1,EU MAC,compliant,indeterminate,unresolved_no_lod,True
C2,17,Azithromycin,0.0,True,,,0.18,EU MAC,compliant,indeterminate,unresolved_no_lod,True
C2,17,Bifenox,0.0,True,,,0.04,EU MAC,compliant,indeterminate,unresolved_no_lod,True
C2,17,Bisphenol-A,0.0,True,,,130.0,EU MAC,compliant,indeterminate,unresolved_no_lod,True
C2,17,Chlorpyrifos,0.2815453666846856,False,,,0.0026,EU MAC,exceeding,exceeding,,False
C2,17,Clarithromycin,0.179287,False,,,0.13,EU MAC,exceeding,exceeding,,False
C2,17,Clothianidin,0.0,True,0.13583585498351416,0.45278618327838055,0.34,EU MAC,compliant,indeterminate,method_insufficient,True
C2,17,Cybutryne,0.0,True,,,0.016,EU MAC,compliant,indeterminate,unresolved_no_lod,True
C2,17,Cypermethrin,0.0,True,,,0.0006000000000000001,EU MAC,compliant,indeterminate,unresolved_no_lod,True
C2,17,Di(2- ethylhexyl)phthalate (DEHP),4.945318472423078,False,,,2.0,EU MAC,exceeding,exceeding,,False
C2,17,Dichlorvos,0.0,True,,,0.0007,EU MAC,compliant,indeterminate,unresolved_no_lod,True
C2,17,Diuron,0.0,True,,,0.27,EU MAC,compliant,indeterminate,unresolved_no_lod,True
C2,17,Erythromycin,0.0,True,,,1.0,EU MAC,compliant,indeterminate,unresolved_no_lod,True
C2,17,Fluoranthene,0.0,True,,,0.12,EU MAC,compliant,indeterminate,unresolved_no_lod,True
C2,17,Hexachlorobenzene,0.0,True,,,8.0,EU MAC,compliant,indeterminate,unresolved_no_lod,True
C2,17,Imidacloprid,0.0,True,0.6194075722193858,2.0646919073979526,0.057,EU MAC,compliant,indeterminate,method_insufficient,True
C2,17,Isoproturon,0.0,True,,,1.0,EU MAC,compliant,indeterminate,unresolved_no_lod,True
C2,17,Pentachlorobenzene,0.0,True,,,0.007,EU AA,compliant,indeterminate,unresolved_no_lod,True
C2,17,Quinoxyfen,0.0,True,,,2.7,EU MAC,compliant,indeterminate,unresolved_no_lod,True
C2,17,Terbutryn,0.0,True,,,0.34,EU MAC,compliant,indeterminate,unresolved_no_lod,True
C2,17,Thiacloprid,0.0,True,0.08682554171532375,0.28941847238441254,0.05,EU MAC,compliant,indeterminate,method_insufficient,True
C2,17,Triclosan,0.0,True,,,0.02,EU MAC,compliant,indeterminate,unresolved_no_lod,True
C2,17,Trifluralin,0.0,True,,,0.03,EU AA,compliant,indeterminate,unresolved_no_lod,True
C2,18,17-alpha-Estradiol,0.0,True,,,0.00018,EU AA,compliant,indeterminate,unresolved_no_lod,True
C2,18,17-alpha-Ethinylestradiol,0.0,True,,,1.7e-05,EU AA,compliant,indeterminate,unresolved_no_lod,True
C2,18,17-beta-Estradiol,0.0,True,,,0.00018,EU AA,compliant,indeterminate,unresolved_no_lod,True
C2,18,Acetamiprid,0.0,True,0.025237601919248082,0.08412533973082695,0.16,EU MAC,compliant,compliant,,False
C2,18,Aclonifen,0.0,True,,,0.12,EU MAC,compliant,indeterminate,unresolved_no_lod,True
C2,18,Anthracene,0.0,True,,,0.1,EU MAC,compliant,indeterminate,unresolved_no_lod,True
C2,18,Azithromycin,0.0,True,,,0.18,EU MAC,compliant,indeterminate,unresolved_no_lod,True
C2,18,Bifenox,0.0,True,,,0.04,EU MAC,compliant,indeterminate,unresolved_no_lod,True
C2,18,Bisphenol-A,0.0,True,,,130.0,EU MAC,compliant,indeterminate,unresolved_no_lod,True
C2,18,Chlorpyrifos,0.22595010045506989,False,,,0.0026,EU MAC,exceeding,exceeding,,False
C2,18,Clarithromycin,0.109267,False,,,0.13,EU MAC,compliant,compliant,,False
C2,18,Clothianidin,0.0,True,0.13583585498351416,0.45278618327838055,0.34,EU MAC,compliant,indeterminate,method_insufficient,True
C2,18,Cybutryne,0.0,True,,,0.016,EU MAC,compliant,indeterminate,unresolved_no_lod,True
C2,18,Cypermethrin,0.0,True,,,0.0006000000000000001,EU MAC,compliant,indeterminate,unresolved_no_lod,True
C2,18,Di(2- ethylhexyl)phthalate (DEHP),16.499578966101026,False,,,2.0,EU MAC,exceeding,exceeding,,False
C2,18,Dichlorvos,0.0,True,,,0.0007,EU MAC,compliant,indeterminate,unresolved_no_lod,True
C2,18,Diuron,0.0,True,,,0.27,EU MAC,compliant,indeterminate,unresolved_no_lod,True
C2,18,Erythromycin,0.21300726303808284,False,,,1.0,EU MAC,compliant,compliant,,False
C2,18,Fluoranthene,0.0,True,,,0.12,EU MAC,compliant,indeterminate,unresolved_no_lod,True
C2,18,Hexachlorobenzene,0.0,True,,,8.0,EU MAC,compliant,indeterminate,unresolved_no_lod,True
C2,18,Imidacloprid,0.0,True,0.6194075722193858,2.0646919073979526,0.057,EU MAC,compliant,indeterminate,method_insufficient,True
C2,18,Isoproturon,0.0,True,,,1.0,EU MAC,compliant,indeterminate,unresolved_no_lod,True
C2,18,Pentachlorobenzene,0.0,True,,,0.007,EU AA,compliant,indeterminate,unresolved_no_lod,True
C2,18,Quinoxyfen,0.0,True,,,2.7,EU MAC,compliant,indeterminate,unresolved_no_lod,True
C2,18,Terbutryn,0.0,True,,,0.34,EU MAC,compliant,indeterminate,unresolved_no_lod,True
C2,18,Thiacloprid,0.0,True,0.08682554171532375,0.28941847238441254,0.05,EU MAC,compliant,indeterminate,method_insufficient,True
C2,18,Triclosan,0.0,True,,,0.02,EU MAC,compliant,indeterminate,unresolved_no_lod,True
C2,18,Trifluralin,0.0,True,,,0.03,EU AA,compliant,indeterminate,unresolved_no_lod,True
C2,19,17-alpha-Estradiol,0.0,True,,,0.00018,EU AA,compliant,indeterminate,unresolved_no_lod,True
C2,19,17-alpha-Ethinylestradiol,0.0,True,,,1.7e-05,EU AA,compliant,indeterminate,unresolved_no_lod,True
C2,19,17-beta-Estradiol,0.0,True,,,0.00018,EU AA,compliant,indeterminate,unresolved_no_lod,True
C2,19,Acetamiprid,0.0,True,0.025237601919248082,0.08412533973082695,0.16,EU MAC,compliant,compliant,,False
C2,19,Aclonifen,0.0,True,,,0.12,EU MAC,compliant,indeterminate,unresolved_no_lod,True
C2,19,Anthracene,0.0,True,,,0.1,EU MAC,compliant,indeterminate,unresolved_no_lod,True
C2,19,Azithromycin,0.0,True,,,0.18,EU MAC,compliant,indeterminate,unresolved_no_lod,True
C2,19,Bifenox,0.0,True,,,0.04,EU MAC,compliant,indeterminate,unresolved_no_lod,True
C2,19,Bisphenol-A,0.0,True,,,130.0,EU MAC,compliant,indeterminate,unresolved_no_lod,True
C2,19,Chlorpyrifos,0.22095834051447943,False,,,0.0026,EU MAC,exceeding,exceeding,,False
C2,19,Clarithromycin,0.0,True,,,0.13,EU MAC,compliant,indeterminate,unresolved_no_lod,True
C2,19,Clothianidin,0.0,True,0.13583585498351416,0.45278618327838055,0.34,EU MAC,compliant,indeterminate,method_insufficient,True
C2,19,Cybutryne,0.0,True,,,0.016,EU MAC,compliant,indeterminate,unresolved_no_lod,True
C2,19,Cypermethrin,0.0,True,,,0.0006000000000000001,EU MAC,compliant,indeterminate,unresolved_no_lod,True
C2,19,Di(2- ethylhexyl)phthalate (DEHP),35.8802492926693,False,,,2.0,EU MAC,exceeding,exceeding,,False
C2,19,Dichlorvos,0.0,True,,,0.0007,EU MAC,compliant,indeterminate,unresolved_no_lod,True
C2,19,Diuron,0.0,True,,,0.27,EU MAC,compliant,indeterminate,unresolved_no_lod,True
C2,19,Erythromycin,0.0,True,,,1.0,EU MAC,compliant,indeterminate,unresolved_no_lod,True
C2,19,Fluoranthene,0.0,True,,,0.12,EU MAC,compliant,indeterminate,unresolved_no_lod,True
C2,19,Hexachlorobenzene,0.0,True,,,8.0,EU MAC,compliant,indeterminate,unresolved_no_lod,True
C2,19,Imidacloprid,0.0,True,0.6194075722193858,2.0646919073979526,0.057,EU MAC,compliant,indeterminate,method_insufficient,True
C2,19,Isoproturon,0.0,True,,,1.0,EU MAC,compliant,indeterminate,unresolved_no_lod,True
C2,19,Pentachlorobenzene,0.0,True,,,0.007,EU AA,compliant,indeterminate,unresolved_no_lod,True
C2,19,Quinoxyfen,0.0,True,,,2.7,EU MAC,compliant,indeterminate,unresolved_no_lod,True
C2,19,Terbutryn,0.0,True,,,0.34,EU MAC,compliant,indeterminate,unresolved_no_lod,True
C2,19,Thiacloprid,0.0,True,0.08682554171532375,0.28941847238441254,0.05,EU MAC,compliant,indeterminate,method_insufficient,True
C2,19,Triclosan,0.0,True,,,0.02,EU MAC,compliant,indeterminate,unresolved_no_lod,True
C2,19,Trifluralin,0.0,True,,,0.03,EU AA,compliant,indeterminate,unresolved_no_lod,True
C2,20,17-alpha-Estradiol,0.0,True,,,0.00018,EU AA,compliant,indeterminate,unresolved_no_lod,True
C2,20,17-alpha-Ethinylestradiol,0.0,True,,,1.7e-05,EU AA,compliant,indeterminate,unresolved_no_lod,True
C2,20,17-beta-Estradiol,0.0,True,,,0.00018,EU AA,compliant,indeterminate,unresolved_no_lod,True
C2,20,Acetamiprid,0.0,True,0.025237601919248082,0.08412533973082695,0.16,EU MAC,compliant,compliant,,False
C2,20,Aclonifen,0.0,True,,,0.12,EU MAC,compliant,indeterminate,unresolved_no_lod,True
C2,20,Anthracene,0.0,True,,,0.1,EU MAC,compliant,indeterminate,unresolved_no_lod,True
C2,20,Azithromycin,0.0,True,,,0.18,EU MAC,compliant,indeterminate,unresolved_no_lod,True
C2,20,Bifenox,0.0,True,,,0.04,EU MAC,compliant,indeterminate,unresolved_no_lod,True
C2,20,Bisphenol-A,0.0,True,,,130.0,EU MAC,compliant,indeterminate,unresolved_no_lod,True
C2,20,Chlorpyrifos,0.0,True,,,0.0026,EU MAC,compliant,indeterminate,unresolved_no_lod,True
C2,20,Clarithromycin,0.0,True,,,0.13,EU MAC,compliant,indeterminate,unresolved_no_lod,True
C2,20,Clothianidin,0.0,True,0.13583585498351416,0.45278618327838055,0.34,EU MAC,compliant,indeterminate,method_insufficient,True
C2,20,Cybutryne,0.0,True,,,0.016,EU MAC,compliant,indeterminate,unresolved_no_lod,True
C2,20,Cypermethrin,0.0,True,,,0.0006000000000000001,EU MAC,compliant,indeterminate,unresolved_no_lod,True
C2,20,Di(2- ethylhexyl)phthalate (DEHP),41.039513935343095,False,,,2.0,EU MAC,exceeding,exceeding,,False
C2,20,Dichlorvos,0.0,True,,,0.0007,EU MAC,compliant,indeterminate,unresolved_no_lod,True
C2,20,Diuron,0.0,True,,,0.27,EU MAC,compliant,indeterminate,unresolved_no_lod,True
C2,20,Erythromycin,0.0,True,,,1.0,EU MAC,compliant,indeterminate,unresolved_no_lod,True
C2,20,Fluoranthene,0.0,True,,,0.12,EU MAC,compliant,indeterminate,unresolved_no_lod,True
C2,20,Hexachlorobenzene,0.0,True,,,8.0,EU MAC,compliant,indeterminate,unresolved_no_lod,True
C2,20,Imidacloprid,0.0,True,0.6194075722193858,2.0646919073979526,0.057,EU MAC,compliant,indeterminate,method_insufficient,True
C2,20,Isoproturon,0.0,True,,,1.0,EU MAC,compliant,indeterminate,unresolved_no_lod,True
C2,20,Pentachlorobenzene,0.0,True,,,0.007,EU AA,compliant,indeterminate,unresolved_no_lod,True
C2,20,Quinoxyfen,0.0,True,,,2.7,EU MAC,compliant,indeterminate,unresolved_no_lod,True
C2,20,Terbutryn,0.0,True,,,0.34,EU MAC,compliant,indeterminate,unresolved_no_lod,True
C2,20,Thiacloprid,0.0,True,0.08682554171532375,0.28941847238441254,0.05,EU MAC,compliant,indeterminate,method_insufficient,True
C2,20,Triclosan,0.0,True,,,0.02,EU MAC,compliant,indeterminate,unresolved_no_lod,True
C2,20,Trifluralin,0.0,True,,,0.03,EU AA,compliant,indeterminate,unresolved_no_lod,True
C2,21,17-alpha-Estradiol,0.0,True,,,0.00018,EU AA,compliant,indeterminate,unresolved_no_lod,True
C2,21,17-alpha-Ethinylestradiol,0.0,True,,,1.7e-05,EU AA,compliant,indeterminate,unresolved_no_lod,True
C2,21,17-beta-Estradiol,0.0,True,,,0.00018,EU AA,compliant,indeterminate,unresolved_no_lod,True
C2,21,Acetamiprid,0.0,True,0.025237601919248082,0.08412533973082695,0.16,EU MAC,compliant,compliant,,False
C2,21,Aclonifen,0.174369,False,,,0.12,EU MAC,exceeding,exceeding,,False
C2,21,Anthracene,0.0,True,,,0.1,EU MAC,compliant,indeterminate,unresolved_no_lod,True
C2,21,Azithromycin,0.0,True,,,0.18,EU MAC,compliant,indeterminate,unresolved_no_lod,True
C2,21,Bifenox,0.0,True,,,0.04,EU MAC,compliant,indeterminate,unresolved_no_lod,True
C2,21,Bisphenol-A,0.0,True,,,130.0,EU MAC,compliant,indeterminate,unresolved_no_lod,True
C2,21,Chlorpyrifos,0.0,True,,,0.0026,EU MAC,compliant,indeterminate,unresolved_no_lod,True
C2,21,Clarithromycin,0.0,True,,,0.13,EU MAC,compliant,indeterminate,unresolved_no_lod,True
C2,21,Clothianidin,0.0,True,0.13583585498351416,0.45278618327838055,0.34,EU MAC,compliant,indeterminate,method_insufficient,True
C2,21,Cybutryne,0.0,True,,,0.016,EU MAC,compliant,indeterminate,unresolved_no_lod,True
C2,21,Cypermethrin,0.0,True,,,0.0006000000000000001,EU MAC,compliant,indeterminate,unresolved_no_lod,True
C2,21,Di(2- ethylhexyl)phthalate (DEHP),11.052314702465493,False,,,2.0,EU MAC,exceeding,exceeding,,False
C2,21,Dichlorvos,0.0,True,,,0.0007,EU MAC,compliant,indeterminate,unresolved_no_lod,True
C2,21,Diuron,0.0,True,,,0.27,EU MAC,compliant,indeterminate,unresolved_no_lod,True
C2,21,Erythromycin,0.0,True,,,1.0,EU MAC,compliant,indeterminate,unresolved_no_lod,True
C2,21,Fluoranthene,0.0,True,,,0.12,EU MAC,compliant,indeterminate,unresolved_no_lod,True
C2,21,Hexachlorobenzene,0.0,True,,,8.0,EU MAC,compliant,indeterminate,unresolved_no_lod,True
C2,21,Imidacloprid,0.0,True,0.6194075722193858,2.0646919073979526,0.057,EU MAC,compliant,indeterminate,method_insufficient,True
C2,21,Isoproturon,0.0,True,,,1.0,EU MAC,compliant,indeterminate,unresolved_no_lod,True
C2,21,Pentachlorobenzene,0.0,True,,,0.007,EU AA,compliant,indeterminate,unresolved_no_lod,True
C2,21,Quinoxyfen,0.0,True,,,2.7,EU MAC,compliant,indeterminate,unresolved_no_lod,True
C2,21,Terbutryn,0.0,True,,,0.34,EU MAC,compliant,indeterminate,unresolved_no_lod,True
C2,21,Thiacloprid,0.0,True,0.08682554171532375,0.28941847238441254,0.05,EU MAC,compliant,indeterminate,method_insufficient,True
C2,21,Triclosan,0.0,True,,,0.02,EU MAC,compliant,indeterminate,unresolved_no_lod,True
C2,21,Trifluralin,0.0,True,,,0.03,EU AA,compliant,indeterminate,unresolved_no_lod,True
C2,22,17-alpha-Estradiol,0.0,True,,,0.00018,EU AA,compliant,indeterminate,unresolved_no_lod,True
C2,22,17-alpha-Ethinylestradiol,0.0,True,,,1.7e-05,EU AA,compliant,indeterminate,unresolved_no_lod,True
C2,22,17-beta-Estradiol,0.0,True,,,0.00018,EU AA,compliant,indeterminate,unresolved_no_lod,True
C2,22,Acetamiprid,0.0,True,0.025237601919248082,0.08412533973082695,0.16,EU MAC,compliant,compliant,,False
C2,22,Aclonifen,0.100023,False,,,0.12,EU MAC,compliant,compliant,,False
C2,22,Anthracene,0.0,True,,,0.1,EU MAC,compliant,indeterminate,unresolved_no_lod,True
C2,22,Azithromycin,0.0,True,,,0.18,EU MAC,compliant,indeterminate,unresolved_no_lod,True
C2,22,Bifenox,0.0,True,,,0.04,EU MAC,compliant,indeterminate,unresolved_no_lod,True
C2,22,Bisphenol-A,0.0,True,,,130.0,EU MAC,compliant,indeterminate,unresolved_no_lod,True
C2,22,Chlorpyrifos,0.0,True,,,0.0026,EU MAC,compliant,indeterminate,unresolved_no_lod,True
C2,22,Clarithromycin,0.0,True,,,0.13,EU MAC,compliant,indeterminate,unresolved_no_lod,True
C2,22,Clothianidin,0.0,True,0.13583585498351416,0.45278618327838055,0.34,EU MAC,compliant,indeterminate,method_insufficient,True
C2,22,Cybutryne,0.0,True,,,0.016,EU MAC,compliant,indeterminate,unresolved_no_lod,True
C2,22,Cypermethrin,0.0,True,,,0.0006000000000000001,EU MAC,compliant,indeterminate,unresolved_no_lod,True
C2,22,Di(2- ethylhexyl)phthalate (DEHP),56.0907260653775,False,,,2.0,EU MAC,exceeding,exceeding,,False
C2,22,Dichlorvos,0.0,True,,,0.0007,EU MAC,compliant,indeterminate,unresolved_no_lod,True
C2,22,Diuron,0.0,True,,,0.27,EU MAC,compliant,indeterminate,unresolved_no_lod,True
C2,22,Erythromycin,0.0,True,,,1.0,EU MAC,compliant,indeterminate,unresolved_no_lod,True
C2,22,Fluoranthene,0.0,True,,,0.12,EU MAC,compliant,indeterminate,unresolved_no_lod,True
C2,22,Hexachlorobenzene,0.0,True,,,8.0,EU MAC,compliant,indeterminate,unresolved_no_lod,True
C2,22,Imidacloprid,0.0,True,0.6194075722193858,2.0646919073979526,0.057,EU MAC,compliant,indeterminate,method_insufficient,True
C2,22,Isoproturon,0.0,True,,,1.0,EU MAC,compliant,indeterminate,unresolved_no_lod,True
C2,22,Pentachlorobenzene,0.0,True,,,0.007,EU AA,compliant,indeterminate,unresolved_no_lod,True
C2,22,Quinoxyfen,0.0,True,,,2.7,EU MAC,compliant,indeterminate,unresolved_no_lod,True
C2,22,Terbutryn,0.0,True,,,0.34,EU MAC,compliant,indeterminate,unresolved_no_lod,True
C2,22,Thiacloprid,0.0,True,0.08682554171532375,0.28941847238441254,0.05,EU MAC,compliant,indeterminate,method_insufficient,True
C2,22,Triclosan,0.0,True,,,0.02,EU MAC,compliant,indeterminate,unresolved_no_lod,True
C2,22,Trifluralin,0.0,True,,,0.03,EU AA,compliant,indeterminate,unresolved_no_lod,True
C2,23,17-alpha-Estradiol,0.0,True,,,0.00018,EU AA,compliant,indeterminate,unresolved_no_lod,True
C2,23,17-alpha-Ethinylestradiol,0.0,True,,,1.7e-05,EU AA,compliant,indeterminate,unresolved_no_lod,True
C2,23,17-beta-Estradiol,0.0,True,,,0.00018,EU AA,compliant,indeterminate,unresolved_no_lod,True
C2,23,Acetamiprid,0.0,True,0.025237601919248082,0.08412533973082695,0.16,EU MAC,compliant,compliant,,False
C2,23,Aclonifen,0.173268,False,,,0.12,EU MAC,exceeding,exceeding,,False
C2,23,Anthracene,0.0,True,,,0.1,EU MAC,compliant,indeterminate,unresolved_no_lod,True
C2,23,Azithromycin,0.0,True,,,0.18,EU MAC,compliant,indeterminate,unresolved_no_lod,True
C2,23,Bifenox,0.0,True,,,0.04,EU MAC,compliant,indeterminate,unresolved_no_lod,True
C2,23,Bisphenol-A,0.0,True,,,130.0,EU MAC,compliant,indeterminate,unresolved_no_lod,True
C2,23,Chlorpyrifos,0.0,True,,,0.0026,EU MAC,compliant,indeterminate,unresolved_no_lod,True
C2,23,Clarithromycin,0.455448,False,,,0.13,EU MAC,exceeding,exceeding,,False
C2,23,Clothianidin,0.0,True,0.13583585498351416,0.45278618327838055,0.34,EU MAC,compliant,indeterminate,method_insufficient,True
C2,23,Cybutryne,0.0,True,,,0.016,EU MAC,compliant,indeterminate,unresolved_no_lod,True
C2,23,Cypermethrin,0.0,True,,,0.0006000000000000001,EU MAC,compliant,indeterminate,unresolved_no_lod,True
C2,23,Di(2- ethylhexyl)phthalate (DEHP),26.320287890930242,False,,,2.0,EU MAC,exceeding,exceeding,,False
C2,23,Dichlorvos,0.0,True,,,0.0007,EU MAC,compliant,indeterminate,unresolved_no_lod,True
C2,23,Diuron,0.0,True,,,0.27,EU MAC,compliant,indeterminate,unresolved_no_lod,True
C2,23,Erythromycin,0.18108585181755915,False,,,1.0,EU MAC,compliant,compliant,,False
C2,23,Fluoranthene,0.0,True,,,0.12,EU MAC,compliant,indeterminate,unresolved_no_lod,True
C2,23,Hexachlorobenzene,0.0,True,,,8.0,EU MAC,compliant,indeterminate,unresolved_no_lod,True
C2,23,Imidacloprid,0.0,True,0.6194075722193858,2.0646919073979526,0.057,EU MAC,compliant,indeterminate,method_insufficient,True
C2,23,Isoproturon,0.0,True,,,1.0,EU MAC,compliant,indeterminate,unresolved_no_lod,True
C2,23,Pentachlorobenzene,0.0,True,,,0.007,EU AA,compliant,indeterminate,unresolved_no_lod,True
C2,23,Quinoxyfen,0.0,True,,,2.7,EU MAC,compliant,indeterminate,unresolved_no_lod,True
C2,23,Terbutryn,0.0,True,,,0.34,EU MAC,compliant,indeterminate,unresolved_no_lod,True
C2,23,Thiacloprid,0.0,True,0.08682554171532375,0.28941847238441254,0.05,EU MAC,compliant,indeterminate,method_insufficient,True
C2,23,Triclosan,0.0,True,,,0.02,EU MAC,compliant,indeterminate,unresolved_no_lod,True
C2,23,Trifluralin,0.0,True,,,0.03,EU AA,compliant,indeterminate,unresolved_no_lod,True
C2,24,17-alpha-Estradiol,0.0,True,,,0.00018,EU AA,compliant,indeterminate,unresolved_no_lod,True
C2,24,17-alpha-Ethinylestradiol,0.0,True,,,1.7e-05,EU AA,compliant,indeterminate,unresolved_no_lod,True
C2,24,17-beta-Estradiol,0.0,True,,,0.00018,EU AA,compliant,indeterminate,unresolved_no_lod,True
C2,24,Acetamiprid,0.0,True,0.025237601919248082,0.08412533973082695,0.16,EU MAC,compliant,compliant,,False
C2,24,Aclonifen,0.0,True,,,0.12,EU MAC,compliant,indeterminate,unresolved_no_lod,True
C2,24,Anthracene,0.0,True,,,0.1,EU MAC,compliant,indeterminate,unresolved_no_lod,True
C2,24,Azithromycin,0.0,True,,,0.18,EU MAC,compliant,indeterminate,unresolved_no_lod,True
C2,24,Bifenox,0.0,True,,,0.04,EU MAC,compliant,indeterminate,unresolved_no_lod,True
C2,24,Bisphenol-A,0.0,True,,,130.0,EU MAC,compliant,indeterminate,unresolved_no_lod,True
C2,24,Chlorpyrifos,0.0,True,,,0.0026,EU MAC,compliant,indeterminate,unresolved_no_lod,True
C2,24,Clarithromycin,0.116821,False,,,0.13,EU MAC,compliant,compliant,,False
C2,24,Clothianidin,0.0,True,0.13583585498351416,0.45278618327838055,0.34,EU MAC,compliant,indeterminate,method_insufficient,True
C2,24,Cybutryne,0.0,True,,,0.016,EU MAC,compliant,indeterminate,unresolved_no_lod,True
C2,24,Cypermethrin,6.237562096466023,False,,,0.0006000000000000001,EU MAC,exceeding,exceeding,,False
C2,24,Di(2- ethylhexyl)phthalate (DEHP),32.42939011660039,False,,,2.0,EU MAC,exceeding,exceeding,,False
C2,24,Dichlorvos,0.0,True,,,0.0007,EU MAC,compliant,indeterminate,unresolved_no_lod,True
C2,24,Diuron,0.0,True,,,0.27,EU MAC,compliant,indeterminate,unresolved_no_lod,True
C2,24,Erythromycin,0.0,True,,,1.0,EU MAC,compliant,indeterminate,unresolved_no_lod,True
C2,24,Fluoranthene,0.0,True,,,0.12,EU MAC,compliant,indeterminate,unresolved_no_lod,True
C2,24,Hexachlorobenzene,0.0,True,,,8.0,EU MAC,compliant,indeterminate,unresolved_no_lod,True
C2,24,Imidacloprid,0.0,True,0.6194075722193858,2.0646919073979526,0.057,EU MAC,compliant,indeterminate,method_insufficient,True
C2,24,Isoproturon,0.0,True,,,1.0,EU MAC,compliant,indeterminate,unresolved_no_lod,True
C2,24,Pentachlorobenzene,0.0,True,,,0.007,EU AA,compliant,indeterminate,unresolved_no_lod,True
C2,24,Quinoxyfen,0.015642813645604686,False,,,2.7,EU MAC,compliant,compliant,,False
C2,24,Terbutryn,0.0,True,,,0.34,EU MAC,compliant,indeterminate,unresolved_no_lod,True
C2,24,Thiacloprid,0.0,True,0.08682554171532375,0.28941847238441254,0.05,EU MAC,compliant,indeterminate,method_insufficient,True
C2,24,Triclosan,0.0,True,,,0.02,EU MAC,compliant,indeterminate,unresolved_no_lod,True
C2,24,Trifluralin,0.0,True,,,0.03,EU AA,compliant,indeterminate,unresolved_no_lod,True
C2,25,17-alpha-Estradiol,0.0,True,,,0.00018,EU AA,compliant,indeterminate,unresolved_no_lod,True
C2,25,17-alpha-Ethinylestradiol,0.0,True,,,1.7e-05,EU AA,compliant,indeterminate,unresolved_no_lod,True
C2,25,17-beta-Estradiol,0.0,True,,,0.00018,EU AA,compliant,indeterminate,unresolved_no_lod,True
C2,25,Acetamiprid,0.0,True,0.025237601919248082,0.08412533973082695,0.16,EU MAC,compliant,compliant,,False
C2,25,Aclonifen,0.0,True,,,0.12,EU MAC,compliant,indeterminate,unresolved_no_lod,True
C2,25,Anthracene,0.0,True,,,0.1,EU MAC,compliant,indeterminate,unresolved_no_lod,True
C2,25,Azithromycin,0.0,True,,,0.18,EU MAC,compliant,indeterminate,unresolved_no_lod,True
C2,25,Bifenox,0.0,True,,,0.04,EU MAC,compliant,indeterminate,unresolved_no_lod,True
C2,25,Bisphenol-A,0.0,True,,,130.0,EU MAC,compliant,indeterminate,unresolved_no_lod,True
C2,25,Chlorpyrifos,0.0,True,,,0.0026,EU MAC,compliant,indeterminate,unresolved_no_lod,True
C2,25,Clarithromycin,0.0,True,,,0.13,EU MAC,compliant,indeterminate,unresolved_no_lod,True
C2,25,Clothianidin,0.0,True,0.13583585498351416,0.45278618327838055,0.34,EU MAC,compliant,indeterminate,method_insufficient,True
C2,25,Cybutryne,0.0,True,,,0.016,EU MAC,compliant,indeterminate,unresolved_no_lod,True
C2,25,Cypermethrin,0.0,True,,,0.0006000000000000001,EU MAC,compliant,indeterminate,unresolved_no_lod,True
C2,25,Di(2- ethylhexyl)phthalate (DEHP),6.562675602843279,False,,,2.0,EU MAC,exceeding,exceeding,,False
C2,25,Dichlorvos,0.0,True,,,0.0007,EU MAC,compliant,indeterminate,unresolved_no_lod,True
C2,25,Diuron,0.0,True,,,0.27,EU MAC,compliant,indeterminate,unresolved_no_lod,True
C2,25,Erythromycin,0.0,True,,,1.0,EU MAC,compliant,indeterminate,unresolved_no_lod,True
C2,25,Fluoranthene,0.0,True,,,0.12,EU MAC,compliant,indeterminate,unresolved_no_lod,True
C2,25,Hexachlorobenzene,0.0,True,,,8.0,EU MAC,compliant,indeterminate,unresolved_no_lod,True
C2,25,Imidacloprid,0.0,True,0.6194075722193858,2.0646919073979526,0.057,EU MAC,compliant,indeterminate,method_insufficient,True
C2,25,Isoproturon,0.0,True,,,1.0,EU MAC,compliant,indeterminate,unresolved_no_lod,True
C2,25,Pentachlorobenzene,0.0,True,,,0.007,EU AA,compliant,indeterminate,unresolved_no_lod,True
C2,25,Quinoxyfen,0.0,True,,,2.7,EU MAC,compliant,indeterminate,unresolved_no_lod,True
C2,25,Terbutryn,0.0,True,,,0.34,EU MAC,compliant,indeterminate,unresolved_no_lod,True
C2,25,Thiacloprid,0.0,True,0.08682554171532375,0.28941847238441254,0.05,EU MAC,compliant,indeterminate,method_insufficient,True
C2,25,Triclosan,0.0,True,,,0.02,EU MAC,compliant,indeterminate,unresolved_no_lod,True
C2,25,Trifluralin,0.0,True,,,0.03,EU AA,compliant,indeterminate,unresolved_no_lod,True
C2,26,17-alpha-Estradiol,0.0,True,,,0.00018,EU AA,compliant,indeterminate,unresolved_no_lod,True
C2,26,17-alpha-Ethinylestradiol,0.0,True,,,1.7e-05,EU AA,compliant,indeterminate,unresolved_no_lod,True
C2,26,17-beta-Estradiol,0.0,True,,,0.00018,EU AA,compliant,indeterminate,unresolved_no_lod,True
C2,26,Acetamiprid,0.0,True,0.025237601919248082,0.08412533973082695,0.16,EU MAC,compliant,compliant,,False
C2,26,Aclonifen,0.0,True,,,0.12,EU MAC,compliant,indeterminate,unresolved_no_lod,True
C2,26,Anthracene,0.0,True,,,0.1,EU MAC,compliant,indeterminate,unresolved_no_lod,True
C2,26,Azithromycin,0.0,True,,,0.18,EU MAC,compliant,indeterminate,unresolved_no_lod,True
C2,26,Bifenox,0.0,True,,,0.04,EU MAC,compliant,indeterminate,unresolved_no_lod,True
C2,26,Bisphenol-A,0.0,True,,,130.0,EU MAC,compliant,indeterminate,unresolved_no_lod,True
C2,26,Chlorpyrifos,0.0,True,,,0.0026,EU MAC,compliant,indeterminate,unresolved_no_lod,True
C2,26,Clarithromycin,0.0,True,,,0.13,EU MAC,compliant,indeterminate,unresolved_no_lod,True
C2,26,Clothianidin,0.0,True,0.13583585498351416,0.45278618327838055,0.34,EU MAC,compliant,indeterminate,method_insufficient,True
C2,26,Cybutryne,0.0,True,,,0.016,EU MAC,compliant,indeterminate,unresolved_no_lod,True
C2,26,Cypermethrin,0.0,True,,,0.0006000000000000001,EU MAC,compliant,indeterminate,unresolved_no_lod,True
C2,26,Di(2- ethylhexyl)phthalate (DEHP),15.891111909319834,False,,,2.0,EU MAC,exceeding,exceeding,,False
C2,26,Dichlorvos,0.0,True,,,0.0007,EU MAC,compliant,indeterminate,unresolved_no_lod,True
C2,26,Diuron,0.0,True,,,0.27,EU MAC,compliant,indeterminate,unresolved_no_lod,True
C2,26,Erythromycin,0.0,True,,,1.0,EU MAC,compliant,indeterminate,unresolved_no_lod,True
C2,26,Fluoranthene,0.0,True,,,0.12,EU MAC,compliant,indeterminate,unresolved_no_lod,True
C2,26,Hexachlorobenzene,0.0,True,,,8.0,EU MAC,compliant,indeterminate,unresolved_no_lod,True
C2,26,Imidacloprid,0.0,True,0.6194075722193858,2.0646919073979526,0.057,EU MAC,compliant,indeterminate,method_insufficient,True
C2,26,Isoproturon,0.0,True,,,1.0,EU MAC,compliant,indeterminate,unresolved_no_lod,True
C2,26,Pentachlorobenzene,0.0,True,,,0.007,EU AA,compliant,indeterminate,unresolved_no_lod,True
C2,26,Quinoxyfen,0.0,True,,,2.7,EU MAC,compliant,indeterminate,unresolved_no_lod,True
C2,26,Terbutryn,0.0,True,,,0.34,EU MAC,compliant,indeterminate,unresolved_no_lod,True
C2,26,Thiacloprid,0.0,True,0.08682554171532375,0.28941847238441254,0.05,EU MAC,compliant,indeterminate,method_insufficient,True
C2,26,Triclosan,0.0,True,,,0.02,EU MAC,compliant,indeterminate,unresolved_no_lod,True
C2,26,Trifluralin,0.0,True,,,0.03,EU AA,compliant,indeterminate,unresolved_no_lod,True
C2,27,17-alpha-Estradiol,0.0,True,,,0.00018,EU AA,compliant,indeterminate,unresolved_no_lod,True
C2,27,17-alpha-Ethinylestradiol,0.0,True,,,1.7e-05,EU AA,compliant,indeterminate,unresolved_no_lod,True
C2,27,17-beta-Estradiol,0.0,True,,,0.00018,EU AA,compliant,indeterminate,unresolved_no_lod,True
C2,27,Acetamiprid,0.10117893886348699,False,0.025237601919248082,0.08412533973082695,0.16,EU MAC,compliant,compliant,,False
C2,27,Aclonifen,0.194879,False,,,0.12,EU MAC,exceeding,exceeding,,False
C2,27,Anthracene,172.33902931989394,False,,,0.1,EU MAC,exceeding,exceeding,,False
C2,27,Azithromycin,0.0,True,,,0.18,EU MAC,compliant,indeterminate,unresolved_no_lod,True
C2,27,Bifenox,0.0,True,,,0.04,EU MAC,compliant,indeterminate,unresolved_no_lod,True
C2,27,Bisphenol-A,0.0,True,,,130.0,EU MAC,compliant,indeterminate,unresolved_no_lod,True
C2,27,Chlorpyrifos,0.0,True,,,0.0026,EU MAC,compliant,indeterminate,unresolved_no_lod,True
C2,27,Clarithromycin,0.29094,False,,,0.13,EU MAC,exceeding,exceeding,,False
C2,27,Clothianidin,0.0,True,0.13583585498351416,0.45278618327838055,0.34,EU MAC,compliant,indeterminate,method_insufficient,True
C2,27,Cybutryne,0.0,True,,,0.016,EU MAC,compliant,indeterminate,unresolved_no_lod,True
C2,27,Cypermethrin,0.0,True,,,0.0006000000000000001,EU MAC,compliant,indeterminate,unresolved_no_lod,True
C2,27,Di(2- ethylhexyl)phthalate (DEHP),15.78789858897643,False,,,2.0,EU MAC,exceeding,exceeding,,False
C2,27,Dichlorvos,2.623936523646428,False,,,0.0007,EU MAC,exceeding,exceeding,,False
C2,27,Diuron,0.96686,False,,,0.27,EU MAC,exceeding,exceeding,,False
C2,27,Erythromycin,0.17412596152753634,False,,,1.0,EU MAC,compliant,compliant,,False
C2,27,Fluoranthene,3.4560221185415587,False,,,0.12,EU MAC,exceeding,exceeding,,False
C2,27,Hexachlorobenzene,0.0,True,,,8.0,EU MAC,compliant,indeterminate,unresolved_no_lod,True
C2,27,Imidacloprid,0.0,True,0.6194075722193858,2.0646919073979526,0.057,EU MAC,compliant,indeterminate,method_insufficient,True
C2,27,Isoproturon,0.0,True,,,1.0,EU MAC,compliant,indeterminate,unresolved_no_lod,True
C2,27,Pentachlorobenzene,0.0,True,,,0.007,EU AA,compliant,indeterminate,unresolved_no_lod,True
C2,27,Quinoxyfen,0.0,True,,,2.7,EU MAC,compliant,indeterminate,unresolved_no_lod,True
C2,27,Terbutryn,0.0,True,,,0.34,EU MAC,compliant,indeterminate,unresolved_no_lod,True
C2,27,Thiacloprid,0.0,True,0.08682554171532375,0.28941847238441254,0.05,EU MAC,compliant,indeterminate,method_insufficient,True
C2,27,Triclosan,0.0,True,,,0.02,EU MAC,compliant,indeterminate,unresolved_no_lod,True
C2,27,Trifluralin,0.0,True,,,0.03,EU AA,compliant,indeterminate,unresolved_no_lod,True
C2,28,17-alpha-Estradiol,0.0,True,,,0.00018,EU AA,compliant,indeterminate,unresolved_no_lod,True
C2,28,17-alpha-Ethinylestradiol,0.0,True,,,1.7e-05,EU AA,compliant,indeterminate,unresolved_no_lod,True
C2,28,17-beta-Estradiol,0.0,True,,,0.00018,EU AA,compliant,indeterminate,unresolved_no_lod,True
C2,28,Acetamiprid,0.3795140670008039,False,0.025237601919248082,0.08412533973082695,0.16,EU MAC,exceeding,exceeding,,False
C2,28,Aclonifen,0.0,True,,,0.12,EU MAC,compliant,indeterminate,unresolved_no_lod,True
C2,28,Anthracene,69.80203684632107,False,,,0.1,EU MAC,exceeding,exceeding,,False
C2,28,Azithromycin,0.0,True,,,0.18,EU MAC,compliant,indeterminate,unresolved_no_lod,True
C2,28,Bifenox,0.0,True,,,0.04,EU MAC,compliant,indeterminate,unresolved_no_lod,True
C2,28,Bisphenol-A,0.0,True,,,130.0,EU MAC,compliant,indeterminate,unresolved_no_lod,True
C2,28,Chlorpyrifos,0.0,True,,,0.0026,EU MAC,compliant,indeterminate,unresolved_no_lod,True
C2,28,Clarithromycin,0.327162,False,,,0.13,EU MAC,exceeding,exceeding,,False
C2,28,Clothianidin,0.0,True,0.13583585498351416,0.45278618327838055,0.34,EU MAC,compliant,indeterminate,method_insufficient,True
C2,28,Cybutryne,0.0,True,,,0.016,EU MAC,compliant,indeterminate,unresolved_no_lod,True
C2,28,Cypermethrin,0.0,True,,,0.0006000000000000001,EU MAC,compliant,indeterminate,unresolved_no_lod,True
C2,28,Di(2- ethylhexyl)phthalate (DEHP),40.37039840536926,False,,,2.0,EU MAC,exceeding,exceeding,,False
C2,28,Dichlorvos,1.0793596319912109,False,,,0.0007,EU MAC,exceeding,exceeding,,False
C2,28,Diuron,1.193582,False,,,0.27,EU MAC,exceeding,exceeding,,False
C2,28,Erythromycin,0.0,True,,,1.0,EU MAC,compliant,indeterminate,unresolved_no_lod,True
C2,28,Fluoranthene,1.5057365162193679,False,,,0.12,EU MAC,exceeding,exceeding,,False
C2,28,Hexachlorobenzene,0.0,True,,,8.0,EU MAC,compliant,indeterminate,unresolved_no_lod,True
C2,28,Imidacloprid,0.0,True,0.6194075722193858,2.0646919073979526,0.057,EU MAC,compliant,indeterminate,method_insufficient,True
C2,28,Isoproturon,0.0,True,,,1.0,EU MAC,compliant,indeterminate,unresolved_no_lod,True
C2,28,Pentachlorobenzene,0.0,True,,,0.007,EU AA,compliant,indeterminate,unresolved_no_lod,True
C2,28,Quinoxyfen,0.0,True,,,2.7,EU MAC,compliant,indeterminate,unresolved_no_lod,True
C2,28,Terbutryn,0.013606112966663876,False,,,0.34,EU MAC,compliant,compliant,,False
C2,28,Thiacloprid,0.0,True,0.08682554171532375,0.28941847238441254,0.05,EU MAC,compliant,indeterminate,method_insufficient,True
C2,28,Triclosan,0.0,True,,,0.02,EU MAC,compliant,indeterminate,unresolved_no_lod,True
C2,28,Trifluralin,0.0,True,,,0.03,EU AA,compliant,indeterminate,unresolved_no_lod,True
C2,29,17-alpha-Estradiol,0.0,True,,,0.00018,EU AA,compliant,indeterminate,unresolved_no_lod,True
C2,29,17-alpha-Ethinylestradiol,0.0,True,,,1.7e-05,EU AA,compliant,indeterminate,unresolved_no_lod,True
C2,29,17-beta-Estradiol,0.0,True,,,0.00018,EU AA,compliant,indeterminate,unresolved_no_lod,True
C2,29,Acetamiprid,0.27893734715078233,False,0.025237601919248082,0.08412533973082695,0.16,EU MAC,exceeding,exceeding,,False
C2,29,Aclonifen,0.117591,False,,,0.12,EU MAC,compliant,compliant,,False
C2,29,Anthracene,22.39804303787792,False,,,0.1,EU MAC,exceeding,exceeding,,False
C2,29,Azithromycin,0.0,True,,,0.18,EU MAC,compliant,indeterminate,unresolved_no_lod,True
C2,29,Bifenox,0.0,True,,,0.04,EU MAC,compliant,indeterminate,unresolved_no_lod,True
C2,29,Bisphenol-A,0.0,True,,,130.0,EU MAC,compliant,indeterminate,unresolved_no_lod,True
C2,29,Chlorpyrifos,0.0,True,,,0.0026,EU MAC,compliant,indeterminate,unresolved_no_lod,True
C2,29,Clarithromycin,0.219493,False,,,0.13,EU MAC,exceeding,exceeding,,False
C2,29,Clothianidin,0.0,True,0.13583585498351416,0.45278618327838055,0.34,EU MAC,compliant,indeterminate,method_insufficient,True
C2,29,Cybutryne,0.0,True,,,0.016,EU MAC,compliant,indeterminate,unresolved_no_lod,True
C2,29,Cypermethrin,0.0,True,,,0.0006000000000000001,EU MAC,compliant,indeterminate,unresolved_no_lod,True
C2,29,Di(2- ethylhexyl)phthalate (DEHP),5.45545924396882,False,,,2.0,EU MAC,exceeding,exceeding,,False
C2,29,Dichlorvos,0.45953104274583656,False,,,0.0007,EU MAC,exceeding,exceeding,,False
C2,29,Diuron,1.049561,False,,,0.27,EU MAC,exceeding,exceeding,,False
C2,29,Erythromycin,0.0,True,,,1.0,EU MAC,compliant,indeterminate,unresolved_no_lod,True
C2,29,Fluoranthene,0.0,True,,,0.12,EU MAC,compliant,indeterminate,unresolved_no_lod,True
C2,29,Hexachlorobenzene,0.0,True,,,8.0,EU MAC,compliant,indeterminate,unresolved_no_lod,True
C2,29,Imidacloprid,0.0,True,0.6194075722193858,2.0646919073979526,0.057,EU MAC,compliant,indeterminate,method_insufficient,True
C2,29,Isoproturon,0.0,True,,,1.0,EU MAC,compliant,indeterminate,unresolved_no_lod,True
C2,29,Pentachlorobenzene,0.0,True,,,0.007,EU AA,compliant,indeterminate,unresolved_no_lod,True
C2,29,Quinoxyfen,0.0,True,,,2.7,EU MAC,compliant,indeterminate,unresolved_no_lod,True
C2,29,Terbutryn,0.0,True,,,0.34,EU MAC,compliant,indeterminate,unresolved_no_lod,True
C2,29,Thiacloprid,0.0,True,0.08682554171532375,0.28941847238441254,0.05,EU MAC,compliant,indeterminate,method_insufficient,True
C2,29,Triclosan,0.0,True,,,0.02,EU MAC,compliant,indeterminate,unresolved_no_lod,True
C2,29,Trifluralin,0.0,True,,,0.03,EU AA,compliant,indeterminate,unresolved_no_lod,True
C2,30,17-alpha-Estradiol,0.0,True,,,0.00018,EU AA,compliant,indeterminate,unresolved_no_lod,True
C2,30,17-alpha-Ethinylestradiol,0.0,True,,,1.7e-05,EU AA,compliant,indeterminate,unresolved_no_lod,True
C2,30,17-beta-Estradiol,0.0,True,,,0.00018,EU AA,compliant,indeterminate,unresolved_no_lod,True
C2,30,Acetamiprid,0.17841774303571892,False,0.025237601919248082,0.08412533973082695,0.16,EU MAC,exceeding,exceeding,,False
C2,30,Aclonifen,0.078048,False,,,0.12,EU MAC,compliant,compliant,,False
C2,30,Anthracene,33.17129145054621,False,,,0.1,EU MAC,exceeding,exceeding,,False
C2,30,Azithromycin,0.0,True,,,0.18,EU MAC,compliant,indeterminate,unresolved_no_lod,True
C2,30,Bifenox,0.0,True,,,0.04,EU MAC,compliant,indeterminate,unresolved_no_lod,True
C2,30,Bisphenol-A,0.0,True,,,130.0,EU MAC,compliant,indeterminate,unresolved_no_lod,True
C2,30,Chlorpyrifos,0.20938483781573927,False,,,0.0026,EU MAC,exceeding,exceeding,,False
C2,30,Clarithromycin,0.196345,False,,,0.13,EU MAC,exceeding,exceeding,,False
C2,30,Clothianidin,0.0,True,0.13583585498351416,0.45278618327838055,0.34,EU MAC,compliant,indeterminate,method_insufficient,True
C2,30,Cybutryne,0.0,True,,,0.016,EU MAC,compliant,indeterminate,unresolved_no_lod,True
C2,30,Cypermethrin,0.0,True,,,0.0006000000000000001,EU MAC,compliant,indeterminate,unresolved_no_lod,True
C2,30,Di(2- ethylhexyl)phthalate (DEHP),32.364863690352905,False,,,2.0,EU MAC,exceeding,exceeding,,False
C2,30,Dichlorvos,0.0,True,,,0.0007,EU MAC,compliant,indeterminate,unresolved_no_lod,True
C2,30,Diuron,1.242375,False,,,0.27,EU MAC,exceeding,exceeding,,False
C2,30,Erythromycin,0.16809302609398713,False,,,1.0,EU MAC,compliant,compliant,,False
C2,30,Fluoranthene,0.0,True,,,0.12,EU MAC,compliant,indeterminate,unresolved_no_lod,True
C2,30,Hexachlorobenzene,0.0,True,,,8.0,EU MAC,compliant,indeterminate,unresolved_no_lod,True
C2,30,Imidacloprid,0.0,True,0.6194075722193858,2.0646919073979526,0.057,EU MAC,compliant,indeterminate,method_insufficient,True
C2,30,Isoproturon,0.0,True,,,1.0,EU MAC,compliant,indeterminate,unresolved_no_lod,True
C2,30,Pentachlorobenzene,0.0,True,,,0.007,EU AA,compliant,indeterminate,unresolved_no_lod,True
C2,30,Quinoxyfen,0.0,True,,,2.7,EU MAC,compliant,indeterminate,unresolved_no_lod,True
C2,30,Terbutryn,0.0,True,,,0.34,EU MAC,compliant,indeterminate,unresolved_no_lod,True
C2,30,Thiacloprid,0.0,True,0.08682554171532375,0.28941847238441254,0.05,EU MAC,compliant,indeterminate,method_insufficient,True
C2,30,Triclosan,0.0,True,,,0.02,EU MAC,compliant,indeterminate,unresolved_no_lod,True
C2,30,Trifluralin,0.0,True,,,0.03,EU AA,compliant,indeterminate,unresolved_no_lod,True
C2,31,17-alpha-Estradiol,0.0,True,,,0.00018,EU AA,compliant,indeterminate,unresolved_no_lod,True
C2,31,17-alpha-Ethinylestradiol,0.0,True,,,1.7e-05,EU AA,compliant,indeterminate,unresolved_no_lod,True
C2,31,17-beta-Estradiol,0.0,True,,,0.00018,EU AA,compliant,indeterminate,unresolved_no_lod,True
C2,31,Acetamiprid,0.37386065977949173,False,0.025237601919248082,0.08412533973082695,0.16,EU MAC,exceeding,exceeding,,False
C2,31,Aclonifen,0.137184,False,,,0.12,EU MAC,exceeding,exceeding,,False
C2,31,Anthracene,30.30582336350397,False,,,0.1,EU MAC,exceeding,exceeding,,False
C2,31,Azithromycin,0.0791976002975796,False,,,0.18,EU MAC,compliant,compliant,,False
C2,31,Bifenox,0.0,True,,,0.04,EU MAC,compliant,indeterminate,unresolved_no_lod,True
C2,31,Bisphenol-A,0.0,True,,,130.0,EU MAC,compliant,indeterminate,unresolved_no_lod,True
C2,31,Chlorpyrifos,0.4479984934619826,False,,,0.0026,EU MAC,exceeding,exceeding,,False
C2,31,Clarithromycin,0.165115,False,,,0.13,EU MAC,exceeding,exceeding,,False
C2,31,Clothianidin,0.0,True,0.13583585498351416,0.45278618327838055,0.34,EU MAC,compliant,indeterminate,method_insufficient,True
C2,31,Cybutryne,0.0,True,,,0.016,EU MAC,compliant,indeterminate,unresolved_no_lod,True
C2,31,Cypermethrin,0.0,True,,,0.0006000000000000001,EU MAC,compliant,indeterminate,unresolved_no_lod,True
C2,31,Di(2- ethylhexyl)phthalate (DEHP),18.426542002926308,False,,,2.0,EU MAC,exceeding,exceeding,,False
C2,31,Dichlorvos,0.6488755916183809,False,,,0.0007,EU MAC,exceeding,exceeding,,False
C2,31,Diuron,1.076458,False,,,0.27,EU MAC,exceeding,exceeding,,False
C2,31,Erythromycin,0.0,True,,,1.0,EU MAC,compliant,indeterminate,unresolved_no_lod,True
C2,31,Fluoranthene,0.916262836817975,False,,,0.12,EU MAC,exceeding,exceeding,,False
C2,31,Hexachlorobenzene,0.0,True,,,8.0,EU MAC,compliant,indeterminate,unresolved_no_lod,True
C2,31,Imidacloprid,0.0,True,0.6194075722193858,2.0646919073979526,0.057,EU MAC,compliant,indeterminate,method_insufficient,True
C2,31,Isoproturon,0.0,True,,,1.0,EU MAC,compliant,indeterminate,unresolved_no_lod,True
C2,31,Pentachlorobenzene,0.0,True,,,0.007,EU AA,compliant,indeterminate,unresolved_no_lod,True
C2,31,Quinoxyfen,0.0,True,,,2.7,EU MAC,compliant,indeterminate,unresolved_no_lod,True
C2,31,Terbutryn,0.0,True,,,0.34,EU MAC,compliant,indeterminate,unresolved_no_lod,True
C2,31,Thiacloprid,0.0,True,0.08682554171532375,0.28941847238441254,0.05,EU MAC,compliant,indeterminate,method_insufficient,True
C2,31,Triclosan,0.0,True,,,0.02,EU MAC,compliant,indeterminate,unresolved_no_lod,True
C2,31,Trifluralin,0.0,True,,,0.03,EU AA,compliant,indeterminate,unresolved_no_lod,True
C2,32,17-alpha-Estradiol,0.0,True,,,0.00018,EU AA,compliant,indeterminate,unresolved_no_lod,True
C2,32,17-alpha-Ethinylestradiol,0.0,True,,,1.7e-05,EU AA,compliant,indeterminate,unresolved_no_lod,True
C2,32,17-beta-Estradiol,0.0,True,,,0.00018,EU AA,compliant,indeterminate,unresolved_no_lod,True
C2,32,Acetamiprid,0.10982732038366157,False,0.025237601919248082,0.08412533973082695,0.16,EU MAC,compliant,compliant,,False
C2,32,Aclonifen,0.0762,False,,,0.12,EU MAC,compliant,compliant,,False
C2,32,Anthracene,0.0,True,,,0.1,EU MAC,compliant,indeterminate,unresolved_no_lod,True
C2,32,Azithromycin,0.0,True,,,0.18,EU MAC,compliant,indeterminate,unresolved_no_lod,True
C2,32,Bifenox,0.0,True,,,0.04,EU MAC,compliant,indeterminate,unresolved_no_lod,True
C2,32,Bisphenol-A,0.0,True,,,130.0,EU MAC,compliant,indeterminate,unresolved_no_lod,True
C2,32,Chlorpyrifos,0.1951932300741627,False,,,0.0026,EU MAC,exceeding,exceeding,,False
C2,32,Clarithromycin,0.176212,False,,,0.13,EU MAC,exceeding,exceeding,,False
C2,32,Clothianidin,0.0,True,0.13583585498351416,0.45278618327838055,0.34,EU MAC,compliant,indeterminate,method_insufficient,True
C2,32,Cybutryne,0.0,True,,,0.016,EU MAC,compliant,indeterminate,unresolved_no_lod,True
C2,32,Cypermethrin,0.0,True,,,0.0006000000000000001,EU MAC,compliant,indeterminate,unresolved_no_lod,True
C2,32,Di(2- ethylhexyl)phthalate (DEHP),21.75811296934099,False,,,2.0,EU MAC,exceeding,exceeding,,False
C2,32,Dichlorvos,0.0,True,,,0.0007,EU MAC,compliant,indeterminate,unresolved_no_lod,True
C2,32,Diuron,0.733433,False,,,0.27,EU MAC,exceeding,exceeding,,False
C2,32,Erythromycin,0.0,True,,,1.0,EU MAC,compliant,indeterminate,unresolved_no_lod,True
C2,32,Fluoranthene,0.0,True,,,0.12,EU MAC,compliant,indeterminate,unresolved_no_lod,True
C2,32,Hexachlorobenzene,0.0,True,,,8.0,EU MAC,compliant,indeterminate,unresolved_no_lod,True
C2,32,Imidacloprid,0.0,True,0.6194075722193858,2.0646919073979526,0.057,EU MAC,compliant,indeterminate,method_insufficient,True
C2,32,Isoproturon,0.0,True,,,1.0,EU MAC,compliant,indeterminate,unresolved_no_lod,True
C2,32,Pentachlorobenzene,0.0,True,,,0.007,EU AA,compliant,indeterminate,unresolved_no_lod,True
C2,32,Quinoxyfen,0.0,True,,,2.7,EU MAC,compliant,indeterminate,unresolved_no_lod,True
C2,32,Terbutryn,0.012800532957362023,False,,,0.34,EU MAC,compliant,compliant,,False
C2,32,Thiacloprid,0.0,True,0.08682554171532375,0.28941847238441254,0.05,EU MAC,compliant,indeterminate,method_insufficient,True
C2,32,Triclosan,0.0,True,,,0.02,EU MAC,compliant,indeterminate,unresolved_no_lod,True
C2,32,Trifluralin,0.0,True,,,0.03,EU AA,compliant,indeterminate,unresolved_no_lod,True
C2,33,17-alpha-Estradiol,0.0,True,,,0.00018,EU AA,compliant,indeterminate,unresolved_no_lod,True
C2,33,17-alpha-Ethinylestradiol,0.0,True,,,1.7e-05,EU AA,compliant,indeterminate,unresolved_no_lod,True
C2,33,17-beta-Estradiol,0.0,True,,,0.00018,EU AA,compliant,indeterminate,unresolved_no_lod,True
C2,33,Acetamiprid,0.1303424233815932,False,0.025237601919248082,0.08412533973082695,0.16,EU MAC,compliant,compliant,,False
C2,33,Aclonifen,0.0,True,,,0.12,EU MAC,compliant,indeterminate,unresolved_no_lod,True
C2,33,Anthracene,0.0,True,,,0.1,EU MAC,compliant,indeterminate,unresolved_no_lod,True
C2,33,Azithromycin,0.0,True,,,0.18,EU MAC,compliant,indeterminate,unresolved_no_lod,True
C2,33,Bifenox,0.0,True,,,0.04,EU MAC,compliant,indeterminate,unresolved_no_lod,True
C2,33,Bisphenol-A,0.0,True,,,130.0,EU MAC,compliant,indeterminate,unresolved_no_lod,True
C2,33,Chlorpyrifos,0.22344099328768877,False,,,0.0026,EU MAC,exceeding,exceeding,,False
C2,33,Clarithromycin,0.317265,False,,,0.13,EU MAC,exceeding,exceeding,,False
C2,33,Clothianidin,0.0,True,0.13583585498351416,0.45278618327838055,0.34,EU MAC,compliant,indeterminate,method_insufficient,True
C2,33,Cybutryne,0.0,True,,,0.016,EU MAC,compliant,indeterminate,unresolved_no_lod,True
C2,33,Cypermethrin,0.0,True,,,0.0006000000000000001,EU MAC,compliant,indeterminate,unresolved_no_lod,True
C2,33,Di(2- ethylhexyl)phthalate (DEHP),24.068430651813244,False,,,2.0,EU MAC,exceeding,exceeding,,False
C2,33,Dichlorvos,0.0,True,,,0.0007,EU MAC,compliant,indeterminate,unresolved_no_lod,True
C2,33,Diuron,0.62854,False,,,0.27,EU MAC,exceeding,exceeding,,False
C2,33,Erythromycin,0.0,True,,,1.0,EU MAC,compliant,indeterminate,unresolved_no_lod,True
C2,33,Fluoranthene,0.0,True,,,0.12,EU MAC,compliant,indeterminate,unresolved_no_lod,True
C2,33,Hexachlorobenzene,0.0,True,,,8.0,EU MAC,compliant,indeterminate,unresolved_no_lod,True
C2,33,Imidacloprid,0.0,True,0.6194075722193858,2.0646919073979526,0.057,EU MAC,compliant,indeterminate,method_insufficient,True
C2,33,Isoproturon,0.0,True,,,1.0,EU MAC,compliant,indeterminate,unresolved_no_lod,True
C2,33,Pentachlorobenzene,0.0,True,,,0.007,EU AA,compliant,indeterminate,unresolved_no_lod,True
C2,33,Quinoxyfen,0.0,True,,,2.7,EU MAC,compliant,indeterminate,unresolved_no_lod,True
C2,33,Terbutryn,0.007843477154908376,False,,,0.34,EU MAC,compliant,compliant,,False
C2,33,Thiacloprid,0.0,True,0.08682554171532375,0.28941847238441254,0.05,EU MAC,compliant,indeterminate,method_insufficient,True
C2,33,Triclosan,0.0,True,,,0.02,EU MAC,compliant,indeterminate,unresolved_no_lod,True
C2,33,Trifluralin,0.0,True,,,0.03,EU AA,compliant,indeterminate,unresolved_no_lod,True
C2,34,17-alpha-Estradiol,0.0,True,,,0.00018,EU AA,compliant,indeterminate,unresolved_no_lod,True
C2,34,17-alpha-Ethinylestradiol,0.0,True,,,1.7e-05,EU AA,compliant,indeterminate,unresolved_no_lod,True
C2,34,17-beta-Estradiol,0.0,True,,,0.00018,EU AA,compliant,indeterminate,unresolved_no_lod,True
C2,34,Acetamiprid,0.13591420905133622,False,0.025237601919248082,0.08412533973082695,0.16,EU MAC,compliant,compliant,,False
C2,34,Aclonifen,0.119023,False,,,0.12,EU MAC,compliant,compliant,,False
C2,34,Anthracene,0.0,True,,,0.1,EU MAC,compliant,indeterminate,unresolved_no_lod,True
C2,34,Azithromycin,0.0,True,,,0.18,EU MAC,compliant,indeterminate,unresolved_no_lod,True
C2,34,Bifenox,0.0,True,,,0.04,EU MAC,compliant,indeterminate,unresolved_no_lod,True
C2,34,Bisphenol-A,0.0,True,,,130.0,EU MAC,compliant,indeterminate,unresolved_no_lod,True
C2,34,Chlorpyrifos,0.18003965193294172,False,,,0.0026,EU MAC,exceeding,exceeding,,False
C2,34,Clarithromycin,0.43074,False,,,0.13,EU MAC,exceeding,exceeding,,False
C2,34,Clothianidin,0.0,True,0.13583585498351416,0.45278618327838055,0.34,EU MAC,compliant,indeterminate,method_insufficient,True
C2,34,Cybutryne,0.0,True,,,0.016,EU MAC,compliant,indeterminate,unresolved_no_lod,True
C2,34,Cypermethrin,0.0,True,,,0.0006000000000000001,EU MAC,compliant,indeterminate,unresolved_no_lod,True
C2,34,Di(2- ethylhexyl)phthalate (DEHP),4.91099000609756,False,,,2.0,EU MAC,exceeding,exceeding,,False
C2,34,Dichlorvos,0.0,True,,,0.0007,EU MAC,compliant,indeterminate,unresolved_no_lod,True
C2,34,Diuron,0.751032,False,,,0.27,EU MAC,exceeding,exceeding,,False
C2,34,Erythromycin,0.0,True,,,1.0,EU MAC,compliant,indeterminate,unresolved_no_lod,True
C2,34,Fluoranthene,0.0,True,,,0.12,EU MAC,compliant,indeterminate,unresolved_no_lod,True
C2,34,Hexachlorobenzene,0.0,True,,,8.0,EU MAC,compliant,indeterminate,unresolved_no_lod,True
C2,34,Imidacloprid,0.0,True,0.6194075722193858,2.0646919073979526,0.057,EU MAC,compliant,indeterminate,method_insufficient,True
C2,34,Isoproturon,0.0,True,,,1.0,EU MAC,compliant,indeterminate,unresolved_no_lod,True
C2,34,Pentachlorobenzene,0.0,True,,,0.007,EU AA,compliant,indeterminate,unresolved_no_lod,True
C2,34,Quinoxyfen,0.0,True,,,2.7,EU MAC,compliant,indeterminate,unresolved_no_lod,True
C2,34,Terbutryn,0.011256950455559281,False,,,0.34,EU MAC,compliant,compliant,,False
C2,34,Thiacloprid,0.0,True,0.08682554171532375,0.28941847238441254,0.05,EU MAC,compliant,indeterminate,method_insufficient,True
C2,34,Triclosan,0.0,True,,,0.02,EU MAC,compliant,indeterminate,unresolved_no_lod,True
C2,34,Trifluralin,0.0,True,,,0.03,EU AA,compliant,indeterminate,unresolved_no_lod,True
C2,35,17-alpha-Estradiol,0.0,True,,,0.00018,EU AA,compliant,indeterminate,unresolved_no_lod,True
C2,35,17-alpha-Ethinylestradiol,0.0,True,,,1.7e-05,EU AA,compliant,indeterminate,unresolved_no_lod,True
C2,35,17-beta-Estradiol,0.0,True,,,0.00018,EU AA,compliant,indeterminate,unresolved_no_lod,True
C2,35,Acetamiprid,0.11496601397879173,False,0.025237601919248082,0.08412533973082695,0.16,EU MAC,compliant,compliant,,False
C2,35,Aclonifen,0.171434,False,,,0.12,EU MAC,exceeding,exceeding,,False
C2,35,Anthracene,0.0,True,,,0.1,EU MAC,compliant,indeterminate,unresolved_no_lod,True
C2,35,Azithromycin,0.0,True,,,0.18,EU MAC,compliant,indeterminate,unresolved_no_lod,True
C2,35,Bifenox,0.0,True,,,0.04,EU MAC,compliant,indeterminate,unresolved_no_lod,True
C2,35,Bisphenol-A,0.0,True,,,130.0,EU MAC,compliant,indeterminate,unresolved_no_lod,True
C2,35,Chlorpyrifos,0.0,True,,,0.0026,EU MAC,compliant,indeterminate,unresolved_no_lod,True
C2,35,Clarithromycin,0.233908,False,,,0.13,EU MAC,exceeding,exceeding,,False
C2,35,Clothianidin,0.0,True,0.13583585498351416,0.45278618327838055,0.34,EU MAC,compliant,indeterminate,method_insufficient,True
C2,35,Cybutryne,0.0,True,,,0.016,EU MAC,compliant,indeterminate,unresolved_no_lod,True
C2,35,Cypermethrin,0.0,True,,,0.0006000000000000001,EU MAC,compliant,indeterminate,unresolved_no_lod,True
C2,35,Di(2- ethylhexyl)phthalate (DEHP),47.26589980557678,False,,,2.0,EU MAC,exceeding,exceeding,,False
C2,35,Dichlorvos,0.0,True,,,0.0007,EU MAC,compliant,indeterminate,unresolved_no_lod,True
C2,35,Diuron,0.549307,False,,,0.27,EU MAC,exceeding,exceeding,,False
C2,35,Erythromycin,0.09782862291732032,False,,,1.0,EU MAC,compliant,compliant,,False
C2,35,Fluoranthene,0.0,True,,,0.12,EU MAC,compliant,indeterminate,unresolved_no_lod,True
C2,35,Hexachlorobenzene,0.0,True,,,8.0,EU MAC,compliant,indeterminate,unresolved_no_lod,True
C2,35,Imidacloprid,0.0,True,0.6194075722193858,2.0646919073979526,0.057,EU MAC,compliant,indeterminate,method_insufficient,True
C2,35,Isoproturon,0.0,True,,,1.0,EU MAC,compliant,indeterminate,unresolved_no_lod,True
C2,35,Pentachlorobenzene,0.0,True,,,0.007,EU AA,compliant,indeterminate,unresolved_no_lod,True
C2,35,Quinoxyfen,0.0,True,,,2.7,EU MAC,compliant,indeterminate,unresolved_no_lod,True
C2,35,Terbutryn,0.0,True,,,0.34,EU MAC,compliant,indeterminate,unresolved_no_lod,True
C2,35,Thiacloprid,0.0,True,0.08682554171532375,0.28941847238441254,0.05,EU MAC,compliant,indeterminate,method_insufficient,True
C2,35,Triclosan,0.0,True,,,0.02,EU MAC,compliant,indeterminate,unresolved_no_lod,True
C2,35,Trifluralin,0.0,True,,,0.03,EU AA,compliant,indeterminate,unresolved_no_lod,True
C2,36,17-alpha-Estradiol,0.0,True,,,0.00018,EU AA,compliant,indeterminate,unresolved_no_lod,True
C2,36,17-alpha-Ethinylestradiol,0.0,True,,,1.7e-05,EU AA,compliant,indeterminate,unresolved_no_lod,True
C2,36,17-beta-Estradiol,0.0,True,,,0.00018,EU AA,compliant,indeterminate,unresolved_no_lod,True
C2,36,Acetamiprid,0.16263427728004393,False,0.025237601919248082,0.08412533973082695,0.16,EU MAC,exceeding,exceeding,,False
C2,36,Aclonifen,0.0,True,,,0.12,EU MAC,compliant,indeterminate,unresolved_no_lod,True
C2,36,Anthracene,0.0,True,,,0.1,EU MAC,compliant,indeterminate,unresolved_no_lod,True
C2,36,Azithromycin,0.0,True,,,0.18,EU MAC,compliant,indeterminate,unresolved_no_lod,True
C2,36,Bifenox,0.0,True,,,0.04,EU MAC,compliant,indeterminate,unresolved_no_lod,True
C2,36,Bisphenol-A,0.0,True,,,130.0,EU MAC,compliant,indeterminate,unresolved_no_lod,True
C2,36,Chlorpyrifos,0.0,True,,,0.0026,EU MAC,compliant,indeterminate,unresolved_no_lod,True
C2,36,Clarithromycin,0.13529,False,,,0.13,EU MAC,exceeding,exceeding,,False
C2,36,Clothianidin,0.0,True,0.13583585498351416,0.45278618327838055,0.34,EU MAC,compliant,indeterminate,method_insufficient,True
C2,36,Cybutryne,0.0,True,,,0.016,EU MAC,compliant,indeterminate,unresolved_no_lod,True
C2,36,Cypermethrin,0.0,True,,,0.0006000000000000001,EU MAC,compliant,indeterminate,unresolved_no_lod,True
C2,36,Di(2- ethylhexyl)phthalate (DEHP),12.457610246179428,False,,,2.0,EU MAC,exceeding,exceeding,,False
C2,36,Dichlorvos,0.0,True,,,0.0007,EU MAC,compliant,indeterminate,unresolved_no_lod,True
C2,36,Diuron,0.521193,False,,,0.27,EU MAC,exceeding,exceeding,,False
C2,36,Erythromycin,0.0,True,,,1.0,EU MAC,compliant,indeterminate,unresolved_no_lod,True
C2,36,Fluoranthene,0.0,True,,,0.12,EU MAC,compliant,indeterminate,unresolved_no_lod,True
C2,36,Hexachlorobenzene,0.0,True,,,8.0,EU MAC,compliant,indeterminate,unresolved_no_lod,True
C2,36,Imidacloprid,0.0,True,0.6194075722193858,2.0646919073979526,0.057,EU MAC,compliant,indeterminate,method_insufficient,True
C2,36,Isoproturon,0.0,True,,,1.0,EU MAC,compliant,indeterminate,unresolved_no_lod,True
C2,36,Pentachlorobenzene,0.0,True,,,0.007,EU AA,compliant,indeterminate,unresolved_no_lod,True
C2,36,Quinoxyfen,0.0,True,,,2.7,EU MAC,compliant,indeterminate,unresolved_no_lod,True
C2,36,Terbutryn,0.0,True,,,0.34,EU MAC,compliant,indeterminate,unresolved_no_lod,True
C2,36,Thiacloprid,0.0,True,0.08682554171532375,0.28941847238441254,0.05,EU MAC,compliant,indeterminate,method_insufficient,True
C2,36,Triclosan,0.0,True,,,0.02,EU MAC,compliant,indeterminate,unresolved_no_lod,True
C2,36,Trifluralin,0.0,True,,,0.03,EU AA,compliant,indeterminate,unresolved_no_lod,True
C2,37,17-alpha-Estradiol,0.0,True,,,0.00018,EU AA,compliant,indeterminate,unresolved_no_lod,True
C2,37,17-alpha-Ethinylestradiol,0.0,True,,,1.7e-05,EU AA,compliant,indeterminate,unresolved_no_lod,True
C2,37,17-beta-Estradiol,0.0,True,,,0.00018,EU AA,compliant,indeterminate,unresolved_no_lod,True
C2,37,Acetamiprid,0.11515609420396854,False,0.025237601919248082,0.08412533973082695,0.16,EU MAC,compliant,compliant,,False
C2,37,Aclonifen,0.0,True,,,0.12,EU MAC,compliant,indeterminate,unresolved_no_lod,True
C2,37,Anthracene,17.987232489260332,False,,,0.1,EU MAC,exceeding,exceeding,,False
C2,37,Azithromycin,0.0,True,,,0.18,EU MAC,compliant,indeterminate,unresolved_no_lod,True
C2,37,Bifenox,0.0,True,,,0.04,EU MAC,compliant,indeterminate,unresolved_no_lod,True
C2,37,Bisphenol-A,0.0,True,,,130.0,EU MAC,compliant,indeterminate,unresolved_no_lod,True
C2,37,Chlorpyrifos,0.4972738464753039,False,,,0.0026,EU MAC,exceeding,exceeding,,False
C2,37,Clarithromycin,0.0,True,,,0.13,EU MAC,compliant,indeterminate,unresolved_no_lod,True
C2,37,Clothianidin,0.0,True,0.13583585498351416,0.45278618327838055,0.34,EU MAC,compliant,indeterminate,method_insufficient,True
C2,37,Cybutryne,0.0,True,,,0.016,EU MAC,compliant,indeterminate,unresolved_no_lod,True
C2,37,Cypermethrin,0.0,True,,,0.0006000000000000001,EU MAC,compliant,indeterminate,unresolved_no_lod,True
C2,37,Di(2- ethylhexyl)phthalate (DEHP),22.110492048271947,False,,,2.0,EU MAC,exceeding,exceeding,,False
C2,37,Dichlorvos,0.0,True,,,0.0007,EU MAC,compliant,indeterminate,unresolved_no_lod,True
C2,37,Diuron,0.540877,False,,,0.27,EU MAC,exceeding,exceeding,,False
C2,37,Erythromycin,0.0,True,,,1.0,EU MAC,compliant,indeterminate,unresolved_no_lod,True
C2,37,Fluoranthene,0.0,True,,,0.12,EU MAC,compliant,indeterminate,unresolved_no_lod,True
C2,37,Hexachlorobenzene,0.0,True,,,8.0,EU MAC,compliant,indeterminate,unresolved_no_lod,True
C2,37,Imidacloprid,0.0,True,0.6194075722193858,2.0646919073979526,0.057,EU MAC,compliant,indeterminate,method_insufficient,True
C2,37,Isoproturon,0.0,True,,,1.0,EU MAC,compliant,indeterminate,unresolved_no_lod,True
C2,37,Pentachlorobenzene,0.0,True,,,0.007,EU AA,compliant,indeterminate,unresolved_no_lod,True
C2,37,Quinoxyfen,0.0,True,,,2.7,EU MAC,compliant,indeterminate,unresolved_no_lod,True
C2,37,Terbutryn,0.0,True,,,0.34,EU MAC,compliant,indeterminate,unresolved_no_lod,True
C2,37,Thiacloprid,0.0,True,0.08682554171532375,0.28941847238441254,0.05,EU MAC,compliant,indeterminate,method_insufficient,True
C2,37,Triclosan,0.0,True,,,0.02,EU MAC,compliant,indeterminate,unresolved_no_lod,True
C2,37,Trifluralin,0.0,True,,,0.03,EU AA,compliant,indeterminate,unresolved_no_lod,True
C2,38,17-alpha-Estradiol,0.0,True,,,0.00018,EU AA,compliant,indeterminate,unresolved_no_lod,True
C2,38,17-alpha-Ethinylestradiol,0.0,True,,,1.7e-05,EU AA,compliant,indeterminate,unresolved_no_lod,True
C2,38,17-beta-Estradiol,0.0,True,,,0.00018,EU AA,compliant,indeterminate,unresolved_no_lod,True
C2,38,Acetamiprid,0.1347038314955101,False,0.025237601919248082,0.08412533973082695,0.16,EU MAC,compliant,compliant,,False
C2,38,Aclonifen,0.0,True,,,0.12,EU MAC,compliant,indeterminate,unresolved_no_lod,True
C2,38,Anthracene,0.0,True,,,0.1,EU MAC,compliant,indeterminate,unresolved_no_lod,True
C2,38,Azithromycin,0.0,True,,,0.18,EU MAC,compliant,indeterminate,unresolved_no_lod,True
C2,38,Bifenox,0.0,True,,,0.04,EU MAC,compliant,indeterminate,unresolved_no_lod,True
C2,38,Bisphenol-A,0.0,True,,,130.0,EU MAC,compliant,indeterminate,unresolved_no_lod,True
C2,38,Chlorpyrifos,0.3022767715969276,False,,,0.0026,EU MAC,exceeding,exceeding,,False
C2,38,Clarithromycin,0.149354,False,,,0.13,EU MAC,exceeding,exceeding,,False
C2,38,Clothianidin,0.0,True,0.13583585498351416,0.45278618327838055,0.34,EU MAC,compliant,indeterminate,method_insufficient,True
C2,38,Cybutryne,0.0,True,,,0.016,EU MAC,compliant,indeterminate,unresolved_no_lod,True
C2,38,Cypermethrin,0.0,True,,,0.0006000000000000001,EU MAC,compliant,indeterminate,unresolved_no_lod,True
C2,38,Di(2- ethylhexyl)phthalate (DEHP),2.871919829375464,False,,,2.0,EU MAC,exceeding,exceeding,,False
C2,38,Dichlorvos,0.0,True,,,0.0007,EU MAC,compliant,indeterminate,unresolved_no_lod,True
C2,38,Diuron,0.510886,False,,,0.27,EU MAC,exceeding,exceeding,,False
C2,38,Erythromycin,0.0,True,,,1.0,EU MAC,compliant,indeterminate,unresolved_no_lod,True
C2,38,Fluoranthene,0.0,True,,,0.12,EU MAC,compliant,indeterminate,unresolved_no_lod,True
C2,38,Hexachlorobenzene,0.0,True,,,8.0,EU MAC,compliant,indeterminate,unresolved_no_lod,True
C2,38,Imidacloprid,0.0,True,0.6194075722193858,2.0646919073979526,0.057,EU MAC,compliant,indeterminate,method_insufficient,True
C2,38,Isoproturon,0.0,True,,,1.0,EU MAC,compliant,indeterminate,unresolved_no_lod,True
C2,38,Pentachlorobenzene,0.0,True,,,0.007,EU AA,compliant,indeterminate,unresolved_no_lod,True
C2,38,Quinoxyfen,0.0,True,,,2.7,EU MAC,compliant,indeterminate,unresolved_no_lod,True
C2,38,Terbutryn,0.006782655621489627,False,,,0.34,EU MAC,compliant,compliant,,False
C2,38,Thiacloprid,0.0,True,0.08682554171532375,0.28941847238441254,0.05,EU MAC,compliant,indeterminate,method_insufficient,True
C2,38,Triclosan,0.0,True,,,0.02,EU MAC,compliant,indeterminate,unresolved_no_lod,True
C2,38,Trifluralin,0.0,True,,,0.03,EU AA,compliant,indeterminate,unresolved_no_lod,True
C2,39,17-alpha-Estradiol,0.0,True,,,0.00018,EU AA,compliant,indeterminate,unresolved_no_lod,True
C2,39,17-alpha-Ethinylestradiol,0.0,True,,,1.7e-05,EU AA,compliant,indeterminate,unresolved_no_lod,True
C2,39,17-beta-Estradiol,0.0,True,,,0.00018,EU AA,compliant,indeterminate,unresolved_no_lod,True
C2,39,Acetamiprid,0.12135456709460629,False,0.025237601919248082,0.08412533973082695,0.16,EU MAC,compliant,compliant,,False
C2,39,Aclonifen,0.102264,False,,,0.12,EU MAC,compliant,compliant,,False
C2,39,Anthracene,0.0,True,,,0.1,EU MAC,compliant,indeterminate,unresolved_no_lod,True
C2,39,Azithromycin,0.0,True,,,0.18,EU MAC,compliant,indeterminate,unresolved_no_lod,True
C2,39,Bifenox,0.0,True,,,0.04,EU MAC,compliant,indeterminate,unresolved_no_lod,True
C2,39,Bisphenol-A,0.0,True,,,130.0,EU MAC,compliant,indeterminate,unresolved_no_lod,True
C2,39,Chlorpyrifos,0.14202622339159346,False,,,0.0026,EU MAC,exceeding,exceeding,,False
C2,39,Clarithromycin,0.153371,False,,,0.13,EU MAC,exceeding,exceeding,,False
C2,39,Clothianidin,0.0,True,0.13583585498351416,0.45278618327838055,0.34,EU MAC,compliant,indeterminate,method_insufficient,True
C2,39,Cybutryne,0.0,True,,,0.016,EU MAC,compliant,indeterminate,unresolved_no_lod,True
C2,39,Cypermethrin,0.0,True,,,0.0006000000000000001,EU MAC,compliant,indeterminate,unresolved_no_lod,True
C2,39,Di(2- ethylhexyl)phthalate (DEHP),11.027635094494372,False,,,2.0,EU MAC,exceeding,exceeding,,False
C2,39,Dichlorvos,0.0,True,,,0.0007,EU MAC,compliant,indeterminate,unresolved_no_lod,True
C2,39,Diuron,0.509558,False,,,0.27,EU MAC,exceeding,exceeding,,False
C2,39,Erythromycin,0.0,True,,,1.0,EU MAC,compliant,indeterminate,unresolved_no_lod,True
C2,39,Fluoranthene,0.0,True,,,0.12,EU MAC,compliant,indeterminate,unresolved_no_lod,True
C2,39,Hexachlorobenzene,0.0,True,,,8.0,EU MAC,compliant,indeterminate,unresolved_no_lod,True
C2,39,Imidacloprid,0.0,True,0.6194075722193858,2.0646919073979526,0.057,EU MAC,compliant,indeterminate,method_insufficient,True
C2,39,Isoproturon,0.0,True,,,1.0,EU MAC,compliant,indeterminate,unresolved_no_lod,True
C2,39,Pentachlorobenzene,0.0,True,,,0.007,EU AA,compliant,indeterminate,unresolved_no_lod,True
C2,39,Quinoxyfen,0.0,True,,,2.7,EU MAC,compliant,indeterminate,unresolved_no_lod,True
C2,39,Terbutryn,0.0,True,,,0.34,EU MAC,compliant,indeterminate,unresolved_no_lod,True
C2,39,Thiacloprid,0.0,True,0.08682554171532375,0.28941847238441254,0.05,EU MAC,compliant,indeterminate,method_insufficient,True
C2,39,Triclosan,0.0,True,,,0.02,EU MAC,compliant,indeterminate,unresolved_no_lod,True
C2,39,Trifluralin,0.0,True,,,0.03,EU AA,compliant,indeterminate,unresolved_no_lod,True
C2,40,17-alpha-Estradiol,0.0,True,,,0.00018,EU AA,compliant,indeterminate,unresolved_no_lod,True
C2,40,17-alpha-Ethinylestradiol,0.0,True,,,1.7e-05,EU AA,compliant,indeterminate,unresolved_no_lod,True
C2,40,17-beta-Estradiol,0.0,True,,,0.00018,EU AA,compliant,indeterminate,unresolved_no_lod,True
C2,40,Acetamiprid,0.12852008934614276,False,0.025237601919248082,0.08412533973082695,0.16,EU MAC,compliant,compliant,,False
C2,40,Aclonifen,0.0,True,,,0.12,EU MAC,compliant,indeterminate,unresolved_no_lod,True
C2,40,Anthracene,0.0,True,,,0.1,EU MAC,compliant,indeterminate,unresolved_no_lod,True
C2,40,Azithromycin,0.0,True,,,0.18,EU MAC,compliant,indeterminate,unresolved_no_lod,True
C2,40,Bifenox,0.0,True,,,0.04,EU MAC,compliant,indeterminate,unresolved_no_lod,True
C2,40,Bisphenol-A,0.0,True,,,130.0,EU MAC,compliant,indeterminate,unresolved_no_lod,True
C2,40,Chlorpyrifos,0.0,True,,,0.0026,EU MAC,compliant,indeterminate,unresolved_no_lod,True
C2,40,Clarithromycin,0.143602,False,,,0.13,EU MAC,exceeding,exceeding,,False
C2,40,Clothianidin,0.0,True,0.13583585498351416,0.45278618327838055,0.34,EU MAC,compliant,indeterminate,method_insufficient,True
C2,40,Cybutryne,0.0,True,,,0.016,EU MAC,compliant,indeterminate,unresolved_no_lod,True
C2,40,Cypermethrin,0.0,True,,,0.0006000000000000001,EU MAC,compliant,indeterminate,unresolved_no_lod,True
C2,40,Di(2- ethylhexyl)phthalate (DEHP),13.130454559472044,False,,,2.0,EU MAC,exceeding,exceeding,,False
C2,40,Dichlorvos,0.0,True,,,0.0007,EU MAC,compliant,indeterminate,unresolved_no_lod,True
C2,40,Diuron,0.477014,False,,,0.27,EU MAC,exceeding,exceeding,,False
C2,40,Erythromycin,0.0,True,,,1.0,EU MAC,compliant,indeterminate,unresolved_no_lod,True
C2,40,Fluoranthene,0.0,True,,,0.12,EU MAC,compliant,indeterminate,unresolved_no_lod,True
C2,40,Hexachlorobenzene,0.0,True,,,8.0,EU MAC,compliant,indeterminate,unresolved_no_lod,True
C2,40,Imidacloprid,0.0,True,0.6194075722193858,2.0646919073979526,0.057,EU MAC,compliant,indeterminate,method_insufficient,True
C2,40,Isoproturon,0.0,True,,,1.0,EU MAC,compliant,indeterminate,unresolved_no_lod,True
C2,40,Pentachlorobenzene,0.0,True,,,0.007,EU AA,compliant,indeterminate,unresolved_no_lod,True
C2,40,Quinoxyfen,0.0,True,,,2.7,EU MAC,compliant,indeterminate,unresolved_no_lod,True
C2,40,Terbutryn,0.0070471891010264786,False,,,0.34,EU MAC,compliant,compliant,,False
C2,40,Thiacloprid,0.0,True,0.08682554171532375,0.28941847238441254,0.05,EU MAC,compliant,indeterminate,method_insufficient,True
C2,40,Triclosan,0.0,True,,,0.02,EU MAC,compliant,indeterminate,unresolved_no_lod,True
C2,40,Trifluralin,0.0,True,,,0.03,EU AA,compliant,indeterminate,unresolved_no_lod,True
C2,41,17-alpha-Estradiol,0.0,True,,,0.00018,EU AA,compliant,indeterminate,unresolved_no_lod,True
C2,41,17-alpha-Ethinylestradiol,0.0,True,,,1.7e-05,EU AA,compliant,indeterminate,unresolved_no_lod,True
C2,41,17-beta-Estradiol,0.0,True,,,0.00018,EU AA,compliant,indeterminate,unresolved_no_lod,True
C2,41,Acetamiprid,0.0,True,0.025237601919248082,0.08412533973082695,0.16,EU MAC,compliant,compliant,,False
C2,41,Aclonifen,0.0,True,,,0.12,EU MAC,compliant,indeterminate,unresolved_no_lod,True
C2,41,Anthracene,0.0,True,,,0.1,EU MAC,compliant,indeterminate,unresolved_no_lod,True
C2,41,Azithromycin,0.0,True,,,0.18,EU MAC,compliant,indeterminate,unresolved_no_lod,True
C2,41,Bifenox,0.0,True,,,0.04,EU MAC,compliant,indeterminate,unresolved_no_lod,True
C2,41,Bisphenol-A,0.0,True,,,130.0,EU MAC,compliant,indeterminate,unresolved_no_lod,True
C2,41,Chlorpyrifos,0.14085785764674413,False,,,0.0026,EU MAC,exceeding,exceeding,,False
C2,41,Clarithromycin,0.0,True,,,0.13,EU MAC,compliant,indeterminate,unresolved_no_lod,True
C2,41,Clothianidin,0.0,True,0.13583585498351416,0.45278618327838055,0.34,EU MAC,compliant,indeterminate,method_insufficient,True
C2,41,Cybutryne,0.0,True,,,0.016,EU MAC,compliant,indeterminate,unresolved_no_lod,True
C2,41,Cypermethrin,0.0,True,,,0.0006000000000000001,EU MAC,compliant,indeterminate,unresolved_no_lod,True
C2,41,Di(2- ethylhexyl)phthalate (DEHP),12.131197734714444,False,,,2.0,EU MAC,exceeding,exceeding,,False
C2,41,Dichlorvos,0.0,True,,,0.0007,EU MAC,compliant,indeterminate,unresolved_no_lod,True
C2,41,Diuron,0.0,True,,,0.27,EU MAC,compliant,indeterminate,unresolved_no_lod,True
C2,41,Erythromycin,0.0,True,,,1.0,EU MAC,compliant,indeterminate,unresolved_no_lod,True
C2,41,Fluoranthene,0.0,True,,,0.12,EU MAC,compliant,indeterminate,unresolved_no_lod,True
C2,41,Hexachlorobenzene,0.0,True,,,8.0,EU MAC,compliant,indeterminate,unresolved_no_lod,True
C2,41,Imidacloprid,0.0,True,0.6194075722193858,2.0646919073979526,0.057,EU MAC,compliant,indeterminate,method_insufficient,True
C2,41,Isoproturon,0.0,True,,,1.0,EU MAC,compliant,indeterminate,unresolved_no_lod,True
C2,41,Pentachlorobenzene,0.0,True,,,0.007,EU AA,compliant,indeterminate,unresolved_no_lod,True
C2,41,Quinoxyfen,0.0,True,,,2.7,EU MAC,compliant,indeterminate,unresolved_no_lod,True
C2,41,Terbutryn,0.0,True,,,0.34,EU MAC,compliant,indeterminate,unresolved_no_lod,True
C2,41,Thiacloprid,0.0,True,0.08682554171532375,0.28941847238441254,0.05,EU MAC,compliant,indeterminate,method_insufficient,True
C2,41,Triclosan,0.0,True,,,0.02,EU MAC,compliant,indeterminate,unresolved_no_lod,True
C2,41,Trifluralin,0.0,True,,,0.03,EU AA,compliant,indeterminate,unresolved_no_lod,True
C2,42,17-alpha-Estradiol,0.0,True,,,0.00018,EU AA,compliant,indeterminate,unresolved_no_lod,True
C2,42,17-alpha-Ethinylestradiol,0.0,True,,,1.7e-05,EU AA,compliant,indeterminate,unresolved_no_lod,True
C2,42,17-beta-Estradiol,0.0,True,,,0.00018,EU AA,compliant,indeterminate,unresolved_no_lod,True
C2,42,Acetamiprid,0.0891656881862519,False,0.025237601919248082,0.08412533973082695,0.16,EU MAC,compliant,compliant,,False
C2,42,Aclonifen,0.0,True,,,0.12,EU MAC,compliant,indeterminate,unresolved_no_lod,True
C2,42,Anthracene,0.0,True,,,0.1,EU MAC,compliant,indeterminate,unresolved_no_lod,True
C2,42,Azithromycin,0.10677284307487205,False,,,0.18,EU MAC,compliant,compliant,,False
C2,42,Bifenox,0.0,True,,,0.04,EU MAC,compliant,indeterminate,unresolved_no_lod,True
C2,42,Bisphenol-A,0.0,True,,,130.0,EU MAC,compliant,indeterminate,unresolved_no_lod,True
C2,42,Chlorpyrifos,0.20850892643529306,False,,,0.0026,EU MAC,exceeding,exceeding,,False
C2,42,Clarithromycin,1.077999,False,,,0.13,EU MAC,exceeding,exceeding,,False
C2,42,Clothianidin,0.0,True,0.13583585498351416,0.45278618327838055,0.34,EU MAC,compliant,indeterminate,method_insufficient,True
C2,42,Cybutryne,0.0,True,,,0.016,EU MAC,compliant,indeterminate,unresolved_no_lod,True
C2,42,Cypermethrin,0.0,True,,,0.0006000000000000001,EU MAC,compliant,indeterminate,unresolved_no_lod,True
C2,42,Di(2- ethylhexyl)phthalate (DEHP),7.197649062733706,False,,,2.0,EU MAC,exceeding,exceeding,,False
C2,42,Dichlorvos,1.949859366393199,False,,,0.0007,EU MAC,exceeding,exceeding,,False
C2,42,Diuron,1.132048,False,,,0.27,EU MAC,exceeding,exceeding,,False
C2,42,Erythromycin,0.4082372969563856,False,,,1.0,EU MAC,compliant,compliant,,False
C2,42,Fluoranthene,0.0,True,,,0.12,EU MAC,compliant,indeterminate,unresolved_no_lod,True
C2,42,Hexachlorobenzene,0.0,True,,,8.0,EU MAC,compliant,indeterminate,unresolved_no_lod,True
C2,42,Imidacloprid,0.0,True,0.6194075722193858,2.0646919073979526,0.057,EU MAC,compliant,indeterminate,method_insufficient,True
C2,42,Isoproturon,0.0,True,,,1.0,EU MAC,compliant,indeterminate,unresolved_no_lod,True
C2,42,Pentachlorobenzene,0.0,True,,,0.007,EU AA,compliant,indeterminate,unresolved_no_lod,True
C2,42,Quinoxyfen,0.0,True,,,2.7,EU MAC,compliant,indeterminate,unresolved_no_lod,True
C2,42,Terbutryn,0.0,True,,,0.34,EU MAC,compliant,indeterminate,unresolved_no_lod,True
C2,42,Thiacloprid,0.0,True,0.08682554171532375,0.28941847238441254,0.05,EU MAC,compliant,indeterminate,method_insufficient,True
C2,42,Triclosan,0.0,True,,,0.02,EU MAC,compliant,indeterminate,unresolved_no_lod,True
C2,42,Trifluralin,0.0,True,,,0.03,EU AA,compliant,indeterminate,unresolved_no_lod,True
C2,43,17-alpha-Estradiol,0.0,True,,,0.00018,EU AA,compliant,indeterminate,unresolved_no_lod,True
C2,43,17-alpha-Ethinylestradiol,0.0,True,,,1.7e-05,EU AA,compliant,indeterminate,unresolved_no_lod,True
C2,43,17-beta-Estradiol,0.0,True,,,0.00018,EU AA,compliant,indeterminate,unresolved_no_lod,True
C2,43,Acetamiprid,0.0,True,0.025237601919248082,0.08412533973082695,0.16,EU MAC,compliant,compliant,,False
C2,43,Aclonifen,0.116887,False,,,0.12,EU MAC,compliant,compliant,,False
C2,43,Anthracene,0.0,True,,,0.1,EU MAC,compliant,indeterminate,unresolved_no_lod,True
C2,43,Azithromycin,0.0,True,,,0.18,EU MAC,compliant,indeterminate,unresolved_no_lod,True
C2,43,Bifenox,0.0,True,,,0.04,EU MAC,compliant,indeterminate,unresolved_no_lod,True
C2,43,Bisphenol-A,0.0,True,,,130.0,EU MAC,compliant,indeterminate,unresolved_no_lod,True
C2,43,Chlorpyrifos,0.22199714788614758,False,,,0.0026,EU MAC,exceeding,exceeding,,False
C2,43,Clarithromycin,0.060103,False,,,0.13,EU MAC,compliant,compliant,,False
C2,43,Clothianidin,0.0,True,0.13583585498351416,0.45278618327838055,0.34,EU MAC,compliant,indeterminate,method_insufficient,True
C2,43,Cybutryne,0.0,True,,,0.016,EU MAC,compliant,indeterminate,unresolved_no_lod,True
C2,43,Cypermethrin,0.0,True,,,0.0006000000000000001,EU MAC,compliant,indeterminate,unresolved_no_lod,True
C2,43,Di(2- ethylhexyl)phthalate (DEHP),16.699831120017688,False,,,2.0,EU MAC,exceeding,exceeding,,False
C2,43,Dichlorvos,0.0,True,,,0.0007,EU MAC,compliant,indeterminate,unresolved_no_lod,True
C2,43,Diuron,0.0,True,,,0.27,EU MAC,compliant,indeterminate,unresolved_no_lod,True
C2,43,Erythromycin,0.0,True,,,1.0,EU MAC,compliant,indeterminate,unresolved_no_lod,True
C2,43,Fluoranthene,0.0,True,,,0.12,EU MAC,compliant,indeterminate,unresolved_no_lod,True
C2,43,Hexachlorobenzene,0.0,True,,,8.0,EU MAC,compliant,indeterminate,unresolved_no_lod,True
C2,43,Imidacloprid,0.0,True,0.6194075722193858,2.0646919073979526,0.057,EU MAC,compliant,indeterminate,method_insufficient,True
C2,43,Isoproturon,0.0,True,,,1.0,EU MAC,compliant,indeterminate,unresolved_no_lod,True
C2,43,Pentachlorobenzene,0.0,True,,,0.007,EU AA,compliant,indeterminate,unresolved_no_lod,True
C2,43,Quinoxyfen,0.0,True,,,2.7,EU MAC,compliant,indeterminate,unresolved_no_lod,True
C2,43,Terbutryn,0.0,True,,,0.34,EU MAC,compliant,indeterminate,unresolved_no_lod,True
C2,43,Thiacloprid,0.0,True,0.08682554171532375,0.28941847238441254,0.05,EU MAC,compliant,indeterminate,method_insufficient,True
C2,43,Triclosan,0.0,True,,,0.02,EU MAC,compliant,indeterminate,unresolved_no_lod,True
C2,43,Trifluralin,0.0,True,,,0.03,EU AA,compliant,indeterminate,unresolved_no_lod,True
C2,44,17-alpha-Estradiol,0.0,True,,,0.00018,EU AA,compliant,indeterminate,unresolved_no_lod,True
C2,44,17-alpha-Ethinylestradiol,0.0,True,,,1.7e-05,EU AA,compliant,indeterminate,unresolved_no_lod,True
C2,44,17-beta-Estradiol,0.0,True,,,0.00018,EU AA,compliant,indeterminate,unresolved_no_lod,True
C2,44,Acetamiprid,0.07807485323429207,False,0.025237601919248082,0.08412533973082695,0.16,EU MAC,compliant,compliant,,False
C2,44,Aclonifen,0.0,True,,,0.12,EU MAC,compliant,indeterminate,unresolved_no_lod,True
C2,44,Anthracene,0.0,True,,,0.1,EU MAC,compliant,indeterminate,unresolved_no_lod,True
C2,44,Azithromycin,0.0,True,,,0.18,EU MAC,compliant,indeterminate,unresolved_no_lod,True
C2,44,Bifenox,0.0,True,,,0.04,EU MAC,compliant,indeterminate,unresolved_no_lod,True
C2,44,Bisphenol-A,0.0,True,,,130.0,EU MAC,compliant,indeterminate,unresolved_no_lod,True
C2,44,Chlorpyrifos,0.0,True,,,0.0026,EU MAC,compliant,indeterminate,unresolved_no_lod,True
C2,44,Clarithromycin,0.0,True,,,0.13,EU MAC,compliant,indeterminate,unresolved_no_lod,True
C2,44,Clothianidin,0.0,True,0.13583585498351416,0.45278618327838055,0.34,EU MAC,compliant,indeterminate,method_insufficient,True
C2,44,Cybutryne,0.0,True,,,0.016,EU MAC,compliant,indeterminate,unresolved_no_lod,True
C2,44,Cypermethrin,0.0,True,,,0.0006000000000000001,EU MAC,compliant,indeterminate,unresolved_no_lod,True
C2,44,Di(2- ethylhexyl)phthalate (DEHP),35.08206561437473,False,,,2.0,EU MAC,exceeding,exceeding,,False
C2,44,Dichlorvos,0.0,True,,,0.0007,EU MAC,compliant,indeterminate,unresolved_no_lod,True
C2,44,Diuron,0.0,True,,,0.27,EU MAC,compliant,indeterminate,unresolved_no_lod,True
C2,44,Erythromycin,0.0,True,,,1.0,EU MAC,compliant,indeterminate,unresolved_no_lod,True
C2,44,Fluoranthene,0.0,True,,,0.12,EU MAC,compliant,indeterminate,unresolved_no_lod,True
C2,44,Hexachlorobenzene,0.0,True,,,8.0,EU MAC,compliant,indeterminate,unresolved_no_lod,True
C2,44,Imidacloprid,0.0,True,0.6194075722193858,2.0646919073979526,0.057,EU MAC,compliant,indeterminate,method_insufficient,True
C2,44,Isoproturon,0.0,True,,,1.0,EU MAC,compliant,indeterminate,unresolved_no_lod,True
C2,44,Pentachlorobenzene,0.0,True,,,0.007,EU AA,compliant,indeterminate,unresolved_no_lod,True
C2,44,Quinoxyfen,0.0,True,,,2.7,EU MAC,compliant,indeterminate,unresolved_no_lod,True
C2,44,Terbutryn,0.0,True,,,0.34,EU MAC,compliant,indeterminate,unresolved_no_lod,True
C2,44,Thiacloprid,0.0,True,0.08682554171532375,0.28941847238441254,0.05,EU MAC,compliant,indeterminate,method_insufficient,True
C2,44,Triclosan,0.0,True,,,0.02,EU MAC,compliant,indeterminate,unresolved_no_lod,True
C2,44,Trifluralin,0.0,True,,,0.03,EU AA,compliant,indeterminate,unresolved_no_lod,True
C2,45,17-alpha-Estradiol,0.0,True,,,0.00018,EU AA,compliant,indeterminate,unresolved_no_lod,True
C2,45,17-alpha-Ethinylestradiol,0.0,True,,,1.7e-05,EU AA,compliant,indeterminate,unresolved_no_lod,True
C2,45,17-beta-Estradiol,0.0,True,,,0.00018,EU AA,compliant,indeterminate,unresolved_no_lod,True
C2,45,Acetamiprid,0.11023890366446193,False,0.025237601919248082,0.08412533973082695,0.16,EU MAC,compliant,compliant,,False
C2,45,Aclonifen,0.0,True,,,0.12,EU MAC,compliant,indeterminate,unresolved_no_lod,True
C2,45,Anthracene,0.0,True,,,0.1,EU MAC,compliant,indeterminate,unresolved_no_lod,True
C2,45,Azithromycin,0.0,True,,,0.18,EU MAC,compliant,indeterminate,unresolved_no_lod,True
C2,45,Bifenox,0.0,True,,,0.04,EU MAC,compliant,indeterminate,unresolved_no_lod,True
C2,45,Bisphenol-A,0.0,True,,,130.0,EU MAC,compliant,indeterminate,unresolved_no_lod,True
C2,45,Chlorpyrifos,0.3621087442490512,False,,,0.0026,EU MAC,exceeding,exceeding,,False
C2,45,Clarithromycin,0.0,True,,,0.13,EU MAC,compliant,indeterminate,unresolved_no_lod,True
C2,45,Clothianidin,0.0,True,0.13583585498351416,0.45278618327838055,0.34,EU MAC,compliant,indeterminate,method_insufficient,True
C2,45,Cybutryne,0.0,True,,,0.016,EU MAC,compliant,indeterminate,unresolved_no_lod,True
C2,45,Cypermethrin,0.0,True,,,0.0006000000000000001,EU MAC,compliant,indeterminate,unresolved_no_lod,True
C2,45,Di(2- ethylhexyl)phthalate (DEHP),45.80511006399584,False,,,2.0,EU MAC,exceeding,exceeding,,False
C2,45,Dichlorvos,0.0,True,,,0.0007,EU MAC,compliant,indeterminate,unresolved_no_lod,True
C2,45,Diuron,0.088018,False,,,0.27,EU MAC,compliant,compliant,,False
C2,45,Erythromycin,0.0,True,,,1.0,EU MAC,compliant,indeterminate,unresolved_no_lod,True
C2,45,Fluoranthene,0.0,True,,,0.12,EU MAC,compliant,indeterminate,unresolved_no_lod,True
C2,45,Hexachlorobenzene,0.0,True,,,8.0,EU MAC,compliant,indeterminate,unresolved_no_lod,True
C2,45,Imidacloprid,0.0,True,0.6194075722193858,2.0646919073979526,0.057,EU MAC,compliant,indeterminate,method_insufficient,True
C2,45,Isoproturon,0.0,True,,,1.0,EU MAC,compliant,indeterminate,unresolved_no_lod,True
C2,45,Pentachlorobenzene,0.0,True,,,0.007,EU AA,compliant,indeterminate,unresolved_no_lod,True
C2,45,Quinoxyfen,0.0,True,,,2.7,EU MAC,compliant,indeterminate,unresolved_no_lod,True
C2,45,Terbutryn,0.0,True,,,0.34,EU MAC,compliant,indeterminate,unresolved_no_lod,True
C2,45,Thiacloprid,0.0,True,0.08682554171532375,0.28941847238441254,0.05,EU MAC,compliant,indeterminate,method_insufficient,True
C2,45,Triclosan,0.0,True,,,0.02,EU MAC,compliant,indeterminate,unresolved_no_lod,True
C2,45,Trifluralin,0.0,True,,,0.03,EU AA,compliant,indeterminate,unresolved_no_lod,True
C2,46,17-alpha-Estradiol,0.0,True,,,0.00018,EU AA,compliant,indeterminate,unresolved_no_lod,True
C2,46,17-alpha-Ethinylestradiol,0.0,True,,,1.7e-05,EU AA,compliant,indeterminate,unresolved_no_lod,True
C2,46,17-beta-Estradiol,0.0,True,,,0.00018,EU AA,compliant,indeterminate,unresolved_no_lod,True
C2,46,Acetamiprid,0.12747859730915007,False,0.025237601919248082,0.08412533973082695,0.16,EU MAC,compliant,compliant,,False
C2,46,Aclonifen,0.0,True,,,0.12,EU MAC,compliant,indeterminate,unresolved_no_lod,True
C2,46,Anthracene,0.0,True,,,0.1,EU MAC,compliant,indeterminate,unresolved_no_lod,True
C2,46,Azithromycin,0.0,True,,,0.18,EU MAC,compliant,indeterminate,unresolved_no_lod,True
C2,46,Bifenox,0.0,True,,,0.04,EU MAC,compliant,indeterminate,unresolved_no_lod,True
C2,46,Bisphenol-A,0.0,True,,,130.0,EU MAC,compliant,indeterminate,unresolved_no_lod,True
C2,46,Chlorpyrifos,0.0,True,,,0.0026,EU MAC,compliant,indeterminate,unresolved_no_lod,True
C2,46,Clarithromycin,0.0,True,,,0.13,EU MAC,compliant,indeterminate,unresolved_no_lod,True
C2,46,Clothianidin,0.0,True,0.13583585498351416,0.45278618327838055,0.34,EU MAC,compliant,indeterminate,method_insufficient,True
C2,46,Cybutryne,0.0,True,,,0.016,EU MAC,compliant,indeterminate,unresolved_no_lod,True
C2,46,Cypermethrin,0.0,True,,,0.0006000000000000001,EU MAC,compliant,indeterminate,unresolved_no_lod,True
C2,46,Di(2- ethylhexyl)phthalate (DEHP),25.793734094083845,False,,,2.0,EU MAC,exceeding,exceeding,,False
C2,46,Dichlorvos,0.0,True,,,0.0007,EU MAC,compliant,indeterminate,unresolved_no_lod,True
C2,46,Diuron,1.045463,False,,,0.27,EU MAC,exceeding,exceeding,,False
C2,46,Erythromycin,0.0,True,,,1.0,EU MAC,compliant,indeterminate,unresolved_no_lod,True
C2,46,Fluoranthene,0.0,True,,,0.12,EU MAC,compliant,indeterminate,unresolved_no_lod,True
C2,46,Hexachlorobenzene,0.0,True,,,8.0,EU MAC,compliant,indeterminate,unresolved_no_lod,True
C2,46,Imidacloprid,0.0,True,0.6194075722193858,2.0646919073979526,0.057,EU MAC,compliant,indeterminate,method_insufficient,True
C2,46,Isoproturon,0.0,True,,,1.0,EU MAC,compliant,indeterminate,unresolved_no_lod,True
C2,46,Pentachlorobenzene,0.0,True,,,0.007,EU AA,compliant,indeterminate,unresolved_no_lod,True
C2,46,Quinoxyfen,0.0,True,,,2.7,EU MAC,compliant,indeterminate,unresolved_no_lod,True
C2,46,Terbutryn,0.014429276516989867,False,,,0.34,EU MAC,compliant,compliant,,False
C2,46,Thiacloprid,0.0,True,0.08682554171532375,0.28941847238441254,0.05,EU MAC,compliant,indeterminate,method_insufficient,True
C2,46,Triclosan,0.0,True,,,0.02,EU MAC,compliant,indeterminate,unresolved_no_lod,True
C2,46,Trifluralin,0.0,True,,,0.03,EU AA,compliant,indeterminate,unresolved_no_lod,True
C2,47,17-alpha-Estradiol,0.0,True,,,0.00018,EU AA,compliant,indeterminate,unresolved_no_lod,True
C2,47,17-alpha-Ethinylestradiol,0.0,True,,,1.7e-05,EU AA,compliant,indeterminate,unresolved_no_lod,True
C2,47,17-beta-Estradiol,0.0,True,,,0.00018,EU AA,compliant,indeterminate,unresolved_no_lod,True
C2,47,Acetamiprid,0.0,True,0.025237601919248082,0.08412533973082695,0.16,EU MAC,compliant,compliant,,False
C2,47,Aclonifen,0.153935,False,,,0.12,EU MAC,exceeding,exceeding,,False
C2,47,Anthracene,0.0,True,,,0.1,EU MAC,compliant,indeterminate,unresolved_no_lod,True
C2,47,Azithromycin,0.29692364154381734,False,,,0.18,EU MAC,exceeding,exceeding,,False
C2,47,Bifenox,0.0,True,,,0.04,EU MAC,compliant,indeterminate,unresolved_no_lod,True
C2,47,Bisphenol-A,0.0,True,,,130.0,EU MAC,compliant,indeterminate,unresolved_no_lod,True
C2,47,Chlorpyrifos,0.0,True,,,0.0026,EU MAC,compliant,indeterminate,unresolved_no_lod,True
C2,47,Clarithromycin,2.108687,False,,,0.13,EU MAC,exceeding,exceeding,,False
C2,47,Clothianidin,0.0,True,0.13583585498351416,0.45278618327838055,0.34,EU MAC,compliant,indeterminate,method_insufficient,True
C2,47,Cybutryne,0.0,True,,,0.016,EU MAC,compliant,indeterminate,unresolved_no_lod,True
C2,47,Cypermethrin,0.0,True,,,0.0006000000000000001,EU MAC,compliant,indeterminate,unresolved_no_lod,True
C2,47,Di(2- ethylhexyl)phthalate (DEHP),89.00800170290995,False,,,2.0,EU MAC,exceeding,exceeding,,False
C2,47,Dichlorvos,0.0,True,,,0.0007,EU MAC,compliant,indeterminate,unresolved_no_lod,True
C2,47,Diuron,0.142675,False,,,0.27,EU MAC,compliant,compliant,,False
C2,47,Erythromycin,0.0,True,,,1.0,EU MAC,compliant,indeterminate,unresolved_no_lod,True
C2,47,Fluoranthene,0.0,True,,,0.12,EU MAC,compliant,indeterminate,unresolved_no_lod,True
C2,47,Hexachlorobenzene,0.0,True,,,8.0,EU MAC,compliant,indeterminate,unresolved_no_lod,True
C2,47,Imidacloprid,0.0,True,0.6194075722193858,2.0646919073979526,0.057,EU MAC,compliant,indeterminate,method_insufficient,True
C2,47,Isoproturon,0.0,True,,,1.0,EU MAC,compliant,indeterminate,unresolved_no_lod,True
C2,47,Pentachlorobenzene,0.0,True,,,0.007,EU AA,compliant,indeterminate,unresolved_no_lod,True
C2,47,Quinoxyfen,0.0,True,,,2.7,EU MAC,compliant,indeterminate,unresolved_no_lod,True
C2,47,Terbutryn,0.0,True,,,0.34,EU MAC,compliant,indeterminate,unresolved_no_lod,True
C2,47,Thiacloprid,0.0,True,0.08682554171532375,0.28941847238441254,0.05,EU MAC,compliant,indeterminate,method_insufficient,True
C2,47,Triclosan,0.0,True,,,0.02,EU MAC,compliant,indeterminate,unresolved_no_lod,True
C2,47,Trifluralin,0.0,True,,,0.03,EU AA,compliant,indeterminate,unresolved_no_lod,True
C2,48,17-alpha-Estradiol,0.0,True,,,0.00018,EU AA,compliant,indeterminate,unresolved_no_lod,True
C2,48,17-alpha-Ethinylestradiol,0.0,True,,,1.7e-05,EU AA,compliant,indeterminate,unresolved_no_lod,True
C2,48,17-beta-Estradiol,0.0,True,,,0.00018,EU AA,compliant,indeterminate,unresolved_no_lod,True
C2,48,Acetamiprid,0.0,True,0.025237601919248082,0.08412533973082695,0.16,EU MAC,compliant,compliant,,False
C2,48,Aclonifen,0.0,True,,,0.12,EU MAC,compliant,indeterminate,unresolved_no_lod,True
C2,48,Anthracene,255.92363341711967,False,,,0.1,EU MAC,exceeding,exceeding,,False
C2,48,Azithromycin,0.0,True,,,0.18,EU MAC,compliant,indeterminate,unresolved_no_lod,True
C2,48,Bifenox,0.0,True,,,0.04,EU MAC,compliant,indeterminate,unresolved_no_lod,True
C2,48,Bisphenol-A,0.0,True,,,130.0,EU MAC,compliant,indeterminate,unresolved_no_lod,True
C2,48,Chlorpyrifos,0.0,True,,,0.0026,EU MAC,compliant,indeterminate,unresolved_no_lod,True
C2,48,Clarithromycin,1.004462,False,,,0.13,EU MAC,exceeding,exceeding,,False
C2,48,Clothianidin,0.0,True,0.13583585498351416,0.45278618327838055,0.34,EU MAC,compliant,indeterminate,method_insufficient,True
C2,48,Cybutryne,0.0,True,,,0.016,EU MAC,compliant,indeterminate,unresolved_no_lod,True
C2,48,Cypermethrin,0.0,True,,,0.0006000000000000001,EU MAC,compliant,indeterminate,unresolved_no_lod,True
C2,48,Di(2- ethylhexyl)phthalate (DEHP),100.65343352418937,False,,,2.0,EU MAC,exceeding,exceeding,,False
C2,48,Dichlorvos,10.1641297730479,False,,,0.0007,EU MAC,exceeding,exceeding,,False
C2,48,Diuron,1.233225,False,,,0.27,EU MAC,exceeding,exceeding,,False
C2,48,Erythromycin,0.0,True,,,1.0,EU MAC,compliant,indeterminate,unresolved_no_lod,True
C2,48,Fluoranthene,0.0,True,,,0.12,EU MAC,compliant,indeterminate,unresolved_no_lod,True
C2,48,Hexachlorobenzene,0.0,True,,,8.0,EU MAC,compliant,indeterminate,unresolved_no_lod,True
C2,48,Imidacloprid,0.0,True,0.6194075722193858,2.0646919073979526,0.057,EU MAC,compliant,indeterminate,method_insufficient,True
C2,48,Isoproturon,0.0,True,,,1.0,EU MAC,compliant,indeterminate,unresolved_no_lod,True
C2,48,Pentachlorobenzene,0.0,True,,,0.007,EU AA,compliant,indeterminate,unresolved_no_lod,True
C2,48,Quinoxyfen,0.0,True,,,2.7,EU MAC,compliant,indeterminate,unresolved_no_lod,True
C2,48,Terbutryn,0.0,True,,,0.34,EU MAC,compliant,indeterminate,unresolved_no_lod,True
C2,48,Thiacloprid,0.0,True,0.08682554171532375,0.28941847238441254,0.05,EU MAC,compliant,indeterminate,method_insufficient,True
C2,48,Triclosan,0.0,True,,,0.02,EU MAC,compliant,indeterminate,unresolved_no_lod,True
C2,48,Trifluralin,0.0,True,,,0.03,EU AA,compliant,indeterminate,unresolved_no_lod,True
C2,49,17-alpha-Estradiol,0.0,True,,,0.00018,EU AA,compliant,indeterminate,unresolved_no_lod,True
C2,49,17-alpha-Ethinylestradiol,0.0,True,,,1.7e-05,EU AA,compliant,indeterminate,unresolved_no_lod,True
C2,49,17-beta-Estradiol,0.0,True,,,0.00018,EU AA,compliant,indeterminate,unresolved_no_lod,True
C2,49,Acetamiprid,0.16367961624245936,False,0.025237601919248082,0.08412533973082695,0.16,EU MAC,exceeding,exceeding,,False
C2,49,Aclonifen,0.0,True,,,0.12,EU MAC,compliant,indeterminate,unresolved_no_lod,True
C2,49,Anthracene,0.0,True,,,0.1,EU MAC,compliant,indeterminate,unresolved_no_lod,True
C2,49,Azithromycin,0.0,True,,,0.18,EU MAC,compliant,indeterminate,unresolved_no_lod,True
C2,49,Bifenox,0.0,True,,,0.04,EU MAC,compliant,indeterminate,unresolved_no_lod,True
C2,49,Bisphenol-A,0.0,True,,,130.0,EU MAC,compliant,indeterminate,unresolved_no_lod,True
C2,49,Chlorpyrifos,0.0,True,,,0.0026,EU MAC,compliant,indeterminate,unresolved_no_lod,True
C2,49,Clarithromycin,0.0,True,,,0.13,EU MAC,compliant,indeterminate,unresolved_no_lod,True
C2,49,Clothianidin,0.0,True,0.13583585498351416,0.45278618327838055,0.34,EU MAC,compliant,indeterminate,method_insufficient,True
C2,49,Cybutryne,0.0,True,,,0.016,EU MAC,compliant,indeterminate,unresolved_no_lod,True
C2,49,Cypermethrin,0.0,True,,,0.0006000000000000001,EU MAC,compliant,indeterminate,unresolved_no_lod,True
C2,49,Di(2- ethylhexyl)phthalate (DEHP),12.737859529480975,False,,,2.0,EU MAC,exceeding,exceeding,,False
C2,49,Dichlorvos,18.821947215524958,False,,,0.0007,EU MAC,exceeding,exceeding,,False
C2,49,Diuron,0.681051,False,,,0.27,EU MAC,exceeding,exceeding,,False
C2,49,Erythromycin,0.0,True,,,1.0,EU MAC,compliant,indeterminate,unresolved_no_lod,True
C2,49,Fluoranthene,0.0,True,,,0.12,EU MAC,compliant,indeterminate,unresolved_no_lod,True
C2,49,Hexachlorobenzene,0.0,True,,,8.0,EU MAC,compliant,indeterminate,unresolved_no_lod,True
C2,49,Imidacloprid,0.0,True,0.6194075722193858,2.0646919073979526,0.057,EU MAC,compliant,indeterminate,method_insufficient,True
C2,49,Isoproturon,0.0,True,,,1.0,EU MAC,compliant,indeterminate,unresolved_no_lod,True
C2,49,Pentachlorobenzene,0.0,True,,,0.007,EU AA,compliant,indeterminate,unresolved_no_lod,True
C2,49,Quinoxyfen,0.0,True,,,2.7,EU MAC,compliant,indeterminate,unresolved_no_lod,True
C2,49,Terbutryn,0.0,True,,,0.34,EU MAC,compliant,indeterminate,unresolved_no_lod,True
C2,49,Thiacloprid,0.0,True,0.08682554171532375,0.28941847238441254,0.05,EU MAC,compliant,indeterminate,method_insufficient,True
C2,49,Triclosan,0.0,True,,,0.02,EU MAC,compliant,indeterminate,unresolved_no_lod,True
C2,49,Trifluralin,0.0,True,,,0.03,EU AA,compliant,indeterminate,unresolved_no_lod,True
C2,50,17-alpha-Estradiol,0.0,True,,,0.00018,EU AA,compliant,indeterminate,unresolved_no_lod,True
C2,50,17-alpha-Ethinylestradiol,0.0,True,,,1.7e-05,EU AA,compliant,indeterminate,unresolved_no_lod,True
C2,50,17-beta-Estradiol,0.0,True,,,0.00018,EU AA,compliant,indeterminate,unresolved_no_lod,True
C2,50,Acetamiprid,0.08027878155910978,False,0.025237601919248082,0.08412533973082695,0.16,EU MAC,compliant,compliant,,False
C2,50,Aclonifen,0.0,True,,,0.12,EU MAC,compliant,indeterminate,unresolved_no_lod,True
C2,50,Anthracene,69.93498146954833,False,,,0.1,EU MAC,exceeding,exceeding,,False
C2,50,Azithromycin,0.0,True,,,0.18,EU MAC,compliant,indeterminate,unresolved_no_lod,True
C2,50,Bifenox,0.0,True,,,0.04,EU MAC,compliant,indeterminate,unresolved_no_lod,True
C2,50,Bisphenol-A,0.0,True,,,130.0,EU MAC,compliant,indeterminate,unresolved_no_lod,True
C2,50,Chlorpyrifos,0.0,True,,,0.0026,EU MAC,compliant,indeterminate,unresolved_no_lod,True
C2,50,Clarithromycin,0.0,True,,,0.13,EU MAC,compliant,indeterminate,unresolved_no_lod,True
C2,50,Clothianidin,0.0,True,0.13583585498351416,0.45278618327838055,0.34,EU MAC,compliant,indeterminate,method_insufficient,True
C2,50,Cybutryne,0.0,True,,,0.016,EU MAC,compliant,indeterminate,unresolved_no_lod,True
C2,50,Cypermethrin,0.0,True,,,0.0006000000000000001,EU MAC,compliant,indeterminate,unresolved_no_lod,True
C2,50,Di(2- ethylhexyl)phthalate (DEHP),0.0,True,,,2.0,EU MAC,compliant,indeterminate,unresolved_no_lod,True
C2,50,Dichlorvos,0.0,True,,,0.0007,EU MAC,compliant,indeterminate,unresolved_no_lod,True
C2,50,Diuron,1.038118,False,,,0.27,EU MAC,exceeding,exceeding,,False
C2,50,Erythromycin,0.0,True,,,1.0,EU MAC,compliant,indeterminate,unresolved_no_lod,True
C2,50,Fluoranthene,0.0,True,,,0.12,EU MAC,compliant,indeterminate,unresolved_no_lod,True
C2,50,Hexachlorobenzene,0.0,True,,,8.0,EU MAC,compliant,indeterminate,unresolved_no_lod,True
C2,50,Imidacloprid,0.0,True,0.6194075722193858,2.0646919073979526,0.057,EU MAC,compliant,indeterminate,method_insufficient,True
C2,50,Isoproturon,0.0,True,,,1.0,EU MAC,compliant,indeterminate,unresolved_no_lod,True
C2,50,Pentachlorobenzene,0.0,True,,,0.007,EU AA,compliant,indeterminate,unresolved_no_lod,True
C2,50,Quinoxyfen,0.0,True,,,2.7,EU MAC,compliant,indeterminate,unresolved_no_lod,True
C2,50,Terbutryn,0.0,True,,,0.34,EU MAC,compliant,indeterminate,unresolved_no_lod,True
C2,50,Thiacloprid,0.0,True,0.08682554171532375,0.28941847238441254,0.05,EU MAC,compliant,indeterminate,method_insufficient,True
C2,50,Triclosan,0.0,True,,,0.02,EU MAC,compliant,indeterminate,unresolved_no_lod,True
C2,50,Trifluralin,0.0,True,,,0.03,EU AA,compliant,indeterminate,unresolved_no_lod,True
C2,51,17-alpha-Estradiol,0.0,True,,,0.00018,EU AA,compliant,indeterminate,unresolved_no_lod,True
C2,51,17-alpha-Ethinylestradiol,0.0,True,,,1.7e-05,EU AA,compliant,indeterminate,unresolved_no_lod,True
C2,51,17-beta-Estradiol,0.0,True,,,0.00018,EU AA,compliant,indeterminate,unresolved_no_lod,True
C2,51,Acetamiprid,0.0,True,0.025237601919248082,0.08412533973082695,0.16,EU MAC,compliant,compliant,,False
C2,51,Aclonifen,0.0,True,,,0.12,EU MAC,compliant,indeterminate,unresolved_no_lod,True
C2,51,Anthracene,0.0,True,,,0.1,EU MAC,compliant,indeterminate,unresolved_no_lod,True
C2,51,Azithromycin,0.0,True,,,0.18,EU MAC,compliant,indeterminate,unresolved_no_lod,True
C2,51,Bifenox,0.0,True,,,0.04,EU MAC,compliant,indeterminate,unresolved_no_lod,True
C2,51,Bisphenol-A,0.0,True,,,130.0,EU MAC,compliant,indeterminate,unresolved_no_lod,True
C2,51,Chlorpyrifos,0.0,True,,,0.0026,EU MAC,compliant,indeterminate,unresolved_no_lod,True
C2,51,Clarithromycin,1.556358,False,,,0.13,EU MAC,exceeding,exceeding,,False
C2,51,Clothianidin,0.0,True,0.13583585498351416,0.45278618327838055,0.34,EU MAC,compliant,indeterminate,method_insufficient,True
C2,51,Cybutryne,0.0,True,,,0.016,EU MAC,compliant,indeterminate,unresolved_no_lod,True
C2,51,Cypermethrin,0.0,True,,,0.0006000000000000001,EU MAC,compliant,indeterminate,unresolved_no_lod,True
C2,51,Di(2- ethylhexyl)phthalate (DEHP),0.0,True,,,2.0,EU MAC,compliant,indeterminate,unresolved_no_lod,True
C2,51,Dichlorvos,0.0,True,,,0.0007,EU MAC,compliant,indeterminate,unresolved_no_lod,True
C2,51,Diuron,0.207097,False,,,0.27,EU MAC,compliant,compliant,,False
C2,51,Erythromycin,0.0,True,,,1.0,EU MAC,compliant,indeterminate,unresolved_no_lod,True
C2,51,Fluoranthene,0.0,True,,,0.12,EU MAC,compliant,indeterminate,unresolved_no_lod,True
C2,51,Hexachlorobenzene,0.0,True,,,8.0,EU MAC,compliant,indeterminate,unresolved_no_lod,True
C2,51,Imidacloprid,0.0,True,0.6194075722193858,2.0646919073979526,0.057,EU MAC,compliant,indeterminate,method_insufficient,True
C2,51,Isoproturon,0.0,True,,,1.0,EU MAC,compliant,indeterminate,unresolved_no_lod,True
C2,51,Pentachlorobenzene,0.0,True,,,0.007,EU AA,compliant,indeterminate,unresolved_no_lod,True
C2,51,Quinoxyfen,0.0,True,,,2.7,EU MAC,compliant,indeterminate,unresolved_no_lod,True
C2,51,Terbutryn,0.0,True,,,0.34,EU MAC,compliant,indeterminate,unresolved_no_lod,True
C2,51,Thiacloprid,0.0,True,0.08682554171532375,0.28941847238441254,0.05,EU MAC,compliant,indeterminate,method_insufficient,True
C2,51,Triclosan,0.0,True,,,0.02,EU MAC,compliant,indeterminate,unresolved_no_lod,True
C2,51,Trifluralin,0.0,True,,,0.03,EU AA,compliant,indeterminate,unresolved_no_lod,True
C2,52,17-alpha-Estradiol,0.0,True,,,0.00018,EU AA,compliant,indeterminate,unresolved_no_lod,True
C2,52,17-alpha-Ethinylestradiol,0.0,True,,,1.7e-05,EU AA,compliant,indeterminate,unresolved_no_lod,True
C2,52,17-beta-Estradiol,0.0,True,,,0.00018,EU AA,compliant,indeterminate,unresolved_no_lod,True
C2,52,Acetamiprid,0.11057799439197621,False,0.025237601919248082,0.08412533973082695,0.16,EU MAC,compliant,compliant,,False
C2,52,Aclonifen,0.0,True,,,0.12,EU MAC,compliant,indeterminate,unresolved_no_lod,True
C2,52,Anthracene,0.0,True,,,0.1,EU MAC,compliant,indeterminate,unresolved_no_lod,True
C2,52,Azithromycin,0.22377910438334567,False,,,0.18,EU MAC,exceeding,exceeding,,False
C2,52,Bifenox,0.0,True,,,0.04,EU MAC,compliant,indeterminate,unresolved_no_lod,True
C2,52,Bisphenol-A,0.0,True,,,130.0,EU MAC,compliant,indeterminate,unresolved_no_lod,True
C2,52,Chlorpyrifos,0.0,True,,,0.0026,EU MAC,compliant,indeterminate,unresolved_no_lod,True
C2,52,Clarithromycin,1.445721,False,,,0.13,EU MAC,exceeding,exceeding,,False
C2,52,Clothianidin,0.0,True,0.13583585498351416,0.45278618327838055,0.34,EU MAC,compliant,indeterminate,method_insufficient,True
C2,52,Cybutryne,0.0,True,,,0.016,EU MAC,compliant,indeterminate,unresolved_no_lod,True
C2,52,Cypermethrin,0.0,True,,,0.0006000000000000001,EU MAC,compliant,indeterminate,unresolved_no_lod,True
C2,52,Di(2- ethylhexyl)phthalate (DEHP),32.61811175506284,False,,,2.0,EU MAC,exceeding,exceeding,,False
C2,52,Dichlorvos,0.0,True,,,0.0007,EU MAC,compliant,indeterminate,unresolved_no_lod,True
C2,52,Diuron,1.147804,False,,,0.27,EU MAC,exceeding,exceeding,,False
C2,52,Erythromycin,0.5046583850931676,False,,,1.0,EU MAC,compliant,compliant,,False
C2,52,Fluoranthene,1.4845455835659616,False,,,0.12,EU MAC,exceeding,exceeding,,False
C2,52,Hexachlorobenzene,0.0,True,,,8.0,EU MAC,compliant,indeterminate,unresolved_no_lod,True
C2,52,Imidacloprid,0.0,True,0.6194075722193858,2.0646919073979526,0.057,EU MAC,compliant,indeterminate,method_insufficient,True
C2,52,Isoproturon,0.0,True,,,1.0,EU MAC,compliant,indeterminate,unresolved_no_lod,True
C2,52,Pentachlorobenzene,0.0,True,,,0.007,EU AA,compliant,indeterminate,unresolved_no_lod,True
C2,52,Quinoxyfen,0.0,True,,,2.7,EU MAC,compliant,indeterminate,unresolved_no_lod,True
C2,52,Terbutryn,0.0,True,,,0.34,EU MAC,compliant,indeterminate,unresolved_no_lod,True
C2,52,Thiacloprid,0.0,True,0.08682554171532375,0.28941847238441254,0.05,EU MAC,compliant,indeterminate,method_insufficient,True
C2,52,Triclosan,0.0,True,,,0.02,EU MAC,compliant,indeterminate,unresolved_no_lod,True
C2,52,Trifluralin,0.0,True,,,0.03,EU AA,compliant,indeterminate,unresolved_no_lod,True
C2,53,17-alpha-Estradiol,0.0,True,,,0.00018,EU AA,compliant,indeterminate,unresolved_no_lod,True
C2,53,17-alpha-Ethinylestradiol,0.0,True,,,1.7e-05,EU AA,compliant,indeterminate,unresolved_no_lod,True
C2,53,17-beta-Estradiol,0.0,True,,,0.00018,EU AA,compliant,indeterminate,unresolved_no_lod,True
C2,53,Acetamiprid,0.08829394156545375,False,0.025237601919248082,0.08412533973082695,0.16,EU MAC,compliant,compliant,,False
C2,53,Aclonifen,0.0,True,,,0.12,EU MAC,compliant,indeterminate,unresolved_no_lod,True
C2,53,Anthracene,45.208612932904536,False,,,0.1,EU MAC,exceeding,exceeding,,False
C2,53,Azithromycin,0.24906099906139018,False,,,0.18,EU MAC,exceeding,exceeding,,False
C2,53,Bifenox,0.0,True,,,0.04,EU MAC,compliant,indeterminate,unresolved_no_lod,True
C2,53,Bisphenol-A,0.0,True,,,130.0,EU MAC,compliant,indeterminate,unresolved_no_lod,True
C2,53,Chlorpyrifos,0.0,True,,,0.0026,EU MAC,compliant,indeterminate,unresolved_no_lod,True
C2,53,Clarithromycin,1.158762,False,,,0.13,EU MAC,exceeding,exceeding,,False
C2,53,Clothianidin,0.0,True,0.13583585498351416,0.45278618327838055,0.34,EU MAC,compliant,indeterminate,method_insufficient,True
C2,53,Cybutryne,0.0,True,,,0.016,EU MAC,compliant,indeterminate,unresolved_no_lod,True
C2,53,Cypermethrin,0.0,True,,,0.0006000000000000001,EU MAC,compliant,indeterminate,unresolved_no_lod,True
C2,53,Di(2- ethylhexyl)phthalate (DEHP),9.487658019056287,False,,,2.0,EU MAC,exceeding,exceeding,,False
C2,53,Dichlorvos,0.0,True,,,0.0007,EU MAC,compliant,indeterminate,unresolved_no_lod,True
C2,53,Diuron,1.21852,False,,,0.27,EU MAC,exceeding,exceeding,,False
C2,53,Erythromycin,0.0,True,,,1.0,EU MAC,compliant,indeterminate,unresolved_no_lod,True
C2,53,Fluoranthene,0.0,True,,,0.12,EU MAC,compliant,indeterminate,unresolved_no_lod,True
C2,53,Hexachlorobenzene,0.0,True,,,8.0,EU MAC,compliant,indeterminate,unresolved_no_lod,True
C2,53,Imidacloprid,0.0,True,0.6194075722193858,2.0646919073979526,0.057,EU MAC,compliant,indeterminate,method_insufficient,True
C2,53,Isoproturon,0.0,True,,,1.0,EU MAC,compliant,indeterminate,unresolved_no_lod,True
C2,53,Pentachlorobenzene,0.0,True,,,0.007,EU AA,compliant,indeterminate,unresolved_no_lod,True
C2,53,Quinoxyfen,0.0,True,,,2.7,EU MAC,compliant,indeterminate,unresolved_no_lod,True
C2,53,Terbutryn,0.0,True,,,0.34,EU MAC,compliant,indeterminate,unresolved_no_lod,True
C2,53,Thiacloprid,0.0,True,0.08682554171532375,0.28941847238441254,0.05,EU MAC,compliant,indeterminate,method_insufficient,True
C2,53,Triclosan,0.0,True,,,0.02,EU MAC,compliant,indeterminate,unresolved_no_lod,True
C2,53,Trifluralin,0.0,True,,,0.03,EU AA,compliant,indeterminate,unresolved_no_lod,True
C2,54,17-alpha-Estradiol,0.0,True,,,0.00018,EU AA,compliant,indeterminate,unresolved_no_lod,True
C2,54,17-alpha-Ethinylestradiol,0.0,True,,,1.7e-05,EU AA,compliant,indeterminate,unresolved_no_lod,True
C2,54,17-beta-Estradiol,0.0,True,,,0.00018,EU AA,compliant,indeterminate,unresolved_no_lod,True
C2,54,Acetamiprid,0.2192048314657691,False,0.025237601919248082,0.08412533973082695,0.16,EU MAC,exceeding,exceeding,,False
C2,54,Aclonifen,0.0,True,,,0.12,EU MAC,compliant,indeterminate,unresolved_no_lod,True
C2,54,Anthracene,27.570966753419395,False,,,0.1,EU MAC,exceeding,exceeding,,False
C2,54,Azithromycin,0.0,True,,,0.18,EU MAC,compliant,indeterminate,unresolved_no_lod,True
C2,54,Bifenox,0.0,True,,,0.04,EU MAC,compliant,indeterminate,unresolved_no_lod,True
C2,54,Bisphenol-A,0.0,True,,,130.0,EU MAC,compliant,indeterminate,unresolved_no_lod,True
C2,54,Chlorpyrifos,0.0,True,,,0.0026,EU MAC,compliant,indeterminate,unresolved_no_lod,True
C2,54,Clarithromycin,0.096139,False,,,0.13,EU MAC,compliant,compliant,,False
C2,54,Clothianidin,0.0,True,0.13583585498351416,0.45278618327838055,0.34,EU MAC,compliant,indeterminate,method_insufficient,True
C2,54,Cybutryne,0.0,True,,,0.016,EU MAC,compliant,indeterminate,unresolved_no_lod,True
C2,54,Cypermethrin,0.0,True,,,0.0006000000000000001,EU MAC,compliant,indeterminate,unresolved_no_lod,True
C2,54,Di(2- ethylhexyl)phthalate (DEHP),31.63140228343498,False,,,2.0,EU MAC,exceeding,exceeding,,False
C2,54,Dichlorvos,0.0,True,,,0.0007,EU MAC,compliant,indeterminate,unresolved_no_lod,True
C2,54,Diuron,0.836841,False,,,0.27,EU MAC,exceeding,exceeding,,False
C2,54,Erythromycin,0.0,True,,,1.0,EU MAC,compliant,indeterminate,unresolved_no_lod,True
C2,54,Fluoranthene,0.0,True,,,0.12,EU MAC,compliant,indeterminate,unresolved_no_lod,True
C2,54,Hexachlorobenzene,0.0,True,,,8.0,EU MAC,compliant,indeterminate,unresolved_no_lod,True
C2,54,Imidacloprid,0.0,True,0.6194075722193858,2.0646919073979526,0.057,EU MAC,compliant,indeterminate,method_insufficient,True
C2,54,Isoproturon,0.0,True,,,1.0,EU MAC,compliant,indeterminate,unresolved_no_lod,True
C2,54,Pentachlorobenzene,0.0,True,,,0.007,EU AA,compliant,indeterminate,unresolved_no_lod,True
C2,54,Quinoxyfen,0.0,True,,,2.7,EU MAC,compliant,indeterminate,unresolved_no_lod,True
C2,54,Terbutryn,0.0,True,,,0.34,EU MAC,compliant,indeterminate,unresolved_no_lod,True
C2,54,Thiacloprid,0.0,True,0.08682554171532375,0.28941847238441254,0.05,EU MAC,compliant,indeterminate,method_insufficient,True
C2,54,Triclosan,0.0,True,,,0.02,EU MAC,compliant,indeterminate,unresolved_no_lod,True
C2,54,Trifluralin,0.0,True,,,0.03,EU AA,compliant,indeterminate,unresolved_no_lod,True
C2,55,17-alpha-Estradiol,0.0,True,,,0.00018,EU AA,compliant,indeterminate,unresolved_no_lod,True
C2,55,17-alpha-Ethinylestradiol,0.0,True,,,1.7e-05,EU AA,compliant,indeterminate,unresolved_no_lod,True
C2,55,17-beta-Estradiol,0.0,True,,,0.00018,EU AA,compliant,indeterminate,unresolved_no_lod,True
C2,55,Acetamiprid,0.15239948678753962,False,0.025237601919248082,0.08412533973082695,0.16,EU MAC,compliant,compliant,,False
C2,55,Aclonifen,0.0,True,,,0.12,EU MAC,compliant,indeterminate,unresolved_no_lod,True
C2,55,Anthracene,36.94773810703394,False,,,0.1,EU MAC,exceeding,exceeding,,False
C2,55,Azithromycin,0.0,True,,,0.18,EU MAC,compliant,indeterminate,unresolved_no_lod,True
C2,55,Bifenox,0.0,True,,,0.04,EU MAC,compliant,indeterminate,unresolved_no_lod,True
C2,55,Bisphenol-A,0.0,True,,,130.0,EU MAC,compliant,indeterminate,unresolved_no_lod,True
C2,55,Chlorpyrifos,0.0,True,,,0.0026,EU MAC,compliant,indeterminate,unresolved_no_lod,True
C2,55,Clarithromycin,0.0,True,,,0.13,EU MAC,compliant,indeterminate,unresolved_no_lod,True
C2,55,Clothianidin,0.0,True,0.13583585498351416,0.45278618327838055,0.34,EU MAC,compliant,indeterminate,method_insufficient,True
C2,55,Cybutryne,0.0,True,,,0.016,EU MAC,compliant,indeterminate,unresolved_no_lod,True
C2,55,Cypermethrin,0.0,True,,,0.0006000000000000001,EU MAC,compliant,indeterminate,unresolved_no_lod,True
C2,55,Di(2- ethylhexyl)phthalate (DEHP),12.58875816769912,False,,,2.0,EU MAC,exceeding,exceeding,,False
C2,55,Dichlorvos,0.0,True,,,0.0007,EU MAC,compliant,indeterminate,unresolved_no_lod,True
C2,55,Diuron,0.669007,False,,,0.27,EU MAC,exceeding,exceeding,,False
C2,55,Erythromycin,0.0,True,,,1.0,EU MAC,compliant,indeterminate,unresolved_no_lod,True
C2,55,Fluoranthene,1.3108045710695242,False,,,0.12,EU MAC,exceeding,exceeding,,False
C2,55,Hexachlorobenzene,0.0,True,,,8.0,EU MAC,compliant,indeterminate,unresolved_no_lod,True
C2,55,Imidacloprid,0.0,True,0.6194075722193858,2.0646919073979526,0.057,EU MAC,compliant,indeterminate,method_insufficient,True
C2,55,Isoproturon,0.0,True,,,1.0,EU MAC,compliant,indeterminate,unresolved_no_lod,True
C2,55,Pentachlorobenzene,0.0,True,,,0.007,EU AA,compliant,indeterminate,unresolved_no_lod,True
C2,55,Quinoxyfen,0.0,True,,,2.7,EU MAC,compliant,indeterminate,unresolved_no_lod,True
C2,55,Terbutryn,0.0,True,,,0.34,EU MAC,compliant,indeterminate,unresolved_no_lod,True
C2,55,Thiacloprid,0.0,True,0.08682554171532375,0.28941847238441254,0.05,EU MAC,compliant,indeterminate,method_insufficient,True
C2,55,Triclosan,0.0,True,,,0.02,EU MAC,compliant,indeterminate,unresolved_no_lod,True
C2,55,Trifluralin,0.0,True,,,0.03,EU AA,compliant,indeterminate,unresolved_no_lod,True
C2,56,17-alpha-Estradiol,0.0,True,,,0.00018,EU AA,compliant,indeterminate,unresolved_no_lod,True
C2,56,17-alpha-Ethinylestradiol,0.0,True,,,1.7e-05,EU AA,compliant,indeterminate,unresolved_no_lod,True
C2,56,17-beta-Estradiol,0.0,True,,,0.00018,EU AA,compliant,indeterminate,unresolved_no_lod,True
C2,56,Acetamiprid,0.3536196802564636,False,0.025237601919248082,0.08412533973082695,0.16,EU MAC,exceeding,exceeding,,False
C2,56,Aclonifen,0.097874,False,,,0.12,EU MAC,compliant,compliant,,False
C2,56,Anthracene,0.0,True,,,0.1,EU MAC,compliant,indeterminate,unresolved_no_lod,True
C2,56,Azithromycin,0.0,True,,,0.18,EU MAC,compliant,indeterminate,unresolved_no_lod,True
C2,56,Bifenox,0.0,True,,,0.04,EU MAC,compliant,indeterminate,unresolved_no_lod,True
C2,56,Bisphenol-A,0.0,True,,,130.0,EU MAC,compliant,indeterminate,unresolved_no_lod,True
C2,56,Chlorpyrifos,0.0,True,,,0.0026,EU MAC,compliant,indeterminate,unresolved_no_lod,True
C2,56,Clarithromycin,0.0,True,,,0.13,EU MAC,compliant,indeterminate,unresolved_no_lod,True
C2,56,Clothianidin,0.0,True,0.13583585498351416,0.45278618327838055,0.34,EU MAC,compliant,indeterminate,method_insufficient,True
C2,56,Cybutryne,0.0,True,,,0.016,EU MAC,compliant,indeterminate,unresolved_no_lod,True
C2,56,Cypermethrin,0.0,True,,,0.0006000000000000001,EU MAC,compliant,indeterminate,unresolved_no_lod,True
C2,56,Di(2- ethylhexyl)phthalate (DEHP),20.38559698074678,False,,,2.0,EU MAC,exceeding,exceeding,,False
C2,56,Dichlorvos,0.0,True,,,0.0007,EU MAC,compliant,indeterminate,unresolved_no_lod,True
C2,56,Diuron,0.937311,False,,,0.27,EU MAC,exceeding,exceeding,,False
C2,56,Erythromycin,0.0,True,,,1.0,EU MAC,compliant,indeterminate,unresolved_no_lod,True
C2,56,Fluoranthene,0.7180673759002639,False,,,0.12,EU MAC,exceeding,exceeding,,False
C2,56,Hexachlorobenzene,0.0,True,,,8.0,EU MAC,compliant,indeterminate,unresolved_no_lod,True
C2,56,Imidacloprid,0.0,True,0.6194075722193858,2.0646919073979526,0.057,EU MAC,compliant,indeterminate,method_insufficient,True
C2,56,Isoproturon,0.0,True,,,1.0,EU MAC,compliant,indeterminate,unresolved_no_lod,True
C2,56,Pentachlorobenzene,0.0,True,,,0.007,EU AA,compliant,indeterminate,unresolved_no_lod,True
C2,56,Quinoxyfen,0.0,True,,,2.7,EU MAC,compliant,indeterminate,unresolved_no_lod,True
C2,56,Terbutryn,0.0,True,,,0.34,EU MAC,compliant,indeterminate,unresolved_no_lod,True
C2,56,Thiacloprid,0.0,True,0.08682554171532375,0.28941847238441254,0.05,EU MAC,compliant,indeterminate,method_insufficient,True
C2,56,Triclosan,0.0,True,,,0.02,EU MAC,compliant,indeterminate,unresolved_no_lod,True
C2,56,Trifluralin,0.0,True,,,0.03,EU AA,compliant,indeterminate,unresolved_no_lod,True
C2,57,17-alpha-Estradiol,0.0,True,,,0.00018,EU AA,compliant,indeterminate,unresolved_no_lod,True
C2,57,17-alpha-Ethinylestradiol,0.0,True,,,1.7e-05,EU AA,compliant,indeterminate,unresolved_no_lod,True
C2,57,17-beta-Estradiol,0.0,True,,,0.00018,EU AA,compliant,indeterminate,unresolved_no_lod,True
C2,57,Acetamiprid,0.14440749325504493,False,0.025237601919248082,0.08412533973082695,0.16,EU MAC,compliant,compliant,,False
C2,57,Aclonifen,0.138408,False,,,0.12,EU MAC,exceeding,exceeding,,False
C2,57,Anthracene,47.53084730091819,False,,,0.1,EU MAC,exceeding,exceeding,,False
C2,57,Azithromycin,0.0,True,,,0.18,EU MAC,compliant,indeterminate,unresolved_no_lod,True
C2,57,Bifenox,0.0,True,,,0.04,EU MAC,compliant,indeterminate,unresolved_no_lod,True
C2,57,Bisphenol-A,0.0,True,,,130.0,EU MAC,compliant,indeterminate,unresolved_no_lod,True
C2,57,Chlorpyrifos,0.0,True,,,0.0026,EU MAC,compliant,indeterminate,unresolved_no_lod,True
C2,57,Clarithromycin,0.046847,False,,,0.13,EU MAC,compliant,compliant,,False
C2,57,Clothianidin,0.0,True,0.13583585498351416,0.45278618327838055,0.34,EU MAC,compliant,indeterminate,method_insufficient,True
C2,57,Cybutryne,0.0,True,,,0.016,EU MAC,compliant,indeterminate,unresolved_no_lod,True
C2,57,Cypermethrin,0.0,True,,,0.0006000000000000001,EU MAC,compliant,indeterminate,unresolved_no_lod,True
C2,57,Di(2- ethylhexyl)phthalate (DEHP),0.0,True,,,2.0,EU MAC,compliant,indeterminate,unresolved_no_lod,True
C2,57,Dichlorvos,0.0,True,,,0.0007,EU MAC,compliant,indeterminate,unresolved_no_lod,True
C2,57,Diuron,1.681711,False,,,0.27,EU MAC,exceeding,exceeding,,False
C2,57,Erythromycin,0.0,True,,,1.0,EU MAC,compliant,indeterminate,unresolved_no_lod,True
C2,57,Fluoranthene,0.0,True,,,0.12,EU MAC,compliant,indeterminate,unresolved_no_lod,True
C2,57,Hexachlorobenzene,0.0,True,,,8.0,EU MAC,compliant,indeterminate,unresolved_no_lod,True
C2,57,Imidacloprid,0.0,True,0.6194075722193858,2.0646919073979526,0.057,EU MAC,compliant,indeterminate,method_insufficient,True
C2,57,Isoproturon,0.0,True,,,1.0,EU MAC,compliant,indeterminate,unresolved_no_lod,True
C2,57,Pentachlorobenzene,0.0,True,,,0.007,EU AA,compliant,indeterminate,unresolved_no_lod,True
C2,57,Quinoxyfen,0.0,True,,,2.7,EU MAC,compliant,indeterminate,unresolved_no_lod,True
C2,57,Terbutryn,0.0,True,,,0.34,EU MAC,compliant,indeterminate,unresolved_no_lod,True
C2,57,Thiacloprid,0.0,True,0.08682554171532375,0.28941847238441254,0.05,EU MAC,compliant,indeterminate,method_insufficient,True
C2,57,Triclosan,0.0,True,,,0.02,EU MAC,compliant,indeterminate,unresolved_no_lod,True
C2,57,Trifluralin,0.0,True,,,0.03,EU AA,compliant,indeterminate,unresolved_no_lod,True
C2,58,17-alpha-Estradiol,0.0,True,,,0.00018,EU AA,compliant,indeterminate,unresolved_no_lod,True
C2,58,17-alpha-Ethinylestradiol,0.0,True,,,1.7e-05,EU AA,compliant,indeterminate,unresolved_no_lod,True
C2,58,17-beta-Estradiol,0.0,True,,,0.00018,EU AA,compliant,indeterminate,unresolved_no_lod,True
C2,58,Acetamiprid,0.11006920052030875,False,0.025237601919248082,0.08412533973082695,0.16,EU MAC,compliant,compliant,,False
C2,58,Aclonifen,0.0,True,,,0.12,EU MAC,compliant,indeterminate,unresolved_no_lod,True
C2,58,Anthracene,0.0,True,,,0.1,EU MAC,compliant,indeterminate,unresolved_no_lod,True
C2,58,Azithromycin,0.0,True,,,0.18,EU MAC,compliant,indeterminate,unresolved_no_lod,True
C2,58,Bifenox,0.0,True,,,0.04,EU MAC,compliant,indeterminate,unresolved_no_lod,True
C2,58,Bisphenol-A,0.0,True,,,130.0,EU MAC,compliant,indeterminate,unresolved_no_lod,True
C2,58,Chlorpyrifos,0.0,True,,,0.0026,EU MAC,compliant,indeterminate,unresolved_no_lod,True
C2,58,Clarithromycin,0.03294,False,,,0.13,EU MAC,compliant,compliant,,False
C2,58,Clothianidin,0.0,True,0.13583585498351416,0.45278618327838055,0.34,EU MAC,compliant,indeterminate,method_insufficient,True
C2,58,Cybutryne,0.0,True,,,0.016,EU MAC,compliant,indeterminate,unresolved_no_lod,True
C2,58,Cypermethrin,0.0,True,,,0.0006000000000000001,EU MAC,compliant,indeterminate,unresolved_no_lod,True
C2,58,Di(2- ethylhexyl)phthalate (DEHP),36.158310766868674,False,,,2.0,EU MAC,exceeding,exceeding,,False
C2,58,Dichlorvos,0.0,True,,,0.0007,EU MAC,compliant,indeterminate,unresolved_no_lod,True
C2,58,Diuron,0.332949,False,,,0.27,EU MAC,exceeding,exceeding,,False
C2,58,Erythromycin,0.0,True,,,1.0,EU MAC,compliant,indeterminate,unresolved_no_lod,True
C2,58,Fluoranthene,0.0,True,,,0.12,EU MAC,compliant,indeterminate,unresolved_no_lod,True
C2,58,Hexachlorobenzene,0.0,True,,,8.0,EU MAC,compliant,indeterminate,unresolved_no_lod,True
C2,58,Imidacloprid,0.0,True,0.6194075722193858,2.0646919073979526,0.057,EU MAC,compliant,indeterminate,method_insufficient,True
C2,58,Isoproturon,0.0,True,,,1.0,EU MAC,compliant,indeterminate,unresolved_no_lod,True
C2,58,Pentachlorobenzene,0.0,True,,,0.007,EU AA,compliant,indeterminate,unresolved_no_lod,True
C2,58,Quinoxyfen,0.0,True,,,2.7,EU MAC,compliant,indeterminate,unresolved_no_lod,True
C2,58,Terbutryn,0.0,True,,,0.34,EU MAC,compliant,indeterminate,unresolved_no_lod,True
C2,58,Thiacloprid,0.0,True,0.08682554171532375,0.28941847238441254,0.05,EU MAC,compliant,indeterminate,method_insufficient,True
C2,58,Triclosan,0.0,True,,,0.02,EU MAC,compliant,indeterminate,unresolved_no_lod,True
C2,58,Trifluralin,0.0,True,,,0.03,EU AA,compliant,indeterminate,unresolved_no_lod,True
C2,59,17-alpha-Estradiol,0.0,True,,,0.00018,EU AA,compliant,indeterminate,unresolved_no_lod,True
C2,59,17-alpha-Ethinylestradiol,0.0,True,,,1.7e-05,EU AA,compliant,indeterminate,unresolved_no_lod,True
C2,59,17-beta-Estradiol,0.0,True,,,0.00018,EU AA,compliant,indeterminate,unresolved_no_lod,True
C2,59,Acetamiprid,0.0,True,0.025237601919248082,0.08412533973082695,0.16,EU MAC,compliant,compliant,,False
C2,59,Aclonifen,0.0,True,,,0.12,EU MAC,compliant,indeterminate,unresolved_no_lod,True
C2,59,Anthracene,0.0,True,,,0.1,EU MAC,compliant,indeterminate,unresolved_no_lod,True
C2,59,Azithromycin,0.0,True,,,0.18,EU MAC,compliant,indeterminate,unresolved_no_lod,True
C2,59,Bifenox,0.0,True,,,0.04,EU MAC,compliant,indeterminate,unresolved_no_lod,True
C2,59,Bisphenol-A,0.0,True,,,130.0,EU MAC,compliant,indeterminate,unresolved_no_lod,True
C2,59,Chlorpyrifos,0.0,True,,,0.0026,EU MAC,compliant,indeterminate,unresolved_no_lod,True
C2,59,Clarithromycin,0.0,True,,,0.13,EU MAC,compliant,indeterminate,unresolved_no_lod,True
C2,59,Clothianidin,0.0,True,0.13583585498351416,0.45278618327838055,0.34,EU MAC,compliant,indeterminate,method_insufficient,True
C2,59,Cybutryne,0.0,True,,,0.016,EU MAC,compliant,indeterminate,unresolved_no_lod,True
C2,59,Cypermethrin,0.0,True,,,0.0006000000000000001,EU MAC,compliant,indeterminate,unresolved_no_lod,True
C2,59,Di(2- ethylhexyl)phthalate (DEHP),5.364296949374615,False,,,2.0,EU MAC,exceeding,exceeding,,False
C2,59,Dichlorvos,0.0,True,,,0.0007,EU MAC,compliant,indeterminate,unresolved_no_lod,True
C2,59,Diuron,0.088912,False,,,0.27,EU MAC,compliant,compliant,,False
C2,59,Erythromycin,0.0,True,,,1.0,EU MAC,compliant,indeterminate,unresolved_no_lod,True
C2,59,Fluoranthene,0.0,True,,,0.12,EU MAC,compliant,indeterminate,unresolved_no_lod,True
C2,59,Hexachlorobenzene,0.0,True,,,8.0,EU MAC,compliant,indeterminate,unresolved_no_lod,True
C2,59,Imidacloprid,0.0,True,0.6194075722193858,2.0646919073979526,0.057,EU MAC,compliant,indeterminate,method_insufficient,True
C2,59,Isoproturon,0.0,True,,,1.0,EU MAC,compliant,indeterminate,unresolved_no_lod,True
C2,59,Pentachlorobenzene,0.0,True,,,0.007,EU AA,compliant,indeterminate,unresolved_no_lod,True
C2,59,Quinoxyfen,0.0,True,,,2.7,EU MAC,compliant,indeterminate,unresolved_no_lod,True
C2,59,Terbutryn,0.0,True,,,0.34,EU MAC,compliant,indeterminate,unresolved_no_lod,True
C2,59,Thiacloprid,0.0,True,0.08682554171532375,0.28941847238441254,0.05,EU MAC,compliant,indeterminate,method_insufficient,True
C2,59,Triclosan,0.0,True,,,0.02,EU MAC,compliant,indeterminate,unresolved_no_lod,True
C2,59,Trifluralin,0.0,True,,,0.03,EU AA,compliant,indeterminate,unresolved_no_lod,True
C2,60,17-alpha-Estradiol,0.0,True,,,0.00018,EU AA,compliant,indeterminate,unresolved_no_lod,True
C2,60,17-alpha-Ethinylestradiol,0.0,True,,,1.7e-05,EU AA,compliant,indeterminate,unresolved_no_lod,True
C2,60,17-beta-Estradiol,0.0,True,,,0.00018,EU AA,compliant,indeterminate,unresolved_no_lod,True
C2,60,Acetamiprid,0.0,True,0.025237601919248082,0.08412533973082695,0.16,EU MAC,compliant,compliant,,False
C2,60,Aclonifen,0.08764,False,,,0.12,EU MAC,compliant,compliant,,False
C2,60,Anthracene,0.0,True,,,0.1,EU MAC,compliant,indeterminate,unresolved_no_lod,True
C2,60,Azithromycin,0.0,True,,,0.18,EU MAC,compliant,indeterminate,unresolved_no_lod,True
C2,60,Bifenox,0.0,True,,,0.04,EU MAC,compliant,indeterminate,unresolved_no_lod,True
C2,60,Bisphenol-A,0.0,True,,,130.0,EU MAC,compliant,indeterminate,unresolved_no_lod,True
C2,60,Chlorpyrifos,0.0,True,,,0.0026,EU MAC,compliant,indeterminate,unresolved_no_lod,True
C2,60,Clarithromycin,0.0,True,,,0.13,EU MAC,compliant,indeterminate,unresolved_no_lod,True
C2,60,Clothianidin,0.0,True,0.13583585498351416,0.45278618327838055,0.34,EU MAC,compliant,indeterminate,method_insufficient,True
C2,60,Cybutryne,0.0,True,,,0.016,EU MAC,compliant,indeterminate,unresolved_no_lod,True
C2,60,Cypermethrin,0.0,True,,,0.0006000000000000001,EU MAC,compliant,indeterminate,unresolved_no_lod,True
C2,60,Di(2- ethylhexyl)phthalate (DEHP),18.630455901265133,False,,,2.0,EU MAC,exceeding,exceeding,,False
C2,60,Dichlorvos,0.0,True,,,0.0007,EU MAC,compliant,indeterminate,unresolved_no_lod,True
C2,60,Diuron,0.0,True,,,0.27,EU MAC,compliant,indeterminate,unresolved_no_lod,True
C2,60,Erythromycin,0.0,True,,,1.0,EU MAC,compliant,indeterminate,unresolved_no_lod,True
C2,60,Fluoranthene,0.0,True,,,0.12,EU MAC,compliant,indeterminate,unresolved_no_lod,True
C2,60,Hexachlorobenzene,0.0,True,,,8.0,EU MAC,compliant,indeterminate,unresolved_no_lod,True
C2,60,Imidacloprid,0.0,True,0.6194075722193858,2.0646919073979526,0.057,EU MAC,compliant,indeterminate,method_insufficient,True
C2,60,Isoproturon,0.0,True,,,1.0,EU MAC,compliant,indeterminate,unresolved_no_lod,True
C2,60,Pentachlorobenzene,0.0,True,,,0.007,EU AA,compliant,indeterminate,unresolved_no_lod,True
C2,60,Quinoxyfen,0.0,True,,,2.7,EU MAC,compliant,indeterminate,unresolved_no_lod,True
C2,60,Terbutryn,0.0,True,,,0.34,EU MAC,compliant,indeterminate,unresolved_no_lod,True
C2,60,Thiacloprid,0.0,True,0.08682554171532375,0.28941847238441254,0.05,EU MAC,compliant,indeterminate,method_insufficient,True
C2,60,Triclosan,0.0,True,,,0.02,EU MAC,compliant,indeterminate,unresolved_no_lod,True
C2,60,Trifluralin,0.0,True,,,0.03,EU AA,compliant,indeterminate,unresolved_no_lod,True
C2,61,17-alpha-Estradiol,0.0,True,,,0.00018,EU AA,compliant,indeterminate,unresolved_no_lod,True
C2,61,17-alpha-Ethinylestradiol,0.0,True,,,1.7e-05,EU AA,compliant,indeterminate,unresolved_no_lod,True
C2,61,17-beta-Estradiol,0.0,True,,,0.00018,EU AA,compliant,indeterminate,unresolved_no_lod,True
C2,61,Acetamiprid,0.08239282070755237,False,0.025237601919248082,0.08412533973082695,0.16,EU MAC,compliant,compliant,,False
C2,61,Aclonifen,0.0,True,,,0.12,EU MAC,compliant,indeterminate,unresolved_no_lod,True
C2,61,Anthracene,0.0,True,,,0.1,EU MAC,compliant,indeterminate,unresolved_no_lod,True
C2,61,Azithromycin,0.0,True,,,0.18,EU MAC,compliant,indeterminate,unresolved_no_lod,True
C2,61,Bifenox,0.0,True,,,0.04,EU MAC,compliant,indeterminate,unresolved_no_lod,True
C2,61,Bisphenol-A,0.0,True,,,130.0,EU MAC,compliant,indeterminate,unresolved_no_lod,True
C2,61,Chlorpyrifos,0.0,True,,,0.0026,EU MAC,compliant,indeterminate,unresolved_no_lod,True
C2,61,Clarithromycin,2.075646,False,,,0.13,EU MAC,exceeding,exceeding,,False
C2,61,Clothianidin,0.0,True,0.13583585498351416,0.45278618327838055,0.34,EU MAC,compliant,indeterminate,method_insufficient,True
C2,61,Cybutryne,0.0,True,,,0.016,EU MAC,compliant,indeterminate,unresolved_no_lod,True
C2,61,Cypermethrin,0.0,True,,,0.0006000000000000001,EU MAC,compliant,indeterminate,unresolved_no_lod,True
C2,61,Di(2- ethylhexyl)phthalate (DEHP),14.504988566985544,False,,,2.0,EU MAC,exceeding,exceeding,,False
C2,61,Dichlorvos,0.0,True,,,0.0007,EU MAC,compliant,indeterminate,unresolved_no_lod,True
C2,61,Diuron,0.0,True,,,0.27,EU MAC,compliant,indeterminate,unresolved_no_lod,True
C2,61,Erythromycin,0.0,True,,,1.0,EU MAC,compliant,indeterminate,unresolved_no_lod,True
C2,61,Fluoranthene,0.0,True,,,0.12,EU MAC,compliant,indeterminate,unresolved_no_lod,True
C2,61,Hexachlorobenzene,0.0,True,,,8.0,EU MAC,compliant,indeterminate,unresolved_no_lod,True
C2,61,Imidacloprid,0.0,True,0.6194075722193858,2.0646919073979526,0.057,EU MAC,compliant,indeterminate,method_insufficient,True
C2,61,Isoproturon,0.0,True,,,1.0,EU MAC,compliant,indeterminate,unresolved_no_lod,True
C2,61,Pentachlorobenzene,0.0,True,,,0.007,EU AA,compliant,indeterminate,unresolved_no_lod,True
C2,61,Quinoxyfen,0.0,True,,,2.7,EU MAC,compliant,indeterminate,unresolved_no_lod,True
C2,61,Terbutryn,0.0,True,,,0.34,EU MAC,compliant,indeterminate,unresolved_no_lod,True
C2,61,Thiacloprid,0.0,True,0.08682554171532375,0.28941847238441254,0.05,EU MAC,compliant,indeterminate,method_insufficient,True
C2,61,Triclosan,0.0,True,,,0.02,EU MAC,compliant,indeterminate,unresolved_no_lod,True
C2,61,Trifluralin,0.0,True,,,0.03,EU AA,compliant,indeterminate,unresolved_no_lod,True
C2,62,17-alpha-Estradiol,0.0,True,,,0.00018,EU AA,compliant,indeterminate,unresolved_no_lod,True
C2,62,17-alpha-Ethinylestradiol,0.0,True,,,1.7e-05,EU AA,compliant,indeterminate,unresolved_no_lod,True
C2,62,17-beta-Estradiol,0.0,True,,,0.00018,EU AA,compliant,indeterminate,unresolved_no_lod,True
C2,62,Acetamiprid,0.10997549898539814,False,0.025237601919248082,0.08412533973082695,0.16,EU MAC,compliant,compliant,,False
C2,62,Aclonifen,0.0,True,,,0.12,EU MAC,compliant,indeterminate,unresolved_no_lod,True
C2,62,Anthracene,0.0,True,,,0.1,EU MAC,compliant,indeterminate,unresolved_no_lod,True
C2,62,Azithromycin,0.0,True,,,0.18,EU MAC,compliant,indeterminate,unresolved_no_lod,True
C2,62,Bifenox,0.0,True,,,0.04,EU MAC,compliant,indeterminate,unresolved_no_lod,True
C2,62,Bisphenol-A,0.0,True,,,130.0,EU MAC,compliant,indeterminate,unresolved_no_lod,True
C2,62,Chlorpyrifos,0.3548797183552708,False,,,0.0026,EU MAC,exceeding,exceeding,,False
C2,62,Clarithromycin,0.293096,False,,,0.13,EU MAC,exceeding,exceeding,,False
C2,62,Clothianidin,0.0,True,0.13583585498351416,0.45278618327838055,0.34,EU MAC,compliant,indeterminate,method_insufficient,True
C2,62,Cybutryne,0.0,True,,,0.016,EU MAC,compliant,indeterminate,unresolved_no_lod,True
C2,62,Cypermethrin,0.0,True,,,0.0006000000000000001,EU MAC,compliant,indeterminate,unresolved_no_lod,True
C2,62,Di(2- ethylhexyl)phthalate (DEHP),29.052432897793356,False,,,2.0,EU MAC,exceeding,exceeding,,False
C2,62,Dichlorvos,1.9821859435206832,False,,,0.0007,EU MAC,exceeding,exceeding,,False
C2,62,Diuron,0.492544,False,,,0.27,EU MAC,exceeding,exceeding,,False
C2,62,Erythromycin,0.0,True,,,1.0,EU MAC,compliant,indeterminate,unresolved_no_lod,True
C2,62,Fluoranthene,0.9465213186488121,False,,,0.12,EU MAC,exceeding,exceeding,,False
C2,62,Hexachlorobenzene,0.0,True,,,8.0,EU MAC,compliant,indeterminate,unresolved_no_lod,True
C2,62,Imidacloprid,0.0,True,0.6194075722193858,2.0646919073979526,0.057,EU MAC,compliant,indeterminate,method_insufficient,True
C2,62,Isoproturon,0.0,True,,,1.0,EU MAC,compliant,indeterminate,unresolved_no_lod,True
C2,62,Pentachlorobenzene,0.0,True,,,0.007,EU AA,compliant,indeterminate,unresolved_no_lod,True
C2,62,Quinoxyfen,0.0,True,,,2.7,EU MAC,compliant,indeterminate,unresolved_no_lod,True
C2,62,Terbutryn,0.027701994468579683,False,,,0.34,EU MAC,compliant,compliant,,False
C2,62,Thiacloprid,0.0,True,0.08682554171532375,0.28941847238441254,0.05,EU MAC,compliant,indeterminate,method_insufficient,True
C2,62,Triclosan,0.0,True,,,0.02,EU MAC,compliant,indeterminate,unresolved_no_lod,True
C2,62,Trifluralin,0.0,True,,,0.03,EU AA,compliant,indeterminate,unresolved_no_lod,True
C2,63,17-alpha-Estradiol,0.0,True,,,0.00018,EU AA,compliant,indeterminate,unresolved_no_lod,True
C2,63,17-alpha-Ethinylestradiol,0.0,True,,,1.7e-05,EU AA,compliant,indeterminate,unresolved_no_lod,True
C2,63,17-beta-Estradiol,0.0,True,,,0.00018,EU AA,compliant,indeterminate,unresolved_no_lod,True
C2,63,Acetamiprid,0.282165133880498,False,0.025237601919248082,0.08412533973082695,0.16,EU MAC,exceeding,exceeding,,False
C2,63,Aclonifen,0.0,True,,,0.12,EU MAC,compliant,indeterminate,unresolved_no_lod,True
C2,63,Anthracene,0.0,True,,,0.1,EU MAC,compliant,indeterminate,unresolved_no_lod,True
C2,63,Azithromycin,0.0,True,,,0.18,EU MAC,compliant,indeterminate,unresolved_no_lod,True
C2,63,Bifenox,0.0,True,,,0.04,EU MAC,compliant,indeterminate,unresolved_no_lod,True
C2,63,Bisphenol-A,0.0,True,,,130.0,EU MAC,compliant,indeterminate,unresolved_no_lod,True
C2,63,Chlorpyrifos,0.0,True,,,0.0026,EU MAC,compliant,indeterminate,unresolved_no_lod,True
C2,63,Clarithromycin,0.0,True,,,0.13,EU MAC,compliant,indeterminate,unresolved_no_lod,True
C2,63,Clothianidin,0.0,True,0.13583585498351416,0.45278618327838055,0.34,EU MAC,compliant,indeterminate,method_insufficient,True
C2,63,Cybutryne,0.0,True,,,0.016,EU MAC,compliant,indeterminate,unresolved_no_lod,True
C2,63,Cypermethrin,0.0,True,,,0.0006000000000000001,EU MAC,compliant,indeterminate,unresolved_no_lod,True
C2,63,Di(2- ethylhexyl)phthalate (DEHP),0.0,True,,,2.0,EU MAC,compliant,indeterminate,unresolved_no_lod,True
C2,63,Dichlorvos,0.0,True,,,0.0007,EU MAC,compliant,indeterminate,unresolved_no_lod,True
C2,63,Diuron,2.051184,False,,,0.27,EU MAC,exceeding,exceeding,,False
C2,63,Erythromycin,0.0,True,,,1.0,EU MAC,compliant,indeterminate,unresolved_no_lod,True
C2,63,Fluoranthene,0.0,True,,,0.12,EU MAC,compliant,indeterminate,unresolved_no_lod,True
C2,63,Hexachlorobenzene,0.0,True,,,8.0,EU MAC,compliant,indeterminate,unresolved_no_lod,True
C2,63,Imidacloprid,1.2048403855785144,False,0.6194075722193858,2.0646919073979526,0.057,EU MAC,exceeding,indeterminate,method_insufficient,True
C2,63,Isoproturon,0.0,True,,,1.0,EU MAC,compliant,indeterminate,unresolved_no_lod,True
C2,63,Pentachlorobenzene,0.0,True,,,0.007,EU AA,compliant,indeterminate,unresolved_no_lod,True
C2,63,Quinoxyfen,0.0,True,,,2.7,EU MAC,compliant,indeterminate,unresolved_no_lod,True
C2,63,Terbutryn,0.023152332023712682,False,,,0.34,EU MAC,compliant,compliant,,False
C2,63,Thiacloprid,0.28826142820773476,False,0.08682554171532375,0.28941847238441254,0.05,EU MAC,exceeding,indeterminate,method_insufficient,True
C2,63,Triclosan,0.0,True,,,0.02,EU MAC,compliant,indeterminate,unresolved_no_lod,True
C2,63,Trifluralin,0.0,True,,,0.03,EU AA,compliant,indeterminate,unresolved_no_lod,True
C2,64,17-alpha-Estradiol,0.0,True,,,0.00018,EU AA,compliant,indeterminate,unresolved_no_lod,True
C2,64,17-alpha-Ethinylestradiol,0.0,True,,,1.7e-05,EU AA,compliant,indeterminate,unresolved_no_lod,True
C2,64,17-beta-Estradiol,0.0,True,,,0.00018,EU AA,compliant,indeterminate,unresolved_no_lod,True
C2,64,Acetamiprid,0.0,True,0.025237601919248082,0.08412533973082695,0.16,EU MAC,compliant,compliant,,False
C2,64,Aclonifen,0.0,True,,,0.12,EU MAC,compliant,indeterminate,unresolved_no_lod,True
C2,64,Anthracene,41.96707457318669,False,,,0.1,EU MAC,exceeding,exceeding,,False
C2,64,Azithromycin,1.3259571046226084,False,,,0.18,EU MAC,exceeding,exceeding,,False
C2,64,Bifenox,0.0,True,,,0.04,EU MAC,compliant,indeterminate,unresolved_no_lod,True
C2,64,Bisphenol-A,0.0,True,,,130.0,EU MAC,compliant,indeterminate,unresolved_no_lod,True
C2,64,Chlorpyrifos,0.0,True,,,0.0026,EU MAC,compliant,indeterminate,unresolved_no_lod,True
C2,64,Clarithromycin,3.361001,False,,,0.13,EU MAC,exceeding,exceeding,,False
C2,64,Clothianidin,0.0,True,0.13583585498351416,0.45278618327838055,0.34,EU MAC,compliant,indeterminate,method_insufficient,True
C2,64,Cybutryne,0.0,True,,,0.016,EU MAC,compliant,indeterminate,unresolved_no_lod,True
C2,64,Cypermethrin,0.0,True,,,0.0006000000000000001,EU MAC,compliant,indeterminate,unresolved_no_lod,True
C2,64,Di(2- ethylhexyl)phthalate (DEHP),23.321954634338347,False,,,2.0,EU MAC,exceeding,exceeding,,False
C2,64,Dichlorvos,0.0,True,,,0.0007,EU MAC,compliant,indeterminate,unresolved_no_lod,True
C2,64,Diuron,0.245632,False,,,0.27,EU MAC,compliant,compliant,,False
C2,64,Erythromycin,0.38236144938084976,False,,,1.0,EU MAC,compliant,compliant,,False
C2,64,Fluoranthene,1.6342791014824904,False,,,0.12,EU MAC,exceeding,exceeding,,False
C2,64,Hexachlorobenzene,0.0,True,,,8.0,EU MAC,compliant,indeterminate,unresolved_no_lod,True
C2,64,Imidacloprid,0.0,True,0.6194075722193858,2.0646919073979526,0.057,EU MAC,compliant,indeterminate,method_insufficient,True
C2,64,Isoproturon,0.0,True,,,1.0,EU MAC,compliant,indeterminate,unresolved_no_lod,True
C2,64,Pentachlorobenzene,0.0,True,,,0.007,EU AA,compliant,indeterminate,unresolved_no_lod,True
C2,64,Quinoxyfen,0.0,True,,,2.7,EU MAC,compliant,indeterminate,unresolved_no_lod,True
C2,64,Terbutryn,0.0,True,,,0.34,EU MAC,compliant,indeterminate,unresolved_no_lod,True
C2,64,Thiacloprid,0.0,True,0.08682554171532375,0.28941847238441254,0.05,EU MAC,compliant,indeterminate,method_insufficient,True
C2,64,Triclosan,0.0,True,,,0.02,EU MAC,compliant,indeterminate,unresolved_no_lod,True
C2,64,Trifluralin,0.0,True,,,0.03,EU AA,compliant,indeterminate,unresolved_no_lod,True
C2,65,17-alpha-Estradiol,0.0,True,,,0.00018,EU AA,compliant,indeterminate,unresolved_no_lod,True
C2,65,17-alpha-Ethinylestradiol,0.0,True,,,1.7e-05,EU AA,compliant,indeterminate,unresolved_no_lod,True
C2,65,17-beta-Estradiol,0.0,True,,,0.00018,EU AA,compliant,indeterminate,unresolved_no_lod,True
C2,65,Acetamiprid,0.19371125923671256,False,0.025237601919248082,0.08412533973082695,0.16,EU MAC,exceeding,exceeding,,False
C2,65,Aclonifen,0.0,True,,,0.12,EU MAC,compliant,indeterminate,unresolved_no_lod,True
C2,65,Anthracene,0.0,True,,,0.1,EU MAC,compliant,indeterminate,unresolved_no_lod,True
C2,65,Azithromycin,0.0,True,,,0.18,EU MAC,compliant,indeterminate,unresolved_no_lod,True
C2,65,Bifenox,0.0,True,,,0.04,EU MAC,compliant,indeterminate,unresolved_no_lod,True
C2,65,Bisphenol-A,0.0,True,,,130.0,EU MAC,compliant,indeterminate,unresolved_no_lod,True
C2,65,Chlorpyrifos,0.0,True,,,0.0026,EU MAC,compliant,indeterminate,unresolved_no_lod,True
C2,65,Clarithromycin,0.0,True,,,0.13,EU MAC,compliant,indeterminate,unresolved_no_lod,True
C2,65,Clothianidin,0.0,True,0.13583585498351416,0.45278618327838055,0.34,EU MAC,compliant,indeterminate,method_insufficient,True
C2,65,Cybutryne,0.0,True,,,0.016,EU MAC,compliant,indeterminate,unresolved_no_lod,True
C2,65,Cypermethrin,0.0,True,,,0.0006000000000000001,EU MAC,compliant,indeterminate,unresolved_no_lod,True
C2,65,Di(2- ethylhexyl)phthalate (DEHP),34.159567881466295,False,,,2.0,EU MAC,exceeding,exceeding,,False
C2,65,Dichlorvos,0.0,True,,,0.0007,EU MAC,compliant,indeterminate,unresolved_no_lod,True
C2,65,Diuron,0.0,True,,,0.27,EU MAC,compliant,indeterminate,unresolved_no_lod,True
C2,65,Erythromycin,0.0,True,,,1.0,EU MAC,compliant,indeterminate,unresolved_no_lod,True
C2,65,Fluoranthene,0.0,True,,,0.12,EU MAC,compliant,indeterminate,unresolved_no_lod,True
C2,65,Hexachlorobenzene,0.0,True,,,8.0,EU MAC,compliant,indeterminate,unresolved_no_lod,True
C2,65,Imidacloprid,0.0,True,0.6194075722193858,2.0646919073979526,0.057,EU MAC,compliant,indeterminate,method_insufficient,True
C2,65,Isoproturon,0.0,True,,,1.0,EU MAC,compliant,indeterminate,unresolved_no_lod,True
C2,65,Pentachlorobenzene,0.0,True,,,0.007,EU AA,compliant,indeterminate,unresolved_no_lod,True
C2,65,Quinoxyfen,0.0,True,,,2.7,EU MAC,compliant,indeterminate,unresolved_no_lod,True
C2,65,Terbutryn,0.0,True,,,0.34,EU MAC,compliant,indeterminate,unresolved_no_lod,True
C2,65,Thiacloprid,0.0,True,0.08682554171532375,0.28941847238441254,0.05,EU MAC,compliant,indeterminate,method_insufficient,True
C2,65,Triclosan,0.0,True,,,0.02,EU MAC,compliant,indeterminate,unresolved_no_lod,True
C2,65,Trifluralin,0.0,True,,,0.03,EU AA,compliant,indeterminate,unresolved_no_lod,True
C2,66,17-alpha-Estradiol,0.0,True,,,0.00018,EU AA,compliant,indeterminate,unresolved_no_lod,True
C2,66,17-alpha-Ethinylestradiol,0.0,True,,,1.7e-05,EU AA,compliant,indeterminate,unresolved_no_lod,True
C2,66,17-beta-Estradiol,0.0,True,,,0.00018,EU AA,compliant,indeterminate,unresolved_no_lod,True
C2,66,Acetamiprid,0.0,True,0.025237601919248082,0.08412533973082695,0.16,EU MAC,compliant,compliant,,False
C2,66,Aclonifen,0.0,True,,,0.12,EU MAC,compliant,indeterminate,unresolved_no_lod,True
C2,66,Anthracene,0.0,True,,,0.1,EU MAC,compliant,indeterminate,unresolved_no_lod,True
C2,66,Azithromycin,0.0,True,,,0.18,EU MAC,compliant,indeterminate,unresolved_no_lod,True
C2,66,Bifenox,0.0,True,,,0.04,EU MAC,compliant,indeterminate,unresolved_no_lod,True
C2,66,Bisphenol-A,0.0,True,,,130.0,EU MAC,compliant,indeterminate,unresolved_no_lod,True
C2,66,Chlorpyrifos,0.0,True,,,0.0026,EU MAC,compliant,indeterminate,unresolved_no_lod,True
C2,66,Clarithromycin,0.0,True,,,0.13,EU MAC,compliant,indeterminate,unresolved_no_lod,True
C2,66,Clothianidin,0.0,True,0.13583585498351416,0.45278618327838055,0.34,EU MAC,compliant,indeterminate,method_insufficient,True
C2,66,Cybutryne,0.0,True,,,0.016,EU MAC,compliant,indeterminate,unresolved_no_lod,True
C2,66,Cypermethrin,0.0,True,,,0.0006000000000000001,EU MAC,compliant,indeterminate,unresolved_no_lod,True
C2,66,Di(2- ethylhexyl)phthalate (DEHP),35.28379235864248,False,,,2.0,EU MAC,exceeding,exceeding,,False
C2,66,Dichlorvos,0.0,True,,,0.0007,EU MAC,compliant,indeterminate,unresolved_no_lod,True
C2,66,Diuron,1.293608,False,,,0.27,EU MAC,exceeding,exceeding,,False
C2,66,Erythromycin,0.0,True,,,1.0,EU MAC,compliant,indeterminate,unresolved_no_lod,True
C2,66,Fluoranthene,0.0,True,,,0.12,EU MAC,compliant,indeterminate,unresolved_no_lod,True
C2,66,Hexachlorobenzene,0.0,True,,,8.0,EU MAC,compliant,indeterminate,unresolved_no_lod,True
C2,66,Imidacloprid,0.0,True,0.6194075722193858,2.0646919073979526,0.057,EU MAC,compliant,indeterminate,method_insufficient,True
C2,66,Isoproturon,0.0,True,,,1.0,EU MAC,compliant,indeterminate,unresolved_no_lod,True
C2,66,Pentachlorobenzene,0.0,True,,,0.007,EU AA,compliant,indeterminate,unresolved_no_lod,True
C2,66,Quinoxyfen,0.0,True,,,2.7,EU MAC,compliant,indeterminate,unresolved_no_lod,True
C2,66,Terbutryn,0.0,True,,,0.34,EU MAC,compliant,indeterminate,unresolved_no_lod,True
C2,66,Thiacloprid,0.0,True,0.08682554171532375,0.28941847238441254,0.05,EU MAC,compliant,indeterminate,method_insufficient,True
C2,66,Triclosan,0.0,True,,,0.02,EU MAC,compliant,indeterminate,unresolved_no_lod,True
C2,66,Trifluralin,0.0,True,,,0.03,EU AA,compliant,indeterminate,unresolved_no_lod,True
C2,67,17-alpha-Estradiol,0.0,True,,,0.00018,EU AA,compliant,indeterminate,unresolved_no_lod,True
C2,67,17-alpha-Ethinylestradiol,0.0,True,,,1.7e-05,EU AA,compliant,indeterminate,unresolved_no_lod,True
C2,67,17-beta-Estradiol,0.0,True,,,0.00018,EU AA,compliant,indeterminate,unresolved_no_lod,True
C2,67,Acetamiprid,0.0,True,0.025237601919248082,0.08412533973082695,0.16,EU MAC,compliant,compliant,,False
C2,67,Aclonifen,0.0,True,,,0.12,EU MAC,compliant,indeterminate,unresolved_no_lod,True
C2,67,Anthracene,0.0,True,,,0.1,EU MAC,compliant,indeterminate,unresolved_no_lod,True
C2,67,Azithromycin,0.0,True,,,0.18,EU MAC,compliant,indeterminate,unresolved_no_lod,True
C2,67,Bifenox,0.0,True,,,0.04,EU MAC,compliant,indeterminate,unresolved_no_lod,True
C2,67,Bisphenol-A,0.0,True,,,130.0,EU MAC,compliant,indeterminate,unresolved_no_lod,True
C2,67,Chlorpyrifos,0.0,True,,,0.0026,EU MAC,compliant,indeterminate,unresolved_no_lod,True
C2,67,Clarithromycin,0.0,True,,,0.13,EU MAC,compliant,indeterminate,unresolved_no_lod,True
C2,67,Clothianidin,0.0,True,0.13583585498351416,0.45278618327838055,0.34,EU MAC,compliant,indeterminate,method_insufficient,True
C2,67,Cybutryne,0.0,True,,,0.016,EU MAC,compliant,indeterminate,unresolved_no_lod,True
C2,67,Cypermethrin,0.0,True,,,0.0006000000000000001,EU MAC,compliant,indeterminate,unresolved_no_lod,True
C2,67,Di(2- ethylhexyl)phthalate (DEHP),19.071618989534418,False,,,2.0,EU MAC,exceeding,exceeding,,False
C2,67,Dichlorvos,0.0,True,,,0.0007,EU MAC,compliant,indeterminate,unresolved_no_lod,True
C2,67,Diuron,0.102995,False,,,0.27,EU MAC,compliant,compliant,,False
C2,67,Erythromycin,0.0,True,,,1.0,EU MAC,compliant,indeterminate,unresolved_no_lod,True
C2,67,Fluoranthene,0.0,True,,,0.12,EU MAC,compliant,indeterminate,unresolved_no_lod,True
C2,67,Hexachlorobenzene,0.0,True,,,8.0,EU MAC,compliant,indeterminate,unresolved_no_lod,True
C2,67,Imidacloprid,0.0,True,0.6194075722193858,2.0646919073979526,0.057,EU MAC,compliant,indeterminate,method_insufficient,True
C2,67,Isoproturon,0.0,True,,,1.0,EU MAC,compliant,indeterminate,unresolved_no_lod,True
C2,67,Pentachlorobenzene,0.0,True,,,0.007,EU AA,compliant,indeterminate,unresolved_no_lod,True
C2,67,Quinoxyfen,0.0,True,,,2.7,EU MAC,compliant,indeterminate,unresolved_no_lod,True
C2,67,Terbutryn,0.0,True,,,0.34,EU MAC,compliant,indeterminate,unresolved_no_lod,True
C2,67,Thiacloprid,0.0,True,0.08682554171532375,0.28941847238441254,0.05,EU MAC,compliant,indeterminate,method_insufficient,True
C2,67,Triclosan,0.0,True,,,0.02,EU MAC,compliant,indeterminate,unresolved_no_lod,True
C2,67,Trifluralin,0.0,True,,,0.03,EU AA,compliant,indeterminate,unresolved_no_lod,True
C2,68,17-alpha-Estradiol,0.0,True,,,0.00018,EU AA,compliant,indeterminate,unresolved_no_lod,True
C2,68,17-alpha-Ethinylestradiol,0.0,True,,,1.7e-05,EU AA,compliant,indeterminate,unresolved_no_lod,True
C2,68,17-beta-Estradiol,0.0,True,,,0.00018,EU AA,compliant,indeterminate,unresolved_no_lod,True
C2,68,Acetamiprid,0.0,True,0.025237601919248082,0.08412533973082695,0.16,EU MAC,compliant,compliant,,False
C2,68,Aclonifen,0.0,True,,,0.12,EU MAC,compliant,indeterminate,unresolved_no_lod,True
C2,68,Anthracene,0.0,True,,,0.1,EU MAC,compliant,indeterminate,unresolved_no_lod,True
C2,68,Azithromycin,0.0,True,,,0.18,EU MAC,compliant,indeterminate,unresolved_no_lod,True
C2,68,Bifenox,0.0,True,,,0.04,EU MAC,compliant,indeterminate,unresolved_no_lod,True
C2,68,Bisphenol-A,0.0,True,,,130.0,EU MAC,compliant,indeterminate,unresolved_no_lod,True
C2,68,Chlorpyrifos,0.0,True,,,0.0026,EU MAC,compliant,indeterminate,unresolved_no_lod,True
C2,68,Clarithromycin,0.0,True,,,0.13,EU MAC,compliant,indeterminate,unresolved_no_lod,True
C2,68,Clothianidin,0.0,True,0.13583585498351416,0.45278618327838055,0.34,EU MAC,compliant,indeterminate,method_insufficient,True
C2,68,Cybutryne,0.0,True,,,0.016,EU MAC,compliant,indeterminate,unresolved_no_lod,True
C2,68,Cypermethrin,0.0,True,,,0.0006000000000000001,EU MAC,compliant,indeterminate,unresolved_no_lod,True
C2,68,Di(2- ethylhexyl)phthalate (DEHP),9.58919743144568,False,,,2.0,EU MAC,exceeding,exceeding,,False
C2,68,Dichlorvos,0.0,True,,,0.0007,EU MAC,compliant,indeterminate,unresolved_no_lod,True
C2,68,Diuron,0.0,True,,,0.27,EU MAC,compliant,indeterminate,unresolved_no_lod,True
C2,68,Erythromycin,0.0,True,,,1.0,EU MAC,compliant,indeterminate,unresolved_no_lod,True
C2,68,Fluoranthene,0.0,True,,,0.12,EU MAC,compliant,indeterminate,unresolved_no_lod,True
C2,68,Hexachlorobenzene,0.0,True,,,8.0,EU MAC,compliant,indeterminate,unresolved_no_lod,True
C2,68,Imidacloprid,0.0,True,0.6194075722193858,2.0646919073979526,0.057,EU MAC,compliant,indeterminate,method_insufficient,True
C2,68,Isoproturon,0.0,True,,,1.0,EU MAC,compliant,indeterminate,unresolved_no_lod,True
C2,68,Pentachlorobenzene,0.0,True,,,0.007,EU AA,compliant,indeterminate,unresolved_no_lod,True
C2,68,Quinoxyfen,0.0,True,,,2.7,EU MAC,compliant,indeterminate,unresolved_no_lod,True
C2,68,Terbutryn,0.0,True,,,0.34,EU MAC,compliant,indeterminate,unresolved_no_lod,True
C2,68,Thiacloprid,0.0,True,0.08682554171532375,0.28941847238441254,0.05,EU MAC,compliant,indeterminate,method_insufficient,True
C2,68,Triclosan,0.0,True,,,0.02,EU MAC,compliant,indeterminate,unresolved_no_lod,True
C2,68,Trifluralin,0.0,True,,,0.03,EU AA,compliant,indeterminate,unresolved_no_lod,True
C2,69,17-alpha-Estradiol,0.0,True,,,0.00018,EU AA,compliant,indeterminate,unresolved_no_lod,True
C2,69,17-alpha-Ethinylestradiol,0.0,True,,,1.7e-05,EU AA,compliant,indeterminate,unresolved_no_lod,True
C2,69,17-beta-Estradiol,0.0,True,,,0.00018,EU AA,compliant,indeterminate,unresolved_no_lod,True
C2,69,Acetamiprid,0.0,True,0.025237601919248082,0.08412533973082695,0.16,EU MAC,compliant,compliant,,False
C2,69,Aclonifen,0.0,True,,,0.12,EU MAC,compliant,indeterminate,unresolved_no_lod,True
C2,69,Anthracene,37.35732567175458,False,,,0.1,EU MAC,exceeding,exceeding,,False
C2,69,Azithromycin,0.9146334313372174,False,,,0.18,EU MAC,exceeding,exceeding,,False
C2,69,Bifenox,0.0,True,,,0.04,EU MAC,compliant,indeterminate,unresolved_no_lod,True
C2,69,Bisphenol-A,0.0,True,,,130.0,EU MAC,compliant,indeterminate,unresolved_no_lod,True
C2,69,Chlorpyrifos,0.0,True,,,0.0026,EU MAC,compliant,indeterminate,unresolved_no_lod,True
C2,69,Clarithromycin,1.421729,False,,,0.13,EU MAC,exceeding,exceeding,,False
C2,69,Clothianidin,0.0,True,0.13583585498351416,0.45278618327838055,0.34,EU MAC,compliant,indeterminate,method_insufficient,True
C2,69,Cybutryne,0.0,True,,,0.016,EU MAC,compliant,indeterminate,unresolved_no_lod,True
C2,69,Cypermethrin,0.0,True,,,0.0006000000000000001,EU MAC,compliant,indeterminate,unresolved_no_lod,True
C2,69,Di(2- ethylhexyl)phthalate (DEHP),49.41736831828422,False,,,2.0,EU MAC,exceeding,exceeding,,False
C2,69,Dichlorvos,0.0,True,,,0.0007,EU MAC,compliant,indeterminate,unresolved_no_lod,True
C2,69,Diuron,0.0,True,,,0.27,EU MAC,compliant,indeterminate,unresolved_no_lod,True
C2,69,Erythromycin,0.2307096057096057,False,,,1.0,EU MAC,compliant,compliant,,False
C2,69,Fluoranthene,0.0,True,,,0.12,EU MAC,compliant,indeterminate,unresolved_no_lod,True
C2,69,Hexachlorobenzene,0.0,True,,,8.0,EU MAC,compliant,indeterminate,unresolved_no_lod,True
C2,69,Imidacloprid,8.632231383302303,False,0.6194075722193858,2.0646919073979526,0.057,EU MAC,exceeding,indeterminate,method_insufficient,True
C2,69,Isoproturon,0.0,True,,,1.0,EU MAC,compliant,indeterminate,unresolved_no_lod,True
C2,69,Pentachlorobenzene,0.0,True,,,0.007,EU AA,compliant,indeterminate,unresolved_no_lod,True
C2,69,Quinoxyfen,0.0,True,,,2.7,EU MAC,compliant,indeterminate,unresolved_no_lod,True
C2,69,Terbutryn,0.0,True,,,0.34,EU MAC,compliant,indeterminate,unresolved_no_lod,True
C2,69,Thiacloprid,0.0,True,0.08682554171532375,0.28941847238441254,0.05,EU MAC,compliant,indeterminate,method_insufficient,True
C2,69,Triclosan,0.0,True,,,0.02,EU MAC,compliant,indeterminate,unresolved_no_lod,True
C2,69,Trifluralin,0.0,True,,,0.03,EU AA,compliant,indeterminate,unresolved_no_lod,True
C2,70,17-alpha-Estradiol,0.0,True,,,0.00018,EU AA,compliant,indeterminate,unresolved_no_lod,True
C2,70,17-alpha-Ethinylestradiol,0.0,True,,,1.7e-05,EU AA,compliant,indeterminate,unresolved_no_lod,True
C2,70,17-beta-Estradiol,0.0,True,,,0.00018,EU AA,compliant,indeterminate,unresolved_no_lod,True
C2,70,Acetamiprid,2.856918926110062,False,0.025237601919248082,0.08412533973082695,0.16,EU MAC,exceeding,exceeding,,False
C2,70,Aclonifen,0.0,True,,,0.12,EU MAC,compliant,indeterminate,unresolved_no_lod,True
C2,70,Anthracene,0.0,True,,,0.1,EU MAC,compliant,indeterminate,unresolved_no_lod,True
C2,70,Azithromycin,0.0,True,,,0.18,EU MAC,compliant,indeterminate,unresolved_no_lod,True
C2,70,Bifenox,0.0,True,,,0.04,EU MAC,compliant,indeterminate,unresolved_no_lod,True
C2,70,Bisphenol-A,0.0,True,,,130.0,EU MAC,compliant,indeterminate,unresolved_no_lod,True
C2,70,Chlorpyrifos,0.0,True,,,0.0026,EU MAC,compliant,indeterminate,unresolved_no_lod,True
C2,70,Clarithromycin,0.0,True,,,0.13,EU MAC,compliant,indeterminate,unresolved_no_lod,True
C2,70,Clothianidin,0.0,True,0.13583585498351416,0.45278618327838055,0.34,EU MAC,compliant,indeterminate,method_insufficient,True
C2,70,Cybutryne,0.0,True,,,0.016,EU MAC,compliant,indeterminate,unresolved_no_lod,True
C2,70,Cypermethrin,0.0,True,,,0.0006000000000000001,EU MAC,compliant,indeterminate,unresolved_no_lod,True
C2,70,Di(2- ethylhexyl)phthalate (DEHP),27.910510110298432,False,,,2.0,EU MAC,exceeding,exceeding,,False
C2,70,Dichlorvos,0.0,True,,,0.0007,EU MAC,compliant,indeterminate,unresolved_no_lod,True
C2,70,Diuron,0.0,True,,,0.27,EU MAC,compliant,indeterminate,unresolved_no_lod,True
C2,70,Erythromycin,0.0,True,,,1.0,EU MAC,compliant,indeterminate,unresolved_no_lod,True
C2,70,Fluoranthene,0.0,True,,,0.12,EU MAC,compliant,indeterminate,unresolved_no_lod,True
C2,70,Hexachlorobenzene,0.0,True,,,8.0,EU MAC,compliant,indeterminate,unresolved_no_lod,True
C2,70,Imidacloprid,0.0,True,0.6194075722193858,2.0646919073979526,0.057,EU MAC,compliant,indeterminate,method_insufficient,True
C2,70,Isoproturon,0.0,True,,,1.0,EU MAC,compliant,indeterminate,unresolved_no_lod,True
C2,70,Pentachlorobenzene,0.0,True,,,0.007,EU AA,compliant,indeterminate,unresolved_no_lod,True
C2,70,Quinoxyfen,0.0,True,,,2.7,EU MAC,compliant,indeterminate,unresolved_no_lod,True
C2,70,Terbutryn,0.0,True,,,0.34,EU MAC,compliant,indeterminate,unresolved_no_lod,True
C2,70,Thiacloprid,0.0,True,0.08682554171532375,0.28941847238441254,0.05,EU MAC,compliant,indeterminate,method_insufficient,True
C2,70,Triclosan,0.0,True,,,0.02,EU MAC,compliant,indeterminate,unresolved_no_lod,True
C2,70,Trifluralin,0.0,True,,,0.03,EU AA,compliant,indeterminate,unresolved_no_lod,True
C2,71,17-alpha-Estradiol,0.0,True,,,0.00018,EU AA,compliant,indeterminate,unresolved_no_lod,True
C2,71,17-alpha-Ethinylestradiol,0.0,True,,,1.7e-05,EU AA,compliant,indeterminate,unresolved_no_lod,True
C2,71,17-beta-Estradiol,0.0,True,,,0.00018,EU AA,compliant,indeterminate,unresolved_no_lod,True
C2,71,Acetamiprid,0.1015657174007612,False,0.025237601919248082,0.08412533973082695,0.16,EU MAC,compliant,compliant,,False
C2,71,Aclonifen,0.0,True,,,0.12,EU MAC,compliant,indeterminate,unresolved_no_lod,True
C2,71,Anthracene,0.0,True,,,0.1,EU MAC,compliant,indeterminate,unresolved_no_lod,True
C2,71,Azithromycin,0.0,True,,,0.18,EU MAC,compliant,indeterminate,unresolved_no_lod,True
C2,71,Bifenox,0.0,True,,,0.04,EU MAC,compliant,indeterminate,unresolved_no_lod,True
C2,71,Bisphenol-A,0.0,True,,,130.0,EU MAC,compliant,indeterminate,unresolved_no_lod,True
C2,71,Chlorpyrifos,0.0,True,,,0.0026,EU MAC,compliant,indeterminate,unresolved_no_lod,True
C2,71,Clarithromycin,0.0,True,,,0.13,EU MAC,compliant,indeterminate,unresolved_no_lod,True
C2,71,Clothianidin,0.0,True,0.13583585498351416,0.45278618327838055,0.34,EU MAC,compliant,indeterminate,method_insufficient,True
C2,71,Cybutryne,0.0,True,,,0.016,EU MAC,compliant,indeterminate,unresolved_no_lod,True
C2,71,Cypermethrin,0.0,True,,,0.0006000000000000001,EU MAC,compliant,indeterminate,unresolved_no_lod,True
C2,71,Di(2- ethylhexyl)phthalate (DEHP),14.55060922060619,False,,,2.0,EU MAC,exceeding,exceeding,,False
C2,71,Dichlorvos,0.0,True,,,0.0007,EU MAC,compliant,indeterminate,unresolved_no_lod,True
C2,71,Diuron,0.182044,False,,,0.27,EU MAC,compliant,compliant,,False
C2,71,Erythromycin,0.0,True,,,1.0,EU MAC,compliant,indeterminate,unresolved_no_lod,True
C2,71,Fluoranthene,0.0,True,,,0.12,EU MAC,compliant,indeterminate,unresolved_no_lod,True
C2,71,Hexachlorobenzene,0.0,True,,,8.0,EU MAC,compliant,indeterminate,unresolved_no_lod,True
C2,71,Imidacloprid,0.0,True,0.6194075722193858,2.0646919073979526,0.057,EU MAC,compliant,indeterminate,method_insufficient,True
C2,71,Isoproturon,0.0,True,,,1.0,EU MAC,compliant,indeterminate,unresolved_no_lod,True
C2,71,Pentachlorobenzene,0.0,True,,,0.007,EU AA,compliant,indeterminate,unresolved_no_lod,True
C2,71,Quinoxyfen,0.0,True,,,2.7,EU MAC,compliant,indeterminate,unresolved_no_lod,True
C2,71,Terbutryn,0.0,True,,,0.34,EU MAC,compliant,indeterminate,unresolved_no_lod,True
C2,71,Thiacloprid,0.34688534179161823,False,0.08682554171532375,0.28941847238441254,0.05,EU MAC,exceeding,indeterminate,method_insufficient,True
C2,71,Triclosan,0.0,True,,,0.02,EU MAC,compliant,indeterminate,unresolved_no_lod,True
C2,71,Trifluralin,0.0,True,,,0.03,EU AA,compliant,indeterminate,unresolved_no_lod,True
C2,72,17-alpha-Estradiol,0.0,True,,,0.00018,EU AA,compliant,indeterminate,unresolved_no_lod,True
C2,72,17-alpha-Ethinylestradiol,0.0,True,,,1.7e-05,EU AA,compliant,indeterminate,unresolved_no_lod,True
C2,72,17-beta-Estradiol,0.0,True,,,0.00018,EU AA,compliant,indeterminate,unresolved_no_lod,True
C2,72,Acetamiprid,0.12596722990146586,False,0.025237601919248082,0.08412533973082695,0.16,EU MAC,compliant,compliant,,False
C2,72,Aclonifen,0.0,True,,,0.12,EU MAC,compliant,indeterminate,unresolved_no_lod,True
C2,72,Anthracene,0.0,True,,,0.1,EU MAC,compliant,indeterminate,unresolved_no_lod,True
C2,72,Azithromycin,0.0,True,,,0.18,EU MAC,compliant,indeterminate,unresolved_no_lod,True
C2,72,Bifenox,0.0,True,,,0.04,EU MAC,compliant,indeterminate,unresolved_no_lod,True
C2,72,Bisphenol-A,0.0,True,,,130.0,EU MAC,compliant,indeterminate,unresolved_no_lod,True
C2,72,Chlorpyrifos,0.0,True,,,0.0026,EU MAC,compliant,indeterminate,unresolved_no_lod,True
C2,72,Clarithromycin,0.13433,False,,,0.13,EU MAC,exceeding,exceeding,,False
C2,72,Clothianidin,0.0,True,0.13583585498351416,0.45278618327838055,0.34,EU MAC,compliant,indeterminate,method_insufficient,True
C2,72,Cybutryne,0.0,True,,,0.016,EU MAC,compliant,indeterminate,unresolved_no_lod,True
C2,72,Cypermethrin,0.0,True,,,0.0006000000000000001,EU MAC,compliant,indeterminate,unresolved_no_lod,True
C2,72,Di(2- ethylhexyl)phthalate (DEHP),44.018857982337956,False,,,2.0,EU MAC,exceeding,exceeding,,False
C2,72,Dichlorvos,0.0,True,,,0.0007,EU MAC,compliant,indeterminate,unresolved_no_lod,True
C2,72,Diuron,0.470002,False,,,0.27,EU MAC,exceeding,exceeding,,False
C2,72,Erythromycin,0.0,True,,,1.0,EU MAC,compliant,indeterminate,unresolved_no_lod,True
C2,72,Fluoranthene,0.0,True,,,0.12,EU MAC,compliant,indeterminate,unresolved_no_lod,True
C2,72,Hexachlorobenzene,0.0,True,,,8.0,EU MAC,compliant,indeterminate,unresolved_no_lod,True
C2,72,Imidacloprid,0.0,True,0.6194075722193858,2.0646919073979526,0.057,EU MAC,compliant,indeterminate,method_insufficient,True
C2,72,Isoproturon,0.0,True,,,1.0,EU MAC,compliant,indeterminate,unresolved_no_lod,True
C2,72,Pentachlorobenzene,0.0,True,,,0.007,EU AA,compliant,indeterminate,unresolved_no_lod,True
C2,72,Quinoxyfen,0.0,True,,,2.7,EU MAC,compliant,indeterminate,unresolved_no_lod,True
C2,72,Terbutryn,0.007660366457199839,False,,,0.34,EU MAC,compliant,compliant,,False
C2,72,Thiacloprid,0.0,True,0.08682554171532375,0.28941847238441254,0.05,EU MAC,compliant,indeterminate,method_insufficient,True
C2,72,Triclosan,0.0,True,,,0.02,EU MAC,compliant,indeterminate,unresolved_no_lod,True
C2,72,Trifluralin,0.0,True,,,0.03,EU AA,compliant,indeterminate,unresolved_no_lod,True
C2,73,17-alpha-Estradiol,0.0,True,,,0.00018,EU AA,compliant,indeterminate,unresolved_no_lod,True
C2,73,17-alpha-Ethinylestradiol,0.0,True,,,1.7e-05,EU AA,compliant,indeterminate,unresolved_no_lod,True
C2,73,17-beta-Estradiol,0.0,True,,,0.00018,EU AA,compliant,indeterminate,unresolved_no_lod,True
C2,73,Acetamiprid,0.0,True,0.025237601919248082,0.08412533973082695,0.16,EU MAC,compliant,compliant,,False
C2,73,Aclonifen,0.0,True,,,0.12,EU MAC,compliant,indeterminate,unresolved_no_lod,True
C2,73,Anthracene,0.0,True,,,0.1,EU MAC,compliant,indeterminate,unresolved_no_lod,True
C2,73,Azithromycin,0.0,True,,,0.18,EU MAC,compliant,indeterminate,unresolved_no_lod,True
C2,73,Bifenox,0.0,True,,,0.04,EU MAC,compliant,indeterminate,unresolved_no_lod,True
C2,73,Bisphenol-A,0.0,True,,,130.0,EU MAC,compliant,indeterminate,unresolved_no_lod,True
C2,73,Chlorpyrifos,0.0,True,,,0.0026,EU MAC,compliant,indeterminate,unresolved_no_lod,True
C2,73,Clarithromycin,0.0,True,,,0.13,EU MAC,compliant,indeterminate,unresolved_no_lod,True
C2,73,Clothianidin,0.0,True,0.13583585498351416,0.45278618327838055,0.34,EU MAC,compliant,indeterminate,method_insufficient,True
C2,73,Cybutryne,0.0,True,,,0.016,EU MAC,compliant,indeterminate,unresolved_no_lod,True
C2,73,Cypermethrin,0.0,True,,,0.0006000000000000001,EU MAC,compliant,indeterminate,unresolved_no_lod,True
C2,73,Di(2- ethylhexyl)phthalate (DEHP),28.270671592471817,False,,,2.0,EU MAC,exceeding,exceeding,,False
C2,73,Dichlorvos,0.0,True,,,0.0007,EU MAC,compliant,indeterminate,unresolved_no_lod,True
C2,73,Diuron,0.0,True,,,0.27,EU MAC,compliant,indeterminate,unresolved_no_lod,True
C2,73,Erythromycin,0.0,True,,,1.0,EU MAC,compliant,indeterminate,unresolved_no_lod,True
C2,73,Fluoranthene,0.0,True,,,0.12,EU MAC,compliant,indeterminate,unresolved_no_lod,True
C2,73,Hexachlorobenzene,0.0,True,,,8.0,EU MAC,compliant,indeterminate,unresolved_no_lod,True
C2,73,Imidacloprid,0.0,True,0.6194075722193858,2.0646919073979526,0.057,EU MAC,compliant,indeterminate,method_insufficient,True
C2,73,Isoproturon,0.0,True,,,1.0,EU MAC,compliant,indeterminate,unresolved_no_lod,True
C2,73,Pentachlorobenzene,0.0,True,,,0.007,EU AA,compliant,indeterminate,unresolved_no_lod,True
C2,73,Quinoxyfen,0.0,True,,,2.7,EU MAC,compliant,indeterminate,unresolved_no_lod,True
C2,73,Terbutryn,0.0,True,,,0.34,EU MAC,compliant,indeterminate,unresolved_no_lod,True
C2,73,Thiacloprid,0.0,True,0.08682554171532375,0.28941847238441254,0.05,EU MAC,compliant,indeterminate,method_insufficient,True
C2,73,Triclosan,0.0,True,,,0.02,EU MAC,compliant,indeterminate,unresolved_no_lod,True
C2,73,Trifluralin,0.0,True,,,0.03,EU AA,compliant,indeterminate,unresolved_no_lod,True
C2,74,17-alpha-Estradiol,0.0,True,,,0.00018,EU AA,compliant,indeterminate,unresolved_no_lod,True
C2,74,17-alpha-Ethinylestradiol,0.0,True,,,1.7e-05,EU AA,compliant,indeterminate,unresolved_no_lod,True
C2,74,17-beta-Estradiol,0.0,True,,,0.00018,EU AA,compliant,indeterminate,unresolved_no_lod,True
C2,74,Acetamiprid,0.0,True,0.025237601919248082,0.08412533973082695,0.16,EU MAC,compliant,compliant,,False
C2,74,Aclonifen,0.0,True,,,0.12,EU MAC,compliant,indeterminate,unresolved_no_lod,True
C2,74,Anthracene,0.0,True,,,0.1,EU MAC,compliant,indeterminate,unresolved_no_lod,True
C2,74,Azithromycin,0.0,True,,,0.18,EU MAC,compliant,indeterminate,unresolved_no_lod,True
C2,74,Bifenox,0.0,True,,,0.04,EU MAC,compliant,indeterminate,unresolved_no_lod,True
C2,74,Bisphenol-A,0.0,True,,,130.0,EU MAC,compliant,indeterminate,unresolved_no_lod,True
C2,74,Chlorpyrifos,0.0,True,,,0.0026,EU MAC,compliant,indeterminate,unresolved_no_lod,True
C2,74,Clarithromycin,0.902125,False,,,0.13,EU MAC,exceeding,exceeding,,False
C2,74,Clothianidin,0.0,True,0.13583585498351416,0.45278618327838055,0.34,EU MAC,compliant,indeterminate,method_insufficient,True
C2,74,Cybutryne,0.0,True,,,0.016,EU MAC,compliant,indeterminate,unresolved_no_lod,True
C2,74,Cypermethrin,0.0,True,,,0.0006000000000000001,EU MAC,compliant,indeterminate,unresolved_no_lod,True
C2,74,Di(2- ethylhexyl)phthalate (DEHP),36.342388808378075,False,,,2.0,EU MAC,exceeding,exceeding,,False
C2,74,Dichlorvos,0.0,True,,,0.0007,EU MAC,compliant,indeterminate,unresolved_no_lod,True
C2,74,Diuron,0.0,True,,,0.27,EU MAC,compliant,indeterminate,unresolved_no_lod,True
C2,74,Erythromycin,0.0,True,,,1.0,EU MAC,compliant,indeterminate,unresolved_no_lod,True
C2,74,Fluoranthene,0.0,True,,,0.12,EU MAC,compliant,indeterminate,unresolved_no_lod,True
C2,74,Hexachlorobenzene,0.0,True,,,8.0,EU MAC,compliant,indeterminate,unresolved_no_lod,True
C2,74,Imidacloprid,0.0,True,0.6194075722193858,2.0646919073979526,0.057,EU MAC,compliant,indeterminate,method_insufficient,True
C2,74,Isoproturon,0.0,True,,,1.0,EU MAC,compliant,indeterminate,unresolved_no_lod,True
C2,74,Pentachlorobenzene,0.0,True,,,0.007,EU AA,compliant,indeterminate,unresolved_no_lod,True
C2,74,Quinoxyfen,0.0,True,,,2.7,EU MAC,compliant,indeterminate,unresolved_no_lod,True
C2,74,Terbutryn,0.0,True,,,0.34,EU MAC,compliant,indeterminate,unresolved_no_lod,True
C2,74,Thiacloprid,0.0,True,0.08682554171532375,0.28941847238441254,0.05,EU MAC,compliant,indeterminate,method_insufficient,True
C2,74,Triclosan,0.0,True,,,0.02,EU MAC,compliant,indeterminate,unresolved_no_lod,True
C2,74,Trifluralin,0.0,True,,,0.03,EU AA,compliant,indeterminate,unresolved_no_lod,True
C2,75,17-alpha-Estradiol,0.0,True,,,0.00018,EU AA,compliant,indeterminate,unresolved_no_lod,True
C2,75,17-alpha-Ethinylestradiol,0.0,True,,,1.7e-05,EU AA,compliant,indeterminate,unresolved_no_lod,True
C2,75,17-beta-Estradiol,0.0,True,,,0.00018,EU AA,compliant,indeterminate,unresolved_no_lod,True
C2,75,Acetamiprid,0.0,True,0.025237601919248082,0.08412533973082695,0.16,EU MAC,compliant,compliant,,False
C2,75,Aclonifen,0.0,True,,,0.12,EU MAC,compliant,indeterminate,unresolved_no_lod,True
C2,75,Anthracene,0.0,True,,,0.1,EU MAC,compliant,indeterminate,unresolved_no_lod,True
C2,75,Azithromycin,0.0,True,,,0.18,EU MAC,compliant,indeterminate,unresolved_no_lod,True
C2,75,Bifenox,0.0,True,,,0.04,EU MAC,compliant,indeterminate,unresolved_no_lod,True
C2,75,Bisphenol-A,0.0,True,,,130.0,EU MAC,compliant,indeterminate,unresolved_no_lod,True
C2,75,Chlorpyrifos,0.0,True,,,0.0026,EU MAC,compliant,indeterminate,unresolved_no_lod,True
C2,75,Clarithromycin,0.0,True,,,0.13,EU MAC,compliant,indeterminate,unresolved_no_lod,True
C2,75,Clothianidin,0.0,True,0.13583585498351416,0.45278618327838055,0.34,EU MAC,compliant,indeterminate,method_insufficient,True
C2,75,Cybutryne,0.0,True,,,0.016,EU MAC,compliant,indeterminate,unresolved_no_lod,True
C2,75,Cypermethrin,0.0,True,,,0.0006000000000000001,EU MAC,compliant,indeterminate,unresolved_no_lod,True
C2,75,Di(2- ethylhexyl)phthalate (DEHP),0.0,True,,,2.0,EU MAC,compliant,indeterminate,unresolved_no_lod,True
C2,75,Dichlorvos,0.0,True,,,0.0007,EU MAC,compliant,indeterminate,unresolved_no_lod,True
C2,75,Diuron,0.0,True,,,0.27,EU MAC,compliant,indeterminate,unresolved_no_lod,True
C2,75,Erythromycin,0.0,True,,,1.0,EU MAC,compliant,indeterminate,unresolved_no_lod,True
C2,75,Fluoranthene,0.0,True,,,0.12,EU MAC,compliant,indeterminate,unresolved_no_lod,True
C2,75,Hexachlorobenzene,0.0,True,,,8.0,EU MAC,compliant,indeterminate,unresolved_no_lod,True
C2,75,Imidacloprid,0.0,True,0.6194075722193858,2.0646919073979526,0.057,EU MAC,compliant,indeterminate,method_insufficient,True
C2,75,Isoproturon,0.0,True,,,1.0,EU MAC,compliant,indeterminate,unresolved_no_lod,True
C2,75,Pentachlorobenzene,0.0,True,,,0.007,EU AA,compliant,indeterminate,unresolved_no_lod,True
C2,75,Quinoxyfen,0.0,True,,,2.7,EU MAC,compliant,indeterminate,unresolved_no_lod,True
C2,75,Terbutryn,0.0,True,,,0.34,EU MAC,compliant,indeterminate,unresolved_no_lod,True
C2,75,Thiacloprid,0.0,True,0.08682554171532375,0.28941847238441254,0.05,EU MAC,compliant,indeterminate,method_insufficient,True
C2,75,Triclosan,0.0,True,,,0.02,EU MAC,compliant,indeterminate,unresolved_no_lod,True
C2,75,Trifluralin,0.0,True,,,0.03,EU AA,compliant,indeterminate,unresolved_no_lod,True
C3,1,17-alpha-Estradiol,0.0,True,,,0.00018,EU AA,compliant,indeterminate,unresolved_no_lod,True
C3,1,17-alpha-Ethinylestradiol,0.0,True,,,1.7e-05,EU AA,compliant,indeterminate,unresolved_no_lod,True
C3,1,17-beta-Estradiol,0.0,True,,,0.00018,EU AA,compliant,indeterminate,unresolved_no_lod,True
C3,1,Acetamiprid,0.0,True,0.025237601919248082,0.08412533973082695,0.16,EU MAC,compliant,compliant,,False
C3,1,Aclonifen,0.0,True,,,0.12,EU MAC,compliant,indeterminate,unresolved_no_lod,True
C3,1,Anthracene,824.6289169873556,False,,,0.1,EU MAC,exceeding,exceeding,,False
C3,1,Azithromycin,0.0,True,,,0.18,EU MAC,compliant,indeterminate,unresolved_no_lod,True
C3,1,Bifenox,0.0,True,,,0.04,EU MAC,compliant,indeterminate,unresolved_no_lod,True
C3,1,Bisphenol-A,0.0,True,,,130.0,EU MAC,compliant,indeterminate,unresolved_no_lod,True
C3,1,Chlorpyrifos,0.0,True,,,0.0026,EU MAC,compliant,indeterminate,unresolved_no_lod,True
C3,1,Clarithromycin,0.0,True,,,0.13,EU MAC,compliant,indeterminate,unresolved_no_lod,True
C3,1,Clothianidin,0.0,True,0.13583585498351416,0.45278618327838055,0.34,EU MAC,compliant,indeterminate,method_insufficient,True
C3,1,Cybutryne,0.0,True,,,0.016,EU MAC,compliant,indeterminate,unresolved_no_lod,True
C3,1,Cypermethrin,0.0,True,,,0.0006000000000000001,EU MAC,compliant,indeterminate,unresolved_no_lod,True
C3,1,Di(2- ethylhexyl)phthalate (DEHP),55.022164570594846,False,,,2.0,EU MAC,exceeding,exceeding,,False
C3,1,Dichlorvos,0.0,True,,,0.0007,EU MAC,compliant,indeterminate,unresolved_no_lod,True
C3,1,Diuron,0.0,True,,,0.27,EU MAC,compliant,indeterminate,unresolved_no_lod,True
C3,1,Erythromycin,0.0,True,,,1.0,EU MAC,compliant,indeterminate,unresolved_no_lod,True
C3,1,Fluoranthene,0.0,True,,,0.12,EU MAC,compliant,indeterminate,unresolved_no_lod,True
C3,1,Hexachlorobenzene,0.0,True,,,8.0,EU MAC,compliant,indeterminate,unresolved_no_lod,True
C3,1,Imidacloprid,0.0,True,0.6194075722193858,2.0646919073979526,0.057,EU MAC,compliant,indeterminate,method_insufficient,True
C3,1,Isoproturon,0.0,True,,,1.0,EU MAC,compliant,indeterminate,unresolved_no_lod,True
C3,1,Pentachlorobenzene,0.0,True,,,0.007,EU AA,compliant,indeterminate,unresolved_no_lod,True
C3,1,Quinoxyfen,0.0,True,,,2.7,EU MAC,compliant,indeterminate,unresolved_no_lod,True
C3,1,Terbutryn,0.0,True,,,0.34,EU MAC,compliant,indeterminate,unresolved_no_lod,True
C3,1,Thiacloprid,0.0,True,0.08682554171532375,0.28941847238441254,0.05,EU MAC,compliant,indeterminate,method_insufficient,True
C3,1,Triclosan,0.0,True,,,0.02,EU MAC,compliant,indeterminate,unresolved_no_lod,True
C3,1,Trifluralin,0.0,True,,,0.03,EU AA,compliant,indeterminate,unresolved_no_lod,True
C3,2,17-alpha-Estradiol,0.0,True,,,0.00018,EU AA,compliant,indeterminate,unresolved_no_lod,True
C3,2,17-alpha-Ethinylestradiol,0.0,True,,,1.7e-05,EU AA,compliant,indeterminate,unresolved_no_lod,True
C3,2,17-beta-Estradiol,0.0,True,,,0.00018,EU AA,compliant,indeterminate,unresolved_no_lod,True
C3,2,Acetamiprid,0.0,True,0.025237601919248082,0.08412533973082695,0.16,EU MAC,compliant,compliant,,False
C3,2,Aclonifen,0.0,True,,,0.12,EU MAC,compliant,indeterminate,unresolved_no_lod,True
C3,2,Anthracene,253.44474572519505,False,,,0.1,EU MAC,exceeding,exceeding,,False
C3,2,Azithromycin,0.0,True,,,0.18,EU MAC,compliant,indeterminate,unresolved_no_lod,True
C3,2,Bifenox,0.0,True,,,0.04,EU MAC,compliant,indeterminate,unresolved_no_lod,True
C3,2,Bisphenol-A,0.0,True,,,130.0,EU MAC,compliant,indeterminate,unresolved_no_lod,True
C3,2,Chlorpyrifos,0.0,True,,,0.0026,EU MAC,compliant,indeterminate,unresolved_no_lod,True
C3,2,Clarithromycin,0.0,True,,,0.13,EU MAC,compliant,indeterminate,unresolved_no_lod,True
C3,2,Clothianidin,0.0,True,0.13583585498351416,0.45278618327838055,0.34,EU MAC,compliant,indeterminate,method_insufficient,True
C3,2,Cybutryne,0.0,True,,,0.016,EU MAC,compliant,indeterminate,unresolved_no_lod,True
C3,2,Cypermethrin,0.0,True,,,0.0006000000000000001,EU MAC,compliant,indeterminate,unresolved_no_lod,True
C3,2,Di(2- ethylhexyl)phthalate (DEHP),33.55259218823472,False,,,2.0,EU MAC,exceeding,exceeding,,False
C3,2,Dichlorvos,0.0,True,,,0.0007,EU MAC,compliant,indeterminate,unresolved_no_lod,True
C3,2,Diuron,0.0,True,,,0.27,EU MAC,compliant,indeterminate,unresolved_no_lod,True
C3,2,Erythromycin,0.0,True,,,1.0,EU MAC,compliant,indeterminate,unresolved_no_lod,True
C3,2,Fluoranthene,0.0,True,,,0.12,EU MAC,compliant,indeterminate,unresolved_no_lod,True
C3,2,Hexachlorobenzene,0.0,True,,,8.0,EU MAC,compliant,indeterminate,unresolved_no_lod,True
C3,2,Imidacloprid,0.0,True,0.6194075722193858,2.0646919073979526,0.057,EU MAC,compliant,indeterminate,method_insufficient,True
C3,2,Isoproturon,0.0,True,,,1.0,EU MAC,compliant,indeterminate,unresolved_no_lod,True
C3,2,Pentachlorobenzene,0.0,True,,,0.007,EU AA,compliant,indeterminate,unresolved_no_lod,True
C3,2,Quinoxyfen,0.0,True,,,2.7,EU MAC,compliant,indeterminate,unresolved_no_lod,True
C3,2,Terbutryn,0.0,True,,,0.34,EU MAC,compliant,indeterminate,unresolved_no_lod,True
C3,2,Thiacloprid,0.0,True,0.08682554171532375,0.28941847238441254,0.05,EU MAC,compliant,indeterminate,method_insufficient,True
C3,2,Triclosan,0.0,True,,,0.02,EU MAC,compliant,indeterminate,unresolved_no_lod,True
C3,2,Trifluralin,0.0,True,,,0.03,EU AA,compliant,indeterminate,unresolved_no_lod,True
C3,3,17-alpha-Estradiol,0.0,True,,,0.00018,EU AA,compliant,indeterminate,unresolved_no_lod,True
C3,3,17-alpha-Ethinylestradiol,0.0,True,,,1.7e-05,EU AA,compliant,indeterminate,unresolved_no_lod,True
C3,3,17-beta-Estradiol,0.0,True,,,0.00018,EU AA,compliant,indeterminate,unresolved_no_lod,True
C3,3,Acetamiprid,0.0,True,0.025237601919248082,0.08412533973082695,0.16,EU MAC,compliant,compliant,,False
C3,3,Aclonifen,0.06006249932676414,False,,,0.12,EU MAC,compliant,compliant,,False
C3,3,Anthracene,0.0,True,,,0.1,EU MAC,compliant,indeterminate,unresolved_no_lod,True
C3,3,Azithromycin,0.0,True,,,0.18,EU MAC,compliant,indeterminate,unresolved_no_lod,True
C3,3,Bifenox,0.0,True,,,0.04,EU MAC,compliant,indeterminate,unresolved_no_lod,True
C3,3,Bisphenol-A,0.0,True,,,130.0,EU MAC,compliant,indeterminate,unresolved_no_lod,True
C3,3,Chlorpyrifos,0.0,True,,,0.0026,EU MAC,compliant,indeterminate,unresolved_no_lod,True
C3,3,Clarithromycin,0.0,True,,,0.13,EU MAC,compliant,indeterminate,unresolved_no_lod,True
C3,3,Clothianidin,0.0,True,0.13583585498351416,0.45278618327838055,0.34,EU MAC,compliant,indeterminate,method_insufficient,True
C3,3,Cybutryne,0.0,True,,,0.016,EU MAC,compliant,indeterminate,unresolved_no_lod,True
C3,3,Cypermethrin,0.0,True,,,0.0006000000000000001,EU MAC,compliant,indeterminate,unresolved_no_lod,True
C3,3,Di(2- ethylhexyl)phthalate (DEHP),27.405567375315044,False,,,2.0,EU MAC,exceeding,exceeding,,False
C3,3,Dichlorvos,0.0,True,,,0.0007,EU MAC,compliant,indeterminate,unresolved_no_lod,True
C3,3,Diuron,0.0,True,,,0.27,EU MAC,compliant,indeterminate,unresolved_no_lod,True
C3,3,Erythromycin,0.0,True,,,1.0,EU MAC,compliant,indeterminate,unresolved_no_lod,True
C3,3,Fluoranthene,0.0,True,,,0.12,EU MAC,compliant,indeterminate,unresolved_no_lod,True
C3,3,Hexachlorobenzene,0.0,True,,,8.0,EU MAC,compliant,indeterminate,unresolved_no_lod,True
C3,3,Imidacloprid,0.0,True,0.6194075722193858,2.0646919073979526,0.057,EU MAC,compliant,indeterminate,method_insufficient,True
C3,3,Isoproturon,0.0,True,,,1.0,EU MAC,compliant,indeterminate,unresolved_no_lod,True
C3,3,Pentachlorobenzene,0.0,True,,,0.007,EU AA,compliant,indeterminate,unresolved_no_lod,True
C3,3,Quinoxyfen,0.0,True,,,2.7,EU MAC,compliant,indeterminate,unresolved_no_lod,True
C3,3,Terbutryn,0.0,True,,,0.34,EU MAC,compliant,indeterminate,unresolved_no_lod,True
C3,3,Thiacloprid,0.0,True,0.08682554171532375,0.28941847238441254,0.05,EU MAC,compliant,indeterminate,method_insufficient,True
C3,3,Triclosan,0.0,True,,,0.02,EU MAC,compliant,indeterminate,unresolved_no_lod,True
C3,3,Trifluralin,0.0,True,,,0.03,EU AA,compliant,indeterminate,unresolved_no_lod,True
C3,4,17-alpha-Estradiol,0.0,True,,,0.00018,EU AA,compliant,indeterminate,unresolved_no_lod,True
C3,4,17-alpha-Ethinylestradiol,0.0,True,,,1.7e-05,EU AA,compliant,indeterminate,unresolved_no_lod,True
C3,4,17-beta-Estradiol,0.0,True,,,0.00018,EU AA,compliant,indeterminate,unresolved_no_lod,True
C3,4,Acetamiprid,0.0,True,0.025237601919248082,0.08412533973082695,0.16,EU MAC,compliant,compliant,,False
C3,4,Aclonifen,0.0,True,,,0.12,EU MAC,compliant,indeterminate,unresolved_no_lod,True
C3,4,Anthracene,164.6721809185965,False,,,0.1,EU MAC,exceeding,exceeding,,False
C3,4,Azithromycin,0.0,True,,,0.18,EU MAC,compliant,indeterminate,unresolved_no_lod,True
C3,4,Bifenox,0.0,True,,,0.04,EU MAC,compliant,indeterminate,unresolved_no_lod,True
C3,4,Bisphenol-A,0.0,True,,,130.0,EU MAC,compliant,indeterminate,unresolved_no_lod,True
C3,4,Chlorpyrifos,0.13854242001900685,False,,,0.0026,EU MAC,exceeding,exceeding,,False
C3,4,Clarithromycin,0.0,True,,,0.13,EU MAC,compliant,indeterminate,unresolved_no_lod,True
C3,4,Clothianidin,0.0,True,0.13583585498351416,0.45278618327838055,0.34,EU MAC,compliant,indeterminate,method_insufficient,True
C3,4,Cybutryne,0.0,True,,,0.016,EU MAC,compliant,indeterminate,unresolved_no_lod,True
C3,4,Cypermethrin,0.0,True,,,0.0006000000000000001,EU MAC,compliant,indeterminate,unresolved_no_lod,True
C3,4,Di(2- ethylhexyl)phthalate (DEHP),56.43979781794082,False,,,2.0,EU MAC,exceeding,exceeding,,False
C3,4,Dichlorvos,0.0,True,,,0.0007,EU MAC,compliant,indeterminate,unresolved_no_lod,True
C3,4,Diuron,0.07703510961685965,False,,,0.27,EU MAC,compliant,compliant,,False
C3,4,Erythromycin,0.0,True,,,1.0,EU MAC,compliant,indeterminate,unresolved_no_lod,True
C3,4,Fluoranthene,0.0,True,,,0.12,EU MAC,compliant,indeterminate,unresolved_no_lod,True
C3,4,Hexachlorobenzene,0.0,True,,,8.0,EU MAC,compliant,indeterminate,unresolved_no_lod,True
C3,4,Imidacloprid,0.0,True,0.6194075722193858,2.0646919073979526,0.057,EU MAC,compliant,indeterminate,method_insufficient,True
C3,4,Isoproturon,0.0,True,,,1.0,EU MAC,compliant,indeterminate,unresolved_no_lod,True
C3,4,Pentachlorobenzene,0.0,True,,,0.007,EU AA,compliant,indeterminate,unresolved_no_lod,True
C3,4,Quinoxyfen,0.0,True,,,2.7,EU MAC,compliant,indeterminate,unresolved_no_lod,True
C3,4,Terbutryn,0.0,True,,,0.34,EU MAC,compliant,indeterminate,unresolved_no_lod,True
C3,4,Thiacloprid,0.0,True,0.08682554171532375,0.28941847238441254,0.05,EU MAC,compliant,indeterminate,method_insufficient,True
C3,4,Triclosan,0.0,True,,,0.02,EU MAC,compliant,indeterminate,unresolved_no_lod,True
C3,4,Trifluralin,0.0,True,,,0.03,EU AA,compliant,indeterminate,unresolved_no_lod,True
C3,5,17-alpha-Estradiol,0.0,True,,,0.00018,EU AA,compliant,indeterminate,unresolved_no_lod,True
C3,5,17-alpha-Ethinylestradiol,0.0,True,,,1.7e-05,EU AA,compliant,indeterminate,unresolved_no_lod,True
C3,5,17-beta-Estradiol,0.0,True,,,0.00018,EU AA,compliant,indeterminate,unresolved_no_lod,True
C3,5,Acetamiprid,0.0,True,0.025237601919248082,0.08412533973082695,0.16,EU MAC,compliant,compliant,,False
C3,5,Aclonifen,0.0,True,,,0.12,EU MAC,compliant,indeterminate,unresolved_no_lod,True
C3,5,Anthracene,97.54835024587895,False,,,0.1,EU MAC,exceeding,exceeding,,False
C3,5,Azithromycin,0.0,True,,,0.18,EU MAC,compliant,indeterminate,unresolved_no_lod,True
C3,5,Bifenox,0.0,True,,,0.04,EU MAC,compliant,indeterminate,unresolved_no_lod,True
C3,5,Bisphenol-A,0.0,True,,,130.0,EU MAC,compliant,indeterminate,unresolved_no_lod,True
C3,5,Chlorpyrifos,0.0,True,,,0.0026,EU MAC,compliant,indeterminate,unresolved_no_lod,True
C3,5,Clarithromycin,0.0,True,,,0.13,EU MAC,compliant,indeterminate,unresolved_no_lod,True
C3,5,Clothianidin,0.0,True,0.13583585498351416,0.45278618327838055,0.34,EU MAC,compliant,indeterminate,method_insufficient,True
C3,5,Cybutryne,0.0,True,,,0.016,EU MAC,compliant,indeterminate,unresolved_no_lod,True
C3,5,Cypermethrin,0.0,True,,,0.0006000000000000001,EU MAC,compliant,indeterminate,unresolved_no_lod,True
C3,5,Di(2- ethylhexyl)phthalate (DEHP),60.68557821155649,False,,,2.0,EU MAC,exceeding,exceeding,,False
C3,5,Dichlorvos,0.0,True,,,0.0007,EU MAC,compliant,indeterminate,unresolved_no_lod,True
C3,5,Diuron,0.0,True,,,0.27,EU MAC,compliant,indeterminate,unresolved_no_lod,True
C3,5,Erythromycin,0.0,True,,,1.0,EU MAC,compliant,indeterminate,unresolved_no_lod,True
C3,5,Fluoranthene,0.0,True,,,0.12,EU MAC,compliant,indeterminate,unresolved_no_lod,True
C3,5,Hexachlorobenzene,0.0,True,,,8.0,EU MAC,compliant,indeterminate,unresolved_no_lod,True
C3,5,Imidacloprid,0.0,True,0.6194075722193858,2.0646919073979526,0.057,EU MAC,compliant,indeterminate,method_insufficient,True
C3,5,Isoproturon,0.0,True,,,1.0,EU MAC,compliant,indeterminate,unresolved_no_lod,True
C3,5,Pentachlorobenzene,0.0,True,,,0.007,EU AA,compliant,indeterminate,unresolved_no_lod,True
C3,5,Quinoxyfen,0.0,True,,,2.7,EU MAC,compliant,indeterminate,unresolved_no_lod,True
C3,5,Terbutryn,0.0,True,,,0.34,EU MAC,compliant,indeterminate,unresolved_no_lod,True
C3,5,Thiacloprid,0.0,True,0.08682554171532375,0.28941847238441254,0.05,EU MAC,compliant,indeterminate,method_insufficient,True
C3,5,Triclosan,0.0,True,,,0.02,EU MAC,compliant,indeterminate,unresolved_no_lod,True
C3,5,Trifluralin,0.0,True,,,0.03,EU AA,compliant,indeterminate,unresolved_no_lod,True
C3,6,17-alpha-Estradiol,0.0,True,,,0.00018,EU AA,compliant,indeterminate,unresolved_no_lod,True
C3,6,17-alpha-Ethinylestradiol,0.0,True,,,1.7e-05,EU AA,compliant,indeterminate,unresolved_no_lod,True
C3,6,17-beta-Estradiol,0.0,True,,,0.00018,EU AA,compliant,indeterminate,unresolved_no_lod,True
C3,6,Acetamiprid,0.0,True,0.025237601919248082,0.08412533973082695,0.16,EU MAC,compliant,compliant,,False
C3,6,Aclonifen,0.0,True,,,0.12,EU MAC,compliant,indeterminate,unresolved_no_lod,True
C3,6,Anthracene,141.02236736595484,False,,,0.1,EU MAC,exceeding,exceeding,,False
C3,6,Azithromycin,0.0,True,,,0.18,EU MAC,compliant,indeterminate,unresolved_no_lod,True
C3,6,Bifenox,0.0,True,,,0.04,EU MAC,compliant,indeterminate,unresolved_no_lod,True
C3,6,Bisphenol-A,0.0,True,,,130.0,EU MAC,compliant,indeterminate,unresolved_no_lod,True
C3,6,Chlorpyrifos,0.0,True,,,0.0026,EU MAC,compliant,indeterminate,unresolved_no_lod,True
C3,6,Clarithromycin,0.0,True,,,0.13,EU MAC,compliant,indeterminate,unresolved_no_lod,True
C3,6,Clothianidin,0.0,True,0.13583585498351416,0.45278618327838055,0.34,EU MAC,compliant,indeterminate,method_insufficient,True
C3,6,Cybutryne,0.0,True,,,0.016,EU MAC,compliant,indeterminate,unresolved_no_lod,True
C3,6,Cypermethrin,0.0,True,,,0.0006000000000000001,EU MAC,compliant,indeterminate,unresolved_no_lod,True
C3,6,Di(2- ethylhexyl)phthalate (DEHP),0.0,True,,,2.0,EU MAC,compliant,indeterminate,unresolved_no_lod,True
C3,6,Dichlorvos,0.0,True,,,0.0007,EU MAC,compliant,indeterminate,unresolved_no_lod,True
C3,6,Diuron,0.39248550368635554,False,,,0.27,EU MAC,exceeding,exceeding,,False
C3,6,Erythromycin,0.0,True,,,1.0,EU MAC,compliant,indeterminate,unresolved_no_lod,True
C3,6,Fluoranthene,0.0,True,,,0.12,EU MAC,compliant,indeterminate,unresolved_no_lod,True
C3,6,Hexachlorobenzene,0.0,True,,,8.0,EU MAC,compliant,indeterminate,unresolved_no_lod,True
C3,6,Imidacloprid,0.0,True,0.6194075722193858,2.0646919073979526,0.057,EU MAC,compliant,indeterminate,method_insufficient,True
C3,6,Isoproturon,0.0,True,,,1.0,EU MAC,compliant,indeterminate,unresolved_no_lod,True
C3,6,Pentachlorobenzene,0.0,True,,,0.007,EU AA,compliant,indeterminate,unresolved_no_lod,True
C3,6,Quinoxyfen,0.0,True,,,2.7,EU MAC,compliant,indeterminate,unresolved_no_lod,True
C3,6,Terbutryn,0.0,True,,,0.34,EU MAC,compliant,indeterminate,unresolved_no_lod,True
C3,6,Thiacloprid,0.0,True,0.08682554171532375,0.28941847238441254,0.05,EU MAC,compliant,indeterminate,method_insufficient,True
C3,6,Triclosan,0.0,True,,,0.02,EU MAC,compliant,indeterminate,unresolved_no_lod,True
C3,6,Trifluralin,0.0,True,,,0.03,EU AA,compliant,indeterminate,unresolved_no_lod,True
C3,7,17-alpha-Estradiol,0.0,True,,,0.00018,EU AA,compliant,indeterminate,unresolved_no_lod,True
C3,7,17-alpha-Ethinylestradiol,0.0,True,,,1.7e-05,EU AA,compliant,indeterminate,unresolved_no_lod,True
C3,7,17-beta-Estradiol,0.0,True,,,0.00018,EU AA,compliant,indeterminate,unresolved_no_lod,True
C3,7,Acetamiprid,0.0,True,0.025237601919248082,0.08412533973082695,0.16,EU MAC,compliant,compliant,,False
C3,7,Aclonifen,0.07603414857039463,False,,,0.12,EU MAC,compliant,compliant,,False
C3,7,Anthracene,102.84095754303836,False,,,0.1,EU MAC,exceeding,exceeding,,False
C3,7,Azithromycin,0.0,True,,,0.18,EU MAC,compliant,indeterminate,unresolved_no_lod,True
C3,7,Bifenox,0.0,True,,,0.04,EU MAC,compliant,indeterminate,unresolved_no_lod,True
C3,7,Bisphenol-A,0.0,True,,,130.0,EU MAC,compliant,indeterminate,unresolved_no_lod,True
C3,7,Chlorpyrifos,0.0,True,,,0.0026,EU MAC,compliant,indeterminate,unresolved_no_lod,True
C3,7,Clarithromycin,0.0,True,,,0.13,EU MAC,compliant,indeterminate,unresolved_no_lod,True
C3,7,Clothianidin,0.0,True,0.13583585498351416,0.45278618327838055,0.34,EU MAC,compliant,indeterminate,method_insufficient,True
C3,7,Cybutryne,0.0,True,,,0.016,EU MAC,compliant,indeterminate,unresolved_no_lod,True
C3,7,Cypermethrin,0.0,True,,,0.0006000000000000001,EU MAC,compliant,indeterminate,unresolved_no_lod,True
C3,7,Di(2- ethylhexyl)phthalate (DEHP),22.93103820598293,False,,,2.0,EU MAC,exceeding,exceeding,,False
C3,7,Dichlorvos,0.0,True,,,0.0007,EU MAC,compliant,indeterminate,unresolved_no_lod,True
C3,7,Diuron,0.0,True,,,0.27,EU MAC,compliant,indeterminate,unresolved_no_lod,True
C3,7,Erythromycin,0.0,True,,,1.0,EU MAC,compliant,indeterminate,unresolved_no_lod,True
C3,7,Fluoranthene,0.0,True,,,0.12,EU MAC,compliant,indeterminate,unresolved_no_lod,True
C3,7,Hexachlorobenzene,0.0,True,,,8.0,EU MAC,compliant,indeterminate,unresolved_no_lod,True
C3,7,Imidacloprid,0.0,True,0.6194075722193858,2.0646919073979526,0.057,EU MAC,compliant,indeterminate,method_insufficient,True
C3,7,Isoproturon,0.0,True,,,1.0,EU MAC,compliant,indeterminate,unresolved_no_lod,True
C3,7,Pentachlorobenzene,0.0,True,,,0.007,EU AA,compliant,indeterminate,unresolved_no_lod,True
C3,7,Quinoxyfen,0.0,True,,,2.7,EU MAC,compliant,indeterminate,unresolved_no_lod,True
C3,7,Terbutryn,0.0,True,,,0.34,EU MAC,compliant,indeterminate,unresolved_no_lod,True
C3,7,Thiacloprid,0.0,True,0.08682554171532375,0.28941847238441254,0.05,EU MAC,compliant,indeterminate,method_insufficient,True
C3,7,Triclosan,0.0,True,,,0.02,EU MAC,compliant,indeterminate,unresolved_no_lod,True
C3,7,Trifluralin,0.0,True,,,0.03,EU AA,compliant,indeterminate,unresolved_no_lod,True
C3,8,17-alpha-Estradiol,0.0,True,,,0.00018,EU AA,compliant,indeterminate,unresolved_no_lod,True
C3,8,17-alpha-Ethinylestradiol,0.0,True,,,1.7e-05,EU AA,compliant,indeterminate,unresolved_no_lod,True
C3,8,17-beta-Estradiol,0.0,True,,,0.00018,EU AA,compliant,indeterminate,unresolved_no_lod,True
C3,8,Acetamiprid,0.031903442571454915,False,0.025237601919248082,0.08412533973082695,0.16,EU MAC,compliant,compliant,,False
C3,8,Aclonifen,0.0,True,,,0.12,EU MAC,compliant,indeterminate,unresolved_no_lod,True
C3,8,Anthracene,125.74053923346631,False,,,0.1,EU MAC,exceeding,exceeding,,False
C3,8,Azithromycin,0.0,True,,,0.18,EU MAC,compliant,indeterminate,unresolved_no_lod,True
C3,8,Bifenox,0.0,True,,,0.04,EU MAC,compliant,indeterminate,unresolved_no_lod,True
C3,8,Bisphenol-A,0.0,True,,,130.0,EU MAC,compliant,indeterminate,unresolved_no_lod,True
C3,8,Chlorpyrifos,0.0,True,,,0.0026,EU MAC,compliant,indeterminate,unresolved_no_lod,True
C3,8,Clarithromycin,0.0,True,,,0.13,EU MAC,compliant,indeterminate,unresolved_no_lod,True
C3,8,Clothianidin,0.0,True,0.13583585498351416,0.45278618327838055,0.34,EU MAC,compliant,indeterminate,method_insufficient,True
C3,8,Cybutryne,0.0,True,,,0.016,EU MAC,compliant,indeterminate,unresolved_no_lod,True
C3,8,Cypermethrin,0.0,True,,,0.0006000000000000001,EU MAC,compliant,indeterminate,unresolved_no_lod,True
C3,8,Di(2- ethylhexyl)phthalate (DEHP),14.214479848273369,False,,,2.0,EU MAC,exceeding,exceeding,,False
C3,8,Dichlorvos,0.0,True,,,0.0007,EU MAC,compliant,indeterminate,unresolved_no_lod,True
C3,8,Diuron,0.0,True,,,0.27,EU MAC,compliant,indeterminate,unresolved_no_lod,True
C3,8,Erythromycin,0.0,True,,,1.0,EU MAC,compliant,indeterminate,unresolved_no_lod,True
C3,8,Fluoranthene,0.0,True,,,0.12,EU MAC,compliant,indeterminate,unresolved_no_lod,True
C3,8,Hexachlorobenzene,0.0,True,,,8.0,EU MAC,compliant,indeterminate,unresolved_no_lod,True
C3,8,Imidacloprid,0.0,True,0.6194075722193858,2.0646919073979526,0.057,EU MAC,compliant,indeterminate,method_insufficient,True
C3,8,Isoproturon,0.0,True,,,1.0,EU MAC,compliant,indeterminate,unresolved_no_lod,True
C3,8,Pentachlorobenzene,0.0,True,,,0.007,EU AA,compliant,indeterminate,unresolved_no_lod,True
C3,8,Quinoxyfen,0.0,True,,,2.7,EU MAC,compliant,indeterminate,unresolved_no_lod,True
C3,8,Terbutryn,0.0,True,,,0.34,EU MAC,compliant,indeterminate,unresolved_no_lod,True
C3,8,Thiacloprid,0.0,True,0.08682554171532375,0.28941847238441254,0.05,EU MAC,compliant,indeterminate,method_insufficient,True
C3,8,Triclosan,0.0,True,,,0.02,EU MAC,compliant,indeterminate,unresolved_no_lod,True
C3,8,Trifluralin,0.0,True,,,0.03,EU AA,compliant,indeterminate,unresolved_no_lod,True
C3,9,17-alpha-Estradiol,0.0,True,,,0.00018,EU AA,compliant,indeterminate,unresolved_no_lod,True
C3,9,17-alpha-Ethinylestradiol,0.0,True,,,1.7e-05,EU AA,compliant,indeterminate,unresolved_no_lod,True
C3,9,17-beta-Estradiol,0.0,True,,,0.00018,EU AA,compliant,indeterminate,unresolved_no_lod,True
C3,9,Acetamiprid,0.0,True,0.025237601919248082,0.08412533973082695,0.16,EU MAC,compliant,compliant,,False
C3,9,Aclonifen,0.0,True,,,0.12,EU MAC,compliant,indeterminate,unresolved_no_lod,True
C3,9,Anthracene,130.10950128463978,False,,,0.1,EU MAC,exceeding,exceeding,,False
C3,9,Azithromycin,0.0,True,,,0.18,EU MAC,compliant,indeterminate,unresolved_no_lod,True
C3,9,Bifenox,0.0,True,,,0.04,EU MAC,compliant,indeterminate,unresolved_no_lod,True
C3,9,Bisphenol-A,0.0,True,,,130.0,EU MAC,compliant,indeterminate,unresolved_no_lod,True
C3,9,Chlorpyrifos,0.0,True,,,0.0026,EU MAC,compliant,indeterminate,unresolved_no_lod,True
C3,9,Clarithromycin,0.0,True,,,0.13,EU MAC,compliant,indeterminate,unresolved_no_lod,True
C3,9,Clothianidin,0.0,True,0.13583585498351416,0.45278618327838055,0.34,EU MAC,compliant,indeterminate,method_insufficient,True
C3,9,Cybutryne,0.0,True,,,0.016,EU MAC,compliant,indeterminate,unresolved_no_lod,True
C3,9,Cypermethrin,0.0,True,,,0.0006000000000000001,EU MAC,compliant,indeterminate,unresolved_no_lod,True
C3,9,Di(2- ethylhexyl)phthalate (DEHP),22.520386340887466,False,,,2.0,EU MAC,exceeding,exceeding,,False
C3,9,Dichlorvos,0.0,True,,,0.0007,EU MAC,compliant,indeterminate,unresolved_no_lod,True
C3,9,Diuron,0.0,True,,,0.27,EU MAC,compliant,indeterminate,unresolved_no_lod,True
C3,9,Erythromycin,0.0,True,,,1.0,EU MAC,compliant,indeterminate,unresolved_no_lod,True
C3,9,Fluoranthene,0.0,True,,,0.12,EU MAC,compliant,indeterminate,unresolved_no_lod,True
C3,9,Hexachlorobenzene,0.0,True,,,8.0,EU MAC,compliant,indeterminate,unresolved_no_lod,True
C3,9,Imidacloprid,0.0,True,0.6194075722193858,2.0646919073979526,0.057,EU MAC,compliant,indeterminate,method_insufficient,True
C3,9,Isoproturon,0.0,True,,,1.0,EU MAC,compliant,indeterminate,unresolved_no_lod,True
C3,9,Pentachlorobenzene,0.0,True,,,0.007,EU AA,compliant,indeterminate,unresolved_no_lod,True
C3,9,Quinoxyfen,0.0,True,,,2.7,EU MAC,compliant,indeterminate,unresolved_no_lod,True
C3,9,Terbutryn,0.0,True,,,0.34,EU MAC,compliant,indeterminate,unresolved_no_lod,True
C3,9,Thiacloprid,0.0,True,0.08682554171532375,0.28941847238441254,0.05,EU MAC,compliant,indeterminate,method_insufficient,True
C3,9,Triclosan,0.0,True,,,0.02,EU MAC,compliant,indeterminate,unresolved_no_lod,True
C3,9,Trifluralin,0.0,True,,,0.03,EU AA,compliant,indeterminate,unresolved_no_lod,True
C3,10,17-alpha-Estradiol,0.0,True,,,0.00018,EU AA,compliant,indeterminate,unresolved_no_lod,True
C3,10,17-alpha-Ethinylestradiol,0.0,True,,,1.7e-05,EU AA,compliant,indeterminate,unresolved_no_lod,True
C3,10,17-beta-Estradiol,0.0,True,,,0.00018,EU AA,compliant,indeterminate,unresolved_no_lod,True
C3,10,Acetamiprid,0.036656756668536926,False,0.025237601919248082,0.08412533973082695,0.16,EU MAC,compliant,compliant,,False
C3,10,Aclonifen,0.0,True,,,0.12,EU MAC,compliant,indeterminate,unresolved_no_lod,True
C3,10,Anthracene,177.8021574299106,False,,,0.1,EU MAC,exceeding,exceeding,,False
C3,10,Azithromycin,0.0,True,,,0.18,EU MAC,compliant,indeterminate,unresolved_no_lod,True
C3,10,Bifenox,0.0,True,,,0.04,EU MAC,compliant,indeterminate,unresolved_no_lod,True
C3,10,Bisphenol-A,0.0,True,,,130.0,EU MAC,compliant,indeterminate,unresolved_no_lod,True
C3,10,Chlorpyrifos,0.0,True,,,0.0026,EU MAC,compliant,indeterminate,unresolved_no_lod,True
C3,10,Clarithromycin,0.0,True,,,0.13,EU MAC,compliant,indeterminate,unresolved_no_lod,True
C3,10,Clothianidin,0.0,True,0.13583585498351416,0.45278618327838055,0.34,EU MAC,compliant,indeterminate,method_insufficient,True
C3,10,Cybutryne,0.0,True,,,0.016,EU MAC,compliant,indeterminate,unresolved_no_lod,True
C3,10,Cypermethrin,0.0,True,,,0.0006000000000000001,EU MAC,compliant,indeterminate,unresolved_no_lod,True
C3,10,Di(2- ethylhexyl)phthalate (DEHP),0.0,True,,,2.0,EU MAC,compliant,indeterminate,unresolved_no_lod,True
C3,10,Dichlorvos,0.0,True,,,0.0007,EU MAC,compliant,indeterminate,unresolved_no_lod,True
C3,10,Diuron,0.033128263653163764,False,,,0.27,EU MAC,compliant,compliant,,False
C3,10,Erythromycin,0.0,True,,,1.0,EU MAC,compliant,indeterminate,unresolved_no_lod,True
C3,10,Fluoranthene,0.0,True,,,0.12,EU MAC,compliant,indeterminate,unresolved_no_lod,True
C3,10,Hexachlorobenzene,0.0,True,,,8.0,EU MAC,compliant,indeterminate,unresolved_no_lod,True
C3,10,Imidacloprid,0.0,True,0.6194075722193858,2.0646919073979526,0.057,EU MAC,compliant,indeterminate,method_insufficient,True
C3,10,Isoproturon,0.0,True,,,1.0,EU MAC,compliant,indeterminate,unresolved_no_lod,True
C3,10,Pentachlorobenzene,0.0,True,,,0.007,EU AA,compliant,indeterminate,unresolved_no_lod,True
C3,10,Quinoxyfen,0.0,True,,,2.7,EU MAC,compliant,indeterminate,unresolved_no_lod,True
C3,10,Terbutryn,0.0,True,,,0.34,EU MAC,compliant,indeterminate,unresolved_no_lod,True
C3,10,Thiacloprid,0.0,True,0.08682554171532375,0.28941847238441254,0.05,EU MAC,compliant,indeterminate,method_insufficient,True
C3,10,Triclosan,0.0,True,,,0.02,EU MAC,compliant,indeterminate,unresolved_no_lod,True
C3,10,Trifluralin,0.0,True,,,0.03,EU AA,compliant,indeterminate,unresolved_no_lod,True
C3,11,17-alpha-Estradiol,0.0,True,,,0.00018,EU AA,compliant,indeterminate,unresolved_no_lod,True
C3,11,17-alpha-Ethinylestradiol,0.0,True,,,1.7e-05,EU AA,compliant,indeterminate,unresolved_no_lod,True
C3,11,17-beta-Estradiol,0.0,True,,,0.00018,EU AA,compliant,indeterminate,unresolved_no_lod,True
C3,11,Acetamiprid,0.0,True,0.025237601919248082,0.08412533973082695,0.16,EU MAC,compliant,compliant,,False
C3,11,Aclonifen,0.0,True,,,0.12,EU MAC,compliant,indeterminate,unresolved_no_lod,True
C3,11,Anthracene,11.036136430009684,False,,,0.1,EU MAC,exceeding,exceeding,,False
C3,11,Azithromycin,0.0,True,,,0.18,EU MAC,compliant,indeterminate,unresolved_no_lod,True
C3,11,Bifenox,0.0,True,,,0.04,EU MAC,compliant,indeterminate,unresolved_no_lod,True
C3,11,Bisphenol-A,0.0,True,,,130.0,EU MAC,compliant,indeterminate,unresolved_no_lod,True
C3,11,Chlorpyrifos,0.0,True,,,0.0026,EU MAC,compliant,indeterminate,unresolved_no_lod,True
C3,11,Clarithromycin,0.0,True,,,0.13,EU MAC,compliant,indeterminate,unresolved_no_lod,True
C3,11,Clothianidin,0.0,True,0.13583585498351416,0.45278618327838055,0.34,EU MAC,compliant,indeterminate,method_insufficient,True
C3,11,Cybutryne,0.0,True,,,0.016,EU MAC,compliant,indeterminate,unresolved_no_lod,True
C3,11,Cypermethrin,0.0,True,,,0.0006000000000000001,EU MAC,compliant,indeterminate,unresolved_no_lod,True
C3,11,Di(2- ethylhexyl)phthalate (DEHP),6.855348594559494,False,,,2.0,EU MAC,exceeding,exceeding,,False
C3,11,Dichlorvos,0.0,True,,,0.0007,EU MAC,compliant,indeterminate,unresolved_no_lod,True
C3,11,Diuron,0.0,True,,,0.27,EU MAC,compliant,indeterminate,unresolved_no_lod,True
C3,11,Erythromycin,0.0,True,,,1.0,EU MAC,compliant,indeterminate,unresolved_no_lod,True
C3,11,Fluoranthene,0.0,True,,,0.12,EU MAC,compliant,indeterminate,unresolved_no_lod,True
C3,11,Hexachlorobenzene,0.0,True,,,8.0,EU MAC,compliant,indeterminate,unresolved_no_lod,True
C3,11,Imidacloprid,0.0,True,0.6194075722193858,2.0646919073979526,0.057,EU MAC,compliant,indeterminate,method_insufficient,True
C3,11,Isoproturon,0.0,True,,,1.0,EU MAC,compliant,indeterminate,unresolved_no_lod,True
C3,11,Pentachlorobenzene,0.0,True,,,0.007,EU AA,compliant,indeterminate,unresolved_no_lod,True
C3,11,Quinoxyfen,0.0,True,,,2.7,EU MAC,compliant,indeterminate,unresolved_no_lod,True
C3,11,Terbutryn,0.0,True,,,0.34,EU MAC,compliant,indeterminate,unresolved_no_lod,True
C3,11,Thiacloprid,0.0,True,0.08682554171532375,0.28941847238441254,0.05,EU MAC,compliant,indeterminate,method_insufficient,True
C3,11,Triclosan,0.0,True,,,0.02,EU MAC,compliant,indeterminate,unresolved_no_lod,True
C3,11,Trifluralin,0.0,True,,,0.03,EU AA,compliant,indeterminate,unresolved_no_lod,True
C3,12,17-alpha-Estradiol,0.0,True,,,0.00018,EU AA,compliant,indeterminate,unresolved_no_lod,True
C3,12,17-alpha-Ethinylestradiol,0.0,True,,,1.7e-05,EU AA,compliant,indeterminate,unresolved_no_lod,True
C3,12,17-beta-Estradiol,0.0,True,,,0.00018,EU AA,compliant,indeterminate,unresolved_no_lod,True
C3,12,Acetamiprid,0.0,True,0.025237601919248082,0.08412533973082695,0.16,EU MAC,compliant,compliant,,False
C3,12,Aclonifen,0.0,True,,,0.12,EU MAC,compliant,indeterminate,unresolved_no_lod,True
C3,12,Anthracene,17.583641643792017,False,,,0.1,EU MAC,exceeding,exceeding,,False
C3,12,Azithromycin,0.0,True,,,0.18,EU MAC,compliant,indeterminate,unresolved_no_lod,True
C3,12,Bifenox,0.0,True,,,0.04,EU MAC,compliant,indeterminate,unresolved_no_lod,True
C3,12,Bisphenol-A,0.0,True,,,130.0,EU MAC,compliant,indeterminate,unresolved_no_lod,True
C3,12,Chlorpyrifos,0.0,True,,,0.0026,EU MAC,compliant,indeterminate,unresolved_no_lod,True
C3,12,Clarithromycin,0.0,True,,,0.13,EU MAC,compliant,indeterminate,unresolved_no_lod,True
C3,12,Clothianidin,0.0,True,0.13583585498351416,0.45278618327838055,0.34,EU MAC,compliant,indeterminate,method_insufficient,True
C3,12,Cybutryne,0.0,True,,,0.016,EU MAC,compliant,indeterminate,unresolved_no_lod,True
C3,12,Cypermethrin,0.0,True,,,0.0006000000000000001,EU MAC,compliant,indeterminate,unresolved_no_lod,True
C3,12,Di(2- ethylhexyl)phthalate (DEHP),13.521866282344837,False,,,2.0,EU MAC,exceeding,exceeding,,False
C3,12,Dichlorvos,0.0,True,,,0.0007,EU MAC,compliant,indeterminate,unresolved_no_lod,True
C3,12,Diuron,0.0,True,,,0.27,EU MAC,compliant,indeterminate,unresolved_no_lod,True
C3,12,Erythromycin,0.0,True,,,1.0,EU MAC,compliant,indeterminate,unresolved_no_lod,True
C3,12,Fluoranthene,0.0,True,,,0.12,EU MAC,compliant,indeterminate,unresolved_no_lod,True
C3,12,Hexachlorobenzene,0.0,True,,,8.0,EU MAC,compliant,indeterminate,unresolved_no_lod,True
C3,12,Imidacloprid,0.0,True,0.6194075722193858,2.0646919073979526,0.057,EU MAC,compliant,indeterminate,method_insufficient,True
C3,12,Isoproturon,0.0,True,,,1.0,EU MAC,compliant,indeterminate,unresolved_no_lod,True
C3,12,Pentachlorobenzene,0.0,True,,,0.007,EU AA,compliant,indeterminate,unresolved_no_lod,True
C3,12,Quinoxyfen,0.0,True,,,2.7,EU MAC,compliant,indeterminate,unresolved_no_lod,True
C3,12,Terbutryn,0.0,True,,,0.34,EU MAC,compliant,indeterminate,unresolved_no_lod,True
C3,12,Thiacloprid,0.0,True,0.08682554171532375,0.28941847238441254,0.05,EU MAC,compliant,indeterminate,method_insufficient,True
C3,12,Triclosan,0.0,True,,,0.02,EU MAC,compliant,indeterminate,unresolved_no_lod,True
C3,12,Trifluralin,0.0,True,,,0.03,EU AA,compliant,indeterminate,unresolved_no_lod,True
C3,13,17-alpha-Estradiol,0.0,True,,,0.00018,EU AA,compliant,indeterminate,unresolved_no_lod,True
C3,13,17-alpha-Ethinylestradiol,0.0,True,,,1.7e-05,EU AA,compliant,indeterminate,unresolved_no_lod,True
C3,13,17-beta-Estradiol,0.0,True,,,0.00018,EU AA,compliant,indeterminate,unresolved_no_lod,True
C3,13,Acetamiprid,0.0,True,0.025237601919248082,0.08412533973082695,0.16,EU MAC,compliant,compliant,,False
C3,13,Aclonifen,0.12257607644625769,False,,,0.12,EU MAC,exceeding,exceeding,,False
C3,13,Anthracene,0.0,True,,,0.1,EU MAC,compliant,indeterminate,unresolved_no_lod,True
C3,13,Azithromycin,0.0,True,,,0.18,EU MAC,compliant,indeterminate,unresolved_no_lod,True
C3,13,Bifenox,0.0,True,,,0.04,EU MAC,compliant,indeterminate,unresolved_no_lod,True
C3,13,Bisphenol-A,0.0,True,,,130.0,EU MAC,compliant,indeterminate,unresolved_no_lod,True
C3,13,Chlorpyrifos,0.0,True,,,0.0026,EU MAC,compliant,indeterminate,unresolved_no_lod,True
C3,13,Clarithromycin,0.0,True,,,0.13,EU MAC,compliant,indeterminate,unresolved_no_lod,True
C3,13,Clothianidin,0.0,True,0.13583585498351416,0.45278618327838055,0.34,EU MAC,compliant,indeterminate,method_insufficient,True
C3,13,Cybutryne,0.0,True,,,0.016,EU MAC,compliant,indeterminate,unresolved_no_lod,True
C3,13,Cypermethrin,0.0,True,,,0.0006000000000000001,EU MAC,compliant,indeterminate,unresolved_no_lod,True
C3,13,Di(2- ethylhexyl)phthalate (DEHP),11.66995745273065,False,,,2.0,EU MAC,exceeding,exceeding,,False
C3,13,Dichlorvos,0.0,True,,,0.0007,EU MAC,compliant,indeterminate,unresolved_no_lod,True
C3,13,Diuron,0.0,True,,,0.27,EU MAC,compliant,indeterminate,unresolved_no_lod,True
C3,13,Erythromycin,0.0,True,,,1.0,EU MAC,compliant,indeterminate,unresolved_no_lod,True
C3,13,Fluoranthene,0.0,True,,,0.12,EU MAC,compliant,indeterminate,unresolved_no_lod,True
C3,13,Hexachlorobenzene,0.0,True,,,8.0,EU MAC,compliant,indeterminate,unresolved_no_lod,True
C3,13,Imidacloprid,0.0,True,0.6194075722193858,2.0646919073979526,0.057,EU MAC,compliant,indeterminate,method_insufficient,True
C3,13,Isoproturon,0.0,True,,,1.0,EU MAC,compliant,indeterminate,unresolved_no_lod,True
C3,13,Pentachlorobenzene,0.0,True,,,0.007,EU AA,compliant,indeterminate,unresolved_no_lod,True
C3,13,Quinoxyfen,0.0,True,,,2.7,EU MAC,compliant,indeterminate,unresolved_no_lod,True
C3,13,Terbutryn,0.0,True,,,0.34,EU MAC,compliant,indeterminate,unresolved_no_lod,True
C3,13,Thiacloprid,0.0,True,0.08682554171532375,0.28941847238441254,0.05,EU MAC,compliant,indeterminate,method_insufficient,True
C3,13,Triclosan,0.0,True,,,0.02,EU MAC,compliant,indeterminate,unresolved_no_lod,True
C3,13,Trifluralin,0.0,True,,,0.03,EU AA,compliant,indeterminate,unresolved_no_lod,True
C3,14,17-alpha-Estradiol,0.0,True,,,0.00018,EU AA,compliant,indeterminate,unresolved_no_lod,True
C3,14,17-alpha-Ethinylestradiol,0.0,True,,,1.7e-05,EU AA,compliant,indeterminate,unresolved_no_lod,True
C3,14,17-beta-Estradiol,0.0,True,,,0.00018,EU AA,compliant,indeterminate,unresolved_no_lod,True
C3,14,Acetamiprid,0.0,True,0.025237601919248082,0.08412533973082695,0.16,EU MAC,compliant,compliant,,False
C3,14,Aclonifen,0.15455824739007779,False,,,0.12,EU MAC,exceeding,exceeding,,False
C3,14,Anthracene,13.501198578415305,False,,,0.1,EU MAC,exceeding,exceeding,,False
C3,14,Azithromycin,0.0,True,,,0.18,EU MAC,compliant,indeterminate,unresolved_no_lod,True
C3,14,Bifenox,0.0,True,,,0.04,EU MAC,compliant,indeterminate,unresolved_no_lod,True
C3,14,Bisphenol-A,0.0,True,,,130.0,EU MAC,compliant,indeterminate,unresolved_no_lod,True
C3,14,Chlorpyrifos,0.0,True,,,0.0026,EU MAC,compliant,indeterminate,unresolved_no_lod,True
C3,14,Clarithromycin,0.0,True,,,0.13,EU MAC,compliant,indeterminate,unresolved_no_lod,True
C3,14,Clothianidin,0.0,True,0.13583585498351416,0.45278618327838055,0.34,EU MAC,compliant,indeterminate,method_insufficient,True
C3,14,Cybutryne,0.0,True,,,0.016,EU MAC,compliant,indeterminate,unresolved_no_lod,True
C3,14,Cypermethrin,0.0,True,,,0.0006000000000000001,EU MAC,compliant,indeterminate,unresolved_no_lod,True
C3,14,Di(2- ethylhexyl)phthalate (DEHP),16.511315253858335,False,,,2.0,EU MAC,exceeding,exceeding,,False
C3,14,Dichlorvos,0.0,True,,,0.0007,EU MAC,compliant,indeterminate,unresolved_no_lod,True
C3,14,Diuron,0.0,True,,,0.27,EU MAC,compliant,indeterminate,unresolved_no_lod,True
C3,14,Erythromycin,0.0,True,,,1.0,EU MAC,compliant,indeterminate,unresolved_no_lod,True
C3,14,Fluoranthene,0.0,True,,,0.12,EU MAC,compliant,indeterminate,unresolved_no_lod,True
C3,14,Hexachlorobenzene,0.0,True,,,8.0,EU MAC,compliant,indeterminate,unresolved_no_lod,True
C3,14,Imidacloprid,0.0,True,0.6194075722193858,2.0646919073979526,0.057,EU MAC,compliant,indeterminate,method_insufficient,True
C3,14,Isoproturon,0.0,True,,,1.0,EU MAC,compliant,indeterminate,unresolved_no_lod,True
C3,14,Pentachlorobenzene,0.0,True,,,0.007,EU AA,compliant,indeterminate,unresolved_no_lod,True
C3,14,Quinoxyfen,0.0,True,,,2.7,EU MAC,compliant,indeterminate,unresolved_no_lod,True
C3,14,Terbutryn,0.0,True,,,0.34,EU MAC,compliant,indeterminate,unresolved_no_lod,True
C3,14,Thiacloprid,0.0,True,0.08682554171532375,0.28941847238441254,0.05,EU MAC,compliant,indeterminate,method_insufficient,True
C3,14,Triclosan,0.0,True,,,0.02,EU MAC,compliant,indeterminate,unresolved_no_lod,True
C3,14,Trifluralin,0.0,True,,,0.03,EU AA,compliant,indeterminate,unresolved_no_lod,True
C3,15,17-alpha-Estradiol,0.0,True,,,0.00018,EU AA,compliant,indeterminate,unresolved_no_lod,True
C3,15,17-alpha-Ethinylestradiol,0.0,True,,,1.7e-05,EU AA,compliant,indeterminate,unresolved_no_lod,True
C3,15,17-beta-Estradiol,0.0,True,,,0.00018,EU AA,compliant,indeterminate,unresolved_no_lod,True
C3,15,Acetamiprid,0.0,True,0.025237601919248082,0.08412533973082695,0.16,EU MAC,compliant,compliant,,False
C3,15,Aclonifen,0.0,True,,,0.12,EU MAC,compliant,indeterminate,unresolved_no_lod,True
C3,15,Anthracene,0.0,True,,,0.1,EU MAC,compliant,indeterminate,unresolved_no_lod,True
C3,15,Azithromycin,0.0,True,,,0.18,EU MAC,compliant,indeterminate,unresolved_no_lod,True
C3,15,Bifenox,0.0,True,,,0.04,EU MAC,compliant,indeterminate,unresolved_no_lod,True
C3,15,Bisphenol-A,0.0,True,,,130.0,EU MAC,compliant,indeterminate,unresolved_no_lod,True
C3,15,Chlorpyrifos,0.15306683494120107,False,,,0.0026,EU MAC,exceeding,exceeding,,False
C3,15,Clarithromycin,0.0,True,,,0.13,EU MAC,compliant,indeterminate,unresolved_no_lod,True
C3,15,Clothianidin,0.0,True,0.13583585498351416,0.45278618327838055,0.34,EU MAC,compliant,indeterminate,method_insufficient,True
C3,15,Cybutryne,0.0,True,,,0.016,EU MAC,compliant,indeterminate,unresolved_no_lod,True
C3,15,Cypermethrin,0.0,True,,,0.0006000000000000001,EU MAC,compliant,indeterminate,unresolved_no_lod,True
C3,15,Di(2- ethylhexyl)phthalate (DEHP),3.9063687276272754,False,,,2.0,EU MAC,exceeding,exceeding,,False
C3,15,Dichlorvos,0.0,True,,,0.0007,EU MAC,compliant,indeterminate,unresolved_no_lod,True
C3,15,Diuron,0.0,True,,,0.27,EU MAC,compliant,indeterminate,unresolved_no_lod,True
C3,15,Erythromycin,0.0,True,,,1.0,EU MAC,compliant,indeterminate,unresolved_no_lod,True
C3,15,Fluoranthene,0.0,True,,,0.12,EU MAC,compliant,indeterminate,unresolved_no_lod,True
C3,15,Hexachlorobenzene,0.0,True,,,8.0,EU MAC,compliant,indeterminate,unresolved_no_lod,True
C3,15,Imidacloprid,0.0,True,0.6194075722193858,2.0646919073979526,0.057,EU MAC,compliant,indeterminate,method_insufficient,True
C3,15,Isoproturon,0.0,True,,,1.0,EU MAC,compliant,indeterminate,unresolved_no_lod,True
C3,15,Pentachlorobenzene,0.0,True,,,0.007,EU AA,compliant,indeterminate,unresolved_no_lod,True
C3,15,Quinoxyfen,0.0,True,,,2.7,EU MAC,compliant,indeterminate,unresolved_no_lod,True
C3,15,Terbutryn,0.0,True,,,0.34,EU MAC,compliant,indeterminate,unresolved_no_lod,True
C3,15,Thiacloprid,0.0,True,0.08682554171532375,0.28941847238441254,0.05,EU MAC,compliant,indeterminate,method_insufficient,True
C3,15,Triclosan,0.0,True,,,0.02,EU MAC,compliant,indeterminate,unresolved_no_lod,True
C3,15,Trifluralin,0.0,True,,,0.03,EU AA,compliant,indeterminate,unresolved_no_lod,True
C3,16,17-alpha-Estradiol,0.0,True,,,0.00018,EU AA,compliant,indeterminate,unresolved_no_lod,True
C3,16,17-alpha-Ethinylestradiol,0.0,True,,,1.7e-05,EU AA,compliant,indeterminate,unresolved_no_lod,True
C3,16,17-beta-Estradiol,0.0,True,,,0.00018,EU AA,compliant,indeterminate,unresolved_no_lod,True
C3,16,Acetamiprid,0.0,True,0.025237601919248082,0.08412533973082695,0.16,EU MAC,compliant,compliant,,False
C3,16,Aclonifen,0.0,True,,,0.12,EU MAC,compliant,indeterminate,unresolved_no_lod,True
C3,16,Anthracene,0.0,True,,,0.1,EU MAC,compliant,indeterminate,unresolved_no_lod,True
C3,16,Azithromycin,0.0,True,,,0.18,EU MAC,compliant,indeterminate,unresolved_no_lod,True
C3,16,Bifenox,0.0,True,,,0.04,EU MAC,compliant,indeterminate,unresolved_no_lod,True
C3,16,Bisphenol-A,0.0,True,,,130.0,EU MAC,compliant,indeterminate,unresolved_no_lod,True
C3,16,Chlorpyrifos,0.0,True,,,0.0026,EU MAC,compliant,indeterminate,unresolved_no_lod,True
C3,16,Clarithromycin,0.0,True,,,0.13,EU MAC,compliant,indeterminate,unresolved_no_lod,True
C3,16,Clothianidin,0.0,True,0.13583585498351416,0.45278618327838055,0.34,EU MAC,compliant,indeterminate,method_insufficient,True
C3,16,Cybutryne,0.0,True,,,0.016,EU MAC,compliant,indeterminate,unresolved_no_lod,True
C3,16,Cypermethrin,0.0,True,,,0.0006000000000000001,EU MAC,compliant,indeterminate,unresolved_no_lod,True
C3,16,Di(2- ethylhexyl)phthalate (DEHP),30.755898173806845,False,,,2.0,EU MAC,exceeding,exceeding,,False
C3,16,Dichlorvos,0.0,True,,,0.0007,EU MAC,compliant,indeterminate,unresolved_no_lod,True
C3,16,Diuron,0.0,True,,,0.27,EU MAC,compliant,indeterminate,unresolved_no_lod,True
C3,16,Erythromycin,0.0,True,,,1.0,EU MAC,compliant,indeterminate,unresolved_no_lod,True
C3,16,Fluoranthene,0.0,True,,,0.12,EU MAC,compliant,indeterminate,unresolved_no_lod,True
C3,16,Hexachlorobenzene,0.0,True,,,8.0,EU MAC,compliant,indeterminate,unresolved_no_lod,True
C3,16,Imidacloprid,0.0,True,0.6194075722193858,2.0646919073979526,0.057,EU MAC,compliant,indeterminate,method_insufficient,True
C3,16,Isoproturon,0.0,True,,,1.0,EU MAC,compliant,indeterminate,unresolved_no_lod,True
C3,16,Pentachlorobenzene,0.0,True,,,0.007,EU AA,compliant,indeterminate,unresolved_no_lod,True
C3,16,Quinoxyfen,0.0,True,,,2.7,EU MAC,compliant,indeterminate,unresolved_no_lod,True
C3,16,Terbutryn,0.0,True,,,0.34,EU MAC,compliant,indeterminate,unresolved_no_lod,True
C3,16,Thiacloprid,0.0,True,0.08682554171532375,0.28941847238441254,0.05,EU MAC,compliant,indeterminate,method_insufficient,True
C3,16,Triclosan,0.0,True,,,0.02,EU MAC,compliant,indeterminate,unresolved_no_lod,True
C3,16,Trifluralin,0.0,True,,,0.03,EU AA,compliant,indeterminate,unresolved_no_lod,True
C3,17,17-alpha-Estradiol,0.0,True,,,0.00018,EU AA,compliant,indeterminate,unresolved_no_lod,True
C3,17,17-alpha-Ethinylestradiol,0.0,True,,,1.7e-05,EU AA,compliant,indeterminate,unresolved_no_lod,True
C3,17,17-beta-Estradiol,0.0,True,,,0.00018,EU AA,compliant,indeterminate,unresolved_no_lod,True
C3,17,Acetamiprid,0.03426962937178975,False,0.025237601919248082,0.08412533973082695,0.16,EU MAC,compliant,compliant,,False
C3,17,Aclonifen,0.0,True,,,0.12,EU MAC,compliant,indeterminate,unresolved_no_lod,True
C3,17,Anthracene,0.0,True,,,0.1,EU MAC,compliant,indeterminate,unresolved_no_lod,True
C3,17,Azithromycin,0.0,True,,,0.18,EU MAC,compliant,indeterminate,unresolved_no_lod,True
C3,17,Bifenox,0.0,True,,,0.04,EU MAC,compliant,indeterminate,unresolved_no_lod,True
C3,17,Bisphenol-A,0.0,True,,,130.0,EU MAC,compliant,indeterminate,unresolved_no_lod,True
C3,17,Chlorpyrifos,0.0,True,,,0.0026,EU MAC,compliant,indeterminate,unresolved_no_lod,True
C3,17,Clarithromycin,0.0,True,,,0.13,EU MAC,compliant,indeterminate,unresolved_no_lod,True
C3,17,Clothianidin,0.0,True,0.13583585498351416,0.45278618327838055,0.34,EU MAC,compliant,indeterminate,method_insufficient,True
C3,17,Cybutryne,0.0,True,,,0.016,EU MAC,compliant,indeterminate,unresolved_no_lod,True
C3,17,Cypermethrin,0.0,True,,,0.0006000000000000001,EU MAC,compliant,indeterminate,unresolved_no_lod,True
C3,17,Di(2- ethylhexyl)phthalate (DEHP),0.0,True,,,2.0,EU MAC,compliant,indeterminate,unresolved_no_lod,True
C3,17,Dichlorvos,0.0,True,,,0.0007,EU MAC,compliant,indeterminate,unresolved_no_lod,True
C3,17,Diuron,0.0,True,,,0.27,EU MAC,compliant,indeterminate,unresolved_no_lod,True
C3,17,Erythromycin,0.0,True,,,1.0,EU MAC,compliant,indeterminate,unresolved_no_lod,True
C3,17,Fluoranthene,0.0,True,,,0.12,EU MAC,compliant,indeterminate,unresolved_no_lod,True
C3,17,Hexachlorobenzene,0.0,True,,,8.0,EU MAC,compliant,indeterminate,unresolved_no_lod,True
C3,17,Imidacloprid,0.0,True,0.6194075722193858,2.0646919073979526,0.057,EU MAC,compliant,indeterminate,method_insufficient,True
C3,17,Isoproturon,0.0,True,,,1.0,EU MAC,compliant,indeterminate,unresolved_no_lod,True
C3,17,Pentachlorobenzene,0.0,True,,,0.007,EU AA,compliant,indeterminate,unresolved_no_lod,True
C3,17,Quinoxyfen,0.0,True,,,2.7,EU MAC,compliant,indeterminate,unresolved_no_lod,True
C3,17,Terbutryn,0.0,True,,,0.34,EU MAC,compliant,indeterminate,unresolved_no_lod,True
C3,17,Thiacloprid,0.0,True,0.08682554171532375,0.28941847238441254,0.05,EU MAC,compliant,indeterminate,method_insufficient,True
C3,17,Triclosan,0.0,True,,,0.02,EU MAC,compliant,indeterminate,unresolved_no_lod,True
C3,17,Trifluralin,0.0,True,,,0.03,EU AA,compliant,indeterminate,unresolved_no_lod,True
C3,18,17-alpha-Estradiol,0.0,True,,,0.00018,EU AA,compliant,indeterminate,unresolved_no_lod,True
C3,18,17-alpha-Ethinylestradiol,0.0,True,,,1.7e-05,EU AA,compliant,indeterminate,unresolved_no_lod,True
C3,18,17-beta-Estradiol,0.0,True,,,0.00018,EU AA,compliant,indeterminate,unresolved_no_lod,True
C3,18,Acetamiprid,0.0,True,0.025237601919248082,0.08412533973082695,0.16,EU MAC,compliant,compliant,,False
C3,18,Aclonifen,0.10008002357533494,False,,,0.12,EU MAC,compliant,compliant,,False
C3,18,Anthracene,0.0,True,,,0.1,EU MAC,compliant,indeterminate,unresolved_no_lod,True
C3,18,Azithromycin,0.0,True,,,0.18,EU MAC,compliant,indeterminate,unresolved_no_lod,True
C3,18,Bifenox,0.0,True,,,0.04,EU MAC,compliant,indeterminate,unresolved_no_lod,True
C3,18,Bisphenol-A,0.0,True,,,130.0,EU MAC,compliant,indeterminate,unresolved_no_lod,True
C3,18,Chlorpyrifos,0.0,True,,,0.0026,EU MAC,compliant,indeterminate,unresolved_no_lod,True
C3,18,Clarithromycin,0.0,True,,,0.13,EU MAC,compliant,indeterminate,unresolved_no_lod,True
C3,18,Clothianidin,0.0,True,0.13583585498351416,0.45278618327838055,0.34,EU MAC,compliant,indeterminate,method_insufficient,True
C3,18,Cybutryne,0.0,True,,,0.016,EU MAC,compliant,indeterminate,unresolved_no_lod,True
C3,18,Cypermethrin,0.0,True,,,0.0006000000000000001,EU MAC,compliant,indeterminate,unresolved_no_lod,True
C3,18,Di(2- ethylhexyl)phthalate (DEHP),0.0,True,,,2.0,EU MAC,compliant,indeterminate,unresolved_no_lod,True
C3,18,Dichlorvos,0.0,True,,,0.0007,EU MAC,compliant,indeterminate,unresolved_no_lod,True
C3,18,Diuron,0.0,True,,,0.27,EU MAC,compliant,indeterminate,unresolved_no_lod,True
C3,18,Erythromycin,0.0,True,,,1.0,EU MAC,compliant,indeterminate,unresolved_no_lod,True
C3,18,Fluoranthene,0.0,True,,,0.12,EU MAC,compliant,indeterminate,unresolved_no_lod,True
C3,18,Hexachlorobenzene,0.0,True,,,8.0,EU MAC,compliant,indeterminate,unresolved_no_lod,True
C3,18,Imidacloprid,0.0,True,0.6194075722193858,2.0646919073979526,0.057,EU MAC,compliant,indeterminate,method_insufficient,True
C3,18,Isoproturon,0.0,True,,,1.0,EU MAC,compliant,indeterminate,unresolved_no_lod,True
C3,18,Pentachlorobenzene,0.0,True,,,0.007,EU AA,compliant,indeterminate,unresolved_no_lod,True
C3,18,Quinoxyfen,0.015979654118168946,False,,,2.7,EU MAC,compliant,compliant,,False
C3,18,Terbutryn,0.0,True,,,0.34,EU MAC,compliant,indeterminate,unresolved_no_lod,True
C3,18,Thiacloprid,0.0,True,0.08682554171532375,0.28941847238441254,0.05,EU MAC,compliant,indeterminate,method_insufficient,True
C3,18,Triclosan,0.0,True,,,0.02,EU MAC,compliant,indeterminate,unresolved_no_lod,True
C3,18,Trifluralin,0.0,True,,,0.03,EU AA,compliant,indeterminate,unresolved_no_lod,True
C3,19,17-alpha-Estradiol,0.0,True,,,0.00018,EU AA,compliant,indeterminate,unresolved_no_lod,True
C3,19,17-alpha-Ethinylestradiol,0.0,True,,,1.7e-05,EU AA,compliant,indeterminate,unresolved_no_lod,True
C3,19,17-beta-Estradiol,0.0,True,,,0.00018,EU AA,compliant,indeterminate,unresolved_no_lod,True
C3,19,Acetamiprid,0.0,True,0.025237601919248082,0.08412533973082695,0.16,EU MAC,compliant,compliant,,False
C3,19,Aclonifen,0.0,True,,,0.12,EU MAC,compliant,indeterminate,unresolved_no_lod,True
C3,19,Anthracene,0.0,True,,,0.1,EU MAC,compliant,indeterminate,unresolved_no_lod,True
C3,19,Azithromycin,0.0,True,,,0.18,EU MAC,compliant,indeterminate,unresolved_no_lod,True
C3,19,Bifenox,0.0,True,,,0.04,EU MAC,compliant,indeterminate,unresolved_no_lod,True
C3,19,Bisphenol-A,0.0,True,,,130.0,EU MAC,compliant,indeterminate,unresolved_no_lod,True
C3,19,Chlorpyrifos,0.0,True,,,0.0026,EU MAC,compliant,indeterminate,unresolved_no_lod,True
C3,19,Clarithromycin,0.0,True,,,0.13,EU MAC,compliant,indeterminate,unresolved_no_lod,True
C3,19,Clothianidin,0.0,True,0.13583585498351416,0.45278618327838055,0.34,EU MAC,compliant,indeterminate,method_insufficient,True
C3,19,Cybutryne,0.0,True,,,0.016,EU MAC,compliant,indeterminate,unresolved_no_lod,True
C3,19,Cypermethrin,0.0,True,,,0.0006000000000000001,EU MAC,compliant,indeterminate,unresolved_no_lod,True
C3,19,Di(2- ethylhexyl)phthalate (DEHP),47.035161909603254,False,,,2.0,EU MAC,exceeding,exceeding,,False
C3,19,Dichlorvos,0.0,True,,,0.0007,EU MAC,compliant,indeterminate,unresolved_no_lod,True
C3,19,Diuron,0.0,True,,,0.27,EU MAC,compliant,indeterminate,unresolved_no_lod,True
C3,19,Erythromycin,0.0,True,,,1.0,EU MAC,compliant,indeterminate,unresolved_no_lod,True
C3,19,Fluoranthene,0.0,True,,,0.12,EU MAC,compliant,indeterminate,unresolved_no_lod,True
C3,19,Hexachlorobenzene,0.0,True,,,8.0,EU MAC,compliant,indeterminate,unresolved_no_lod,True
C3,19,Imidacloprid,0.0,True,0.6194075722193858,2.0646919073979526,0.057,EU MAC,compliant,indeterminate,method_insufficient,True
C3,19,Isoproturon,0.0,True,,,1.0,EU MAC,compliant,indeterminate,unresolved_no_lod,True
C3,19,Pentachlorobenzene,0.0,True,,,0.007,EU AA,compliant,indeterminate,unresolved_no_lod,True
C3,19,Quinoxyfen,0.0,True,,,2.7,EU MAC,compliant,indeterminate,unresolved_no_lod,True
C3,19,Terbutryn,0.0,True,,,0.34,EU MAC,compliant,indeterminate,unresolved_no_lod,True
C3,19,Thiacloprid,0.0,True,0.08682554171532375,0.28941847238441254,0.05,EU MAC,compliant,indeterminate,method_insufficient,True
C3,19,Triclosan,0.0,True,,,0.02,EU MAC,compliant,indeterminate,unresolved_no_lod,True
C3,19,Trifluralin,0.0,True,,,0.03,EU AA,compliant,indeterminate,unresolved_no_lod,True
C3,20,17-alpha-Estradiol,0.0,True,,,0.00018,EU AA,compliant,indeterminate,unresolved_no_lod,True
C3,20,17-alpha-Ethinylestradiol,0.0,True,,,1.7e-05,EU AA,compliant,indeterminate,unresolved_no_lod,True
C3,20,17-beta-Estradiol,0.0,True,,,0.00018,EU AA,compliant,indeterminate,unresolved_no_lod,True
C3,20,Acetamiprid,0.0,True,0.025237601919248082,0.08412533973082695,0.16,EU MAC,compliant,compliant,,False
C3,20,Aclonifen,0.0,True,,,0.12,EU MAC,compliant,indeterminate,unresolved_no_lod,True
C3,20,Anthracene,0.0,True,,,0.1,EU MAC,compliant,indeterminate,unresolved_no_lod,True
C3,20,Azithromycin,0.0,True,,,0.18,EU MAC,compliant,indeterminate,unresolved_no_lod,True
C3,20,Bifenox,0.0,True,,,0.04,EU MAC,compliant,indeterminate,unresolved_no_lod,True
C3,20,Bisphenol-A,0.0,True,,,130.0,EU MAC,compliant,indeterminate,unresolved_no_lod,True
C3,20,Chlorpyrifos,0.2998893510065187,False,,,0.0026,EU MAC,exceeding,exceeding,,False
C3,20,Clarithromycin,0.0,True,,,0.13,EU MAC,compliant,indeterminate,unresolved_no_lod,True
C3,20,Clothianidin,0.0,True,0.13583585498351416,0.45278618327838055,0.34,EU MAC,compliant,indeterminate,method_insufficient,True
C3,20,Cybutryne,0.0,True,,,0.016,EU MAC,compliant,indeterminate,unresolved_no_lod,True
C3,20,Cypermethrin,0.0,True,,,0.0006000000000000001,EU MAC,compliant,indeterminate,unresolved_no_lod,True
C3,20,Di(2- ethylhexyl)phthalate (DEHP),0.0,True,,,2.0,EU MAC,compliant,indeterminate,unresolved_no_lod,True
C3,20,Dichlorvos,0.0,True,,,0.0007,EU MAC,compliant,indeterminate,unresolved_no_lod,True
C3,20,Diuron,0.0,True,,,0.27,EU MAC,compliant,indeterminate,unresolved_no_lod,True
C3,20,Erythromycin,0.0,True,,,1.0,EU MAC,compliant,indeterminate,unresolved_no_lod,True
C3,20,Fluoranthene,0.0,True,,,0.12,EU MAC,compliant,indeterminate,unresolved_no_lod,True
C3,20,Hexachlorobenzene,0.0,True,,,8.0,EU MAC,compliant,indeterminate,unresolved_no_lod,True
C3,20,Imidacloprid,0.0,True,0.6194075722193858,2.0646919073979526,0.057,EU MAC,compliant,indeterminate,method_insufficient,True
C3,20,Isoproturon,0.0,True,,,1.0,EU MAC,compliant,indeterminate,unresolved_no_lod,True
C3,20,Pentachlorobenzene,0.0,True,,,0.007,EU AA,compliant,indeterminate,unresolved_no_lod,True
C3,20,Quinoxyfen,0.0,True,,,2.7,EU MAC,compliant,indeterminate,unresolved_no_lod,True
C3,20,Terbutryn,0.0,True,,,0.34,EU MAC,compliant,indeterminate,unresolved_no_lod,True
C3,20,Thiacloprid,0.0,True,0.08682554171532375,0.28941847238441254,0.05,EU MAC,compliant,indeterminate,method_insufficient,True
C3,20,Triclosan,0.0,True,,,0.02,EU MAC,compliant,indeterminate,unresolved_no_lod,True
C3,20,Trifluralin,0.0,True,,,0.03,EU AA,compliant,indeterminate,unresolved_no_lod,True
C3,21,17-alpha-Estradiol,0.0,True,,,0.00018,EU AA,compliant,indeterminate,unresolved_no_lod,True
C3,21,17-alpha-Ethinylestradiol,0.0,True,,,1.7e-05,EU AA,compliant,indeterminate,unresolved_no_lod,True
C3,21,17-beta-Estradiol,0.0,True,,,0.00018,EU AA,compliant,indeterminate,unresolved_no_lod,True
C3,21,Acetamiprid,0.0,True,0.025237601919248082,0.08412533973082695,0.16,EU MAC,compliant,compliant,,False
C3,21,Aclonifen,0.0,True,,,0.12,EU MAC,compliant,indeterminate,unresolved_no_lod,True
C3,21,Anthracene,0.0,True,,,0.1,EU MAC,compliant,indeterminate,unresolved_no_lod,True
C3,21,Azithromycin,0.0,True,,,0.18,EU MAC,compliant,indeterminate,unresolved_no_lod,True
C3,21,Bifenox,0.0,True,,,0.04,EU MAC,compliant,indeterminate,unresolved_no_lod,True
C3,21,Bisphenol-A,0.0,True,,,130.0,EU MAC,compliant,indeterminate,unresolved_no_lod,True
C3,21,Chlorpyrifos,0.0,True,,,0.0026,EU MAC,compliant,indeterminate,unresolved_no_lod,True
C3,21,Clarithromycin,0.0,True,,,0.13,EU MAC,compliant,indeterminate,unresolved_no_lod,True
C3,21,Clothianidin,0.0,True,0.13583585498351416,0.45278618327838055,0.34,EU MAC,compliant,indeterminate,method_insufficient,True
C3,21,Cybutryne,0.0,True,,,0.016,EU MAC,compliant,indeterminate,unresolved_no_lod,True
C3,21,Cypermethrin,0.0,True,,,0.0006000000000000001,EU MAC,compliant,indeterminate,unresolved_no_lod,True
C3,21,Di(2- ethylhexyl)phthalate (DEHP),36.694915619799275,False,,,2.0,EU MAC,exceeding,exceeding,,False
C3,21,Dichlorvos,0.0,True,,,0.0007,EU MAC,compliant,indeterminate,unresolved_no_lod,True
C3,21,Diuron,0.0,True,,,0.27,EU MAC,compliant,indeterminate,unresolved_no_lod,True
C3,21,Erythromycin,0.0,True,,,1.0,EU MAC,compliant,indeterminate,unresolved_no_lod,True
C3,21,Fluoranthene,0.0,True,,,0.12,EU MAC,compliant,indeterminate,unresolved_no_lod,True
C3,21,Hexachlorobenzene,0.0,True,,,8.0,EU MAC,compliant,indeterminate,unresolved_no_lod,True
C3,21,Imidacloprid,0.0,True,0.6194075722193858,2.0646919073979526,0.057,EU MAC,compliant,indeterminate,method_insufficient,True
C3,21,Isoproturon,0.0,True,,,1.0,EU MAC,compliant,indeterminate,unresolved_no_lod,True
C3,21,Pentachlorobenzene,0.0,True,,,0.007,EU AA,compliant,indeterminate,unresolved_no_lod,True
C3,21,Quinoxyfen,0.0,True,,,2.7,EU MAC,compliant,indeterminate,unresolved_no_lod,True
C3,21,Terbutryn,0.0,True,,,0.34,EU MAC,compliant,indeterminate,unresolved_no_lod,True
C3,21,Thiacloprid,0.0,True,0.08682554171532375,0.28941847238441254,0.05,EU MAC,compliant,indeterminate,method_insufficient,True
C3,21,Triclosan,0.0,True,,,0.02,EU MAC,compliant,indeterminate,unresolved_no_lod,True
C3,21,Trifluralin,0.0,True,,,0.03,EU AA,compliant,indeterminate,unresolved_no_lod,True
C3,22,17-alpha-Estradiol,0.0,True,,,0.00018,EU AA,compliant,indeterminate,unresolved_no_lod,True
C3,22,17-alpha-Ethinylestradiol,0.0,True,,,1.7e-05,EU AA,compliant,indeterminate,unresolved_no_lod,True
C3,22,17-beta-Estradiol,0.0,True,,,0.00018,EU AA,compliant,indeterminate,unresolved_no_lod,True
C3,22,Acetamiprid,0.0,True,0.025237601919248082,0.08412533973082695,0.16,EU MAC,compliant,compliant,,False
C3,22,Aclonifen,0.0,True,,,0.12,EU MAC,compliant,indeterminate,unresolved_no_lod,True
C3,22,Anthracene,71.83999274343506,False,,,0.1,EU MAC,exceeding,exceeding,,False
C3,22,Azithromycin,0.0,True,,,0.18,EU MAC,compliant,indeterminate,unresolved_no_lod,True
C3,22,Bifenox,0.0,True,,,0.04,EU MAC,compliant,indeterminate,unresolved_no_lod,True
C3,22,Bisphenol-A,0.0,True,,,130.0,EU MAC,compliant,indeterminate,unresolved_no_lod,True
C3,22,Chlorpyrifos,0.20437222629569068,False,,,0.0026,EU MAC,exceeding,exceeding,,False
C3,22,Clarithromycin,0.0,True,,,0.13,EU MAC,compliant,indeterminate,unresolved_no_lod,True
C3,22,Clothianidin,0.0,True,0.13583585498351416,0.45278618327838055,0.34,EU MAC,compliant,indeterminate,method_insufficient,True
C3,22,Cybutryne,0.0,True,,,0.016,EU MAC,compliant,indeterminate,unresolved_no_lod,True
C3,22,Cypermethrin,0.0,True,,,0.0006000000000000001,EU MAC,compliant,indeterminate,unresolved_no_lod,True
C3,22,Di(2- ethylhexyl)phthalate (DEHP),5.248809696623912,False,,,2.0,EU MAC,exceeding,exceeding,,False
C3,22,Dichlorvos,0.0,True,,,0.0007,EU MAC,compliant,indeterminate,unresolved_no_lod,True
C3,22,Diuron,0.0,True,,,0.27,EU MAC,compliant,indeterminate,unresolved_no_lod,True
C3,22,Erythromycin,0.0,True,,,1.0,EU MAC,compliant,indeterminate,unresolved_no_lod,True
C3,22,Fluoranthene,0.0,True,,,0.12,EU MAC,compliant,indeterminate,unresolved_no_lod,True
C3,22,Hexachlorobenzene,0.0,True,,,8.0,EU MAC,compliant,indeterminate,unresolved_no_lod,True
C3,22,Imidacloprid,0.0,True,0.6194075722193858,2.0646919073979526,0.057,EU MAC,compliant,indeterminate,method_insufficient,True
C3,22,Isoproturon,0.0,True,,,1.0,EU MAC,compliant,indeterminate,unresolved_no_lod,True
C3,22,Pentachlorobenzene,0.0,True,,,0.007,EU AA,compliant,indeterminate,unresolved_no_lod,True
C3,22,Quinoxyfen,0.0,True,,,2.7,EU MAC,compliant,indeterminate,unresolved_no_lod,True
C3,22,Terbutryn,0.0,True,,,0.34,EU MAC,compliant,indeterminate,unresolved_no_lod,True
C3,22,Thiacloprid,0.0,True,0.08682554171532375,0.28941847238441254,0.05,EU MAC,compliant,indeterminate,method_insufficient,True
C3,22,Triclosan,0.0,True,,,0.02,EU MAC,compliant,indeterminate,unresolved_no_lod,True
C3,22,Trifluralin,0.0,True,,,0.03,EU AA,compliant,indeterminate,unresolved_no_lod,True
C3,23,17-alpha-Estradiol,0.0,True,,,0.00018,EU AA,compliant,indeterminate,unresolved_no_lod,True
C3,23,17-alpha-Ethinylestradiol,0.0,True,,,1.7e-05,EU AA,compliant,indeterminate,unresolved_no_lod,True
C3,23,17-beta-Estradiol,0.0,True,,,0.00018,EU AA,compliant,indeterminate,unresolved_no_lod,True
C3,23,Acetamiprid,0.0,True,0.025237601919248082,0.08412533973082695,0.16,EU MAC,compliant,compliant,,False
C3,23,Aclonifen,0.0,True,,,0.12,EU MAC,compliant,indeterminate,unresolved_no_lod,True
C3,23,Anthracene,0.0,True,,,0.1,EU MAC,compliant,indeterminate,unresolved_no_lod,True
C3,23,Azithromycin,0.0,True,,,0.18,EU MAC,compliant,indeterminate,unresolved_no_lod,True
C3,23,Bifenox,0.0,True,,,0.04,EU MAC,compliant,indeterminate,unresolved_no_lod,True
C3,23,Bisphenol-A,0.0,True,,,130.0,EU MAC,compliant,indeterminate,unresolved_no_lod,True
C3,23,Chlorpyrifos,0.0,True,,,0.0026,EU MAC,compliant,indeterminate,unresolved_no_lod,True
C3,23,Clarithromycin,0.0,True,,,0.13,EU MAC,compliant,indeterminate,unresolved_no_lod,True
C3,23,Clothianidin,0.0,True,0.13583585498351416,0.45278618327838055,0.34,EU MAC,compliant,indeterminate,method_insufficient,True
C3,23,Cybutryne,0.0,True,,,0.016,EU MAC,compliant,indeterminate,unresolved_no_lod,True
C3,23,Cypermethrin,0.0,True,,,0.0006000000000000001,EU MAC,compliant,indeterminate,unresolved_no_lod,True
C3,23,Di(2- ethylhexyl)phthalate (DEHP),3.5808780972676693,False,,,2.0,EU MAC,exceeding,exceeding,,False
C3,23,Dichlorvos,0.0,True,,,0.0007,EU MAC,compliant,indeterminate,unresolved_no_lod,True
C3,23,Diuron,0.0,True,,,0.27,EU MAC,compliant,indeterminate,unresolved_no_lod,True
C3,23,Erythromycin,0.0,True,,,1.0,EU MAC,compliant,indeterminate,unresolved_no_lod,True
C3,23,Fluoranthene,0.0,True,,,0.12,EU MAC,compliant,indeterminate,unresolved_no_lod,True
C3,23,Hexachlorobenzene,0.0,True,,,8.0,EU MAC,compliant,indeterminate,unresolved_no_lod,True
C3,23,Imidacloprid,0.0,True,0.6194075722193858,2.0646919073979526,0.057,EU MAC,compliant,indeterminate,method_insufficient,True
C3,23,Isoproturon,0.0,True,,,1.0,EU MAC,compliant,indeterminate,unresolved_no_lod,True
C3,23,Pentachlorobenzene,0.0,True,,,0.007,EU AA,compliant,indeterminate,unresolved_no_lod,True
C3,23,Quinoxyfen,0.0,True,,,2.7,EU MAC,compliant,indeterminate,unresolved_no_lod,True
C3,23,Terbutryn,0.0,True,,,0.34,EU MAC,compliant,indeterminate,unresolved_no_lod,True
C3,23,Thiacloprid,0.0,True,0.08682554171532375,0.28941847238441254,0.05,EU MAC,compliant,indeterminate,method_insufficient,True
C3,23,Triclosan,0.0,True,,,0.02,EU MAC,compliant,indeterminate,unresolved_no_lod,True
C3,23,Trifluralin,0.0,True,,,0.03,EU AA,compliant,indeterminate,unresolved_no_lod,True
C3,24,17-alpha-Estradiol,0.0,True,,,0.00018,EU AA,compliant,indeterminate,unresolved_no_lod,True
C3,24,17-alpha-Ethinylestradiol,0.0,True,,,1.7e-05,EU AA,compliant,indeterminate,unresolved_no_lod,True
C3,24,17-beta-Estradiol,0.0,True,,,0.00018,EU AA,compliant,indeterminate,unresolved_no_lod,True
C3,24,Acetamiprid,0.0,True,0.025237601919248082,0.08412533973082695,0.16,EU MAC,compliant,compliant,,False
C3,24,Aclonifen,0.0,True,,,0.12,EU MAC,compliant,indeterminate,unresolved_no_lod,True
C3,24,Anthracene,0.0,True,,,0.1,EU MAC,compliant,indeterminate,unresolved_no_lod,True
C3,24,Azithromycin,0.1784350450095947,False,,,0.18,EU MAC,compliant,compliant,,False
C3,24,Bifenox,0.0,True,,,0.04,EU MAC,compliant,indeterminate,unresolved_no_lod,True
C3,24,Bisphenol-A,0.0,True,,,130.0,EU MAC,compliant,indeterminate,unresolved_no_lod,True
C3,24,Chlorpyrifos,0.0,True,,,0.0026,EU MAC,compliant,indeterminate,unresolved_no_lod,True
C3,24,Clarithromycin,0.0,True,,,0.13,EU MAC,compliant,indeterminate,unresolved_no_lod,True
C3,24,Clothianidin,0.0,True,0.13583585498351416,0.45278618327838055,0.34,EU MAC,compliant,indeterminate,method_insufficient,True
C3,24,Cybutryne,0.0,True,,,0.016,EU MAC,compliant,indeterminate,unresolved_no_lod,True
C3,24,Cypermethrin,0.0,True,,,0.0006000000000000001,EU MAC,compliant,indeterminate,unresolved_no_lod,True
C3,24,Di(2- ethylhexyl)phthalate (DEHP),28.122360565543786,False,,,2.0,EU MAC,exceeding,exceeding,,False
C3,24,Dichlorvos,0.0,True,,,0.0007,EU MAC,compliant,indeterminate,unresolved_no_lod,True
C3,24,Diuron,0.0,True,,,0.27,EU MAC,compliant,indeterminate,unresolved_no_lod,True
C3,24,Erythromycin,0.0,True,,,1.0,EU MAC,compliant,indeterminate,unresolved_no_lod,True
C3,24,Fluoranthene,0.0,True,,,0.12,EU MAC,compliant,indeterminate,unresolved_no_lod,True
C3,24,Hexachlorobenzene,0.0,True,,,8.0,EU MAC,compliant,indeterminate,unresolved_no_lod,True
C3,24,Imidacloprid,0.0,True,0.6194075722193858,2.0646919073979526,0.057,EU MAC,compliant,indeterminate,method_insufficient,True
C3,24,Isoproturon,0.0,True,,,1.0,EU MAC,compliant,indeterminate,unresolved_no_lod,True
C3,24,Pentachlorobenzene,0.0,True,,,0.007,EU AA,compliant,indeterminate,unresolved_no_lod,True
C3,24,Quinoxyfen,0.0,True,,,2.7,EU MAC,compliant,indeterminate,unresolved_no_lod,True
C3,24,Terbutryn,0.0,True,,,0.34,EU MAC,compliant,indeterminate,unresolved_no_lod,True
C3,24,Thiacloprid,0.0,True,0.08682554171532375,0.28941847238441254,0.05,EU MAC,compliant,indeterminate,method_insufficient,True
C3,24,Triclosan,0.0,True,,,0.02,EU MAC,compliant,indeterminate,unresolved_no_lod,True
C3,24,Trifluralin,0.0,True,,,0.03,EU AA,compliant,indeterminate,unresolved_no_lod,True
C3,25,17-alpha-Estradiol,0.0,True,,,0.00018,EU AA,compliant,indeterminate,unresolved_no_lod,True
C3,25,17-alpha-Ethinylestradiol,0.0,True,,,1.7e-05,EU AA,compliant,indeterminate,unresolved_no_lod,True
C3,25,17-beta-Estradiol,0.0,True,,,0.00018,EU AA,compliant,indeterminate,unresolved_no_lod,True
C3,25,Acetamiprid,0.0,True,0.025237601919248082,0.08412533973082695,0.16,EU MAC,compliant,compliant,,False
C3,25,Aclonifen,0.0,True,,,0.12,EU MAC,compliant,indeterminate,unresolved_no_lod,True
C3,25,Anthracene,0.0,True,,,0.1,EU MAC,compliant,indeterminate,unresolved_no_lod,True
C3,25,Azithromycin,0.0,True,,,0.18,EU MAC,compliant,indeterminate,unresolved_no_lod,True
C3,25,Bifenox,0.0,True,,,0.04,EU MAC,compliant,indeterminate,unresolved_no_lod,True
C3,25,Bisphenol-A,0.0,True,,,130.0,EU MAC,compliant,indeterminate,unresolved_no_lod,True
C3,25,Chlorpyrifos,0.0,True,,,0.0026,EU MAC,compliant,indeterminate,unresolved_no_lod,True
C3,25,Clarithromycin,0.0,True,,,0.13,EU MAC,compliant,indeterminate,unresolved_no_lod,True
C3,25,Clothianidin,0.0,True,0.13583585498351416,0.45278618327838055,0.34,EU MAC,compliant,indeterminate,method_insufficient,True
C3,25,Cybutryne,0.0,True,,,0.016,EU MAC,compliant,indeterminate,unresolved_no_lod,True
C3,25,Cypermethrin,0.0,True,,,0.0006000000000000001,EU MAC,compliant,indeterminate,unresolved_no_lod,True
C3,25,Di(2- ethylhexyl)phthalate (DEHP),68.87747702815696,False,,,2.0,EU MAC,exceeding,exceeding,,False
C3,25,Dichlorvos,0.0,True,,,0.0007,EU MAC,compliant,indeterminate,unresolved_no_lod,True
C3,25,Diuron,0.0,True,,,0.27,EU MAC,compliant,indeterminate,unresolved_no_lod,True
C3,25,Erythromycin,0.0,True,,,1.0,EU MAC,compliant,indeterminate,unresolved_no_lod,True
C3,25,Fluoranthene,0.0,True,,,0.12,EU MAC,compliant,indeterminate,unresolved_no_lod,True
C3,25,Hexachlorobenzene,0.0,True,,,8.0,EU MAC,compliant,indeterminate,unresolved_no_lod,True
C3,25,Imidacloprid,0.0,True,0.6194075722193858,2.0646919073979526,0.057,EU MAC,compliant,indeterminate,method_insufficient,True
C3,25,Isoproturon,0.0,True,,,1.0,EU MAC,compliant,indeterminate,unresolved_no_lod,True
C3,25,Pentachlorobenzene,0.0,True,,,0.007,EU AA,compliant,indeterminate,unresolved_no_lod,True
C3,25,Quinoxyfen,0.0,True,,,2.7,EU MAC,compliant,indeterminate,unresolved_no_lod,True
C3,25,Terbutryn,0.0,True,,,0.34,EU MAC,compliant,indeterminate,unresolved_no_lod,True
C3,25,Thiacloprid,0.0,True,0.08682554171532375,0.28941847238441254,0.05,EU MAC,compliant,indeterminate,method_insufficient,True
C3,25,Triclosan,0.0,True,,,0.02,EU MAC,compliant,indeterminate,unresolved_no_lod,True
C3,25,Trifluralin,0.0,True,,,0.03,EU AA,compliant,indeterminate,unresolved_no_lod,True
C3,26,17-alpha-Estradiol,0.0,True,,,0.00018,EU AA,compliant,indeterminate,unresolved_no_lod,True
C3,26,17-alpha-Ethinylestradiol,0.0,True,,,1.7e-05,EU AA,compliant,indeterminate,unresolved_no_lod,True
C3,26,17-beta-Estradiol,0.0,True,,,0.00018,EU AA,compliant,indeterminate,unresolved_no_lod,True
C3,26,Acetamiprid,0.0,True,0.025237601919248082,0.08412533973082695,0.16,EU MAC,compliant,compliant,,False
C3,26,Aclonifen,0.06268532755783027,False,,,0.12,EU MAC,compliant,compliant,,False
C3,26,Anthracene,0.0,True,,,0.1,EU MAC,compliant,indeterminate,unresolved_no_lod,True
C3,26,Azithromycin,0.0,True,,,0.18,EU MAC,compliant,indeterminate,unresolved_no_lod,True
C3,26,Bifenox,0.0,True,,,0.04,EU MAC,compliant,indeterminate,unresolved_no_lod,True
C3,26,Bisphenol-A,0.0,True,,,130.0,EU MAC,compliant,indeterminate,unresolved_no_lod,True
C3,26,Chlorpyrifos,0.0,True,,,0.0026,EU MAC,compliant,indeterminate,unresolved_no_lod,True
C3,26,Clarithromycin,0.0,True,,,0.13,EU MAC,compliant,indeterminate,unresolved_no_lod,True
C3,26,Clothianidin,0.0,True,0.13583585498351416,0.45278618327838055,0.34,EU MAC,compliant,indeterminate,method_insufficient,True
C3,26,Cybutryne,0.0,True,,,0.016,EU MAC,compliant,indeterminate,unresolved_no_lod,True
C3,26,Cypermethrin,0.0,True,,,0.0006000000000000001,EU MAC,compliant,indeterminate,unresolved_no_lod,True
C3,26,Di(2- ethylhexyl)phthalate (DEHP),0.0,True,,,2.0,EU MAC,compliant,indeterminate,unresolved_no_lod,True
C3,26,Dichlorvos,0.0,True,,,0.0007,EU MAC,compliant,indeterminate,unresolved_no_lod,True
C3,26,Diuron,0.0,True,,,0.27,EU MAC,compliant,indeterminate,unresolved_no_lod,True
C3,26,Erythromycin,0.0,True,,,1.0,EU MAC,compliant,indeterminate,unresolved_no_lod,True
C3,26,Fluoranthene,0.0,True,,,0.12,EU MAC,compliant,indeterminate,unresolved_no_lod,True
C3,26,Hexachlorobenzene,0.0,True,,,8.0,EU MAC,compliant,indeterminate,unresolved_no_lod,True
C3,26,Imidacloprid,0.0,True,0.6194075722193858,2.0646919073979526,0.057,EU MAC,compliant,indeterminate,method_insufficient,True
C3,26,Isoproturon,0.0,True,,,1.0,EU MAC,compliant,indeterminate,unresolved_no_lod,True
C3,26,Pentachlorobenzene,0.0,True,,,0.007,EU AA,compliant,indeterminate,unresolved_no_lod,True
C3,26,Quinoxyfen,0.0,True,,,2.7,EU MAC,compliant,indeterminate,unresolved_no_lod,True
C3,26,Terbutryn,0.0,True,,,0.34,EU MAC,compliant,indeterminate,unresolved_no_lod,True
C3,26,Thiacloprid,0.0,True,0.08682554171532375,0.28941847238441254,0.05,EU MAC,compliant,indeterminate,method_insufficient,True
C3,26,Triclosan,0.0,True,,,0.02,EU MAC,compliant,indeterminate,unresolved_no_lod,True
C3,26,Trifluralin,0.0,True,,,0.03,EU AA,compliant,indeterminate,unresolved_no_lod,True
C3,27,17-alpha-Estradiol,0.0,True,,,0.00018,EU AA,compliant,indeterminate,unresolved_no_lod,True
C3,27,17-alpha-Ethinylestradiol,0.0,True,,,1.7e-05,EU AA,compliant,indeterminate,unresolved_no_lod,True
C3,27,17-beta-Estradiol,0.0,True,,,0.00018,EU AA,compliant,indeterminate,unresolved_no_lod,True
C3,27,Acetamiprid,0.0,True,0.025237601919248082,0.08412533973082695,0.16,EU MAC,compliant,compliant,,False
C3,27,Aclonifen,0.0,True,,,0.12,EU MAC,compliant,indeterminate,unresolved_no_lod,True
C3,27,Anthracene,0.0,True,,,0.1,EU MAC,compliant,indeterminate,unresolved_no_lod,True
C3,27,Azithromycin,0.0,True,,,0.18,EU MAC,compliant,indeterminate,unresolved_no_lod,True
C3,27,Bifenox,0.0,True,,,0.04,EU MAC,compliant,indeterminate,unresolved_no_lod,True
C3,27,Bisphenol-A,0.0,True,,,130.0,EU MAC,compliant,indeterminate,unresolved_no_lod,True
C3,27,Chlorpyrifos,0.0,True,,,0.0026,EU MAC,compliant,indeterminate,unresolved_no_lod,True
C3,27,Clarithromycin,0.0,True,,,0.13,EU MAC,compliant,indeterminate,unresolved_no_lod,True
C3,27,Clothianidin,0.0,True,0.13583585498351416,0.45278618327838055,0.34,EU MAC,compliant,indeterminate,method_insufficient,True
C3,27,Cybutryne,0.0,True,,,0.016,EU MAC,compliant,indeterminate,unresolved_no_lod,True
C3,27,Cypermethrin,0.0,True,,,0.0006000000000000001,EU MAC,compliant,indeterminate,unresolved_no_lod,True
C3,27,Di(2- ethylhexyl)phthalate (DEHP),0.0,True,,,2.0,EU MAC,compliant,indeterminate,unresolved_no_lod,True
C3,27,Dichlorvos,0.0,True,,,0.0007,EU MAC,compliant,indeterminate,unresolved_no_lod,True
C3,27,Diuron,0.10530724872220716,False,,,0.27,EU MAC,compliant,compliant,,False
C3,27,Erythromycin,0.0,True,,,1.0,EU MAC,compliant,indeterminate,unresolved_no_lod,True
C3,27,Fluoranthene,0.0,True,,,0.12,EU MAC,compliant,indeterminate,unresolved_no_lod,True
C3,27,Hexachlorobenzene,0.0,True,,,8.0,EU MAC,compliant,indeterminate,unresolved_no_lod,True
C3,27,Imidacloprid,0.0,True,0.6194075722193858,2.0646919073979526,0.057,EU MAC,compliant,indeterminate,method_insufficient,True
C3,27,Isoproturon,0.0,True,,,1.0,EU MAC,compliant,indeterminate,unresolved_no_lod,True
C3,27,Pentachlorobenzene,0.0,True,,,0.007,EU AA,compliant,indeterminate,unresolved_no_lod,True
C3,27,Quinoxyfen,0.0,True,,,2.7,EU MAC,compliant,indeterminate,unresolved_no_lod,True
C3,27,Terbutryn,0.0,True,,,0.34,EU MAC,compliant,indeterminate,unresolved_no_lod,True
C3,27,Thiacloprid,0.0,True,0.08682554171532375,0.28941847238441254,0.05,EU MAC,compliant,indeterminate,method_insufficient,True
C3,27,Triclosan,0.0,True,,,0.02,EU MAC,compliant,indeterminate,unresolved_no_lod,True
C3,27,Trifluralin,0.0,True,,,0.03,EU AA,compliant,indeterminate,unresolved_no_lod,True
C3,28,17-alpha-Estradiol,0.0,True,,,0.00018,EU AA,compliant,indeterminate,unresolved_no_lod,True
C3,28,17-alpha-Ethinylestradiol,0.0,True,,,1.7e-05,EU AA,compliant,indeterminate,unresolved_no_lod,True
C3,28,17-beta-Estradiol,0.0,True,,,0.00018,EU AA,compliant,indeterminate,unresolved_no_lod,True
C3,28,Acetamiprid,0.0,True,0.025237601919248082,0.08412533973082695,0.16,EU MAC,compliant,compliant,,False
C3,28,Aclonifen,0.0,True,,,0.12,EU MAC,compliant,indeterminate,unresolved_no_lod,True
C3,28,Anthracene,0.0,True,,,0.1,EU MAC,compliant,indeterminate,unresolved_no_lod,True
C3,28,Azithromycin,0.0,True,,,0.18,EU MAC,compliant,indeterminate,unresolved_no_lod,True
C3,28,Bifenox,0.0,True,,,0.04,EU MAC,compliant,indeterminate,unresolved_no_lod,True
C3,28,Bisphenol-A,0.0,True,,,130.0,EU MAC,compliant,indeterminate,unresolved_no_lod,True
C3,28,Chlorpyrifos,0.0,True,,,0.0026,EU MAC,compliant,indeterminate,unresolved_no_lod,True
C3,28,Clarithromycin,0.0,True,,,0.13,EU MAC,compliant,indeterminate,unresolved_no_lod,True
C3,28,Clothianidin,0.0,True,0.13583585498351416,0.45278618327838055,0.34,EU MAC,compliant,indeterminate,method_insufficient,True
C3,28,Cybutryne,0.0,True,,,0.016,EU MAC,compliant,indeterminate,unresolved_no_lod,True
C3,28,Cypermethrin,0.0,True,,,0.0006000000000000001,EU MAC,compliant,indeterminate,unresolved_no_lod,True
C3,28,Di(2- ethylhexyl)phthalate (DEHP),59.81004784325181,False,,,2.0,EU MAC,exceeding,exceeding,,False
C3,28,Dichlorvos,0.0,True,,,0.0007,EU MAC,compliant,indeterminate,unresolved_no_lod,True
C3,28,Diuron,0.0,True,,,0.27,EU MAC,compliant,indeterminate,unresolved_no_lod,True
C3,28,Erythromycin,0.0,True,,,1.0,EU MAC,compliant,indeterminate,unresolved_no_lod,True
C3,28,Fluoranthene,0.0,True,,,0.12,EU MAC,compliant,indeterminate,unresolved_no_lod,True
C3,28,Hexachlorobenzene,0.0,True,,,8.0,EU MAC,compliant,indeterminate,unresolved_no_lod,True
C3,28,Imidacloprid,0.0,True,0.6194075722193858,2.0646919073979526,0.057,EU MAC,compliant,indeterminate,method_insufficient,True
C3,28,Isoproturon,0.0,True,,,1.0,EU MAC,compliant,indeterminate,unresolved_no_lod,True
C3,28,Pentachlorobenzene,0.0,True,,,0.007,EU AA,compliant,indeterminate,unresolved_no_lod,True
C3,28,Quinoxyfen,0.0,True,,,2.7,EU MAC,compliant,indeterminate,unresolved_no_lod,True
C3,28,Terbutryn,0.0,True,,,0.34,EU MAC,compliant,indeterminate,unresolved_no_lod,True
C3,28,Thiacloprid,0.0,True,0.08682554171532375,0.28941847238441254,0.05,EU MAC,compliant,indeterminate,method_insufficient,True
C3,28,Triclosan,0.0,True,,,0.02,EU MAC,compliant,indeterminate,unresolved_no_lod,True
C3,28,Trifluralin,0.0,True,,,0.03,EU AA,compliant,indeterminate,unresolved_no_lod,True
C3,29,17-alpha-Estradiol,0.0,True,,,0.00018,EU AA,compliant,indeterminate,unresolved_no_lod,True
C3,29,17-alpha-Ethinylestradiol,0.0,True,,,1.7e-05,EU AA,compliant,indeterminate,unresolved_no_lod,True
C3,29,17-beta-Estradiol,0.0,True,,,0.00018,EU AA,compliant,indeterminate,unresolved_no_lod,True
C3,29,Acetamiprid,0.0,True,0.025237601919248082,0.08412533973082695,0.16,EU MAC,compliant,compliant,,False
C3,29,Aclonifen,0.0,True,,,0.12,EU MAC,compliant,indeterminate,unresolved_no_lod,True
C3,29,Anthracene,0.0,True,,,0.1,EU MAC,compliant,indeterminate,unresolved_no_lod,True
C3,29,Azithromycin,0.0,True,,,0.18,EU MAC,compliant,indeterminate,unresolved_no_lod,True
C3,29,Bifenox,0.0,True,,,0.04,EU MAC,compliant,indeterminate,unresolved_no_lod,True
C3,29,Bisphenol-A,0.0,True,,,130.0,EU MAC,compliant,indeterminate,unresolved_no_lod,True
C3,29,Chlorpyrifos,0.0,True,,,0.0026,EU MAC,compliant,indeterminate,unresolved_no_lod,True
C3,29,Clarithromycin,0.0,True,,,0.13,EU MAC,compliant,indeterminate,unresolved_no_lod,True
C3,29,Clothianidin,0.0,True,0.13583585498351416,0.45278618327838055,0.34,EU MAC,compliant,indeterminate,method_insufficient,True
C3,29,Cybutryne,0.0,True,,,0.016,EU MAC,compliant,indeterminate,unresolved_no_lod,True
C3,29,Cypermethrin,0.0,True,,,0.0006000000000000001,EU MAC,compliant,indeterminate,unresolved_no_lod,True
C3,29,Di(2- ethylhexyl)phthalate (DEHP),38.87943442819532,False,,,2.0,EU MAC,exceeding,exceeding,,False
C3,29,Dichlorvos,0.0,True,,,0.0007,EU MAC,compliant,indeterminate,unresolved_no_lod,True
C3,29,Diuron,0.29231363121551235,False,,,0.27,EU MAC,exceeding,exceeding,,False
C3,29,Erythromycin,0.0,True,,,1.0,EU MAC,compliant,indeterminate,unresolved_no_lod,True
C3,29,Fluoranthene,0.0,True,,,0.12,EU MAC,compliant,indeterminate,unresolved_no_lod,True
C3,29,Hexachlorobenzene,0.0,True,,,8.0,EU MAC,compliant,indeterminate,unresolved_no_lod,True
C3,29,Imidacloprid,0.0,True,0.6194075722193858,2.0646919073979526,0.057,EU MAC,compliant,indeterminate,method_insufficient,True
C3,29,Isoproturon,0.0,True,,,1.0,EU MAC,compliant,indeterminate,unresolved_no_lod,True
C3,29,Pentachlorobenzene,0.0,True,,,0.007,EU AA,compliant,indeterminate,unresolved_no_lod,True
C3,29,Quinoxyfen,0.0,True,,,2.7,EU MAC,compliant,indeterminate,unresolved_no_lod,True
C3,29,Terbutryn,0.0,True,,,0.34,EU MAC,compliant,indeterminate,unresolved_no_lod,True
C3,29,Thiacloprid,0.0,True,0.08682554171532375,0.28941847238441254,0.05,EU MAC,compliant,indeterminate,method_insufficient,True
C3,29,Triclosan,0.0,True,,,0.02,EU MAC,compliant,indeterminate,unresolved_no_lod,True
C3,29,Trifluralin,0.0,True,,,0.03,EU AA,compliant,indeterminate,unresolved_no_lod,True
C3,30,17-alpha-Estradiol,0.0,True,,,0.00018,EU AA,compliant,indeterminate,unresolved_no_lod,True
C3,30,17-alpha-Ethinylestradiol,0.0,True,,,1.7e-05,EU AA,compliant,indeterminate,unresolved_no_lod,True
C3,30,17-beta-Estradiol,0.0,True,,,0.00018,EU AA,compliant,indeterminate,unresolved_no_lod,True
C3,30,Acetamiprid,0.025503016453665935,False,0.025237601919248082,0.08412533973082695,0.16,EU MAC,compliant,compliant,,False
C3,30,Aclonifen,0.0,True,,,0.12,EU MAC,compliant,indeterminate,unresolved_no_lod,True
C3,30,Anthracene,0.0,True,,,0.1,EU MAC,compliant,indeterminate,unresolved_no_lod,True
C3,30,Azithromycin,0.0,True,,,0.18,EU MAC,compliant,indeterminate,unresolved_no_lod,True
C3,30,Bifenox,0.0,True,,,0.04,EU MAC,compliant,indeterminate,unresolved_no_lod,True
C3,30,Bisphenol-A,0.0,True,,,130.0,EU MAC,compliant,indeterminate,unresolved_no_lod,True
C3,30,Chlorpyrifos,0.39158916433743385,False,,,0.0026,EU MAC,exceeding,exceeding,,False
C3,30,Clarithromycin,0.0,True,,,0.13,EU MAC,compliant,indeterminate,unresolved_no_lod,True
C3,30,Clothianidin,0.0,True,0.13583585498351416,0.45278618327838055,0.34,EU MAC,compliant,indeterminate,method_insufficient,True
C3,30,Cybutryne,0.0,True,,,0.016,EU MAC,compliant,indeterminate,unresolved_no_lod,True
C3,30,Cypermethrin,0.0,True,,,0.0006000000000000001,EU MAC,compliant,indeterminate,unresolved_no_lod,True
C3,30,Di(2- ethylhexyl)phthalate (DEHP),42.64376654901273,False,,,2.0,EU MAC,exceeding,exceeding,,False
C3,30,Dichlorvos,0.0,True,,,0.0007,EU MAC,compliant,indeterminate,unresolved_no_lod,True
C3,30,Diuron,0.0,True,,,0.27,EU MAC,compliant,indeterminate,unresolved_no_lod,True
C3,30,Erythromycin,0.0,True,,,1.0,EU MAC,compliant,indeterminate,unresolved_no_lod,True
C3,30,Fluoranthene,0.0,True,,,0.12,EU MAC,compliant,indeterminate,unresolved_no_lod,True
C3,30,Hexachlorobenzene,0.0,True,,,8.0,EU MAC,compliant,indeterminate,unresolved_no_lod,True
C3,30,Imidacloprid,0.0,True,0.6194075722193858,2.0646919073979526,0.057,EU MAC,compliant,indeterminate,method_insufficient,True
C3,30,Isoproturon,0.0,True,,,1.0,EU MAC,compliant,indeterminate,unresolved_no_lod,True
C3,30,Pentachlorobenzene,0.0,True,,,0.007,EU AA,compliant,indeterminate,unresolved_no_lod,True
C3,30,Quinoxyfen,0.0,True,,,2.7,EU MAC,compliant,indeterminate,unresolved_no_lod,True
C3,30,Terbutryn,0.0,True,,,0.34,EU MAC,compliant,indeterminate,unresolved_no_lod,True
C3,30,Thiacloprid,0.0,True,0.08682554171532375,0.28941847238441254,0.05,EU MAC,compliant,indeterminate,method_insufficient,True
C3,30,Triclosan,0.0,True,,,0.02,EU MAC,compliant,indeterminate,unresolved_no_lod,True
C3,30,Trifluralin,0.0,True,,,0.03,EU AA,compliant,indeterminate,unresolved_no_lod,True
C3,31,17-alpha-Estradiol,0.0,True,,,0.00018,EU AA,compliant,indeterminate,unresolved_no_lod,True
C3,31,17-alpha-Ethinylestradiol,0.0,True,,,1.7e-05,EU AA,compliant,indeterminate,unresolved_no_lod,True
C3,31,17-beta-Estradiol,0.0,True,,,0.00018,EU AA,compliant,indeterminate,unresolved_no_lod,True
C3,31,Acetamiprid,0.03326612458976918,False,0.025237601919248082,0.08412533973082695,0.16,EU MAC,compliant,compliant,,False
C3,31,Aclonifen,0.0,True,,,0.12,EU MAC,compliant,indeterminate,unresolved_no_lod,True
C3,31,Anthracene,0.0,True,,,0.1,EU MAC,compliant,indeterminate,unresolved_no_lod,True
C3,31,Azithromycin,0.0,True,,,0.18,EU MAC,compliant,indeterminate,unresolved_no_lod,True
C3,31,Bifenox,0.0,True,,,0.04,EU MAC,compliant,indeterminate,unresolved_no_lod,True
C3,31,Bisphenol-A,0.0,True,,,130.0,EU MAC,compliant,indeterminate,unresolved_no_lod,True
C3,31,Chlorpyrifos,0.0,True,,,0.0026,EU MAC,compliant,indeterminate,unresolved_no_lod,True
C3,31,Clarithromycin,0.0,True,,,0.13,EU MAC,compliant,indeterminate,unresolved_no_lod,True
C3,31,Clothianidin,0.0,True,0.13583585498351416,0.45278618327838055,0.34,EU MAC,compliant,indeterminate,method_insufficient,True
C3,31,Cybutryne,0.0,True,,,0.016,EU MAC,compliant,indeterminate,unresolved_no_lod,True
C3,31,Cypermethrin,0.0,True,,,0.0006000000000000001,EU MAC,compliant,indeterminate,unresolved_no_lod,True
C3,31,Di(2- ethylhexyl)phthalate (DEHP),37.0712974455079,False,,,2.0,EU MAC,exceeding,exceeding,,False
C3,31,Dichlorvos,0.0,True,,,0.0007,EU MAC,compliant,indeterminate,unresolved_no_lod,True
C3,31,Diuron,0.0,True,,,0.27,EU MAC,compliant,indeterminate,unresolved_no_lod,True
C3,31,Erythromycin,0.0,True,,,1.0,EU MAC,compliant,indeterminate,unresolved_no_lod,True
C3,31,Fluoranthene,0.0,True,,,0.12,EU MAC,compliant,indeterminate,unresolved_no_lod,True
C3,31,Hexachlorobenzene,0.0,True,,,8.0,EU MAC,compliant,indeterminate,unresolved_no_lod,True
C3,31,Imidacloprid,0.0,True,0.6194075722193858,2.0646919073979526,0.057,EU MAC,compliant,indeterminate,method_insufficient,True
C3,31,Isoproturon,0.0,True,,,1.0,EU MAC,compliant,indeterminate,unresolved_no_lod,True
C3,31,Pentachlorobenzene,0.0,True,,,0.007,EU AA,compliant,indeterminate,unresolved_no_lod,True
C3,31,Quinoxyfen,0.0,True,,,2.7,EU MAC,compliant,indeterminate,unresolved_no_lod,True
C3,31,Terbutryn,0.0,True,,,0.34,EU MAC,compliant,indeterminate,unresolved_no_lod,True
C3,31,Thiacloprid,0.0,True,0.08682554171532375,0.28941847238441254,0.05,EU MAC,compliant,indeterminate,method_insufficient,True
C3,31,Triclosan,0.0,True,,,0.02,EU MAC,compliant,indeterminate,unresolved_no_lod,True
C3,31,Trifluralin,0.0,True,,,0.03,EU AA,compliant,indeterminate,unresolved_no_lod,True
C3,32,17-alpha-Estradiol,0.0,True,,,0.00018,EU AA,compliant,indeterminate,unresolved_no_lod,True
C3,32,17-alpha-Ethinylestradiol,0.0,True,,,1.7e-05,EU AA,compliant,indeterminate,unresolved_no_lod,True
C3,32,17-beta-Estradiol,0.0,True,,,0.00018,EU AA,compliant,indeterminate,unresolved_no_lod,True
C3,32,Acetamiprid,0.03624368935344414,False,0.025237601919248082,0.08412533973082695,0.16,EU MAC,compliant,compliant,,False
C3,32,Aclonifen,0.0,True,,,0.12,EU MAC,compliant,indeterminate,unresolved_no_lod,True
C3,32,Anthracene,0.0,True,,,0.1,EU MAC,compliant,indeterminate,unresolved_no_lod,True
C3,32,Azithromycin,0.0,True,,,0.18,EU MAC,compliant,indeterminate,unresolved_no_lod,True
C3,32,Bifenox,0.0,True,,,0.04,EU MAC,compliant,indeterminate,unresolved_no_lod,True
C3,32,Bisphenol-A,0.0,True,,,130.0,EU MAC,compliant,indeterminate,unresolved_no_lod,True
C3,32,Chlorpyrifos,0.0,True,,,0.0026,EU MAC,compliant,indeterminate,unresolved_no_lod,True
C3,32,Clarithromycin,0.0,True,,,0.13,EU MAC,compliant,indeterminate,unresolved_no_lod,True
C3,32,Clothianidin,0.0,True,0.13583585498351416,0.45278618327838055,0.34,EU MAC,compliant,indeterminate,method_insufficient,True
C3,32,Cybutryne,0.0,True,,,0.016,EU MAC,compliant,indeterminate,unresolved_no_lod,True
C3,32,Cypermethrin,0.0,True,,,0.0006000000000000001,EU MAC,compliant,indeterminate,unresolved_no_lod,True
C3,32,Di(2- ethylhexyl)phthalate (DEHP),29.123381128511628,False,,,2.0,EU MAC,exceeding,exceeding,,False
C3,32,Dichlorvos,0.0,True,,,0.0007,EU MAC,compliant,indeterminate,unresolved_no_lod,True
C3,32,Diuron,1.442693922970868,False,,,0.27,EU MAC,exceeding,exceeding,,False
C3,32,Erythromycin,0.0,True,,,1.0,EU MAC,compliant,indeterminate,unresolved_no_lod,True
C3,32,Fluoranthene,0.0,True,,,0.12,EU MAC,compliant,indeterminate,unresolved_no_lod,True
C3,32,Hexachlorobenzene,0.0,True,,,8.0,EU MAC,compliant,indeterminate,unresolved_no_lod,True
C3,32,Imidacloprid,0.0,True,0.6194075722193858,2.0646919073979526,0.057,EU MAC,compliant,indeterminate,method_insufficient,True
C3,32,Isoproturon,0.0,True,,,1.0,EU MAC,compliant,indeterminate,unresolved_no_lod,True
C3,32,Pentachlorobenzene,0.0,True,,,0.007,EU AA,compliant,indeterminate,unresolved_no_lod,True
C3,32,Quinoxyfen,0.0,True,,,2.7,EU MAC,compliant,indeterminate,unresolved_no_lod,True
C3,32,Terbutryn,0.0,True,,,0.34,EU MAC,compliant,indeterminate,unresolved_no_lod,True
C3,32,Thiacloprid,0.0,True,0.08682554171532375,0.28941847238441254,0.05,EU MAC,compliant,indeterminate,method_insufficient,True
C3,32,Triclosan,0.0,True,,,0.02,EU MAC,compliant,indeterminate,unresolved_no_lod,True
C3,32,Trifluralin,0.0,True,,,0.03,EU AA,compliant,indeterminate,unresolved_no_lod,True
C3,33,17-alpha-Estradiol,0.0,True,,,0.00018,EU AA,compliant,indeterminate,unresolved_no_lod,True
C3,33,17-alpha-Ethinylestradiol,0.0,True,,,1.7e-05,EU AA,compliant,indeterminate,unresolved_no_lod,True
C3,33,17-beta-Estradiol,0.0,True,,,0.00018,EU AA,compliant,indeterminate,unresolved_no_lod,True
C3,33,Acetamiprid,0.0,True,0.025237601919248082,0.08412533973082695,0.16,EU MAC,compliant,compliant,,False
C3,33,Aclonifen,0.06699487551828767,False,,,0.12,EU MAC,compliant,compliant,,False
C3,33,Anthracene,0.0,True,,,0.1,EU MAC,compliant,indeterminate,unresolved_no_lod,True
C3,33,Azithromycin,0.0,True,,,0.18,EU MAC,compliant,indeterminate,unresolved_no_lod,True
C3,33,Bifenox,0.0,True,,,0.04,EU MAC,compliant,indeterminate,unresolved_no_lod,True
C3,33,Bisphenol-A,0.0,True,,,130.0,EU MAC,compliant,indeterminate,unresolved_no_lod,True
C3,33,Chlorpyrifos,0.0,True,,,0.0026,EU MAC,compliant,indeterminate,unresolved_no_lod,True
C3,33,Clarithromycin,0.0,True,,,0.13,EU MAC,compliant,indeterminate,unresolved_no_lod,True
C3,33,Clothianidin,0.0,True,0.13583585498351416,0.45278618327838055,0.34,EU MAC,compliant,indeterminate,method_insufficient,True
C3,33,Cybutryne,0.0,True,,,0.016,EU MAC,compliant,indeterminate,unresolved_no_lod,True
C3,33,Cypermethrin,0.0,True,,,0.0006000000000000001,EU MAC,compliant,indeterminate,unresolved_no_lod,True
C3,33,Di(2- ethylhexyl)phthalate (DEHP),35.819852400341205,False,,,2.0,EU MAC,exceeding,exceeding,,False
C3,33,Dichlorvos,0.0,True,,,0.0007,EU MAC,compliant,indeterminate,unresolved_no_lod,True
C3,33,Diuron,1.5310546942046313,False,,,0.27,EU MAC,exceeding,exceeding,,False
C3,33,Erythromycin,0.0,True,,,1.0,EU MAC,compliant,indeterminate,unresolved_no_lod,True
C3,33,Fluoranthene,0.0,True,,,0.12,EU MAC,compliant,indeterminate,unresolved_no_lod,True
C3,33,Hexachlorobenzene,0.0,True,,,8.0,EU MAC,compliant,indeterminate,unresolved_no_lod,True
C3,33,Imidacloprid,0.0,True,0.6194075722193858,2.0646919073979526,0.057,EU MAC,compliant,indeterminate,method_insufficient,True
C3,33,Isoproturon,0.0,True,,,1.0,EU MAC,compliant,indeterminate,unresolved_no_lod,True
C3,33,Pentachlorobenzene,0.0,True,,,0.007,EU AA,compliant,indeterminate,unresolved_no_lod,True
C3,33,Quinoxyfen,0.0,True,,,2.7,EU MAC,compliant,indeterminate,unresolved_no_lod,True
C3,33,Terbutryn,0.0,True,,,0.34,EU MAC,compliant,indeterminate,unresolved_no_lod,True
C3,33,Thiacloprid,0.0,True,0.08682554171532375,0.28941847238441254,0.05,EU MAC,compliant,indeterminate,method_insufficient,True
C3,33,Triclosan,0.0,True,,,0.02,EU MAC,compliant,indeterminate,unresolved_no_lod,True
C3,33,Trifluralin,0.0,True,,,0.03,EU AA,compliant,indeterminate,unresolved_no_lod,True
C3,34,17-alpha-Estradiol,0.0,True,,,0.00018,EU AA,compliant,indeterminate,unresolved_no_lod,True
C3,34,17-alpha-Ethinylestradiol,0.0,True,,,1.7e-05,EU AA,compliant,indeterminate,unresolved_no_lod,True
C3,34,17-beta-Estradiol,0.0,True,,,0.00018,EU AA,compliant,indeterminate,unresolved_no_lod,True
C3,34,Acetamiprid,0.0,True,0.025237601919248082,0.08412533973082695,0.16,EU MAC,compliant,compliant,,False
C3,34,Aclonifen,0.0,True,,,0.12,EU MAC,compliant,indeterminate,unresolved_no_lod,True
C3,34,Anthracene,0.0,True,,,0.1,EU MAC,compliant,indeterminate,unresolved_no_lod,True
C3,34,Azithromycin,0.0,True,,,0.18,EU MAC,compliant,indeterminate,unresolved_no_lod,True
C3,34,Bifenox,0.0,True,,,0.04,EU MAC,compliant,indeterminate,unresolved_no_lod,True
C3,34,Bisphenol-A,0.0,True,,,130.0,EU MAC,compliant,indeterminate,unresolved_no_lod,True
C3,34,Chlorpyrifos,0.0,True,,,0.0026,EU MAC,compliant,indeterminate,unresolved_no_lod,True
C3,34,Clarithromycin,0.0,True,,,0.13,EU MAC,compliant,indeterminate,unresolved_no_lod,True
C3,34,Clothianidin,0.0,True,0.13583585498351416,0.45278618327838055,0.34,EU MAC,compliant,indeterminate,method_insufficient,True
C3,34,Cybutryne,0.0,True,,,0.016,EU MAC,compliant,indeterminate,unresolved_no_lod,True
C3,34,Cypermethrin,0.0,True,,,0.0006000000000000001,EU MAC,compliant,indeterminate,unresolved_no_lod,True
C3,34,Di(2- ethylhexyl)phthalate (DEHP),6.522603142612133,False,,,2.0,EU MAC,exceeding,exceeding,,False
C3,34,Dichlorvos,0.0,True,,,0.0007,EU MAC,compliant,indeterminate,unresolved_no_lod,True
C3,34,Diuron,0.0,True,,,0.27,EU MAC,compliant,indeterminate,unresolved_no_lod,True
C3,34,Erythromycin,0.0,True,,,1.0,EU MAC,compliant,indeterminate,unresolved_no_lod,True
C3,34,Fluoranthene,0.0,True,,,0.12,EU MAC,compliant,indeterminate,unresolved_no_lod,True
C3,34,Hexachlorobenzene,0.0,True,,,8.0,EU MAC,compliant,indeterminate,unresolved_no_lod,True
C3,34,Imidacloprid,0.0,True,0.6194075722193858,2.0646919073979526,0.057,EU MAC,compliant,indeterminate,method_insufficient,True
C3,34,Isoproturon,0.0,True,,,1.0,EU MAC,compliant,indeterminate,unresolved_no_lod,True
C3,34,Pentachlorobenzene,0.0,True,,,0.007,EU AA,compliant,indeterminate,unresolved_no_lod,True
C3,34,Quinoxyfen,0.0,True,,,2.7,EU MAC,compliant,indeterminate,unresolved_no_lod,True
C3,34,Terbutryn,0.0,True,,,0.34,EU MAC,compliant,indeterminate,unresolved_no_lod,True
C3,34,Thiacloprid,0.0,True,0.08682554171532375,0.28941847238441254,0.05,EU MAC,compliant,indeterminate,method_insufficient,True
C3,34,Triclosan,0.0,True,,,0.02,EU MAC,compliant,indeterminate,unresolved_no_lod,True
C3,34,Trifluralin,0.0,True,,,0.03,EU AA,compliant,indeterminate,unresolved_no_lod,True
C3,35,17-alpha-Estradiol,0.0,True,,,0.00018,EU AA,compliant,indeterminate,unresolved_no_lod,True
C3,35,17-alpha-Ethinylestradiol,0.0,True,,,1.7e-05,EU AA,compliant,indeterminate,unresolved_no_lod,True
C3,35,17-beta-Estradiol,0.0,True,,,0.00018,EU AA,compliant,indeterminate,unresolved_no_lod,True
C3,35,Acetamiprid,0.0,True,0.025237601919248082,0.08412533973082695,0.16,EU MAC,compliant,compliant,,False
C3,35,Aclonifen,0.09364402108753729,False,,,0.12,EU MAC,compliant,compliant,,False
C3,35,Anthracene,0.0,True,,,0.1,EU MAC,compliant,indeterminate,unresolved_no_lod,True
C3,35,Azithromycin,0.0,True,,,0.18,EU MAC,compliant,indeterminate,unresolved_no_lod,True
C3,35,Bifenox,0.0,True,,,0.04,EU MAC,compliant,indeterminate,unresolved_no_lod,True
C3,35,Bisphenol-A,0.0,True,,,130.0,EU MAC,compliant,indeterminate,unresolved_no_lod,True
C3,35,Chlorpyrifos,0.0,True,,,0.0026,EU MAC,compliant,indeterminate,unresolved_no_lod,True
C3,35,Clarithromycin,0.0,True,,,0.13,EU MAC,compliant,indeterminate,unresolved_no_lod,True
C3,35,Clothianidin,0.0,True,0.13583585498351416,0.45278618327838055,0.34,EU MAC,compliant,indeterminate,method_insufficient,True
C3,35,Cybutryne,0.0,True,,,0.016,EU MAC,compliant,indeterminate,unresolved_no_lod,True
C3,35,Cypermethrin,0.0,True,,,0.0006000000000000001,EU MAC,compliant,indeterminate,unresolved_no_lod,True
C3,35,Di(2- ethylhexyl)phthalate (DEHP),7.096219882845302,False,,,2.0,EU MAC,exceeding,exceeding,,False
C3,35,Dichlorvos,0.0,True,,,0.0007,EU MAC,compliant,indeterminate,unresolved_no_lod,True
C3,35,Diuron,0.6157768077507143,False,,,0.27,EU MAC,exceeding,exceeding,,False
C3,35,Erythromycin,0.0,True,,,1.0,EU MAC,compliant,indeterminate,unresolved_no_lod,True
C3,35,Fluoranthene,0.0,True,,,0.12,EU MAC,compliant,indeterminate,unresolved_no_lod,True
C3,35,Hexachlorobenzene,0.0,True,,,8.0,EU MAC,compliant,indeterminate,unresolved_no_lod,True
C3,35,Imidacloprid,0.0,True,0.6194075722193858,2.0646919073979526,0.057,EU MAC,compliant,indeterminate,method_insufficient,True
C3,35,Isoproturon,0.0,True,,,1.0,EU MAC,compliant,indeterminate,unresolved_no_lod,True
C3,35,Pentachlorobenzene,0.0,True,,,0.007,EU AA,compliant,indeterminate,unresolved_no_lod,True
C3,35,Quinoxyfen,0.0,True,,,2.7,EU MAC,compliant,indeterminate,unresolved_no_lod,True
C3,35,Terbutryn,0.0,True,,,0.34,EU MAC,compliant,indeterminate,unresolved_no_lod,True
C3,35,Thiacloprid,0.0,True,0.08682554171532375,0.28941847238441254,0.05,EU MAC,compliant,indeterminate,method_insufficient,True
C3,35,Triclosan,0.0,True,,,0.02,EU MAC,compliant,indeterminate,unresolved_no_lod,True
C3,35,Trifluralin,0.0,True,,,0.03,EU AA,compliant,indeterminate,unresolved_no_lod,True
C3,36,17-alpha-Estradiol,0.0,True,,,0.00018,EU AA,compliant,indeterminate,unresolved_no_lod,True
C3,36,17-alpha-Ethinylestradiol,0.0,True,,,1.7e-05,EU AA,compliant,indeterminate,unresolved_no_lod,True
C3,36,17-beta-Estradiol,0.0,True,,,0.00018,EU AA,compliant,indeterminate,unresolved_no_lod,True
C3,36,Acetamiprid,0.0,True,0.025237601919248082,0.08412533973082695,0.16,EU MAC,compliant,compliant,,False
C3,36,Aclonifen,0.0,True,,,0.12,EU MAC,compliant,indeterminate,unresolved_no_lod,True
C3,36,Anthracene,0.0,True,,,0.1,EU MAC,compliant,indeterminate,unresolved_no_lod,True
C3,36,Azithromycin,0.0,True,,,0.18,EU MAC,compliant,indeterminate,unresolved_no_lod,True
C3,36,Bifenox,0.0,True,,,0.04,EU MAC,compliant,indeterminate,unresolved_no_lod,True
C3,36,Bisphenol-A,0.0,True,,,130.0,EU MAC,compliant,indeterminate,unresolved_no_lod,True
C3,36,Chlorpyrifos,0.19121515306694176,False,,,0.0026,EU MAC,exceeding,exceeding,,False
C3,36,Clarithromycin,0.0,True,,,0.13,EU MAC,compliant,indeterminate,unresolved_no_lod,True
C3,36,Clothianidin,0.0,True,0.13583585498351416,0.45278618327838055,0.34,EU MAC,compliant,indeterminate,method_insufficient,True
C3,36,Cybutryne,0.0,True,,,0.016,EU MAC,compliant,indeterminate,unresolved_no_lod,True
C3,36,Cypermethrin,0.0,True,,,0.0006000000000000001,EU MAC,compliant,indeterminate,unresolved_no_lod,True
C3,36,Di(2- ethylhexyl)phthalate (DEHP),7.949798926848081,False,,,2.0,EU MAC,exceeding,exceeding,,False
C3,36,Dichlorvos,0.0,True,,,0.0007,EU MAC,compliant,indeterminate,unresolved_no_lod,True
C3,36,Diuron,0.04911005355388906,False,,,0.27,EU MAC,compliant,compliant,,False
C3,36,Erythromycin,0.0,True,,,1.0,EU MAC,compliant,indeterminate,unresolved_no_lod,True
C3,36,Fluoranthene,0.0,True,,,0.12,EU MAC,compliant,indeterminate,unresolved_no_lod,True
C3,36,Hexachlorobenzene,0.0,True,,,8.0,EU MAC,compliant,indeterminate,unresolved_no_lod,True
C3,36,Imidacloprid,0.0,True,0.6194075722193858,2.0646919073979526,0.057,EU MAC,compliant,indeterminate,method_insufficient,True
C3,36,Isoproturon,0.0,True,,,1.0,EU MAC,compliant,indeterminate,unresolved_no_lod,True
C3,36,Pentachlorobenzene,0.0,True,,,0.007,EU AA,compliant,indeterminate,unresolved_no_lod,True
C3,36,Quinoxyfen,0.0,True,,,2.7,EU MAC,compliant,indeterminate,unresolved_no_lod,True
C3,36,Terbutryn,0.0,True,,,0.34,EU MAC,compliant,indeterminate,unresolved_no_lod,True
C3,36,Thiacloprid,0.0,True,0.08682554171532375,0.28941847238441254,0.05,EU MAC,compliant,indeterminate,method_insufficient,True
C3,36,Triclosan,0.0,True,,,0.02,EU MAC,compliant,indeterminate,unresolved_no_lod,True
C3,36,Trifluralin,0.0,True,,,0.03,EU AA,compliant,indeterminate,unresolved_no_lod,True
C3,37,17-alpha-Estradiol,0.0,True,,,0.00018,EU AA,compliant,indeterminate,unresolved_no_lod,True
C3,37,17-alpha-Ethinylestradiol,0.0,True,,,1.7e-05,EU AA,compliant,indeterminate,unresolved_no_lod,True
C3,37,17-beta-Estradiol,0.0,True,,,0.00018,EU AA,compliant,indeterminate,unresolved_no_lod,True
C3,37,Acetamiprid,0.0,True,0.025237601919248082,0.08412533973082695,0.16,EU MAC,compliant,compliant,,False
C3,37,Aclonifen,0.0,True,,,0.12,EU MAC,compliant,indeterminate,unresolved_no_lod,True
C3,37,Anthracene,0.0,True,,,0.1,EU MAC,compliant,indeterminate,unresolved_no_lod,True
C3,37,Azithromycin,0.0,True,,,0.18,EU MAC,compliant,indeterminate,unresolved_no_lod,True
C3,37,Bifenox,0.0,True,,,0.04,EU MAC,compliant,indeterminate,unresolved_no_lod,True
C3,37,Bisphenol-A,0.0,True,,,130.0,EU MAC,compliant,indeterminate,unresolved_no_lod,True
C3,37,Chlorpyrifos,0.0,True,,,0.0026,EU MAC,compliant,indeterminate,unresolved_no_lod,True
C3,37,Clarithromycin,0.0,True,,,0.13,EU MAC,compliant,indeterminate,unresolved_no_lod,True
C3,37,Clothianidin,0.0,True,0.13583585498351416,0.45278618327838055,0.34,EU MAC,compliant,indeterminate,method_insufficient,True
C3,37,Cybutryne,0.0,True,,,0.016,EU MAC,compliant,indeterminate,unresolved_no_lod,True
C3,37,Cypermethrin,0.0,True,,,0.0006000000000000001,EU MAC,compliant,indeterminate,unresolved_no_lod,True
C3,37,Di(2- ethylhexyl)phthalate (DEHP),27.385237057510846,False,,,2.0,EU MAC,exceeding,exceeding,,False
C3,37,Dichlorvos,0.0,True,,,0.0007,EU MAC,compliant,indeterminate,unresolved_no_lod,True
C3,37,Diuron,0.125189044505179,False,,,0.27,EU MAC,compliant,compliant,,False
C3,37,Erythromycin,0.0,True,,,1.0,EU MAC,compliant,indeterminate,unresolved_no_lod,True
C3,37,Fluoranthene,0.0,True,,,0.12,EU MAC,compliant,indeterminate,unresolved_no_lod,True
C3,37,Hexachlorobenzene,0.0,True,,,8.0,EU MAC,compliant,indeterminate,unresolved_no_lod,True
C3,37,Imidacloprid,0.0,True,0.6194075722193858,2.0646919073979526,0.057,EU MAC,compliant,indeterminate,method_insufficient,True
C3,37,Isoproturon,0.0,True,,,1.0,EU MAC,compliant,indeterminate,unresolved_no_lod,True
C3,37,Pentachlorobenzene,0.0,True,,,0.007,EU AA,compliant,indeterminate,unresolved_no_lod,True
C3,37,Quinoxyfen,0.0,True,,,2.7,EU MAC,compliant,indeterminate,unresolved_no_lod,True
C3,37,Terbutryn,0.0,True,,,0.34,EU MAC,compliant,indeterminate,unresolved_no_lod,True
C3,37,Thiacloprid,0.0,True,0.08682554171532375,0.28941847238441254,0.05,EU MAC,compliant,indeterminate,method_insufficient,True
C3,37,Triclosan,0.0,True,,,0.02,EU MAC,compliant,indeterminate,unresolved_no_lod,True
C3,37,Trifluralin,0.0,True,,,0.03,EU AA,compliant,indeterminate,unresolved_no_lod,True
C3,38,17-alpha-Estradiol,0.0,True,,,0.00018,EU AA,compliant,indeterminate,unresolved_no_lod,True
C3,38,17-alpha-Ethinylestradiol,0.0,True,,,1.7e-05,EU AA,compliant,indeterminate,unresolved_no_lod,True
C3,38,17-beta-Estradiol,0.0,True,,,0.00018,EU AA,compliant,indeterminate,unresolved_no_lod,True
C3,38,Acetamiprid,0.0,True,0.025237601919248082,0.08412533973082695,0.16,EU MAC,compliant,compliant,,False
C3,38,Aclonifen,0.0,True,,,0.12,EU MAC,compliant,indeterminate,unresolved_no_lod,True
C3,38,Anthracene,0.0,True,,,0.1,EU MAC,compliant,indeterminate,unresolved_no_lod,True
C3,38,Azithromycin,0.0,True,,,0.18,EU MAC,compliant,indeterminate,unresolved_no_lod,True
C3,38,Bifenox,0.0,True,,,0.04,EU MAC,compliant,indeterminate,unresolved_no_lod,True
C3,38,Bisphenol-A,0.0,True,,,130.0,EU MAC,compliant,indeterminate,unresolved_no_lod,True
C3,38,Chlorpyrifos,0.0,True,,,0.0026,EU MAC,compliant,indeterminate,unresolved_no_lod,True
C3,38,Clarithromycin,0.0,True,,,0.13,EU MAC,compliant,indeterminate,unresolved_no_lod,True
C3,38,Clothianidin,0.0,True,0.13583585498351416,0.45278618327838055,0.34,EU MAC,compliant,indeterminate,method_insufficient,True
C3,38,Cybutryne,0.0,True,,,0.016,EU MAC,compliant,indeterminate,unresolved_no_lod,True
C3,38,Cypermethrin,0.0,True,,,0.0006000000000000001,EU MAC,compliant,indeterminate,unresolved_no_lod,True
C3,38,Di(2- ethylhexyl)phthalate (DEHP),21.17910857251887,False,,,2.0,EU MAC,exceeding,exceeding,,False
C3,38,Dichlorvos,0.0,True,,,0.0007,EU MAC,compliant,indeterminate,unresolved_no_lod,True
C3,38,Diuron,0.12703241044207647,False,,,0.27,EU MAC,compliant,compliant,,False
C3,38,Erythromycin,0.0,True,,,1.0,EU MAC,compliant,indeterminate,unresolved_no_lod,True
C3,38,Fluoranthene,0.0,True,,,0.12,EU MAC,compliant,indeterminate,unresolved_no_lod,True
C3,38,Hexachlorobenzene,0.0,True,,,8.0,EU MAC,compliant,indeterminate,unresolved_no_lod,True
C3,38,Imidacloprid,0.0,True,0.6194075722193858,2.0646919073979526,0.057,EU MAC,compliant,indeterminate,method_insufficient,True
C3,38,Isoproturon,0.0,True,,,1.0,EU MAC,compliant,indeterminate,unresolved_no_lod,True
C3,38,Pentachlorobenzene,0.0,True,,,0.007,EU AA,compliant,indeterminate,unresolved_no_lod,True
C3,38,Quinoxyfen,0.0,True,,,2.7,EU MAC,compliant,indeterminate,unresolved_no_lod,True
C3,38,Terbutryn,0.0,True,,,0.34,EU MAC,compliant,indeterminate,unresolved_no_lod,True
C3,38,Thiacloprid,0.0,True,0.08682554171532375,0.28941847238441254,0.05,EU MAC,compliant,indeterminate,method_insufficient,True
C3,38,Triclosan,0.0,True,,,0.02,EU MAC,compliant,indeterminate,unresolved_no_lod,True
C3,38,Trifluralin,0.0,True,,,0.03,EU AA,compliant,indeterminate,unresolved_no_lod,True
C3,39,17-alpha-Estradiol,0.0,True,,,0.00018,EU AA,compliant,indeterminate,unresolved_no_lod,True
C3,39,17-alpha-Ethinylestradiol,0.0,True,,,1.7e-05,EU AA,compliant,indeterminate,unresolved_no_lod,True
C3,39,17-beta-Estradiol,0.0,True,,,0.00018,EU AA,compliant,indeterminate,unresolved_no_lod,True
C3,39,Acetamiprid,0.0,True,0.025237601919248082,0.08412533973082695,0.16,EU MAC,compliant,compliant,,False
C3,39,Aclonifen,0.0,True,,,0.12,EU MAC,compliant,indeterminate,unresolved_no_lod,True
C3,39,Anthracene,0.0,True,,,0.1,EU MAC,compliant,indeterminate,unresolved_no_lod,True
C3,39,Azithromycin,0.0,True,,,0.18,EU MAC,compliant,indeterminate,unresolved_no_lod,True
C3,39,Bifenox,0.0,True,,,0.04,EU MAC,compliant,indeterminate,unresolved_no_lod,True
C3,39,Bisphenol-A,0.0,True,,,130.0,EU MAC,compliant,indeterminate,unresolved_no_lod,True
C3,39,Chlorpyrifos,0.0,True,,,0.0026,EU MAC,compliant,indeterminate,unresolved_no_lod,True
C3,39,Clarithromycin,0.0,True,,,0.13,EU MAC,compliant,indeterminate,unresolved_no_lod,True
C3,39,Clothianidin,0.0,True,0.13583585498351416,0.45278618327838055,0.34,EU MAC,compliant,indeterminate,method_insufficient,True
C3,39,Cybutryne,0.0,True,,,0.016,EU MAC,compliant,indeterminate,unresolved_no_lod,True
C3,39,Cypermethrin,0.0,True,,,0.0006000000000000001,EU MAC,compliant,indeterminate,unresolved_no_lod,True
C3,39,Di(2- ethylhexyl)phthalate (DEHP),4.057468022061248,False,,,2.0,EU MAC,exceeding,exceeding,,False
C3,39,Dichlorvos,0.0,True,,,0.0007,EU MAC,compliant,indeterminate,unresolved_no_lod,True
C3,39,Diuron,0.17528382777280505,False,,,0.27,EU MAC,compliant,compliant,,False
C3,39,Erythromycin,0.0,True,,,1.0,EU MAC,compliant,indeterminate,unresolved_no_lod,True
C3,39,Fluoranthene,0.0,True,,,0.12,EU MAC,compliant,indeterminate,unresolved_no_lod,True
C3,39,Hexachlorobenzene,0.0,True,,,8.0,EU MAC,compliant,indeterminate,unresolved_no_lod,True
C3,39,Imidacloprid,0.0,True,0.6194075722193858,2.0646919073979526,0.057,EU MAC,compliant,indeterminate,method_insufficient,True
C3,39,Isoproturon,0.0,True,,,1.0,EU MAC,compliant,indeterminate,unresolved_no_lod,True
C3,39,Pentachlorobenzene,0.0,True,,,0.007,EU AA,compliant,indeterminate,unresolved_no_lod,True
C3,39,Quinoxyfen,0.0,True,,,2.7,EU MAC,compliant,indeterminate,unresolved_no_lod,True
C3,39,Terbutryn,0.0,True,,,0.34,EU MAC,compliant,indeterminate,unresolved_no_lod,True
C3,39,Thiacloprid,0.0,True,0.08682554171532375,0.28941847238441254,0.05,EU MAC,compliant,indeterminate,method_insufficient,True
C3,39,Triclosan,0.0,True,,,0.02,EU MAC,compliant,indeterminate,unresolved_no_lod,True
C3,39,Trifluralin,0.0,True,,,0.03,EU AA,compliant,indeterminate,unresolved_no_lod,True
C3,40,17-alpha-Estradiol,0.0,True,,,0.00018,EU AA,compliant,indeterminate,unresolved_no_lod,True
C3,40,17-alpha-Ethinylestradiol,0.0,True,,,1.7e-05,EU AA,compliant,indeterminate,unresolved_no_lod,True
C3,40,17-beta-Estradiol,0.0,True,,,0.00018,EU AA,compliant,indeterminate,unresolved_no_lod,True
C3,40,Acetamiprid,0.0,True,0.025237601919248082,0.08412533973082695,0.16,EU MAC,compliant,compliant,,False
C3,40,Aclonifen,0.0,True,,,0.12,EU MAC,compliant,indeterminate,unresolved_no_lod,True
C3,40,Anthracene,0.0,True,,,0.1,EU MAC,compliant,indeterminate,unresolved_no_lod,True
C3,40,Azithromycin,0.0,True,,,0.18,EU MAC,compliant,indeterminate,unresolved_no_lod,True
C3,40,Bifenox,0.0,True,,,0.04,EU MAC,compliant,indeterminate,unresolved_no_lod,True
C3,40,Bisphenol-A,0.0,True,,,130.0,EU MAC,compliant,indeterminate,unresolved_no_lod,True
C3,40,Chlorpyrifos,0.0,True,,,0.0026,EU MAC,compliant,indeterminate,unresolved_no_lod,True
C3,40,Clarithromycin,0.0,True,,,0.13,EU MAC,compliant,indeterminate,unresolved_no_lod,True
C3,40,Clothianidin,0.0,True,0.13583585498351416,0.45278618327838055,0.34,EU MAC,compliant,indeterminate,method_insufficient,True
C3,40,Cybutryne,0.0,True,,,0.016,EU MAC,compliant,indeterminate,unresolved_no_lod,True
C3,40,Cypermethrin,0.0,True,,,0.0006000000000000001,EU MAC,compliant,indeterminate,unresolved_no_lod,True
C3,40,Di(2- ethylhexyl)phthalate (DEHP),21.621965679099194,False,,,2.0,EU MAC,exceeding,exceeding,,False
C3,40,Dichlorvos,0.0,True,,,0.0007,EU MAC,compliant,indeterminate,unresolved_no_lod,True
C3,40,Diuron,0.17215454358848278,False,,,0.27,EU MAC,compliant,compliant,,False
C3,40,Erythromycin,0.0,True,,,1.0,EU MAC,compliant,indeterminate,unresolved_no_lod,True
C3,40,Fluoranthene,0.0,True,,,0.12,EU MAC,compliant,indeterminate,unresolved_no_lod,True
C3,40,Hexachlorobenzene,0.0,True,,,8.0,EU MAC,compliant,indeterminate,unresolved_no_lod,True
C3,40,Imidacloprid,0.0,True,0.6194075722193858,2.0646919073979526,0.057,EU MAC,compliant,indeterminate,method_insufficient,True
C3,40,Isoproturon,0.0,True,,,1.0,EU MAC,compliant,indeterminate,unresolved_no_lod,True
C3,40,Pentachlorobenzene,0.0,True,,,0.007,EU AA,compliant,indeterminate,unresolved_no_lod,True
C3,40,Quinoxyfen,0.0,True,,,2.7,EU MAC,compliant,indeterminate,unresolved_no_lod,True
C3,40,Terbutryn,0.0,True,,,0.34,EU MAC,compliant,indeterminate,unresolved_no_lod,True
C3,40,Thiacloprid,0.0,True,0.08682554171532375,0.28941847238441254,0.05,EU MAC,compliant,indeterminate,method_insufficient,True
C3,40,Triclosan,0.0,True,,,0.02,EU MAC,compliant,indeterminate,unresolved_no_lod,True
C3,40,Trifluralin,0.0,True,,,0.03,EU AA,compliant,indeterminate,unresolved_no_lod,True
C3,41,17-alpha-Estradiol,0.0,True,,,0.00018,EU AA,compliant,indeterminate,unresolved_no_lod,True
C3,41,17-alpha-Ethinylestradiol,0.0,True,,,1.7e-05,EU AA,compliant,indeterminate,unresolved_no_lod,True
C3,41,17-beta-Estradiol,0.0,True,,,0.00018,EU AA,compliant,indeterminate,unresolved_no_lod,True
C3,41,Acetamiprid,0.0,True,0.025237601919248082,0.08412533973082695,0.16,EU MAC,compliant,compliant,,False
C3,41,Aclonifen,0.0,True,,,0.12,EU MAC,compliant,indeterminate,unresolved_no_lod,True
C3,41,Anthracene,0.0,True,,,0.1,EU MAC,compliant,indeterminate,unresolved_no_lod,True
C3,41,Azithromycin,0.0,True,,,0.18,EU MAC,compliant,indeterminate,unresolved_no_lod,True
C3,41,Bifenox,0.0,True,,,0.04,EU MAC,compliant,indeterminate,unresolved_no_lod,True
C3,41,Bisphenol-A,0.0,True,,,130.0,EU MAC,compliant,indeterminate,unresolved_no_lod,True
C3,41,Chlorpyrifos,0.0,True,,,0.0026,EU MAC,compliant,indeterminate,unresolved_no_lod,True
C3,41,Clarithromycin,0.0,True,,,0.13,EU MAC,compliant,indeterminate,unresolved_no_lod,True
C3,41,Clothianidin,0.0,True,0.13583585498351416,0.45278618327838055,0.34,EU MAC,compliant,indeterminate,method_insufficient,True
C3,41,Cybutryne,0.0,True,,,0.016,EU MAC,compliant,indeterminate,unresolved_no_lod,True
C3,41,Cypermethrin,0.0,True,,,0.0006000000000000001,EU MAC,compliant,indeterminate,unresolved_no_lod,True
C3,41,Di(2- ethylhexyl)phthalate (DEHP),16.987867806744188,False,,,2.0,EU MAC,exceeding,exceeding,,False
C3,41,Dichlorvos,0.0,True,,,0.0007,EU MAC,compliant,indeterminate,unresolved_no_lod,True
C3,41,Diuron,0.0,True,,,0.27,EU MAC,compliant,indeterminate,unresolved_no_lod,True
C3,41,Erythromycin,0.0,True,,,1.0,EU MAC,compliant,indeterminate,unresolved_no_lod,True
C3,41,Fluoranthene,0.0,True,,,0.12,EU MAC,compliant,indeterminate,unresolved_no_lod,True
C3,41,Hexachlorobenzene,0.0,True,,,8.0,EU MAC,compliant,indeterminate,unresolved_no_lod,True
C3,41,Imidacloprid,0.0,True,0.6194075722193858,2.0646919073979526,0.057,EU MAC,compliant,indeterminate,method_insufficient,True
C3,41,Isoproturon,0.0,True,,,1.0,EU MAC,compliant,indeterminate,unresolved_no_lod,True
C3,41,Pentachlorobenzene,0.0,True,,,0.007,EU AA,compliant,indeterminate,unresolved_no_lod,True
C3,41,Quinoxyfen,0.0,True,,,2.7,EU MAC,compliant,indeterminate,unresolved_no_lod,True
C3,41,Terbutryn,0.0,True,,,0.34,EU MAC,compliant,indeterminate,unresolved_no_lod,True
C3,41,Thiacloprid,0.0,True,0.08682554171532375,0.28941847238441254,0.05,EU MAC,compliant,indeterminate,method_insufficient,True
C3,41,Triclosan,0.0,True,,,0.02,EU MAC,compliant,indeterminate,unresolved_no_lod,True
C3,41,Trifluralin,0.0,True,,,0.03,EU AA,compliant,indeterminate,unresolved_no_lod,True
C3,42,17-alpha-Estradiol,0.0,True,,,0.00018,EU AA,compliant,indeterminate,unresolved_no_lod,True
C3,42,17-alpha-Ethinylestradiol,0.0,True,,,1.7e-05,EU AA,compliant,indeterminate,unresolved_no_lod,True
C3,42,17-beta-Estradiol,0.0,True,,,0.00018,EU AA,compliant,indeterminate,unresolved_no_lod,True
C3,42,Acetamiprid,0.0,True,0.025237601919248082,0.08412533973082695,0.16,EU MAC,compliant,compliant,,False
C3,42,Aclonifen,0.0,True,,,0.12,EU MAC,compliant,indeterminate,unresolved_no_lod,True
C3,42,Anthracene,25.74409425572406,False,,,0.1,EU MAC,exceeding,exceeding,,False
C3,42,Azithromycin,0.0,True,,,0.18,EU MAC,compliant,indeterminate,unresolved_no_lod,True
C3,42,Bifenox,0.0,True,,,0.04,EU MAC,compliant,indeterminate,unresolved_no_lod,True
C3,42,Bisphenol-A,0.0,True,,,130.0,EU MAC,compliant,indeterminate,unresolved_no_lod,True
C3,42,Chlorpyrifos,0.0,True,,,0.0026,EU MAC,compliant,indeterminate,unresolved_no_lod,True
C3,42,Clarithromycin,0.0,True,,,0.13,EU MAC,compliant,indeterminate,unresolved_no_lod,True
C3,42,Clothianidin,0.0,True,0.13583585498351416,0.45278618327838055,0.34,EU MAC,compliant,indeterminate,method_insufficient,True
C3,42,Cybutryne,0.0,True,,,0.016,EU MAC,compliant,indeterminate,unresolved_no_lod,True
C3,42,Cypermethrin,0.0,True,,,0.0006000000000000001,EU MAC,compliant,indeterminate,unresolved_no_lod,True
C3,42,Di(2- ethylhexyl)phthalate (DEHP),41.403051912852526,False,,,2.0,EU MAC,exceeding,exceeding,,False
C3,42,Dichlorvos,0.0,True,,,0.0007,EU MAC,compliant,indeterminate,unresolved_no_lod,True
C3,42,Diuron,0.04289682516703472,False,,,0.27,EU MAC,compliant,compliant,,False
C3,42,Erythromycin,0.0,True,,,1.0,EU MAC,compliant,indeterminate,unresolved_no_lod,True
C3,42,Fluoranthene,0.0,True,,,0.12,EU MAC,compliant,indeterminate,unresolved_no_lod,True
C3,42,Hexachlorobenzene,0.0,True,,,8.0,EU MAC,compliant,indeterminate,unresolved_no_lod,True
C3,42,Imidacloprid,0.0,True,0.6194075722193858,2.0646919073979526,0.057,EU MAC,compliant,indeterminate,method_insufficient,True
C3,42,Isoproturon,0.0,True,,,1.0,EU MAC,compliant,indeterminate,unresolved_no_lod,True
C3,42,Pentachlorobenzene,0.0,True,,,0.007,EU AA,compliant,indeterminate,unresolved_no_lod,True
C3,42,Quinoxyfen,0.0,True,,,2.7,EU MAC,compliant,indeterminate,unresolved_no_lod,True
C3,42,Terbutryn,0.0,True,,,0.34,EU MAC,compliant,indeterminate,unresolved_no_lod,True
C3,42,Thiacloprid,0.0,True,0.08682554171532375,0.28941847238441254,0.05,EU MAC,compliant,indeterminate,method_insufficient,True
C3,42,Triclosan,0.0,True,,,0.02,EU MAC,compliant,indeterminate,unresolved_no_lod,True
C3,42,Trifluralin,0.0,True,,,0.03,EU AA,compliant,indeterminate,unresolved_no_lod,True
C3,43,17-alpha-Estradiol,0.0,True,,,0.00018,EU AA,compliant,indeterminate,unresolved_no_lod,True
C3,43,17-alpha-Ethinylestradiol,0.0,True,,,1.7e-05,EU AA,compliant,indeterminate,unresolved_no_lod,True
C3,43,17-beta-Estradiol,0.0,True,,,0.00018,EU AA,compliant,indeterminate,unresolved_no_lod,True
C3,43,Acetamiprid,0.0,True,0.025237601919248082,0.08412533973082695,0.16,EU MAC,compliant,compliant,,False
C3,43,Aclonifen,0.0,True,,,0.12,EU MAC,compliant,indeterminate,unresolved_no_lod,True
C3,43,Anthracene,0.0,True,,,0.1,EU MAC,compliant,indeterminate,unresolved_no_lod,True
C3,43,Azithromycin,0.0,True,,,0.18,EU MAC,compliant,indeterminate,unresolved_no_lod,True
C3,43,Bifenox,0.0,True,,,0.04,EU MAC,compliant,indeterminate,unresolved_no_lod,True
C3,43,Bisphenol-A,0.0,True,,,130.0,EU MAC,compliant,indeterminate,unresolved_no_lod,True
C3,43,Chlorpyrifos,0.0,True,,,0.0026,EU MAC,compliant,indeterminate,unresolved_no_lod,True
C3,43,Clarithromycin,0.0,True,,,0.13,EU MAC,compliant,indeterminate,unresolved_no_lod,True
C3,43,Clothianidin,0.0,True,0.13583585498351416,0.45278618327838055,0.34,EU MAC,compliant,indeterminate,method_insufficient,True
C3,43,Cybutryne,0.0,True,,,0.016,EU MAC,compliant,indeterminate,unresolved_no_lod,True
C3,43,Cypermethrin,0.0,True,,,0.0006000000000000001,EU MAC,compliant,indeterminate,unresolved_no_lod,True
C3,43,Di(2- ethylhexyl)phthalate (DEHP),15.940669580289564,False,,,2.0,EU MAC,exceeding,exceeding,,False
C3,43,Dichlorvos,0.0,True,,,0.0007,EU MAC,compliant,indeterminate,unresolved_no_lod,True
C3,43,Diuron,0.0,True,,,0.27,EU MAC,compliant,indeterminate,unresolved_no_lod,True
C3,43,Erythromycin,0.0,True,,,1.0,EU MAC,compliant,indeterminate,unresolved_no_lod,True
C3,43,Fluoranthene,0.0,True,,,0.12,EU MAC,compliant,indeterminate,unresolved_no_lod,True
C3,43,Hexachlorobenzene,0.0,True,,,8.0,EU MAC,compliant,indeterminate,unresolved_no_lod,True
C3,43,Imidacloprid,0.0,True,0.6194075722193858,2.0646919073979526,0.057,EU MAC,compliant,indeterminate,method_insufficient,True
C3,43,Isoproturon,0.0,True,,,1.0,EU MAC,compliant,indeterminate,unresolved_no_lod,True
C3,43,Pentachlorobenzene,0.0,True,,,0.007,EU AA,compliant,indeterminate,unresolved_no_lod,True
C3,43,Quinoxyfen,0.0,True,,,2.7,EU MAC,compliant,indeterminate,unresolved_no_lod,True
C3,43,Terbutryn,0.0,True,,,0.34,EU MAC,compliant,indeterminate,unresolved_no_lod,True
C3,43,Thiacloprid,0.0,True,0.08682554171532375,0.28941847238441254,0.05,EU MAC,compliant,indeterminate,method_insufficient,True
C3,43,Triclosan,0.0,True,,,0.02,EU MAC,compliant,indeterminate,unresolved_no_lod,True
C3,43,Trifluralin,0.0,True,,,0.03,EU AA,compliant,indeterminate,unresolved_no_lod,True
C3,44,17-alpha-Estradiol,0.0,True,,,0.00018,EU AA,compliant,indeterminate,unresolved_no_lod,True
C3,44,17-alpha-Ethinylestradiol,0.0,True,,,1.7e-05,EU AA,compliant,indeterminate,unresolved_no_lod,True
C3,44,17-beta-Estradiol,0.0,True,,,0.00018,EU AA,compliant,indeterminate,unresolved_no_lod,True
C3,44,Acetamiprid,0.0,True,0.025237601919248082,0.08412533973082695,0.16,EU MAC,compliant,compliant,,False
C3,44,Aclonifen,0.0,True,,,0.12,EU MAC,compliant,indeterminate,unresolved_no_lod,True
C3,44,Anthracene,0.0,True,,,0.1,EU MAC,compliant,indeterminate,unresolved_no_lod,True
C3,44,Azithromycin,0.0,True,,,0.18,EU MAC,compliant,indeterminate,unresolved_no_lod,True
C3,44,Bifenox,0.0,True,,,0.04,EU MAC,compliant,indeterminate,unresolved_no_lod,True
C3,44,Bisphenol-A,0.0,True,,,130.0,EU MAC,compliant,indeterminate,unresolved_no_lod,True
C3,44,Chlorpyrifos,0.33333033277163127,False,,,0.0026,EU MAC,exceeding,exceeding,,False
C3,44,Clarithromycin,0.0,True,,,0.13,EU MAC,compliant,indeterminate,unresolved_no_lod,True
C3,44,Clothianidin,0.0,True,0.13583585498351416,0.45278618327838055,0.34,EU MAC,compliant,indeterminate,method_insufficient,True
C3,44,Cybutryne,0.0,True,,,0.016,EU MAC,compliant,indeterminate,unresolved_no_lod,True
C3,44,Cypermethrin,0.0,True,,,0.0006000000000000001,EU MAC,compliant,indeterminate,unresolved_no_lod,True
C3,44,Di(2- ethylhexyl)phthalate (DEHP),70.34907531026258,False,,,2.0,EU MAC,exceeding,exceeding,,False
C3,44,Dichlorvos,0.0,True,,,0.0007,EU MAC,compliant,indeterminate,unresolved_no_lod,True
C3,44,Diuron,0.0,True,,,0.27,EU MAC,compliant,indeterminate,unresolved_no_lod,True
C3,44,Erythromycin,0.0,True,,,1.0,EU MAC,compliant,indeterminate,unresolved_no_lod,True
C3,44,Fluoranthene,0.0,True,,,0.12,EU MAC,compliant,indeterminate,unresolved_no_lod,True
C3,44,Hexachlorobenzene,0.0,True,,,8.0,EU MAC,compliant,indeterminate,unresolved_no_lod,True
C3,44,Imidacloprid,0.0,True,0.6194075722193858,2.0646919073979526,0.057,EU MAC,compliant,indeterminate,method_insufficient,True
C3,44,Isoproturon,0.0,True,,,1.0,EU MAC,compliant,indeterminate,unresolved_no_lod,True
C3,44,Pentachlorobenzene,0.0,True,,,0.007,EU AA,compliant,indeterminate,unresolved_no_lod,True
C3,44,Quinoxyfen,0.0,True,,,2.7,EU MAC,compliant,indeterminate,unresolved_no_lod,True
C3,44,Terbutryn,0.0,True,,,0.34,EU MAC,compliant,indeterminate,unresolved_no_lod,True
C3,44,Thiacloprid,0.0,True,0.08682554171532375,0.28941847238441254,0.05,EU MAC,compliant,indeterminate,method_insufficient,True
C3,44,Triclosan,0.0,True,,,0.02,EU MAC,compliant,indeterminate,unresolved_no_lod,True
C3,44,Trifluralin,0.0,True,,,0.03,EU AA,compliant,indeterminate,unresolved_no_lod,True
C3,45,17-alpha-Estradiol,0.0,True,,,0.00018,EU AA,compliant,indeterminate,unresolved_no_lod,True
C3,45,17-alpha-Ethinylestradiol,0.0,True,,,1.7e-05,EU AA,compliant,indeterminate,unresolved_no_lod,True
C3,45,17-beta-Estradiol,0.0,True,,,0.00018,EU AA,compliant,indeterminate,unresolved_no_lod,True
C3,45,Acetamiprid,0.0,True,0.025237601919248082,0.08412533973082695,0.16,EU MAC,compliant,compliant,,False
C3,45,Aclonifen,0.0,True,,,0.12,EU MAC,compliant,indeterminate,unresolved_no_lod,True
C3,45,Anthracene,0.0,True,,,0.1,EU MAC,compliant,indeterminate,unresolved_no_lod,True
C3,45,Azithromycin,0.0,True,,,0.18,EU MAC,compliant,indeterminate,unresolved_no_lod,True
C3,45,Bifenox,0.0,True,,,0.04,EU MAC,compliant,indeterminate,unresolved_no_lod,True
C3,45,Bisphenol-A,0.0,True,,,130.0,EU MAC,compliant,indeterminate,unresolved_no_lod,True
C3,45,Chlorpyrifos,0.0,True,,,0.0026,EU MAC,compliant,indeterminate,unresolved_no_lod,True
C3,45,Clarithromycin,0.0,True,,,0.13,EU MAC,compliant,indeterminate,unresolved_no_lod,True
C3,45,Clothianidin,0.0,True,0.13583585498351416,0.45278618327838055,0.34,EU MAC,compliant,indeterminate,method_insufficient,True
C3,45,Cybutryne,0.0,True,,,0.016,EU MAC,compliant,indeterminate,unresolved_no_lod,True
C3,45,Cypermethrin,0.0,True,,,0.0006000000000000001,EU MAC,compliant,indeterminate,unresolved_no_lod,True
C3,45,Di(2- ethylhexyl)phthalate (DEHP),30.79981483687606,False,,,2.0,EU MAC,exceeding,exceeding,,False
C3,45,Dichlorvos,0.0,True,,,0.0007,EU MAC,compliant,indeterminate,unresolved_no_lod,True
C3,45,Diuron,0.0,True,,,0.27,EU MAC,compliant,indeterminate,unresolved_no_lod,True
C3,45,Erythromycin,0.0,True,,,1.0,EU MAC,compliant,indeterminate,unresolved_no_lod,True
C3,45,Fluoranthene,0.0,True,,,0.12,EU MAC,compliant,indeterminate,unresolved_no_lod,True
C3,45,Hexachlorobenzene,0.0,True,,,8.0,EU MAC,compliant,indeterminate,unresolved_no_lod,True
C3,45,Imidacloprid,0.0,True,0.6194075722193858,2.0646919073979526,0.057,EU MAC,compliant,indeterminate,method_insufficient,True
C3,45,Isoproturon,0.0,True,,,1.0,EU MAC,compliant,indeterminate,unresolved_no_lod,True
C3,45,Pentachlorobenzene,0.0,True,,,0.007,EU AA,compliant,indeterminate,unresolved_no_lod,True
C3,45,Quinoxyfen,0.0,True,,,2.7,EU MAC,compliant,indeterminate,unresolved_no_lod,True
C3,45,Terbutryn,0.0,True,,,0.34,EU MAC,compliant,indeterminate,unresolved_no_lod,True
C3,45,Thiacloprid,0.0,True,0.08682554171532375,0.28941847238441254,0.05,EU MAC,compliant,indeterminate,method_insufficient,True
C3,45,Triclosan,0.0,True,,,0.02,EU MAC,compliant,indeterminate,unresolved_no_lod,True
C3,45,Trifluralin,0.0,True,,,0.03,EU AA,compliant,indeterminate,unresolved_no_lod,True
C3,46,17-alpha-Estradiol,0.0,True,,,0.00018,EU AA,compliant,indeterminate,unresolved_no_lod,True
C3,46,17-alpha-Ethinylestradiol,0.0,True,,,1.7e-05,EU AA,compliant,indeterminate,unresolved_no_lod,True
C3,46,17-beta-Estradiol,0.0,True,,,0.00018,EU AA,compliant,indeterminate,unresolved_no_lod,True
C3,46,Acetamiprid,0.04067611559343956,False,0.025237601919248082,0.08412533973082695,0.16,EU MAC,compliant,compliant,,False
C3,46,Aclonifen,0.0,True,,,0.12,EU MAC,compliant,indeterminate,unresolved_no_lod,True
C3,46,Anthracene,0.0,True,,,0.1,EU MAC,compliant,indeterminate,unresolved_no_lod,True
C3,46,Azithromycin,0.0,True,,,0.18,EU MAC,compliant,indeterminate,unresolved_no_lod,True
C3,46,Bifenox,0.0,True,,,0.04,EU MAC,compliant,indeterminate,unresolved_no_lod,True
C3,46,Bisphenol-A,0.0,True,,,130.0,EU MAC,compliant,indeterminate,unresolved_no_lod,True
C3,46,Chlorpyrifos,0.0,True,,,0.0026,EU MAC,compliant,indeterminate,unresolved_no_lod,True
C3,46,Clarithromycin,0.0,True,,,0.13,EU MAC,compliant,indeterminate,unresolved_no_lod,True
C3,46,Clothianidin,0.0,True,0.13583585498351416,0.45278618327838055,0.34,EU MAC,compliant,indeterminate,method_insufficient,True
C3,46,Cybutryne,0.0,True,,,0.016,EU MAC,compliant,indeterminate,unresolved_no_lod,True
C3,46,Cypermethrin,0.0,True,,,0.0006000000000000001,EU MAC,compliant,indeterminate,unresolved_no_lod,True
C3,46,Di(2- ethylhexyl)phthalate (DEHP),37.82516356820312,False,,,2.0,EU MAC,exceeding,exceeding,,False
C3,46,Dichlorvos,0.0,True,,,0.0007,EU MAC,compliant,indeterminate,unresolved_no_lod,True
C3,46,Diuron,1.0539702705044793,False,,,0.27,EU MAC,exceeding,exceeding,,False
C3,46,Erythromycin,0.0,True,,,1.0,EU MAC,compliant,indeterminate,unresolved_no_lod,True
C3,46,Fluoranthene,0.0,True,,,0.12,EU MAC,compliant,indeterminate,unresolved_no_lod,True
C3,46,Hexachlorobenzene,0.0,True,,,8.0,EU MAC,compliant,indeterminate,unresolved_no_lod,True
C3,46,Imidacloprid,0.0,True,0.6194075722193858,2.0646919073979526,0.057,EU MAC,compliant,indeterminate,method_insufficient,True
C3,46,Isoproturon,0.0,True,,,1.0,EU MAC,compliant,indeterminate,unresolved_no_lod,True
C3,46,Pentachlorobenzene,0.0,True,,,0.007,EU AA,compliant,indeterminate,unresolved_no_lod,True
C3,46,Quinoxyfen,0.0,True,,,2.7,EU MAC,compliant,indeterminate,unresolved_no_lod,True
C3,46,Terbutryn,0.0,True,,,0.34,EU MAC,compliant,indeterminate,unresolved_no_lod,True
C3,46,Thiacloprid,0.0,True,0.08682554171532375,0.28941847238441254,0.05,EU MAC,compliant,indeterminate,method_insufficient,True
C3,46,Triclosan,0.0,True,,,0.02,EU MAC,compliant,indeterminate,unresolved_no_lod,True
C3,46,Trifluralin,0.0,True,,,0.03,EU AA,compliant,indeterminate,unresolved_no_lod,True
C3,47,17-alpha-Estradiol,0.0,True,,,0.00018,EU AA,compliant,indeterminate,unresolved_no_lod,True
C3,47,17-alpha-Ethinylestradiol,0.0,True,,,1.7e-05,EU AA,compliant,indeterminate,unresolved_no_lod,True
C3,47,17-beta-Estradiol,0.0,True,,,0.00018,EU AA,compliant,indeterminate,unresolved_no_lod,True
C3,47,Acetamiprid,0.0,True,0.025237601919248082,0.08412533973082695,0.16,EU MAC,compliant,compliant,,False
C3,47,Aclonifen,0.0,True,,,0.12,EU MAC,compliant,indeterminate,unresolved_no_lod,True
C3,47,Anthracene,0.0,True,,,0.1,EU MAC,compliant,indeterminate,unresolved_no_lod,True
C3,47,Azithromycin,0.21172406087186463,False,,,0.18,EU MAC,exceeding,exceeding,,False
C3,47,Bifenox,0.0,True,,,0.04,EU MAC,compliant,indeterminate,unresolved_no_lod,True
C3,47,Bisphenol-A,0.0,True,,,130.0,EU MAC,compliant,indeterminate,unresolved_no_lod,True
C3,47,Chlorpyrifos,0.12840779968239063,False,,,0.0026,EU MAC,exceeding,exceeding,,False
C3,47,Clarithromycin,0.0,True,,,0.13,EU MAC,compliant,indeterminate,unresolved_no_lod,True
C3,47,Clothianidin,0.0,True,0.13583585498351416,0.45278618327838055,0.34,EU MAC,compliant,indeterminate,method_insufficient,True
C3,47,Cybutryne,0.0,True,,,0.016,EU MAC,compliant,indeterminate,unresolved_no_lod,True
C3,47,Cypermethrin,0.0,True,,,0.0006000000000000001,EU MAC,compliant,indeterminate,unresolved_no_lod,True
C3,47,Di(2- ethylhexyl)phthalate (DEHP),48.159332251512765,False,,,2.0,EU MAC,exceeding,exceeding,,False
C3,47,Dichlorvos,0.0,True,,,0.0007,EU MAC,compliant,indeterminate,unresolved_no_lod,True
C3,47,Diuron,0.0,True,,,0.27,EU MAC,compliant,indeterminate,unresolved_no_lod,True
C3,47,Erythromycin,0.30632863317652415,False,,,1.0,EU MAC,compliant,compliant,,False
C3,47,Fluoranthene,0.0,True,,,0.12,EU MAC,compliant,indeterminate,unresolved_no_lod,True
C3,47,Hexachlorobenzene,0.0,True,,,8.0,EU MAC,compliant,indeterminate,unresolved_no_lod,True
C3,47,Imidacloprid,0.0,True,0.6194075722193858,2.0646919073979526,0.057,EU MAC,compliant,indeterminate,method_insufficient,True
C3,47,Isoproturon,0.0,True,,,1.0,EU MAC,compliant,indeterminate,unresolved_no_lod,True
C3,47,Pentachlorobenzene,0.0,True,,,0.007,EU AA,compliant,indeterminate,unresolved_no_lod,True
C3,47,Quinoxyfen,0.0,True,,,2.7,EU MAC,compliant,indeterminate,unresolved_no_lod,True
C3,47,Terbutryn,0.0,True,,,0.34,EU MAC,compliant,indeterminate,unresolved_no_lod,True
C3,47,Thiacloprid,0.0,True,0.08682554171532375,0.28941847238441254,0.05,EU MAC,compliant,indeterminate,method_insufficient,True
C3,47,Triclosan,0.0,True,,,0.02,EU MAC,compliant,indeterminate,unresolved_no_lod,True
C3,47,Trifluralin,0.0,True,,,0.03,EU AA,compliant,indeterminate,unresolved_no_lod,True
C3,48,17-alpha-Estradiol,0.0,True,,,0.00018,EU AA,compliant,indeterminate,unresolved_no_lod,True
C3,48,17-alpha-Ethinylestradiol,0.0,True,,,1.7e-05,EU AA,compliant,indeterminate,unresolved_no_lod,True
C3,48,17-beta-Estradiol,0.0,True,,,0.00018,EU AA,compliant,indeterminate,unresolved_no_lod,True
C3,48,Acetamiprid,0.1547024861359657,False,0.025237601919248082,0.08412533973082695,0.16,EU MAC,compliant,compliant,,False
C3,48,Aclonifen,0.0,True,,,0.12,EU MAC,compliant,indeterminate,unresolved_no_lod,True
C3,48,Anthracene,0.0,True,,,0.1,EU MAC,compliant,indeterminate,unresolved_no_lod,True
C3,48,Azithromycin,0.0,True,,,0.18,EU MAC,compliant,indeterminate,unresolved_no_lod,True
C3,48,Bifenox,0.0,True,,,0.04,EU MAC,compliant,indeterminate,unresolved_no_lod,True
C3,48,Bisphenol-A,0.0,True,,,130.0,EU MAC,compliant,indeterminate,unresolved_no_lod,True
C3,48,Chlorpyrifos,0.3522097934131758,False,,,0.0026,EU MAC,exceeding,exceeding,,False
C3,48,Clarithromycin,0.0,True,,,0.13,EU MAC,compliant,indeterminate,unresolved_no_lod,True
C3,48,Clothianidin,0.0,True,0.13583585498351416,0.45278618327838055,0.34,EU MAC,compliant,indeterminate,method_insufficient,True
C3,48,Cybutryne,0.0,True,,,0.016,EU MAC,compliant,indeterminate,unresolved_no_lod,True
C3,48,Cypermethrin,0.0,True,,,0.0006000000000000001,EU MAC,compliant,indeterminate,unresolved_no_lod,True
C3,48,Di(2- ethylhexyl)phthalate (DEHP),37.099503892865826,False,,,2.0,EU MAC,exceeding,exceeding,,False
C3,48,Dichlorvos,0.0,True,,,0.0007,EU MAC,compliant,indeterminate,unresolved_no_lod,True
C3,48,Diuron,0.35357155738835605,False,,,0.27,EU MAC,exceeding,exceeding,,False
C3,48,Erythromycin,0.0,True,,,1.0,EU MAC,compliant,indeterminate,unresolved_no_lod,True
C3,48,Fluoranthene,0.0,True,,,0.12,EU MAC,compliant,indeterminate,unresolved_no_lod,True
C3,48,Hexachlorobenzene,0.0,True,,,8.0,EU MAC,compliant,indeterminate,unresolved_no_lod,True
C3,48,Imidacloprid,0.0,True,0.6194075722193858,2.0646919073979526,0.057,EU MAC,compliant,indeterminate,method_insufficient,True
C3,48,Isoproturon,0.0,True,,,1.0,EU MAC,compliant,indeterminate,unresolved_no_lod,True
C3,48,Pentachlorobenzene,0.0,True,,,0.007,EU AA,compliant,indeterminate,unresolved_no_lod,True
C3,48,Quinoxyfen,0.0,True,,,2.7,EU MAC,compliant,indeterminate,unresolved_no_lod,True
C3,48,Terbutryn,0.0,True,,,0.34,EU MAC,compliant,indeterminate,unresolved_no_lod,True
C3,48,Thiacloprid,0.0,True,0.08682554171532375,0.28941847238441254,0.05,EU MAC,compliant,indeterminate,method_insufficient,True
C3,48,Triclosan,0.0,True,,,0.02,EU MAC,compliant,indeterminate,unresolved_no_lod,True
C3,48,Trifluralin,0.0,True,,,0.03,EU AA,compliant,indeterminate,unresolved_no_lod,True
C3,49,17-alpha-Estradiol,0.0,True,,,0.00018,EU AA,compliant,indeterminate,unresolved_no_lod,True
C3,49,17-alpha-Ethinylestradiol,0.0,True,,,1.7e-05,EU AA,compliant,indeterminate,unresolved_no_lod,True
C3,49,17-beta-Estradiol,0.0,True,,,0.00018,EU AA,compliant,indeterminate,unresolved_no_lod,True
C3,49,Acetamiprid,0.17714973391198846,False,0.025237601919248082,0.08412533973082695,0.16,EU MAC,exceeding,exceeding,,False
C3,49,Aclonifen,0.0,True,,,0.12,EU MAC,compliant,indeterminate,unresolved_no_lod,True
C3,49,Anthracene,0.0,True,,,0.1,EU MAC,compliant,indeterminate,unresolved_no_lod,True
C3,49,Azithromycin,0.0,True,,,0.18,EU MAC,compliant,indeterminate,unresolved_no_lod,True
C3,49,Bifenox,0.0,True,,,0.04,EU MAC,compliant,indeterminate,unresolved_no_lod,True
C3,49,Bisphenol-A,0.0,True,,,130.0,EU MAC,compliant,indeterminate,unresolved_no_lod,True
C3,49,Chlorpyrifos,0.0,True,,,0.0026,EU MAC,compliant,indeterminate,unresolved_no_lod,True
C3,49,Clarithromycin,0.0,True,,,0.13,EU MAC,compliant,indeterminate,unresolved_no_lod,True
C3,49,Clothianidin,0.0,True,0.13583585498351416,0.45278618327838055,0.34,EU MAC,compliant,indeterminate,method_insufficient,True
C3,49,Cybutryne,0.0,True,,,0.016,EU MAC,compliant,indeterminate,unresolved_no_lod,True
C3,49,Cypermethrin,0.0,True,,,0.0006000000000000001,EU MAC,compliant,indeterminate,unresolved_no_lod,True
C3,49,Di(2- ethylhexyl)phthalate (DEHP),0.0,True,,,2.0,EU MAC,compliant,indeterminate,unresolved_no_lod,True
C3,49,Dichlorvos,0.0,True,,,0.0007,EU MAC,compliant,indeterminate,unresolved_no_lod,True
C3,49,Diuron,0.5053553479259576,False,,,0.27,EU MAC,exceeding,exceeding,,False
C3,49,Erythromycin,0.0,True,,,1.0,EU MAC,compliant,indeterminate,unresolved_no_lod,True
C3,49,Fluoranthene,0.0,True,,,0.12,EU MAC,compliant,indeterminate,unresolved_no_lod,True
C3,49,Hexachlorobenzene,0.0,True,,,8.0,EU MAC,compliant,indeterminate,unresolved_no_lod,True
C3,49,Imidacloprid,0.0,True,0.6194075722193858,2.0646919073979526,0.057,EU MAC,compliant,indeterminate,method_insufficient,True
C3,49,Isoproturon,0.0,True,,,1.0,EU MAC,compliant,indeterminate,unresolved_no_lod,True
C3,49,Pentachlorobenzene,0.0,True,,,0.007,EU AA,compliant,indeterminate,unresolved_no_lod,True
C3,49,Quinoxyfen,0.0,True,,,2.7,EU MAC,compliant,indeterminate,unresolved_no_lod,True
C3,49,Terbutryn,0.0,True,,,0.34,EU MAC,compliant,indeterminate,unresolved_no_lod,True
C3,49,Thiacloprid,0.0,True,0.08682554171532375,0.28941847238441254,0.05,EU MAC,compliant,indeterminate,method_insufficient,True
C3,49,Triclosan,0.0,True,,,0.02,EU MAC,compliant,indeterminate,unresolved_no_lod,True
C3,49,Trifluralin,0.0,True,,,0.03,EU AA,compliant,indeterminate,unresolved_no_lod,True
C3,50,17-alpha-Estradiol,0.0,True,,,0.00018,EU AA,compliant,indeterminate,unresolved_no_lod,True
C3,50,17-alpha-Ethinylestradiol,0.0,True,,,1.7e-05,EU AA,compliant,indeterminate,unresolved_no_lod,True
C3,50,17-beta-Estradiol,0.0,True,,,0.00018,EU AA,compliant,indeterminate,unresolved_no_lod,True
C3,50,Acetamiprid,0.2529831828926665,False,0.025237601919248082,0.08412533973082695,0.16,EU MAC,exceeding,exceeding,,False
C3,50,Aclonifen,0.08809509024431178,False,,,0.12,EU MAC,compliant,compliant,,False
C3,50,Anthracene,0.0,True,,,0.1,EU MAC,compliant,indeterminate,unresolved_no_lod,True
C3,50,Azithromycin,0.0,True,,,0.18,EU MAC,compliant,indeterminate,unresolved_no_lod,True
C3,50,Bifenox,0.0,True,,,0.04,EU MAC,compliant,indeterminate,unresolved_no_lod,True
C3,50,Bisphenol-A,0.0,True,,,130.0,EU MAC,compliant,indeterminate,unresolved_no_lod,True
C3,50,Chlorpyrifos,0.0,True,,,0.0026,EU MAC,compliant,indeterminate,unresolved_no_lod,True
C3,50,Clarithromycin,0.0,True,,,0.13,EU MAC,compliant,indeterminate,unresolved_no_lod,True
C3,50,Clothianidin,0.0,True,0.13583585498351416,0.45278618327838055,0.34,EU MAC,compliant,indeterminate,method_insufficient,True
C3,50,Cybutryne,0.0,True,,,0.016,EU MAC,compliant,indeterminate,unresolved_no_lod,True
C3,50,Cypermethrin,0.0,True,,,0.0006000000000000001,EU MAC,compliant,indeterminate,unresolved_no_lod,True
C3,50,Di(2- ethylhexyl)phthalate (DEHP),4.272739553553172,False,,,2.0,EU MAC,exceeding,exceeding,,False
C3,50,Dichlorvos,0.0,True,,,0.0007,EU MAC,compliant,indeterminate,unresolved_no_lod,True
C3,50,Diuron,1.3710570903848551,False,,,0.27,EU MAC,exceeding,exceeding,,False
C3,50,Erythromycin,0.0,True,,,1.0,EU MAC,compliant,indeterminate,unresolved_no_lod,True
C3,50,Fluoranthene,0.0,True,,,0.12,EU MAC,compliant,indeterminate,unresolved_no_lod,True
C3,50,Hexachlorobenzene,0.0,True,,,8.0,EU MAC,compliant,indeterminate,unresolved_no_lod,True
C3,50,Imidacloprid,0.0,True,0.6194075722193858,2.0646919073979526,0.057,EU MAC,compliant,indeterminate,method_insufficient,True
C3,50,Isoproturon,0.0,True,,,1.0,EU MAC,compliant,indeterminate,unresolved_no_lod,True
C3,50,Pentachlorobenzene,0.0,True,,,0.007,EU AA,compliant,indeterminate,unresolved_no_lod,True
C3,50,Quinoxyfen,0.0,True,,,2.7,EU MAC,compliant,indeterminate,unresolved_no_lod,True
C3,50,Terbutryn,0.0,True,,,0.34,EU MAC,compliant,indeterminate,unresolved_no_lod,True
C3,50,Thiacloprid,0.0,True,0.08682554171532375,0.28941847238441254,0.05,EU MAC,compliant,indeterminate,method_insufficient,True
C3,50,Triclosan,0.0,True,,,0.02,EU MAC,compliant,indeterminate,unresolved_no_lod,True
C3,50,Trifluralin,0.0,True,,,0.03,EU AA,compliant,indeterminate,unresolved_no_lod,True
C3,51,17-alpha-Estradiol,0.0,True,,,0.00018,EU AA,compliant,indeterminate,unresolved_no_lod,True
C3,51,17-alpha-Ethinylestradiol,0.0,True,,,1.7e-05,EU AA,compliant,indeterminate,unresolved_no_lod,True
C3,51,17-beta-Estradiol,0.0,True,,,0.00018,EU AA,compliant,indeterminate,unresolved_no_lod,True
C3,51,Acetamiprid,0.0,True,0.025237601919248082,0.08412533973082695,0.16,EU MAC,compliant,compliant,,False
C3,51,Aclonifen,0.0,True,,,0.12,EU MAC,compliant,indeterminate,unresolved_no_lod,True
C3,51,Anthracene,0.0,True,,,0.1,EU MAC,compliant,indeterminate,unresolved_no_lod,True
C3,51,Azithromycin,0.0,True,,,0.18,EU MAC,compliant,indeterminate,unresolved_no_lod,True
C3,51,Bifenox,0.0,True,,,0.04,EU MAC,compliant,indeterminate,unresolved_no_lod,True
C3,51,Bisphenol-A,0.0,True,,,130.0,EU MAC,compliant,indeterminate,unresolved_no_lod,True
C3,51,Chlorpyrifos,0.1557037325738832,False,,,0.0026,EU MAC,exceeding,exceeding,,False
C3,51,Clarithromycin,0.0,True,,,0.13,EU MAC,compliant,indeterminate,unresolved_no_lod,True
C3,51,Clothianidin,0.0,True,0.13583585498351416,0.45278618327838055,0.34,EU MAC,compliant,indeterminate,method_insufficient,True
C3,51,Cybutryne,0.0,True,,,0.016,EU MAC,compliant,indeterminate,unresolved_no_lod,True
C3,51,Cypermethrin,0.0,True,,,0.0006000000000000001,EU MAC,compliant,indeterminate,unresolved_no_lod,True
C3,51,Di(2- ethylhexyl)phthalate (DEHP),15.49324842947792,False,,,2.0,EU MAC,exceeding,exceeding,,False
C3,51,Dichlorvos,0.0,True,,,0.0007,EU MAC,compliant,indeterminate,unresolved_no_lod,True
C3,51,Diuron,0.0,True,,,0.27,EU MAC,compliant,indeterminate,unresolved_no_lod,True
C3,51,Erythromycin,0.0,True,,,1.0,EU MAC,compliant,indeterminate,unresolved_no_lod,True
C3,51,Fluoranthene,0.0,True,,,0.12,EU MAC,compliant,indeterminate,unresolved_no_lod,True
C3,51,Hexachlorobenzene,0.0,True,,,8.0,EU MAC,compliant,indeterminate,unresolved_no_lod,True
C3,51,Imidacloprid,0.0,True,0.6194075722193858,2.0646919073979526,0.057,EU MAC,compliant,indeterminate,method_insufficient,True
C3,51,Isoproturon,0.0,True,,,1.0,EU MAC,compliant,indeterminate,unresolved_no_lod,True
C3,51,Pentachlorobenzene,0.0,True,,,0.007,EU AA,compliant,indeterminate,unresolved_no_lod,True
C3,51,Quinoxyfen,0.0,True,,,2.7,EU MAC,compliant,indeterminate,unresolved_no_lod,True
C3,51,Terbutryn,0.0,True,,,0.34,EU MAC,compliant,indeterminate,unresolved_no_lod,True
C3,51,Thiacloprid,0.0,True,0.08682554171532375,0.28941847238441254,0.05,EU MAC,compliant,indeterminate,method_insufficient,True
C3,51,Triclosan,0.0,True,,,0.02,EU MAC,compliant,indeterminate,unresolved_no_lod,True
C3,51,Trifluralin,0.0,True,,,0.03,EU AA,compliant,indeterminate,unresolved_no_lod,True
C3,52,17-alpha-Estradiol,0.0,True,,,0.00018,EU AA,compliant,indeterminate,unresolved_no_lod,True
C3,52,17-alpha-Ethinylestradiol,0.0,True,,,1.7e-05,EU AA,compliant,indeterminate,unresolved_no_lod,True
C3,52,17-beta-Estradiol,0.0,True,,,0.00018,EU AA,compliant,indeterminate,unresolved_no_lod,True
C3,52,Acetamiprid,0.0,True,0.025237601919248082,0.08412533973082695,0.16,EU MAC,compliant,compliant,,False
C3,52,Aclonifen,0.0,True,,,0.12,EU MAC,compliant,indeterminate,unresolved_no_lod,True
C3,52,Anthracene,0.0,True,,,0.1,EU MAC,compliant,indeterminate,unresolved_no_lod,True
C3,52,Azithromycin,0.0,True,,,0.18,EU MAC,compliant,indeterminate,unresolved_no_lod,True
C3,52,Bifenox,0.0,True,,,0.04,EU MAC,compliant,indeterminate,unresolved_no_lod,True
C3,52,Bisphenol-A,0.0,True,,,130.0,EU MAC,compliant,indeterminate,unresolved_no_lod,True
C3,52,Chlorpyrifos,0.0,True,,,0.0026,EU MAC,compliant,indeterminate,unresolved_no_lod,True
C3,52,Clarithromycin,0.0,True,,,0.13,EU MAC,compliant,indeterminate,unresolved_no_lod,True
C3,52,Clothianidin,0.0,True,0.13583585498351416,0.45278618327838055,0.34,EU MAC,compliant,indeterminate,method_insufficient,True
C3,52,Cybutryne,0.0,True,,,0.016,EU MAC,compliant,indeterminate,unresolved_no_lod,True
C3,52,Cypermethrin,0.0,True,,,0.0006000000000000001,EU MAC,compliant,indeterminate,unresolved_no_lod,True
C3,52,Di(2- ethylhexyl)phthalate (DEHP),41.33437636091331,False,,,2.0,EU MAC,exceeding,exceeding,,False
C3,52,Dichlorvos,0.0,True,,,0.0007,EU MAC,compliant,indeterminate,unresolved_no_lod,True
C3,52,Diuron,0.0,True,,,0.27,EU MAC,compliant,indeterminate,unresolved_no_lod,True
C3,52,Erythromycin,0.0,True,,,1.0,EU MAC,compliant,indeterminate,unresolved_no_lod,True
C3,52,Fluoranthene,0.0,True,,,0.12,EU MAC,compliant,indeterminate,unresolved_no_lod,True
C3,52,Hexachlorobenzene,0.0,True,,,8.0,EU MAC,compliant,indeterminate,unresolved_no_lod,True
C3,52,Imidacloprid,0.0,True,0.6194075722193858,2.0646919073979526,0.057,EU MAC,compliant,indeterminate,method_insufficient,True
C3,52,Isoproturon,0.0,True,,,1.0,EU MAC,compliant,indeterminate,unresolved_no_lod,True
C3,52,Pentachlorobenzene,0.0,True,,,0.007,EU AA,compliant,indeterminate,unresolved_no_lod,True
C3,52,Quinoxyfen,0.0,True,,,2.7,EU MAC,compliant,indeterminate,unresolved_no_lod,True
C3,52,Terbutryn,0.0,True,,,0.34,EU MAC,compliant,indeterminate,unresolved_no_lod,True
C3,52,Thiacloprid,0.0,True,0.08682554171532375,0.28941847238441254,0.05,EU MAC,compliant,indeterminate,method_insufficient,True
C3,52,Triclosan,0.0,True,,,0.02,EU MAC,compliant,indeterminate,unresolved_no_lod,True
C3,52,Trifluralin,0.0,True,,,0.03,EU AA,compliant,indeterminate,unresolved_no_lod,True
C3,53,17-alpha-Estradiol,0.0,True,,,0.00018,EU AA,compliant,indeterminate,unresolved_no_lod,True
C3,53,17-alpha-Ethinylestradiol,0.0,True,,,1.7e-05,EU AA,compliant,indeterminate,unresolved_no_lod,True
C3,53,17-beta-Estradiol,0.0,True,,,0.00018,EU AA,compliant,indeterminate,unresolved_no_lod,True
C3,53,Acetamiprid,0.0,True,0.025237601919248082,0.08412533973082695,0.16,EU MAC,compliant,compliant,,False
C3,53,Aclonifen,0.0,True,,,0.12,EU MAC,compliant,indeterminate,unresolved_no_lod,True
C3,53,Anthracene,0.0,True,,,0.1,EU MAC,compliant,indeterminate,unresolved_no_lod,True
C3,53,Azithromycin,0.0,True,,,0.18,EU MAC,compliant,indeterminate,unresolved_no_lod,True
C3,53,Bifenox,0.0,True,,,0.04,EU MAC,compliant,indeterminate,unresolved_no_lod,True
C3,53,Bisphenol-A,0.0,True,,,130.0,EU MAC,compliant,indeterminate,unresolved_no_lod,True
C3,53,Chlorpyrifos,0.0,True,,,0.0026,EU MAC,compliant,indeterminate,unresolved_no_lod,True
C3,53,Clarithromycin,0.0,True,,,0.13,EU MAC,compliant,indeterminate,unresolved_no_lod,True
C3,53,Clothianidin,0.0,True,0.13583585498351416,0.45278618327838055,0.34,EU MAC,compliant,indeterminate,method_insufficient,True
C3,53,Cybutryne,0.0,True,,,0.016,EU MAC,compliant,indeterminate,unresolved_no_lod,True
C3,53,Cypermethrin,0.0,True,,,0.0006000000000000001,EU MAC,compliant,indeterminate,unresolved_no_lod,True
C3,53,Di(2- ethylhexyl)phthalate (DEHP),38.60155560828156,False,,,2.0,EU MAC,exceeding,exceeding,,False
C3,53,Dichlorvos,0.0,True,,,0.0007,EU MAC,compliant,indeterminate,unresolved_no_lod,True
C3,53,Diuron,0.0,True,,,0.27,EU MAC,compliant,indeterminate,unresolved_no_lod,True
C3,53,Erythromycin,0.0,True,,,1.0,EU MAC,compliant,indeterminate,unresolved_no_lod,True
C3,53,Fluoranthene,0.0,True,,,0.12,EU MAC,compliant,indeterminate,unresolved_no_lod,True
C3,53,Hexachlorobenzene,0.0,True,,,8.0,EU MAC,compliant,indeterminate,unresolved_no_lod,True
C3,53,Imidacloprid,0.0,True,0.6194075722193858,2.0646919073979526,0.057,EU MAC,compliant,indeterminate,method_insufficient,True
C3,53,Isoproturon,0.0,True,,,1.0,EU MAC,compliant,indeterminate,unresolved_no_lod,True
C3,53,Pentachlorobenzene,0.0,True,,,0.007,EU AA,compliant,indeterminate,unresolved_no_lod,True
C3,53,Quinoxyfen,0.0,True,,,2.7,EU MAC,compliant,indeterminate,unresolved_no_lod,True
C3,53,Terbutryn,0.0,True,,,0.34,EU MAC,compliant,indeterminate,unresolved_no_lod,True
C3,53,Thiacloprid,0.0,True,0.08682554171532375,0.28941847238441254,0.05,EU MAC,compliant,indeterminate,method_insufficient,True
C3,53,Triclosan,0.0,True,,,0.02,EU MAC,compliant,indeterminate,unresolved_no_lod,True
C3,53,Trifluralin,0.0,True,,,0.03,EU AA,compliant,indeterminate,unresolved_no_lod,True
C3,54,17-alpha-Estradiol,0.0,True,,,0.00018,EU AA,compliant,indeterminate,unresolved_no_lod,True
C3,54,17-alpha-Ethinylestradiol,0.0,True,,,1.7e-05,EU AA,compliant,indeterminate,unresolved_no_lod,True
C3,54,17-beta-Estradiol,0.0,True,,,0.00018,EU AA,compliant,indeterminate,unresolved_no_lod,True
C3,54,Acetamiprid,0.0,True,0.025237601919248082,0.08412533973082695,0.16,EU MAC,compliant,compliant,,False
C3,54,Aclonifen,0.0,True,,,0.12,EU MAC,compliant,indeterminate,unresolved_no_lod,True
C3,54,Anthracene,0.0,True,,,0.1,EU MAC,compliant,indeterminate,unresolved_no_lod,True
C3,54,Azithromycin,0.0,True,,,0.18,EU MAC,compliant,indeterminate,unresolved_no_lod,True
C3,54,Bifenox,0.0,True,,,0.04,EU MAC,compliant,indeterminate,unresolved_no_lod,True
C3,54,Bisphenol-A,0.0,True,,,130.0,EU MAC,compliant,indeterminate,unresolved_no_lod,True
C3,54,Chlorpyrifos,0.0,True,,,0.0026,EU MAC,compliant,indeterminate,unresolved_no_lod,True
C3,54,Clarithromycin,0.0,True,,,0.13,EU MAC,compliant,indeterminate,unresolved_no_lod,True
C3,54,Clothianidin,0.0,True,0.13583585498351416,0.45278618327838055,0.34,EU MAC,compliant,indeterminate,method_insufficient,True
C3,54,Cybutryne,0.0,True,,,0.016,EU MAC,compliant,indeterminate,unresolved_no_lod,True
C3,54,Cypermethrin,0.0,True,,,0.0006000000000000001,EU MAC,compliant,indeterminate,unresolved_no_lod,True
C3,54,Di(2- ethylhexyl)phthalate (DEHP),13.716480491839942,False,,,2.0,EU MAC,exceeding,exceeding,,False
C3,54,Dichlorvos,0.0,True,,,0.0007,EU MAC,compliant,indeterminate,unresolved_no_lod,True
C3,54,Diuron,0.0,True,,,0.27,EU MAC,compliant,indeterminate,unresolved_no_lod,True
C3,54,Erythromycin,0.0,True,,,1.0,EU MAC,compliant,indeterminate,unresolved_no_lod,True
C3,54,Fluoranthene,0.0,True,,,0.12,EU MAC,compliant,indeterminate,unresolved_no_lod,True
C3,54,Hexachlorobenzene,0.0,True,,,8.0,EU MAC,compliant,indeterminate,unresolved_no_lod,True
C3,54,Imidacloprid,0.0,True,0.6194075722193858,2.0646919073979526,0.057,EU MAC,compliant,indeterminate,method_insufficient,True
C3,54,Isoproturon,0.0,True,,,1.0,EU MAC,compliant,indeterminate,unresolved_no_lod,True
C3,54,Pentachlorobenzene,0.0,True,,,0.007,EU AA,compliant,indeterminate,unresolved_no_lod,True
C3,54,Quinoxyfen,0.0,True,,,2.7,EU MAC,compliant,indeterminate,unresolved_no_lod,True
C3,54,Terbutryn,0.0,True,,,0.34,EU MAC,compliant,indeterminate,unresolved_no_lod,True
C3,54,Thiacloprid,0.0,True,0.08682554171532375,0.28941847238441254,0.05,EU MAC,compliant,indeterminate,method_insufficient,True
C3,54,Triclosan,0.0,True,,,0.02,EU MAC,compliant,indeterminate,unresolved_no_lod,True
C3,54,Trifluralin,0.0,True,,,0.03,EU AA,compliant,indeterminate,unresolved_no_lod,True
C3,55,17-alpha-Estradiol,0.0,True,,,0.00018,EU AA,compliant,indeterminate,unresolved_no_lod,True
C3,55,17-alpha-Ethinylestradiol,0.0,True,,,1.7e-05,EU AA,compliant,indeterminate,unresolved_no_lod,True
C3,55,17-beta-Estradiol,0.0,True,,,0.00018,EU AA,compliant,indeterminate,unresolved_no_lod,True
C3,55,Acetamiprid,0.07071641157724828,False,0.025237601919248082,0.08412533973082695,0.16,EU MAC,compliant,compliant,,False
C3,55,Aclonifen,0.0,True,,,0.12,EU MAC,compliant,indeterminate,unresolved_no_lod,True
C3,55,Anthracene,0.0,True,,,0.1,EU MAC,compliant,indeterminate,unresolved_no_lod,True
C3,55,Azithromycin,0.0,True,,,0.18,EU MAC,compliant,indeterminate,unresolved_no_lod,True
C3,55,Bifenox,0.0,True,,,0.04,EU MAC,compliant,indeterminate,unresolved_no_lod,True
C3,55,Bisphenol-A,0.0,True,,,130.0,EU MAC,compliant,indeterminate,unresolved_no_lod,True
C3,55,Chlorpyrifos,0.15816147273546202,False,,,0.0026,EU MAC,exceeding,exceeding,,False
C3,55,Clarithromycin,0.0,True,,,0.13,EU MAC,compliant,indeterminate,unresolved_no_lod,True
C3,55,Clothianidin,0.0,True,0.13583585498351416,0.45278618327838055,0.34,EU MAC,compliant,indeterminate,method_insufficient,True
C3,55,Cybutryne,0.0,True,,,0.016,EU MAC,compliant,indeterminate,unresolved_no_lod,True
C3,55,Cypermethrin,0.0,True,,,0.0006000000000000001,EU MAC,compliant,indeterminate,unresolved_no_lod,True
C3,55,Di(2- ethylhexyl)phthalate (DEHP),0.0,True,,,2.0,EU MAC,compliant,indeterminate,unresolved_no_lod,True
C3,55,Dichlorvos,0.0,True,,,0.0007,EU MAC,compliant,indeterminate,unresolved_no_lod,True
C3,55,Diuron,0.35719236405662386,False,,,0.27,EU MAC,exceeding,exceeding,,False
C3,55,Erythromycin,0.0,True,,,1.0,EU MAC,compliant,indeterminate,unresolved_no_lod,True
C3,55,Fluoranthene,0.0,True,,,0.12,EU MAC,compliant,indeterminate,unresolved_no_lod,True
C3,55,Hexachlorobenzene,0.0,True,,,8.0,EU MAC,compliant,indeterminate,unresolved_no_lod,True
C3,55,Imidacloprid,0.0,True,0.6194075722193858,2.0646919073979526,0.057,EU MAC,compliant,indeterminate,method_insufficient,True
C3,55,Isoproturon,0.0,True,,,1.0,EU MAC,compliant,indeterminate,unresolved_no_lod,True
C3,55,Pentachlorobenzene,0.0,True,,,0.007,EU AA,compliant,indeterminate,unresolved_no_lod,True
C3,55,Quinoxyfen,0.0,True,,,2.7,EU MAC,compliant,indeterminate,unresolved_no_lod,True
C3,55,Terbutryn,0.0,True,,,0.34,EU MAC,compliant,indeterminate,unresolved_no_lod,True
C3,55,Thiacloprid,0.0,True,0.08682554171532375,0.28941847238441254,0.05,EU MAC,compliant,indeterminate,method_insufficient,True
C3,55,Triclosan,0.0,True,,,0.02,EU MAC,compliant,indeterminate,unresolved_no_lod,True
C3,55,Trifluralin,0.0,True,,,0.03,EU AA,compliant,indeterminate,unresolved_no_lod,True
C3,56,17-alpha-Estradiol,0.0,True,,,0.00018,EU AA,compliant,indeterminate,unresolved_no_lod,True
C3,56,17-alpha-Ethinylestradiol,0.0,True,,,1.7e-05,EU AA,compliant,indeterminate,unresolved_no_lod,True
C3,56,17-beta-Estradiol,0.0,True,,,0.00018,EU AA,compliant,indeterminate,unresolved_no_lod,True
C3,56,Acetamiprid,0.03170158594887905,False,0.025237601919248082,0.08412533973082695,0.16,EU MAC,compliant,compliant,,False
C3,56,Aclonifen,0.0,True,,,0.12,EU MAC,compliant,indeterminate,unresolved_no_lod,True
C3,56,Anthracene,0.0,True,,,0.1,EU MAC,compliant,indeterminate,unresolved_no_lod,True
C3,56,Azithromycin,0.0,True,,,0.18,EU MAC,compliant,indeterminate,unresolved_no_lod,True
C3,56,Bifenox,0.0,True,,,0.04,EU MAC,compliant,indeterminate,unresolved_no_lod,True
C3,56,Bisphenol-A,0.0,True,,,130.0,EU MAC,compliant,indeterminate,unresolved_no_lod,True
C3,56,Chlorpyrifos,0.0,True,,,0.0026,EU MAC,compliant,indeterminate,unresolved_no_lod,True
C3,56,Clarithromycin,0.0,True,,,0.13,EU MAC,compliant,indeterminate,unresolved_no_lod,True
C3,56,Clothianidin,0.0,True,0.13583585498351416,0.45278618327838055,0.34,EU MAC,compliant,indeterminate,method_insufficient,True
C3,56,Cybutryne,0.0,True,,,0.016,EU MAC,compliant,indeterminate,unresolved_no_lod,True
C3,56,Cypermethrin,0.0,True,,,0.0006000000000000001,EU MAC,compliant,indeterminate,unresolved_no_lod,True
C3,56,Di(2- ethylhexyl)phthalate (DEHP),17.962826135560007,False,,,2.0,EU MAC,exceeding,exceeding,,False
C3,56,Dichlorvos,0.0,True,,,0.0007,EU MAC,compliant,indeterminate,unresolved_no_lod,True
C3,56,Diuron,0.08393300516967997,False,,,0.27,EU MAC,compliant,compliant,,False
C3,56,Erythromycin,0.0,True,,,1.0,EU MAC,compliant,indeterminate,unresolved_no_lod,True
C3,56,Fluoranthene,0.0,True,,,0.12,EU MAC,compliant,indeterminate,unresolved_no_lod,True
C3,56,Hexachlorobenzene,0.0,True,,,8.0,EU MAC,compliant,indeterminate,unresolved_no_lod,True
C3,56,Imidacloprid,0.0,True,0.6194075722193858,2.0646919073979526,0.057,EU MAC,compliant,indeterminate,method_insufficient,True
C3,56,Isoproturon,0.0,True,,,1.0,EU MAC,compliant,indeterminate,unresolved_no_lod,True
C3,56,Pentachlorobenzene,0.0,True,,,0.007,EU AA,compliant,indeterminate,unresolved_no_lod,True
C3,56,Quinoxyfen,0.0,True,,,2.7,EU MAC,compliant,indeterminate,unresolved_no_lod,True
C3,56,Terbutryn,0.0,True,,,0.34,EU MAC,compliant,indeterminate,unresolved_no_lod,True
C3,56,Thiacloprid,0.0,True,0.08682554171532375,0.28941847238441254,0.05,EU MAC,compliant,indeterminate,method_insufficient,True
C3,56,Triclosan,0.0,True,,,0.02,EU MAC,compliant,indeterminate,unresolved_no_lod,True
C3,56,Trifluralin,0.0,True,,,0.03,EU AA,compliant,indeterminate,unresolved_no_lod,True
C3,57,17-alpha-Estradiol,0.0,True,,,0.00018,EU AA,compliant,indeterminate,unresolved_no_lod,True
C3,57,17-alpha-Ethinylestradiol,0.0,True,,,1.7e-05,EU AA,compliant,indeterminate,unresolved_no_lod,True
C3,57,17-beta-Estradiol,0.0,True,,,0.00018,EU AA,compliant,indeterminate,unresolved_no_lod,True
C3,57,Acetamiprid,0.05094047901370176,False,0.025237601919248082,0.08412533973082695,0.16,EU MAC,compliant,compliant,,False
C3,57,Aclonifen,0.0,True,,,0.12,EU MAC,compliant,indeterminate,unresolved_no_lod,True
C3,57,Anthracene,0.0,True,,,0.1,EU MAC,compliant,indeterminate,unresolved_no_lod,True
C3,57,Azithromycin,0.0,True,,,0.18,EU MAC,compliant,indeterminate,unresolved_no_lod,True
C3,57,Bifenox,0.0,True,,,0.04,EU MAC,compliant,indeterminate,unresolved_no_lod,True
C3,57,Bisphenol-A,0.0,True,,,130.0,EU MAC,compliant,indeterminate,unresolved_no_lod,True
C3,57,Chlorpyrifos,0.0,True,,,0.0026,EU MAC,compliant,indeterminate,unresolved_no_lod,True
C3,57,Clarithromycin,0.0,True,,,0.13,EU MAC,compliant,indeterminate,unresolved_no_lod,True
C3,57,Clothianidin,0.0,True,0.13583585498351416,0.45278618327838055,0.34,EU MAC,compliant,indeterminate,method_insufficient,True
C3,57,Cybutryne,0.0,True,,,0.016,EU MAC,compliant,indeterminate,unresolved_no_lod,True
C3,57,Cypermethrin,0.0,True,,,0.0006000000000000001,EU MAC,compliant,indeterminate,unresolved_no_lod,True
C3,57,Di(2- ethylhexyl)phthalate (DEHP),8.136256717481489,False,,,2.0,EU MAC,exceeding,exceeding,,False
C3,57,Dichlorvos,0.0,True,,,0.0007,EU MAC,compliant,indeterminate,unresolved_no_lod,True
C3,57,Diuron,0.6768542629326476,False,,,0.27,EU MAC,exceeding,exceeding,,False
C3,57,Erythromycin,0.0,True,,,1.0,EU MAC,compliant,indeterminate,unresolved_no_lod,True
C3,57,Fluoranthene,0.0,True,,,0.12,EU MAC,compliant,indeterminate,unresolved_no_lod,True
C3,57,Hexachlorobenzene,0.0,True,,,8.0,EU MAC,compliant,indeterminate,unresolved_no_lod,True
C3,57,Imidacloprid,0.0,True,0.6194075722193858,2.0646919073979526,0.057,EU MAC,compliant,indeterminate,method_insufficient,True
C3,57,Isoproturon,0.0,True,,,1.0,EU MAC,compliant,indeterminate,unresolved_no_lod,True
C3,57,Pentachlorobenzene,0.0,True,,,0.007,EU AA,compliant,indeterminate,unresolved_no_lod,True
C3,57,Quinoxyfen,0.0,True,,,2.7,EU MAC,compliant,indeterminate,unresolved_no_lod,True
C3,57,Terbutryn,0.0,True,,,0.34,EU MAC,compliant,indeterminate,unresolved_no_lod,True
C3,57,Thiacloprid,0.0,True,0.08682554171532375,0.28941847238441254,0.05,EU MAC,compliant,indeterminate,method_insufficient,True
C3,57,Triclosan,0.0,True,,,0.02,EU MAC,compliant,indeterminate,unresolved_no_lod,True
C3,57,Trifluralin,0.0,True,,,0.03,EU AA,compliant,indeterminate,unresolved_no_lod,True
C3,58,17-alpha-Estradiol,0.0,True,,,0.00018,EU AA,compliant,indeterminate,unresolved_no_lod,True
C3,58,17-alpha-Ethinylestradiol,0.0,True,,,1.7e-05,EU AA,compliant,indeterminate,unresolved_no_lod,True
C3,58,17-beta-Estradiol,0.0,True,,,0.00018,EU AA,compliant,indeterminate,unresolved_no_lod,True
C3,58,Acetamiprid,0.044230090687764546,False,0.025237601919248082,0.08412533973082695,0.16,EU MAC,compliant,compliant,,False
C3,58,Aclonifen,0.0,True,,,0.12,EU MAC,compliant,indeterminate,unresolved_no_lod,True
C3,58,Anthracene,0.0,True,,,0.1,EU MAC,compliant,indeterminate,unresolved_no_lod,True
C3,58,Azithromycin,0.0,True,,,0.18,EU MAC,compliant,indeterminate,unresolved_no_lod,True
C3,58,Bifenox,0.0,True,,,0.04,EU MAC,compliant,indeterminate,unresolved_no_lod,True
C3,58,Bisphenol-A,0.0,True,,,130.0,EU MAC,compliant,indeterminate,unresolved_no_lod,True
C3,58,Chlorpyrifos,0.0,True,,,0.0026,EU MAC,compliant,indeterminate,unresolved_no_lod,True
C3,58,Clarithromycin,0.0,True,,,0.13,EU MAC,compliant,indeterminate,unresolved_no_lod,True
C3,58,Clothianidin,0.0,True,0.13583585498351416,0.45278618327838055,0.34,EU MAC,compliant,indeterminate,method_insufficient,True
C3,58,Cybutryne,0.0,True,,,0.016,EU MAC,compliant,indeterminate,unresolved_no_lod,True
C3,58,Cypermethrin,0.0,True,,,0.0006000000000000001,EU MAC,compliant,indeterminate,unresolved_no_lod,True
C3,58,Di(2- ethylhexyl)phthalate (DEHP),19.174983962727328,False,,,2.0,EU MAC,exceeding,exceeding,,False
C3,58,Dichlorvos,0.0,True,,,0.0007,EU MAC,compliant,indeterminate,unresolved_no_lod,True
C3,58,Diuron,0.0,True,,,0.27,EU MAC,compliant,indeterminate,unresolved_no_lod,True
C3,58,Erythromycin,0.0,True,,,1.0,EU MAC,compliant,indeterminate,unresolved_no_lod,True
C3,58,Fluoranthene,0.0,True,,,0.12,EU MAC,compliant,indeterminate,unresolved_no_lod,True
C3,58,Hexachlorobenzene,0.0,True,,,8.0,EU MAC,compliant,indeterminate,unresolved_no_lod,True
C3,58,Imidacloprid,0.0,True,0.6194075722193858,2.0646919073979526,0.057,EU MAC,compliant,indeterminate,method_insufficient,True
C3,58,Isoproturon,0.0,True,,,1.0,EU MAC,compliant,indeterminate,unresolved_no_lod,True
C3,58,Pentachlorobenzene,0.0,True,,,0.007,EU AA,compliant,indeterminate,unresolved_no_lod,True
C3,58,Quinoxyfen,0.0,True,,,2.7,EU MAC,compliant,indeterminate,unresolved_no_lod,True
C3,58,Terbutryn,0.0,True,,,0.34,EU MAC,compliant,indeterminate,unresolved_no_lod,True
C3,58,Thiacloprid,0.0,True,0.08682554171532375,0.28941847238441254,0.05,EU MAC,compliant,indeterminate,method_insufficient,True
C3,58,Triclosan,0.0,True,,,0.02,EU MAC,compliant,indeterminate,unresolved_no_lod,True
C3,58,Trifluralin,0.0,True,,,0.03,EU AA,compliant,indeterminate,unresolved_no_lod,True
C3,59,17-alpha-Estradiol,0.0,True,,,0.00018,EU AA,compliant,indeterminate,unresolved_no_lod,True
C3,59,17-alpha-Ethinylestradiol,0.0,True,,,1.7e-05,EU AA,compliant,indeterminate,unresolved_no_lod,True
C3,59,17-beta-Estradiol,0.0,True,,,0.00018,EU AA,compliant,indeterminate,unresolved_no_lod,True
C3,59,Acetamiprid,0.0,True,0.025237601919248082,0.08412533973082695,0.16,EU MAC,compliant,compliant,,False
C3,59,Aclonifen,0.061206206905252,False,,,0.12,EU MAC,compliant,compliant,,False
C3,59,Anthracene,0.0,True,,,0.1,EU MAC,compliant,indeterminate,unresolved_no_lod,True
C3,59,Azithromycin,0.0,True,,,0.18,EU MAC,compliant,indeterminate,unresolved_no_lod,True
C3,59,Bifenox,0.0,True,,,0.04,EU MAC,compliant,indeterminate,unresolved_no_lod,True
C3,59,Bisphenol-A,0.0,True,,,130.0,EU MAC,compliant,indeterminate,unresolved_no_lod,True
C3,59,Chlorpyrifos,0.23830108912733616,False,,,0.0026,EU MAC,exceeding,exceeding,,False
C3,59,Clarithromycin,0.0,True,,,0.13,EU MAC,compliant,indeterminate,unresolved_no_lod,True
C3,59,Clothianidin,0.0,True,0.13583585498351416,0.45278618327838055,0.34,EU MAC,compliant,indeterminate,method_insufficient,True
C3,59,Cybutryne,0.0,True,,,0.016,EU MAC,compliant,indeterminate,unresolved_no_lod,True
C3,59,Cypermethrin,0.0,True,,,0.0006000000000000001,EU MAC,compliant,indeterminate,unresolved_no_lod,True
C3,59,Di(2- ethylhexyl)phthalate (DEHP),50.56691930565054,False,,,2.0,EU MAC,exceeding,exceeding,,False
C3,59,Dichlorvos,0.0,True,,,0.0007,EU MAC,compliant,indeterminate,unresolved_no_lod,True
C3,59,Diuron,0.0,True,,,0.27,EU MAC,compliant,indeterminate,unresolved_no_lod,True
C3,59,Erythromycin,0.0,True,,,1.0,EU MAC,compliant,indeterminate,unresolved_no_lod,True
C3,59,Fluoranthene,0.0,True,,,0.12,EU MAC,compliant,indeterminate,unresolved_no_lod,True
C3,59,Hexachlorobenzene,0.0,True,,,8.0,EU MAC,compliant,indeterminate,unresolved_no_lod,True
C3,59,Imidacloprid,0.0,True,0.6194075722193858,2.0646919073979526,0.057,EU MAC,compliant,indeterminate,method_insufficient,True
C3,59,Isoproturon,0.0,True,,,1.0,EU MAC,compliant,indeterminate,unresolved_no_lod,True
C3,59,Pentachlorobenzene,0.0,True,,,0.007,EU AA,compliant,indeterminate,unresolved_no_lod,True
C3,59,Quinoxyfen,0.0,True,,,2.7,EU MAC,compliant,indeterminate,unresolved_no_lod,True
C3,59,Terbutryn,0.0,True,,,0.34,EU MAC,compliant,indeterminate,unresolved_no_lod,True
C3,59,Thiacloprid,0.0,True,0.08682554171532375,0.28941847238441254,0.05,EU MAC,compliant,indeterminate,method_insufficient,True
C3,59,Triclosan,0.0,True,,,0.02,EU MAC,compliant,indeterminate,unresolved_no_lod,True
C3,59,Trifluralin,0.0,True,,,0.03,EU AA,compliant,indeterminate,unresolved_no_lod,True
C3,60,17-alpha-Estradiol,0.0,True,,,0.00018,EU AA,compliant,indeterminate,unresolved_no_lod,True
C3,60,17-alpha-Ethinylestradiol,0.0,True,,,1.7e-05,EU AA,compliant,indeterminate,unresolved_no_lod,True
C3,60,17-beta-Estradiol,0.0,True,,,0.00018,EU AA,compliant,indeterminate,unresolved_no_lod,True
C3,60,Acetamiprid,0.0,True,0.025237601919248082,0.08412533973082695,0.16,EU MAC,compliant,compliant,,False
C3,60,Aclonifen,0.0,True,,,0.12,EU MAC,compliant,indeterminate,unresolved_no_lod,True
C3,60,Anthracene,0.0,True,,,0.1,EU MAC,compliant,indeterminate,unresolved_no_lod,True
C3,60,Azithromycin,0.0,True,,,0.18,EU MAC,compliant,indeterminate,unresolved_no_lod,True
C3,60,Bifenox,0.0,True,,,0.04,EU MAC,compliant,indeterminate,unresolved_no_lod,True
C3,60,Bisphenol-A,0.0,True,,,130.0,EU MAC,compliant,indeterminate,unresolved_no_lod,True
C3,60,Chlorpyrifos,0.18427681726230563,False,,,0.0026,EU MAC,exceeding,exceeding,,False
C3,60,Clarithromycin,0.0,True,,,0.13,EU MAC,compliant,indeterminate,unresolved_no_lod,True
C3,60,Clothianidin,0.0,True,0.13583585498351416,0.45278618327838055,0.34,EU MAC,compliant,indeterminate,method_insufficient,True
C3,60,Cybutryne,0.0,True,,,0.016,EU MAC,compliant,indeterminate,unresolved_no_lod,True
C3,60,Cypermethrin,0.0,True,,,0.0006000000000000001,EU MAC,compliant,indeterminate,unresolved_no_lod,True
C3,60,Di(2- ethylhexyl)phthalate (DEHP),27.565051991545552,False,,,2.0,EU MAC,exceeding,exceeding,,False
C3,60,Dichlorvos,0.0,True,,,0.0007,EU MAC,compliant,indeterminate,unresolved_no_lod,True
C3,60,Diuron,0.0,True,,,0.27,EU MAC,compliant,indeterminate,unresolved_no_lod,True
C3,60,Erythromycin,0.0,True,,,1.0,EU MAC,compliant,indeterminate,unresolved_no_lod,True
C3,60,Fluoranthene,0.0,True,,,0.12,EU MAC,compliant,indeterminate,unresolved_no_lod,True
C3,60,Hexachlorobenzene,0.0,True,,,8.0,EU MAC,compliant,indeterminate,unresolved_no_lod,True
C3,60,Imidacloprid,0.0,True,0.6194075722193858,2.0646919073979526,0.057,EU MAC,compliant,indeterminate,method_insufficient,True
C3,60,Isoproturon,0.0,True,,,1.0,EU MAC,compliant,indeterminate,unresolved_no_lod,True
C3,60,Pentachlorobenzene,0.0,True,,,0.007,EU AA,compliant,indeterminate,unresolved_no_lod,True
C3,60,Quinoxyfen,0.0,True,,,2.7,EU MAC,compliant,indeterminate,unresolved_no_lod,True
C3,60,Terbutryn,0.0,True,,,0.34,EU MAC,compliant,indeterminate,unresolved_no_lod,True
C3,60,Thiacloprid,0.0,True,0.08682554171532375,0.28941847238441254,0.05,EU MAC,compliant,indeterminate,method_insufficient,True
C3,60,Triclosan,0.0,True,,,0.02,EU MAC,compliant,indeterminate,unresolved_no_lod,True
C3,60,Trifluralin,0.0,True,,,0.03,EU AA,compliant,indeterminate,unresolved_no_lod,True
C3,61,17-alpha-Estradiol,0.0,True,,,0.00018,EU AA,compliant,indeterminate,unresolved_no_lod,True
C3,61,17-alpha-Ethinylestradiol,0.0,True,,,1.7e-05,EU AA,compliant,indeterminate,unresolved_no_lod,True
C3,61,17-beta-Estradiol,0.0,True,,,0.00018,EU AA,compliant,indeterminate,unresolved_no_lod,True
C3,61,Acetamiprid,0.0,True,0.025237601919248082,0.08412533973082695,0.16,EU MAC,compliant,compliant,,False
C3,61,Aclonifen,0.0,True,,,0.12,EU MAC,compliant,indeterminate,unresolved_no_lod,True
C3,61,Anthracene,0.0,True,,,0.1,EU MAC,compliant,indeterminate,unresolved_no_lod,True
C3,61,Azithromycin,0.0,True,,,0.18,EU MAC,compliant,indeterminate,unresolved_no_lod,True
C3,61,Bifenox,0.0,True,,,0.04,EU MAC,compliant,indeterminate,unresolved_no_lod,True
C3,61,Bisphenol-A,0.0,True,,,130.0,EU MAC,compliant,indeterminate,unresolved_no_lod,True
C3,61,Chlorpyrifos,0.0,True,,,0.0026,EU MAC,compliant,indeterminate,unresolved_no_lod,True
C3,61,Clarithromycin,0.0,True,,,0.13,EU MAC,compliant,indeterminate,unresolved_no_lod,True
C3,61,Clothianidin,0.0,True,0.13583585498351416,0.45278618327838055,0.34,EU MAC,compliant,indeterminate,method_insufficient,True
C3,61,Cybutryne,0.0,True,,,0.016,EU MAC,compliant,indeterminate,unresolved_no_lod,True
C3,61,Cypermethrin,0.0,True,,,0.0006000000000000001,EU MAC,compliant,indeterminate,unresolved_no_lod,True
C3,61,Di(2- ethylhexyl)phthalate (DEHP),14.889860293250697,False,,,2.0,EU MAC,exceeding,exceeding,,False
C3,61,Dichlorvos,0.0,True,,,0.0007,EU MAC,compliant,indeterminate,unresolved_no_lod,True
C3,61,Diuron,0.0,True,,,0.27,EU MAC,compliant,indeterminate,unresolved_no_lod,True
C3,61,Erythromycin,0.0,True,,,1.0,EU MAC,compliant,indeterminate,unresolved_no_lod,True
C3,61,Fluoranthene,0.0,True,,,0.12,EU MAC,compliant,indeterminate,unresolved_no_lod,True
C3,61,Hexachlorobenzene,0.0,True,,,8.0,EU MAC,compliant,indeterminate,unresolved_no_lod,True
C3,61,Imidacloprid,0.0,True,0.6194075722193858,2.0646919073979526,0.057,EU MAC,compliant,indeterminate,method_insufficient,True
C3,61,Isoproturon,0.0,True,,,1.0,EU MAC,compliant,indeterminate,unresolved_no_lod,True
C3,61,Pentachlorobenzene,0.0,True,,,0.007,EU AA,compliant,indeterminate,unresolved_no_lod,True
C3,61,Quinoxyfen,0.0,True,,,2.7,EU MAC,compliant,indeterminate,unresolved_no_lod,True
C3,61,Terbutryn,0.0,True,,,0.34,EU MAC,compliant,indeterminate,unresolved_no_lod,True
C3,61,Thiacloprid,0.0,True,0.08682554171532375,0.28941847238441254,0.05,EU MAC,compliant,indeterminate,method_insufficient,True
C3,61,Triclosan,0.0,True,,,0.02,EU MAC,compliant,indeterminate,unresolved_no_lod,True
C3,61,Trifluralin,0.0,True,,,0.03,EU AA,compliant,indeterminate,unresolved_no_lod,True
C3,62,17-alpha-Estradiol,0.0,True,,,0.00018,EU AA,compliant,indeterminate,unresolved_no_lod,True
C3,62,17-alpha-Ethinylestradiol,0.0,True,,,1.7e-05,EU AA,compliant,indeterminate,unresolved_no_lod,True
C3,62,17-beta-Estradiol,0.0,True,,,0.00018,EU AA,compliant,indeterminate,unresolved_no_lod,True
C3,62,Acetamiprid,0.03415997205038924,False,0.025237601919248082,0.08412533973082695,0.16,EU MAC,compliant,compliant,,False
C3,62,Aclonifen,0.1042170560350491,False,,,0.12,EU MAC,compliant,compliant,,False
C3,62,Anthracene,0.0,True,,,0.1,EU MAC,compliant,indeterminate,unresolved_no_lod,True
C3,62,Azithromycin,0.0,True,,,0.18,EU MAC,compliant,indeterminate,unresolved_no_lod,True
C3,62,Bifenox,0.0,True,,,0.04,EU MAC,compliant,indeterminate,unresolved_no_lod,True
C3,62,Bisphenol-A,0.0,True,,,130.0,EU MAC,compliant,indeterminate,unresolved_no_lod,True
C3,62,Chlorpyrifos,0.23252334799296173,False,,,0.0026,EU MAC,exceeding,exceeding,,False
C3,62,Clarithromycin,0.0,True,,,0.13,EU MAC,compliant,indeterminate,unresolved_no_lod,True
C3,62,Clothianidin,0.0,True,0.13583585498351416,0.45278618327838055,0.34,EU MAC,compliant,indeterminate,method_insufficient,True
C3,62,Cybutryne,0.0,True,,,0.016,EU MAC,compliant,indeterminate,unresolved_no_lod,True
C3,62,Cypermethrin,0.0,True,,,0.0006000000000000001,EU MAC,compliant,indeterminate,unresolved_no_lod,True
C3,62,Di(2- ethylhexyl)phthalate (DEHP),15.491758224657254,False,,,2.0,EU MAC,exceeding,exceeding,,False
C3,62,Dichlorvos,0.0,True,,,0.0007,EU MAC,compliant,indeterminate,unresolved_no_lod,True
C3,62,Diuron,0.0494030384758965,False,,,0.27,EU MAC,compliant,compliant,,False
C3,62,Erythromycin,0.0,True,,,1.0,EU MAC,compliant,indeterminate,unresolved_no_lod,True
C3,62,Fluoranthene,0.0,True,,,0.12,EU MAC,compliant,indeterminate,unresolved_no_lod,True
C3,62,Hexachlorobenzene,0.0,True,,,8.0,EU MAC,compliant,indeterminate,unresolved_no_lod,True
C3,62,Imidacloprid,0.0,True,0.6194075722193858,2.0646919073979526,0.057,EU MAC,compliant,indeterminate,method_insufficient,True
C3,62,Isoproturon,0.0,True,,,1.0,EU MAC,compliant,indeterminate,unresolved_no_lod,True
C3,62,Pentachlorobenzene,0.0,True,,,0.007,EU AA,compliant,indeterminate,unresolved_no_lod,True
C3,62,Quinoxyfen,0.0,True,,,2.7,EU MAC,compliant,indeterminate,unresolved_no_lod,True
C3,62,Terbutryn,0.0,True,,,0.34,EU MAC,compliant,indeterminate,unresolved_no_lod,True
C3,62,Thiacloprid,0.0,True,0.08682554171532375,0.28941847238441254,0.05,EU MAC,compliant,indeterminate,method_insufficient,True
C3,62,Triclosan,0.0,True,,,0.02,EU MAC,compliant,indeterminate,unresolved_no_lod,True
C3,62,Trifluralin,0.0,True,,,0.03,EU AA,compliant,indeterminate,unresolved_no_lod,True
C3,63,17-alpha-Estradiol,0.0,True,,,0.00018,EU AA,compliant,indeterminate,unresolved_no_lod,True
C3,63,17-alpha-Ethinylestradiol,0.0,True,,,1.7e-05,EU AA,compliant,indeterminate,unresolved_no_lod,True
C3,63,17-beta-Estradiol,0.0,True,,,0.00018,EU AA,compliant,indeterminate,unresolved_no_lod,True
C3,63,Acetamiprid,0.08500770012281306,False,0.025237601919248082,0.08412533973082695,0.16,EU MAC,compliant,compliant,,False
C3,63,Aclonifen,0.0,True,,,0.12,EU MAC,compliant,indeterminate,unresolved_no_lod,True
C3,63,Anthracene,0.0,True,,,0.1,EU MAC,compliant,indeterminate,unresolved_no_lod,True
C3,63,Azithromycin,0.0,True,,,0.18,EU MAC,compliant,indeterminate,unresolved_no_lod,True
C3,63,Bifenox,0.0,True,,,0.04,EU MAC,compliant,indeterminate,unresolved_no_lod,True
C3,63,Bisphenol-A,0.0,True,,,130.0,EU MAC,compliant,indeterminate,unresolved_no_lod,True
C3,63,Chlorpyrifos,0.0,True,,,0.0026,EU MAC,compliant,indeterminate,unresolved_no_lod,True
C3,63,Clarithromycin,0.0,True,,,0.13,EU MAC,compliant,indeterminate,unresolved_no_lod,True
C3,63,Clothianidin,0.0,True,0.13583585498351416,0.45278618327838055,0.34,EU MAC,compliant,indeterminate,method_insufficient,True
C3,63,Cybutryne,0.0,True,,,0.016,EU MAC,compliant,indeterminate,unresolved_no_lod,True
C3,63,Cypermethrin,0.0,True,,,0.0006000000000000001,EU MAC,compliant,indeterminate,unresolved_no_lod,True
C3,63,Di(2- ethylhexyl)phthalate (DEHP),11.697640693380386,False,,,2.0,EU MAC,exceeding,exceeding,,False
C3,63,Dichlorvos,0.0,True,,,0.0007,EU MAC,compliant,indeterminate,unresolved_no_lod,True
C3,63,Diuron,0.16935221862304484,False,,,0.27,EU MAC,compliant,compliant,,False
C3,63,Erythromycin,0.0,True,,,1.0,EU MAC,compliant,indeterminate,unresolved_no_lod,True
C3,63,Fluoranthene,0.0,True,,,0.12,EU MAC,compliant,indeterminate,unresolved_no_lod,True
C3,63,Hexachlorobenzene,0.0,True,,,8.0,EU MAC,compliant,indeterminate,unresolved_no_lod,True
C3,63,Imidacloprid,0.0,True,0.6194075722193858,2.0646919073979526,0.057,EU MAC,compliant,indeterminate,method_insufficient,True
C3,63,Isoproturon,0.0,True,,,1.0,EU MAC,compliant,indeterminate,unresolved_no_lod,True
C3,63,Pentachlorobenzene,0.0,True,,,0.007,EU AA,compliant,indeterminate,unresolved_no_lod,True
C3,63,Quinoxyfen,0.0,True,,,2.7,EU MAC,compliant,indeterminate,unresolved_no_lod,True
C3,63,Terbutryn,0.00420477767583693,False,,,0.34,EU MAC,compliant,compliant,,False
C3,63,Thiacloprid,0.0,True,0.08682554171532375,0.28941847238441254,0.05,EU MAC,compliant,indeterminate,method_insufficient,True
C3,63,Triclosan,0.0,True,,,0.02,EU MAC,compliant,indeterminate,unresolved_no_lod,True
C3,63,Trifluralin,0.0,True,,,0.03,EU AA,compliant,indeterminate,unresolved_no_lod,True
C3,64,17-alpha-Estradiol,0.0,True,,,0.00018,EU AA,compliant,indeterminate,unresolved_no_lod,True
C3,64,17-alpha-Ethinylestradiol,0.0,True,,,1.7e-05,EU AA,compliant,indeterminate,unresolved_no_lod,True
C3,64,17-beta-Estradiol,0.0,True,,,0.00018,EU AA,compliant,indeterminate,unresolved_no_lod,True
C3,64,Acetamiprid,0.0,True,0.025237601919248082,0.08412533973082695,0.16,EU MAC,compliant,compliant,,False
C3,64,Aclonifen,0.0,True,,,0.12,EU MAC,compliant,indeterminate,unresolved_no_lod,True
C3,64,Anthracene,0.0,True,,,0.1,EU MAC,compliant,indeterminate,unresolved_no_lod,True
C3,64,Azithromycin,0.0,True,,,0.18,EU MAC,compliant,indeterminate,unresolved_no_lod,True
C3,64,Bifenox,0.0,True,,,0.04,EU MAC,compliant,indeterminate,unresolved_no_lod,True
C3,64,Bisphenol-A,0.0,True,,,130.0,EU MAC,compliant,indeterminate,unresolved_no_lod,True
C3,64,Chlorpyrifos,0.0,True,,,0.0026,EU MAC,compliant,indeterminate,unresolved_no_lod,True
C3,64,Clarithromycin,0.0,True,,,0.13,EU MAC,compliant,indeterminate,unresolved_no_lod,True
C3,64,Clothianidin,0.0,True,0.13583585498351416,0.45278618327838055,0.34,EU MAC,compliant,indeterminate,method_insufficient,True
C3,64,Cybutryne,0.0,True,,,0.016,EU MAC,compliant,indeterminate,unresolved_no_lod,True
C3,64,Cypermethrin,0.0,True,,,0.0006000000000000001,EU MAC,compliant,indeterminate,unresolved_no_lod,True
C3,64,Di(2- ethylhexyl)phthalate (DEHP),13.922432403842123,False,,,2.0,EU MAC,exceeding,exceeding,,False
C3,64,Dichlorvos,0.0,True,,,0.0007,EU MAC,compliant,indeterminate,unresolved_no_lod,True
C3,64,Diuron,0.0,True,,,0.27,EU MAC,compliant,indeterminate,unresolved_no_lod,True
C3,64,Erythromycin,0.0,True,,,1.0,EU MAC,compliant,indeterminate,unresolved_no_lod,True
C3,64,Fluoranthene,0.0,True,,,0.12,EU MAC,compliant,indeterminate,unresolved_no_lod,True
C3,64,Hexachlorobenzene,0.0,True,,,8.0,EU MAC,compliant,indeterminate,unresolved_no_lod,True
C3,64,Imidacloprid,0.0,True,0.6194075722193858,2.0646919073979526,0.057,EU MAC,compliant,indeterminate,method_insufficient,True
C3,64,Isoproturon,0.0,True,,,1.0,EU MAC,compliant,indeterminate,unresolved_no_lod,True
C3,64,Pentachlorobenzene,0.0,True,,,0.007,EU AA,compliant,indeterminate,unresolved_no_lod,True
C3,64,Quinoxyfen,0.0,True,,,2.7,EU MAC,compliant,indeterminate,unresolved_no_lod,True
C3,64,Terbutryn,0.0,True,,,0.34,EU MAC,compliant,indeterminate,unresolved_no_lod,True
C3,64,Thiacloprid,0.0,True,0.08682554171532375,0.28941847238441254,0.05,EU MAC,compliant,indeterminate,method_insufficient,True
C3,64,Triclosan,0.0,True,,,0.02,EU MAC,compliant,indeterminate,unresolved_no_lod,True
C3,64,Trifluralin,0.0,True,,,0.03,EU AA,compliant,indeterminate,unresolved_no_lod,True
C3,65,17-alpha-Estradiol,0.0,True,,,0.00018,EU AA,compliant,indeterminate,unresolved_no_lod,True
C3,65,17-alpha-Ethinylestradiol,0.0,True,,,1.7e-05,EU AA,compliant,indeterminate,unresolved_no_lod,True
C3,65,17-beta-Estradiol,0.0,True,,,0.00018,EU AA,compliant,indeterminate,unresolved_no_lod,True
C3,65,Acetamiprid,0.0,True,0.025237601919248082,0.08412533973082695,0.16,EU MAC,compliant,compliant,,False
C3,65,Aclonifen,0.0,True,,,0.12,EU MAC,compliant,indeterminate,unresolved_no_lod,True
C3,65,Anthracene,0.0,True,,,0.1,EU MAC,compliant,indeterminate,unresolved_no_lod,True
C3,65,Azithromycin,0.0,True,,,0.18,EU MAC,compliant,indeterminate,unresolved_no_lod,True
C3,65,Bifenox,0.0,True,,,0.04,EU MAC,compliant,indeterminate,unresolved_no_lod,True
C3,65,Bisphenol-A,0.0,True,,,130.0,EU MAC,compliant,indeterminate,unresolved_no_lod,True
C3,65,Chlorpyrifos,0.0,True,,,0.0026,EU MAC,compliant,indeterminate,unresolved_no_lod,True
C3,65,Clarithromycin,0.0,True,,,0.13,EU MAC,compliant,indeterminate,unresolved_no_lod,True
C3,65,Clothianidin,0.0,True,0.13583585498351416,0.45278618327838055,0.34,EU MAC,compliant,indeterminate,method_insufficient,True
C3,65,Cybutryne,0.0,True,,,0.016,EU MAC,compliant,indeterminate,unresolved_no_lod,True
C3,65,Cypermethrin,0.0,True,,,0.0006000000000000001,EU MAC,compliant,indeterminate,unresolved_no_lod,True
C3,65,Di(2- ethylhexyl)phthalate (DEHP),26.05242402624272,False,,,2.0,EU MAC,exceeding,exceeding,,False
C3,65,Dichlorvos,0.0,True,,,0.0007,EU MAC,compliant,indeterminate,unresolved_no_lod,True
C3,65,Diuron,0.0,True,,,0.27,EU MAC,compliant,indeterminate,unresolved_no_lod,True
C3,65,Erythromycin,0.0,True,,,1.0,EU MAC,compliant,indeterminate,unresolved_no_lod,True
C3,65,Fluoranthene,0.0,True,,,0.12,EU MAC,compliant,indeterminate,unresolved_no_lod,True
C3,65,Hexachlorobenzene,0.0,True,,,8.0,EU MAC,compliant,indeterminate,unresolved_no_lod,True
C3,65,Imidacloprid,0.0,True,0.6194075722193858,2.0646919073979526,0.057,EU MAC,compliant,indeterminate,method_insufficient,True
C3,65,Isoproturon,0.0,True,,,1.0,EU MAC,compliant,indeterminate,unresolved_no_lod,True
C3,65,Pentachlorobenzene,0.0,True,,,0.007,EU AA,compliant,indeterminate,unresolved_no_lod,True
C3,65,Quinoxyfen,0.0,True,,,2.7,EU MAC,compliant,indeterminate,unresolved_no_lod,True
C3,65,Terbutryn,0.0,True,,,0.34,EU MAC,compliant,indeterminate,unresolved_no_lod,True
C3,65,Thiacloprid,0.0,True,0.08682554171532375,0.28941847238441254,0.05,EU MAC,compliant,indeterminate,method_insufficient,True
C3,65,Triclosan,0.0,True,,,0.02,EU MAC,compliant,indeterminate,unresolved_no_lod,True
C3,65,Trifluralin,0.0,True,,,0.03,EU AA,compliant,indeterminate,unresolved_no_lod,True
C3,66,17-alpha-Estradiol,0.0,True,,,0.00018,EU AA,compliant,indeterminate,unresolved_no_lod,True
C3,66,17-alpha-Ethinylestradiol,0.0,True,,,1.7e-05,EU AA,compliant,indeterminate,unresolved_no_lod,True
C3,66,17-beta-Estradiol,0.0,True,,,0.00018,EU AA,compliant,indeterminate,unresolved_no_lod,True
C3,66,Acetamiprid,0.0,True,0.025237601919248082,0.08412533973082695,0.16,EU MAC,compliant,compliant,,False
C3,66,Aclonifen,0.0,True,,,0.12,EU MAC,compliant,indeterminate,unresolved_no_lod,True
C3,66,Anthracene,0.0,True,,,0.1,EU MAC,compliant,indeterminate,unresolved_no_lod,True
C3,66,Azithromycin,0.0,True,,,0.18,EU MAC,compliant,indeterminate,unresolved_no_lod,True
C3,66,Bifenox,0.0,True,,,0.04,EU MAC,compliant,indeterminate,unresolved_no_lod,True
C3,66,Bisphenol-A,0.0,True,,,130.0,EU MAC,compliant,indeterminate,unresolved_no_lod,True
C3,66,Chlorpyrifos,0.17775197550403676,False,,,0.0026,EU MAC,exceeding,exceeding,,False
C3,66,Clarithromycin,0.0,True,,,0.13,EU MAC,compliant,indeterminate,unresolved_no_lod,True
C3,66,Clothianidin,0.0,True,0.13583585498351416,0.45278618327838055,0.34,EU MAC,compliant,indeterminate,method_insufficient,True
C3,66,Cybutryne,0.0,True,,,0.016,EU MAC,compliant,indeterminate,unresolved_no_lod,True
C3,66,Cypermethrin,0.0,True,,,0.0006000000000000001,EU MAC,compliant,indeterminate,unresolved_no_lod,True
C3,66,Di(2- ethylhexyl)phthalate (DEHP),9.241839206784643,False,,,2.0,EU MAC,exceeding,exceeding,,False
C3,66,Dichlorvos,0.0,True,,,0.0007,EU MAC,compliant,indeterminate,unresolved_no_lod,True
C3,66,Diuron,0.14340042748130488,False,,,0.27,EU MAC,compliant,compliant,,False
C3,66,Erythromycin,0.0,True,,,1.0,EU MAC,compliant,indeterminate,unresolved_no_lod,True
C3,66,Fluoranthene,0.0,True,,,0.12,EU MAC,compliant,indeterminate,unresolved_no_lod,True
C3,66,Hexachlorobenzene,0.0,True,,,8.0,EU MAC,compliant,indeterminate,unresolved_no_lod,True
C3,66,Imidacloprid,0.0,True,0.6194075722193858,2.0646919073979526,0.057,EU MAC,compliant,indeterminate,method_insufficient,True
C3,66,Isoproturon,0.0,True,,,1.0,EU MAC,compliant,indeterminate,unresolved_no_lod,True
C3,66,Pentachlorobenzene,0.0,True,,,0.007,EU AA,compliant,indeterminate,unresolved_no_lod,True
C3,66,Quinoxyfen,0.0,True,,,2.7,EU MAC,compliant,indeterminate,unresolved_no_lod,True
C3,66,Terbutryn,0.0,True,,,0.34,EU MAC,compliant,indeterminate,unresolved_no_lod,True
C3,66,Thiacloprid,0.0,True,0.08682554171532375,0.28941847238441254,0.05,EU MAC,compliant,indeterminate,method_insufficient,True
C3,66,Triclosan,0.0,True,,,0.02,EU MAC,compliant,indeterminate,unresolved_no_lod,True
C3,66,Trifluralin,0.0,True,,,0.03,EU AA,compliant,indeterminate,unresolved_no_lod,True
C3,67,17-alpha-Estradiol,0.0,True,,,0.00018,EU AA,compliant,indeterminate,unresolved_no_lod,True
C3,67,17-alpha-Ethinylestradiol,0.0,True,,,1.7e-05,EU AA,compliant,indeterminate,unresolved_no_lod,True
C3,67,17-beta-Estradiol,0.0,True,,,0.00018,EU AA,compliant,indeterminate,unresolved_no_lod,True
C3,67,Acetamiprid,0.0,True,0.025237601919248082,0.08412533973082695,0.16,EU MAC,compliant,compliant,,False
C3,67,Aclonifen,0.0,True,,,0.12,EU MAC,compliant,indeterminate,unresolved_no_lod,True
C3,67,Anthracene,0.0,True,,,0.1,EU MAC,compliant,indeterminate,unresolved_no_lod,True
C3,67,Azithromycin,0.0,True,,,0.18,EU MAC,compliant,indeterminate,unresolved_no_lod,True
C3,67,Bifenox,0.0,True,,,0.04,EU MAC,compliant,indeterminate,unresolved_no_lod,True
C3,67,Bisphenol-A,0.0,True,,,130.0,EU MAC,compliant,indeterminate,unresolved_no_lod,True
C3,67,Chlorpyrifos,0.0,True,,,0.0026,EU MAC,compliant,indeterminate,unresolved_no_lod,True
C3,67,Clarithromycin,0.0,True,,,0.13,EU MAC,compliant,indeterminate,unresolved_no_lod,True
C3,67,Clothianidin,0.0,True,0.13583585498351416,0.45278618327838055,0.34,EU MAC,compliant,indeterminate,method_insufficient,True
C3,67,Cybutryne,0.0,True,,,0.016,EU MAC,compliant,indeterminate,unresolved_no_lod,True
C3,67,Cypermethrin,0.0,True,,,0.0006000000000000001,EU MAC,compliant,indeterminate,unresolved_no_lod,True
C3,67,Di(2- ethylhexyl)phthalate (DEHP),13.523113569765265,False,,,2.0,EU MAC,exceeding,exceeding,,False
C3,67,Dichlorvos,0.0,True,,,0.0007,EU MAC,compliant,indeterminate,unresolved_no_lod,True
C3,67,Diuron,0.0624916045999648,False,,,0.27,EU MAC,compliant,compliant,,False
C3,67,Erythromycin,0.0,True,,,1.0,EU MAC,compliant,indeterminate,unresolved_no_lod,True
C3,67,Fluoranthene,0.0,True,,,0.12,EU MAC,compliant,indeterminate,unresolved_no_lod,True
C3,67,Hexachlorobenzene,0.0,True,,,8.0,EU MAC,compliant,indeterminate,unresolved_no_lod,True
C3,67,Imidacloprid,0.0,True,0.6194075722193858,2.0646919073979526,0.057,EU MAC,compliant,indeterminate,method_insufficient,True
C3,67,Isoproturon,0.0,True,,,1.0,EU MAC,compliant,indeterminate,unresolved_no_lod,True
C3,67,Pentachlorobenzene,0.0,True,,,0.007,EU AA,compliant,indeterminate,unresolved_no_lod,True
C3,67,Quinoxyfen,0.0,True,,,2.7,EU MAC,compliant,indeterminate,unresolved_no_lod,True
C3,67,Terbutryn,0.0,True,,,0.34,EU MAC,compliant,indeterminate,unresolved_no_lod,True
C3,67,Thiacloprid,0.0,True,0.08682554171532375,0.28941847238441254,0.05,EU MAC,compliant,indeterminate,method_insufficient,True
C3,67,Triclosan,0.0,True,,,0.02,EU MAC,compliant,indeterminate,unresolved_no_lod,True
C3,67,Trifluralin,0.0,True,,,0.03,EU AA,compliant,indeterminate,unresolved_no_lod,True
C3,68,17-alpha-Estradiol,0.0,True,,,0.00018,EU AA,compliant,indeterminate,unresolved_no_lod,True
C3,68,17-alpha-Ethinylestradiol,0.0,True,,,1.7e-05,EU AA,compliant,indeterminate,unresolved_no_lod,True
C3,68,17-beta-Estradiol,0.0,True,,,0.00018,EU AA,compliant,indeterminate,unresolved_no_lod,True
C3,68,Acetamiprid,0.0,True,0.025237601919248082,0.08412533973082695,0.16,EU MAC,compliant,compliant,,False
C3,68,Aclonifen,0.0881442060364247,False,,,0.12,EU MAC,compliant,compliant,,False
C3,68,Anthracene,0.0,True,,,0.1,EU MAC,compliant,indeterminate,unresolved_no_lod,True
C3,68,Azithromycin,0.0,True,,,0.18,EU MAC,compliant,indeterminate,unresolved_no_lod,True
C3,68,Bifenox,0.0,True,,,0.04,EU MAC,compliant,indeterminate,unresolved_no_lod,True
C3,68,Bisphenol-A,0.0,True,,,130.0,EU MAC,compliant,indeterminate,unresolved_no_lod,True
C3,68,Chlorpyrifos,0.0,True,,,0.0026,EU MAC,compliant,indeterminate,unresolved_no_lod,True
C3,68,Clarithromycin,0.0,True,,,0.13,EU MAC,compliant,indeterminate,unresolved_no_lod,True
C3,68,Clothianidin,0.0,True,0.13583585498351416,0.45278618327838055,0.34,EU MAC,compliant,indeterminate,method_insufficient,True
C3,68,Cybutryne,0.0,True,,,0.016,EU MAC,compliant,indeterminate,unresolved_no_lod,True
C3,68,Cypermethrin,0.0,True,,,0.0006000000000000001,EU MAC,compliant,indeterminate,unresolved_no_lod,True
C3,68,Di(2- ethylhexyl)phthalate (DEHP),0.0,True,,,2.0,EU MAC,compliant,indeterminate,unresolved_no_lod,True
C3,68,Dichlorvos,0.0,True,,,0.0007,EU MAC,compliant,indeterminate,unresolved_no_lod,True
C3,68,Diuron,0.0,True,,,0.27,EU MAC,compliant,indeterminate,unresolved_no_lod,True
C3,68,Erythromycin,0.0,True,,,1.0,EU MAC,compliant,indeterminate,unresolved_no_lod,True
C3,68,Fluoranthene,0.0,True,,,0.12,EU MAC,compliant,indeterminate,unresolved_no_lod,True
C3,68,Hexachlorobenzene,0.0,True,,,8.0,EU MAC,compliant,indeterminate,unresolved_no_lod,True
C3,68,Imidacloprid,0.0,True,0.6194075722193858,2.0646919073979526,0.057,EU MAC,compliant,indeterminate,method_insufficient,True
C3,68,Isoproturon,0.0,True,,,1.0,EU MAC,compliant,indeterminate,unresolved_no_lod,True
C3,68,Pentachlorobenzene,0.0,True,,,0.007,EU AA,compliant,indeterminate,unresolved_no_lod,True
C3,68,Quinoxyfen,0.0,True,,,2.7,EU MAC,compliant,indeterminate,unresolved_no_lod,True
C3,68,Terbutryn,0.0,True,,,0.34,EU MAC,compliant,indeterminate,unresolved_no_lod,True
C3,68,Thiacloprid,0.0,True,0.08682554171532375,0.28941847238441254,0.05,EU MAC,compliant,indeterminate,method_insufficient,True
C3,68,Triclosan,0.0,True,,,0.02,EU MAC,compliant,indeterminate,unresolved_no_lod,True
C3,68,Trifluralin,0.0,True,,,0.03,EU AA,compliant,indeterminate,unresolved_no_lod,True
C3,69,17-alpha-Estradiol,0.0,True,,,0.00018,EU AA,compliant,indeterminate,unresolved_no_lod,True
C3,69,17-alpha-Ethinylestradiol,0.0,True,,,1.7e-05,EU AA,compliant,indeterminate,unresolved_no_lod,True
C3,69,17-beta-Estradiol,0.0,True,,,0.00018,EU AA,compliant,indeterminate,unresolved_no_lod,True
C3,69,Acetamiprid,0.0,True,0.025237601919248082,0.08412533973082695,0.16,EU MAC,compliant,compliant,,False
C3,69,Aclonifen,0.0,True,,,0.12,EU MAC,compliant,indeterminate,unresolved_no_lod,True
C3,69,Anthracene,0.0,True,,,0.1,EU MAC,compliant,indeterminate,unresolved_no_lod,True
C3,69,Azithromycin,2.2256507874552782,False,,,0.18,EU MAC,exceeding,exceeding,,False
C3,69,Bifenox,0.0,True,,,0.04,EU MAC,compliant,indeterminate,unresolved_no_lod,True
C3,69,Bisphenol-A,0.0,True,,,130.0,EU MAC,compliant,indeterminate,unresolved_no_lod,True
C3,69,Chlorpyrifos,0.0,True,,,0.0026,EU MAC,compliant,indeterminate,unresolved_no_lod,True
C3,69,Clarithromycin,0.0,True,,,0.13,EU MAC,compliant,indeterminate,unresolved_no_lod,True
C3,69,Clothianidin,0.0,True,0.13583585498351416,0.45278618327838055,0.34,EU MAC,compliant,indeterminate,method_insufficient,True
C3,69,Cybutryne,0.0,True,,,0.016,EU MAC,compliant,indeterminate,unresolved_no_lod,True
C3,69,Cypermethrin,0.0,True,,,0.0006000000000000001,EU MAC,compliant,indeterminate,unresolved_no_lod,True
C3,69,Di(2- ethylhexyl)phthalate (DEHP),10.73401539558317,False,,,2.0,EU MAC,exceeding,exceeding,,False
C3,69,Dichlorvos,0.0,True,,,0.0007,EU MAC,compliant,indeterminate,unresolved_no_lod,True
C3,69,Diuron,0.0,True,,,0.27,EU MAC,compliant,indeterminate,unresolved_no_lod,True
C3,69,Erythromycin,0.0,True,,,1.0,EU MAC,compliant,indeterminate,unresolved_no_lod,True
C3,69,Fluoranthene,0.0,True,,,0.12,EU MAC,compliant,indeterminate,unresolved_no_lod,True
C3,69,Hexachlorobenzene,0.0,True,,,8.0,EU MAC,compliant,indeterminate,unresolved_no_lod,True
C3,69,Imidacloprid,0.0,True,0.6194075722193858,2.0646919073979526,0.057,EU MAC,compliant,indeterminate,method_insufficient,True
C3,69,Isoproturon,0.0,True,,,1.0,EU MAC,compliant,indeterminate,unresolved_no_lod,True
C3,69,Pentachlorobenzene,0.0,True,,,0.007,EU AA,compliant,indeterminate,unresolved_no_lod,True
C3,69,Quinoxyfen,0.0,True,,,2.7,EU MAC,compliant,indeterminate,unresolved_no_lod,True
C3,69,Terbutryn,0.0,True,,,0.34,EU MAC,compliant,indeterminate,unresolved_no_lod,True
C3,69,Thiacloprid,0.0,True,0.08682554171532375,0.28941847238441254,0.05,EU MAC,compliant,indeterminate,method_insufficient,True
C3,69,Triclosan,0.0,True,,,0.02,EU MAC,compliant,indeterminate,unresolved_no_lod,True
C3,69,Trifluralin,0.0,True,,,0.03,EU AA,compliant,indeterminate,unresolved_no_lod,True
C3,70,17-alpha-Estradiol,0.0,True,,,0.00018,EU AA,compliant,indeterminate,unresolved_no_lod,True
C3,70,17-alpha-Ethinylestradiol,0.0,True,,,1.7e-05,EU AA,compliant,indeterminate,unresolved_no_lod,True
C3,70,17-beta-Estradiol,0.0,True,,,0.00018,EU AA,compliant,indeterminate,unresolved_no_lod,True
C3,70,Acetamiprid,0.9905690200465119,False,0.025237601919248082,0.08412533973082695,0.16,EU MAC,exceeding,exceeding,,False
C3,70,Aclonifen,0.0,True,,,0.12,EU MAC,compliant,indeterminate,unresolved_no_lod,True
C3,70,Anthracene,0.0,True,,,0.1,EU MAC,compliant,indeterminate,unresolved_no_lod,True
C3,70,Azithromycin,0.0,True,,,0.18,EU MAC,compliant,indeterminate,unresolved_no_lod,True
C3,70,Bifenox,0.0,True,,,0.04,EU MAC,compliant,indeterminate,unresolved_no_lod,True
C3,70,Bisphenol-A,0.0,True,,,130.0,EU MAC,compliant,indeterminate,unresolved_no_lod,True
C3,70,Chlorpyrifos,0.0,True,,,0.0026,EU MAC,compliant,indeterminate,unresolved_no_lod,True
C3,70,Clarithromycin,0.0,True,,,0.13,EU MAC,compliant,indeterminate,unresolved_no_lod,True
C3,70,Clothianidin,0.0,True,0.13583585498351416,0.45278618327838055,0.34,EU MAC,compliant,indeterminate,method_insufficient,True
C3,70,Cybutryne,0.0,True,,,0.016,EU MAC,compliant,indeterminate,unresolved_no_lod,True
C3,70,Cypermethrin,0.0,True,,,0.0006000000000000001,EU MAC,compliant,indeterminate,unresolved_no_lod,True
C3,70,Di(2- ethylhexyl)phthalate (DEHP),39.288311127673694,False,,,2.0,EU MAC,exceeding,exceeding,,False
C3,70,Dichlorvos,0.0,True,,,0.0007,EU MAC,compliant,indeterminate,unresolved_no_lod,True
C3,70,Diuron,10.640834019109569,False,,,0.27,EU MAC,exceeding,exceeding,,False
C3,70,Erythromycin,0.0,True,,,1.0,EU MAC,compliant,indeterminate,unresolved_no_lod,True
C3,70,Fluoranthene,0.0,True,,,0.12,EU MAC,compliant,indeterminate,unresolved_no_lod,True
C3,70,Hexachlorobenzene,0.0,True,,,8.0,EU MAC,compliant,indeterminate,unresolved_no_lod,True
C3,70,Imidacloprid,0.0,True,0.6194075722193858,2.0646919073979526,0.057,EU MAC,compliant,indeterminate,method_insufficient,True
C3,70,Isoproturon,0.0,True,,,1.0,EU MAC,compliant,indeterminate,unresolved_no_lod,True
C3,70,Pentachlorobenzene,0.0,True,,,0.007,EU AA,compliant,indeterminate,unresolved_no_lod,True
C3,70,Quinoxyfen,0.0,True,,,2.7,EU MAC,compliant,indeterminate,unresolved_no_lod,True
C3,70,Terbutryn,0.003955840179773315,False,,,0.34,EU MAC,compliant,compliant,,False
C3,70,Thiacloprid,0.0,True,0.08682554171532375,0.28941847238441254,0.05,EU MAC,compliant,indeterminate,method_insufficient,True
C3,70,Triclosan,0.0,True,,,0.02,EU MAC,compliant,indeterminate,unresolved_no_lod,True
C3,70,Trifluralin,0.0,True,,,0.03,EU AA,compliant,indeterminate,unresolved_no_lod,True
C3,71,17-alpha-Estradiol,0.0,True,,,0.00018,EU AA,compliant,indeterminate,unresolved_no_lod,True
C3,71,17-alpha-Ethinylestradiol,0.0,True,,,1.7e-05,EU AA,compliant,indeterminate,unresolved_no_lod,True
C3,71,17-beta-Estradiol,0.0,True,,,0.00018,EU AA,compliant,indeterminate,unresolved_no_lod,True
C3,71,Acetamiprid,0.031697033925874224,False,0.025237601919248082,0.08412533973082695,0.16,EU MAC,compliant,compliant,,False
C3,71,Aclonifen,0.0,True,,,0.12,EU MAC,compliant,indeterminate,unresolved_no_lod,True
C3,71,Anthracene,0.0,True,,,0.1,EU MAC,compliant,indeterminate,unresolved_no_lod,True
C3,71,Azithromycin,0.0,True,,,0.18,EU MAC,compliant,indeterminate,unresolved_no_lod,True
C3,71,Bifenox,0.0,True,,,0.04,EU MAC,compliant,indeterminate,unresolved_no_lod,True
C3,71,Bisphenol-A,0.0,True,,,130.0,EU MAC,compliant,indeterminate,unresolved_no_lod,True
C3,71,Chlorpyrifos,0.0,True,,,0.0026,EU MAC,compliant,indeterminate,unresolved_no_lod,True
C3,71,Clarithromycin,0.0,True,,,0.13,EU MAC,compliant,indeterminate,unresolved_no_lod,True
C3,71,Clothianidin,0.0,True,0.13583585498351416,0.45278618327838055,0.34,EU MAC,compliant,indeterminate,method_insufficient,True
C3,71,Cybutryne,0.0,True,,,0.016,EU MAC,compliant,indeterminate,unresolved_no_lod,True
C3,71,Cypermethrin,0.0,True,,,0.0006000000000000001,EU MAC,compliant,indeterminate,unresolved_no_lod,True
C3,71,Di(2- ethylhexyl)phthalate (DEHP),5.448151452446651,False,,,2.0,EU MAC,exceeding,exceeding,,False
C3,71,Dichlorvos,0.0,True,,,0.0007,EU MAC,compliant,indeterminate,unresolved_no_lod,True
C3,71,Diuron,0.0,True,,,0.27,EU MAC,compliant,indeterminate,unresolved_no_lod,True
C3,71,Erythromycin,0.0,True,,,1.0,EU MAC,compliant,indeterminate,unresolved_no_lod,True
C3,71,Fluoranthene,0.0,True,,,0.12,EU MAC,compliant,indeterminate,unresolved_no_lod,True
C3,71,Hexachlorobenzene,0.0,True,,,8.0,EU MAC,compliant,indeterminate,unresolved_no_lod,True
C3,71,Imidacloprid,0.0,True,0.6194075722193858,2.0646919073979526,0.057,EU MAC,compliant,indeterminate,method_insufficient,True
C3,71,Isoproturon,0.0,True,,,1.0,EU MAC,compliant,indeterminate,unresolved_no_lod,True
C3,71,Pentachlorobenzene,0.0,True,,,0.007,EU AA,compliant,indeterminate,unresolved_no_lod,True
C3,71,Quinoxyfen,0.0,True,,,2.7,EU MAC,compliant,indeterminate,unresolved_no_lod,True
C3,71,Terbutryn,0.0,True,,,0.34,EU MAC,compliant,indeterminate,unresolved_no_lod,True
C3,71,Thiacloprid,0.0,True,0.08682554171532375,0.28941847238441254,0.05,EU MAC,compliant,indeterminate,method_insufficient,True
C3,71,Triclosan,0.0,True,,,0.02,EU MAC,compliant,indeterminate,unresolved_no_lod,True
C3,71,Trifluralin,0.0,True,,,0.03,EU AA,compliant,indeterminate,unresolved_no_lod,True
C3,72,17-alpha-Estradiol,0.0,True,,,0.00018,EU AA,compliant,indeterminate,unresolved_no_lod,True
C3,72,17-alpha-Ethinylestradiol,0.0,True,,,1.7e-05,EU AA,compliant,indeterminate,unresolved_no_lod,True
C3,72,17-beta-Estradiol,0.0,True,,,0.00018,EU AA,compliant,indeterminate,unresolved_no_lod,True
C3,72,Acetamiprid,0.0,True,0.025237601919248082,0.08412533973082695,0.16,EU MAC,compliant,compliant,,False
C3,72,Aclonifen,0.06210673393310046,False,,,0.12,EU MAC,compliant,compliant,,False
C3,72,Anthracene,0.0,True,,,0.1,EU MAC,compliant,indeterminate,unresolved_no_lod,True
C3,72,Azithromycin,0.0,True,,,0.18,EU MAC,compliant,indeterminate,unresolved_no_lod,True
C3,72,Bifenox,0.0,True,,,0.04,EU MAC,compliant,indeterminate,unresolved_no_lod,True
C3,72,Bisphenol-A,0.0,True,,,130.0,EU MAC,compliant,indeterminate,unresolved_no_lod,True
C3,72,Chlorpyrifos,0.14158591431003617,False,,,0.0026,EU MAC,exceeding,exceeding,,False
C3,72,Clarithromycin,0.0,True,,,0.13,EU MAC,compliant,indeterminate,unresolved_no_lod,True
C3,72,Clothianidin,0.0,True,0.13583585498351416,0.45278618327838055,0.34,EU MAC,compliant,indeterminate,method_insufficient,True
C3,72,Cybutryne,0.0,True,,,0.016,EU MAC,compliant,indeterminate,unresolved_no_lod,True
C3,72,Cypermethrin,0.0,True,,,0.0006000000000000001,EU MAC,compliant,indeterminate,unresolved_no_lod,True
C3,72,Di(2- ethylhexyl)phthalate (DEHP),0.0,True,,,2.0,EU MAC,compliant,indeterminate,unresolved_no_lod,True
C3,72,Dichlorvos,0.0,True,,,0.0007,EU MAC,compliant,indeterminate,unresolved_no_lod,True
C3,72,Diuron,0.1197962238496967,False,,,0.27,EU MAC,compliant,compliant,,False
C3,72,Erythromycin,0.0,True,,,1.0,EU MAC,compliant,indeterminate,unresolved_no_lod,True
C3,72,Fluoranthene,0.0,True,,,0.12,EU MAC,compliant,indeterminate,unresolved_no_lod,True
C3,72,Hexachlorobenzene,0.0,True,,,8.0,EU MAC,compliant,indeterminate,unresolved_no_lod,True
C3,72,Imidacloprid,0.0,True,0.6194075722193858,2.0646919073979526,0.057,EU MAC,compliant,indeterminate,method_insufficient,True
C3,72,Isoproturon,0.0,True,,,1.0,EU MAC,compliant,indeterminate,unresolved_no_lod,True
C3,72,Pentachlorobenzene,0.0,True,,,0.007,EU AA,compliant,indeterminate,unresolved_no_lod,True
C3,72,Quinoxyfen,0.0,True,,,2.7,EU MAC,compliant,indeterminate,unresolved_no_lod,True
C3,72,Terbutryn,0.0,True,,,0.34,EU MAC,compliant,indeterminate,unresolved_no_lod,True
C3,72,Thiacloprid,0.0,True,0.08682554171532375,0.28941847238441254,0.05,EU MAC,compliant,indeterminate,method_insufficient,True
C3,72,Triclosan,0.0,True,,,0.02,EU MAC,compliant,indeterminate,unresolved_no_lod,True
C3,72,Trifluralin,0.0,True,,,0.03,EU AA,compliant,indeterminate,unresolved_no_lod,True
C3,73,17-alpha-Estradiol,0.0,True,,,0.00018,EU AA,compliant,indeterminate,unresolved_no_lod,True
C3,73,17-alpha-Ethinylestradiol,0.0,True,,,1.7e-05,EU AA,compliant,indeterminate,unresolved_no_lod,True
C3,73,17-beta-Estradiol,0.0,True,,,0.00018,EU AA,compliant,indeterminate,unresolved_no_lod,True
C3,73,Acetamiprid,0.0,True,0.025237601919248082,0.08412533973082695,0.16,EU MAC,compliant,compliant,,False
C3,73,Aclonifen,0.0,True,,,0.12,EU MAC,compliant,indeterminate,unresolved_no_lod,True
C3,73,Anthracene,0.0,True,,,0.1,EU MAC,compliant,indeterminate,unresolved_no_lod,True
C3,73,Azithromycin,0.0,True,,,0.18,EU MAC,compliant,indeterminate,unresolved_no_lod,True
C3,73,Bifenox,0.0,True,,,0.04,EU MAC,compliant,indeterminate,unresolved_no_lod,True
C3,73,Bisphenol-A,0.0,True,,,130.0,EU MAC,compliant,indeterminate,unresolved_no_lod,True
C3,73,Chlorpyrifos,0.279024664937124,False,,,0.0026,EU MAC,exceeding,exceeding,,False
C3,73,Clarithromycin,0.0,True,,,0.13,EU MAC,compliant,indeterminate,unresolved_no_lod,True
C3,73,Clothianidin,0.0,True,0.13583585498351416,0.45278618327838055,0.34,EU MAC,compliant,indeterminate,method_insufficient,True
C3,73,Cybutryne,0.0,True,,,0.016,EU MAC,compliant,indeterminate,unresolved_no_lod,True
C3,73,Cypermethrin,0.0,True,,,0.0006000000000000001,EU MAC,compliant,indeterminate,unresolved_no_lod,True
C3,73,Di(2- ethylhexyl)phthalate (DEHP),15.084843550334622,False,,,2.0,EU MAC,exceeding,exceeding,,False
C3,73,Dichlorvos,0.0,True,,,0.0007,EU MAC,compliant,indeterminate,unresolved_no_lod,True
C3,73,Diuron,0.0,True,,,0.27,EU MAC,compliant,indeterminate,unresolved_no_lod,True
C3,73,Erythromycin,0.0,True,,,1.0,EU MAC,compliant,indeterminate,unresolved_no_lod,True
C3,73,Fluoranthene,0.0,True,,,0.12,EU MAC,compliant,indeterminate,unresolved_no_lod,True
C3,73,Hexachlorobenzene,0.0,True,,,8.0,EU MAC,compliant,indeterminate,unresolved_no_lod,True
C3,73,Imidacloprid,0.0,True,0.6194075722193858,2.0646919073979526,0.057,EU MAC,compliant,indeterminate,method_insufficient,True
C3,73,Isoproturon,0.0,True,,,1.0,EU MAC,compliant,indeterminate,unresolved_no_lod,True
C3,73,Pentachlorobenzene,0.0,True,,,0.007,EU AA,compliant,indeterminate,unresolved_no_lod,True
C3,73,Quinoxyfen,0.0,True,,,2.7,EU MAC,compliant,indeterminate,unresolved_no_lod,True
C3,73,Terbutryn,0.0,True,,,0.34,EU MAC,compliant,indeterminate,unresolved_no_lod,True
C3,73,Thiacloprid,0.0,True,0.08682554171532375,0.28941847238441254,0.05,EU MAC,compliant,indeterminate,method_insufficient,True
C3,73,Triclosan,0.0,True,,,0.02,EU MAC,compliant,indeterminate,unresolved_no_lod,True
C3,73,Trifluralin,0.0,True,,,0.03,EU AA,compliant,indeterminate,unresolved_no_lod,True
C3,74,17-alpha-Estradiol,0.0,True,,,0.00018,EU AA,compliant,indeterminate,unresolved_no_lod,True
C3,74,17-alpha-Ethinylestradiol,0.0,True,,,1.7e-05,EU AA,compliant,indeterminate,unresolved_no_lod,True
C3,74,17-beta-Estradiol,0.0,True,,,0.00018,EU AA,compliant,indeterminate,unresolved_no_lod,True
C3,74,Acetamiprid,0.0,True,0.025237601919248082,0.08412533973082695,0.16,EU MAC,compliant,compliant,,False
C3,74,Aclonifen,0.0,True,,,0.12,EU MAC,compliant,indeterminate,unresolved_no_lod,True
C3,74,Anthracene,0.0,True,,,0.1,EU MAC,compliant,indeterminate,unresolved_no_lod,True
C3,74,Azithromycin,0.0,True,,,0.18,EU MAC,compliant,indeterminate,unresolved_no_lod,True
C3,74,Bifenox,0.0,True,,,0.04,EU MAC,compliant,indeterminate,unresolved_no_lod,True
C3,74,Bisphenol-A,0.0,True,,,130.0,EU MAC,compliant,indeterminate,unresolved_no_lod,True
C3,74,Chlorpyrifos,0.0,True,,,0.0026,EU MAC,compliant,indeterminate,unresolved_no_lod,True
C3,74,Clarithromycin,0.0,True,,,0.13,EU MAC,compliant,indeterminate,unresolved_no_lod,True
C3,74,Clothianidin,0.0,True,0.13583585498351416,0.45278618327838055,0.34,EU MAC,compliant,indeterminate,method_insufficient,True
C3,74,Cybutryne,0.0,True,,,0.016,EU MAC,compliant,indeterminate,unresolved_no_lod,True
C3,74,Cypermethrin,0.0,True,,,0.0006000000000000001,EU MAC,compliant,indeterminate,unresolved_no_lod,True
C3,74,Di(2- ethylhexyl)phthalate (DEHP),0.0,True,,,2.0,EU MAC,compliant,indeterminate,unresolved_no_lod,True
C3,74,Dichlorvos,0.0,True,,,0.0007,EU MAC,compliant,indeterminate,unresolved_no_lod,True
C3,74,Diuron,0.0,True,,,0.27,EU MAC,compliant,indeterminate,unresolved_no_lod,True
C3,74,Erythromycin,0.0,True,,,1.0,EU MAC,compliant,indeterminate,unresolved_no_lod,True
C3,74,Fluoranthene,0.0,True,,,0.12,EU MAC,compliant,indeterminate,unresolved_no_lod,True
C3,74,Hexachlorobenzene,0.0,True,,,8.0,EU MAC,compliant,indeterminate,unresolved_no_lod,True
C3,74,Imidacloprid,0.0,True,0.6194075722193858,2.0646919073979526,0.057,EU MAC,compliant,indeterminate,method_insufficient,True
C3,74,Isoproturon,0.0,True,,,1.0,EU MAC,compliant,indeterminate,unresolved_no_lod,True
C3,74,Pentachlorobenzene,0.0,True,,,0.007,EU AA,compliant,indeterminate,unresolved_no_lod,True
C3,74,Quinoxyfen,0.0,True,,,2.7,EU MAC,compliant,indeterminate,unresolved_no_lod,True
C3,74,Terbutryn,0.0,True,,,0.34,EU MAC,compliant,indeterminate,unresolved_no_lod,True
C3,74,Thiacloprid,0.0,True,0.08682554171532375,0.28941847238441254,0.05,EU MAC,compliant,indeterminate,method_insufficient,True
C3,74,Triclosan,0.0,True,,,0.02,EU MAC,compliant,indeterminate,unresolved_no_lod,True
C3,74,Trifluralin,0.0,True,,,0.03,EU AA,compliant,indeterminate,unresolved_no_lod,True
C3,75,17-alpha-Estradiol,0.0,True,,,0.00018,EU AA,compliant,indeterminate,unresolved_no_lod,True
C3,75,17-alpha-Ethinylestradiol,0.0,True,,,1.7e-05,EU AA,compliant,indeterminate,unresolved_no_lod,True
C3,75,17-beta-Estradiol,0.0,True,,,0.00018,EU AA,compliant,indeterminate,unresolved_no_lod,True
C3,75,Acetamiprid,0.0,True,0.025237601919248082,0.08412533973082695,0.16,EU MAC,compliant,compliant,,False
C3,75,Aclonifen,0.0,True,,,0.12,EU MAC,compliant,indeterminate,unresolved_no_lod,True
C3,75,Anthracene,0.0,True,,,0.1,EU MAC,compliant,indeterminate,unresolved_no_lod,True
C3,75,Azithromycin,0.0,True,,,0.18,EU MAC,compliant,indeterminate,unresolved_no_lod,True
C3,75,Bifenox,0.0,True,,,0.04,EU MAC,compliant,indeterminate,unresolved_no_lod,True
C3,75,Bisphenol-A,0.0,True,,,130.0,EU MAC,compliant,indeterminate,unresolved_no_lod,True
C3,75,Chlorpyrifos,0.0,True,,,0.0026,EU MAC,compliant,indeterminate,unresolved_no_lod,True
C3,75,Clarithromycin,0.0,True,,,0.13,EU MAC,compliant,indeterminate,unresolved_no_lod,True
C3,75,Clothianidin,0.0,True,0.13583585498351416,0.45278618327838055,0.34,EU MAC,compliant,indeterminate,method_insufficient,True
C3,75,Cybutryne,0.0,True,,,0.016,EU MAC,compliant,indeterminate,unresolved_no_lod,True
C3,75,Cypermethrin,0.0,True,,,0.0006000000000000001,EU MAC,compliant,indeterminate,unresolved_no_lod,True
C3,75,Di(2- ethylhexyl)phthalate (DEHP),19.79391414108106,False,,,2.0,EU MAC,exceeding,exceeding,,False
C3,75,Dichlorvos,0.0,True,,,0.0007,EU MAC,compliant,indeterminate,unresolved_no_lod,True
C3,75,Diuron,0.030737775656294295,False,,,0.27,EU MAC,compliant,compliant,,False
C3,75,Erythromycin,0.0,True,,,1.0,EU MAC,compliant,indeterminate,unresolved_no_lod,True
C3,75,Fluoranthene,0.0,True,,,0.12,EU MAC,compliant,indeterminate,unresolved_no_lod,True
C3,75,Hexachlorobenzene,0.0,True,,,8.0,EU MAC,compliant,indeterminate,unresolved_no_lod,True
C3,75,Imidacloprid,0.0,True,0.6194075722193858,2.0646919073979526,0.057,EU MAC,compliant,indeterminate,method_insufficient,True
C3,75,Isoproturon,0.0,True,,,1.0,EU MAC,compliant,indeterminate,unresolved_no_lod,True
C3,75,Pentachlorobenzene,0.0,True,,,0.007,EU AA,compliant,indeterminate,unresolved_no_lod,True
C3,75,Quinoxyfen,0.0,True,,,2.7,EU MAC,compliant,indeterminate,unresolved_no_lod,True
C3,75,Terbutryn,0.0,True,,,0.34,EU MAC,compliant,indeterminate,unresolved_no_lod,True
C3,75,Thiacloprid,0.0,True,0.08682554171532375,0.28941847238441254,0.05,EU MAC,compliant,indeterminate,method_insufficient,True
C3,75,Triclosan,0.0,True,,,0.02,EU MAC,compliant,indeterminate,unresolved_no_lod,True
C3,75,Trifluralin,0.0,True,,,0.03,EU AA,compliant,indeterminate,unresolved_no_lod,True
C4,1,17-alpha-Estradiol,0.0,True,,,0.00018,EU AA,compliant,indeterminate,unresolved_no_lod,True
C4,1,17-alpha-Ethinylestradiol,0.0,True,,,1.7e-05,EU AA,compliant,indeterminate,unresolved_no_lod,True
C4,1,17-beta-Estradiol,0.0,True,,,0.00018,EU AA,compliant,indeterminate,unresolved_no_lod,True
C4,1,Acetamiprid,0.0,True,0.025237601919248082,0.08412533973082695,0.16,EU MAC,compliant,compliant,,False
C4,1,Aclonifen,0.0,True,,,0.12,EU MAC,compliant,indeterminate,unresolved_no_lod,True
C4,1,Anthracene,0.0,True,,,0.1,EU MAC,compliant,indeterminate,unresolved_no_lod,True
C4,1,Azithromycin,0.0,True,,,0.18,EU MAC,compliant,indeterminate,unresolved_no_lod,True
C4,1,Bifenox,0.0,True,,,0.04,EU MAC,compliant,indeterminate,unresolved_no_lod,True
C4,1,Bisphenol-A,0.0,True,,,130.0,EU MAC,compliant,indeterminate,unresolved_no_lod,True
C4,1,Chlorpyrifos,0.0,True,,,0.0026,EU MAC,compliant,indeterminate,unresolved_no_lod,True
C4,1,Clarithromycin,0.0,True,,,0.13,EU MAC,compliant,indeterminate,unresolved_no_lod,True
C4,1,Clothianidin,0.0,True,0.13583585498351416,0.45278618327838055,0.34,EU MAC,compliant,indeterminate,method_insufficient,True
C4,1,Cybutryne,0.0,True,,,0.016,EU MAC,compliant,indeterminate,unresolved_no_lod,True
C4,1,Cypermethrin,0.0,True,,,0.0006000000000000001,EU MAC,compliant,indeterminate,unresolved_no_lod,True
C4,1,Di(2- ethylhexyl)phthalate (DEHP),0.0,True,,,2.0,EU MAC,compliant,indeterminate,unresolved_no_lod,True
C4,1,Dichlorvos,0.0,True,,,0.0007,EU MAC,compliant,indeterminate,unresolved_no_lod,True
C4,1,Diuron,0.0,True,,,0.27,EU MAC,compliant,indeterminate,unresolved_no_lod,True
C4,1,Erythromycin,0.0,True,,,1.0,EU MAC,compliant,indeterminate,unresolved_no_lod,True
C4,1,Fluoranthene,0.0,True,,,0.12,EU MAC,compliant,indeterminate,unresolved_no_lod,True
C4,1,Hexachlorobenzene,0.0,True,,,8.0,EU MAC,compliant,indeterminate,unresolved_no_lod,True
C4,1,Imidacloprid,0.0,True,0.6194075722193858,2.0646919073979526,0.057,EU MAC,compliant,indeterminate,method_insufficient,True
C4,1,Isoproturon,0.0,True,,,1.0,EU MAC,compliant,indeterminate,unresolved_no_lod,True
C4,1,Pentachlorobenzene,0.0,True,,,0.007,EU AA,compliant,indeterminate,unresolved_no_lod,True
C4,1,Quinoxyfen,0.0,True,,,2.7,EU MAC,compliant,indeterminate,unresolved_no_lod,True
C4,1,Terbutryn,0.0,True,,,0.34,EU MAC,compliant,indeterminate,unresolved_no_lod,True
C4,1,Thiacloprid,0.0,True,0.08682554171532375,0.28941847238441254,0.05,EU MAC,compliant,indeterminate,method_insufficient,True
C4,1,Triclosan,0.0,True,,,0.02,EU MAC,compliant,indeterminate,unresolved_no_lod,True
C4,1,Trifluralin,0.0,True,,,0.03,EU AA,compliant,indeterminate,unresolved_no_lod,True
C4,2,17-alpha-Estradiol,0.0,True,,,0.00018,EU AA,compliant,indeterminate,unresolved_no_lod,True
C4,2,17-alpha-Ethinylestradiol,0.0,True,,,1.7e-05,EU AA,compliant,indeterminate,unresolved_no_lod,True
C4,2,17-beta-Estradiol,0.0,True,,,0.00018,EU AA,compliant,indeterminate,unresolved_no_lod,True
C4,2,Acetamiprid,0.0,True,0.025237601919248082,0.08412533973082695,0.16,EU MAC,compliant,compliant,,False
C4,2,Aclonifen,0.0,True,,,0.12,EU MAC,compliant,indeterminate,unresolved_no_lod,True
C4,2,Anthracene,0.0,True,,,0.1,EU MAC,compliant,indeterminate,unresolved_no_lod,True
C4,2,Azithromycin,0.0,True,,,0.18,EU MAC,compliant,indeterminate,unresolved_no_lod,True
C4,2,Bifenox,0.0,True,,,0.04,EU MAC,compliant,indeterminate,unresolved_no_lod,True
C4,2,Bisphenol-A,0.0,True,,,130.0,EU MAC,compliant,indeterminate,unresolved_no_lod,True
C4,2,Chlorpyrifos,0.0,True,,,0.0026,EU MAC,compliant,indeterminate,unresolved_no_lod,True
C4,2,Clarithromycin,0.0,True,,,0.13,EU MAC,compliant,indeterminate,unresolved_no_lod,True
C4,2,Clothianidin,0.0,True,0.13583585498351416,0.45278618327838055,0.34,EU MAC,compliant,indeterminate,method_insufficient,True
C4,2,Cybutryne,0.0,True,,,0.016,EU MAC,compliant,indeterminate,unresolved_no_lod,True
C4,2,Cypermethrin,0.0,True,,,0.0006000000000000001,EU MAC,compliant,indeterminate,unresolved_no_lod,True
C4,2,Di(2- ethylhexyl)phthalate (DEHP),0.0,True,,,2.0,EU MAC,compliant,indeterminate,unresolved_no_lod,True
C4,2,Dichlorvos,0.0,True,,,0.0007,EU MAC,compliant,indeterminate,unresolved_no_lod,True
C4,2,Diuron,0.0,True,,,0.27,EU MAC,compliant,indeterminate,unresolved_no_lod,True
C4,2,Erythromycin,0.0,True,,,1.0,EU MAC,compliant,indeterminate,unresolved_no_lod,True
C4,2,Fluoranthene,0.0,True,,,0.12,EU MAC,compliant,indeterminate,unresolved_no_lod,True
C4,2,Hexachlorobenzene,0.0,True,,,8.0,EU MAC,compliant,indeterminate,unresolved_no_lod,True
C4,2,Imidacloprid,0.0,True,0.6194075722193858,2.0646919073979526,0.057,EU MAC,compliant,indeterminate,method_insufficient,True
C4,2,Isoproturon,0.0,True,,,1.0,EU MAC,compliant,indeterminate,unresolved_no_lod,True
C4,2,Pentachlorobenzene,0.0,True,,,0.007,EU AA,compliant,indeterminate,unresolved_no_lod,True
C4,2,Quinoxyfen,0.0,True,,,2.7,EU MAC,compliant,indeterminate,unresolved_no_lod,True
C4,2,Terbutryn,0.0,True,,,0.34,EU MAC,compliant,indeterminate,unresolved_no_lod,True
C4,2,Thiacloprid,0.0,True,0.08682554171532375,0.28941847238441254,0.05,EU MAC,compliant,indeterminate,method_insufficient,True
C4,2,Triclosan,0.0,True,,,0.02,EU MAC,compliant,indeterminate,unresolved_no_lod,True
C4,2,Trifluralin,0.0,True,,,0.03,EU AA,compliant,indeterminate,unresolved_no_lod,True
C4,3,17-alpha-Estradiol,0.0,True,,,0.00018,EU AA,compliant,indeterminate,unresolved_no_lod,True
C4,3,17-alpha-Ethinylestradiol,0.0,True,,,1.7e-05,EU AA,compliant,indeterminate,unresolved_no_lod,True
C4,3,17-beta-Estradiol,0.0,True,,,0.00018,EU AA,compliant,indeterminate,unresolved_no_lod,True
C4,3,Acetamiprid,0.0,True,0.025237601919248082,0.08412533973082695,0.16,EU MAC,compliant,compliant,,False
C4,3,Aclonifen,0.0,True,,,0.12,EU MAC,compliant,indeterminate,unresolved_no_lod,True
C4,3,Anthracene,0.0,True,,,0.1,EU MAC,compliant,indeterminate,unresolved_no_lod,True
C4,3,Azithromycin,0.0,True,,,0.18,EU MAC,compliant,indeterminate,unresolved_no_lod,True
C4,3,Bifenox,0.0,True,,,0.04,EU MAC,compliant,indeterminate,unresolved_no_lod,True
C4,3,Bisphenol-A,0.0,True,,,130.0,EU MAC,compliant,indeterminate,unresolved_no_lod,True
C4,3,Chlorpyrifos,0.0,True,,,0.0026,EU MAC,compliant,indeterminate,unresolved_no_lod,True
C4,3,Clarithromycin,0.0,True,,,0.13,EU MAC,compliant,indeterminate,unresolved_no_lod,True
C4,3,Clothianidin,0.0,True,0.13583585498351416,0.45278618327838055,0.34,EU MAC,compliant,indeterminate,method_insufficient,True
C4,3,Cybutryne,0.0,True,,,0.016,EU MAC,compliant,indeterminate,unresolved_no_lod,True
C4,3,Cypermethrin,0.0,True,,,0.0006000000000000001,EU MAC,compliant,indeterminate,unresolved_no_lod,True
C4,3,Di(2- ethylhexyl)phthalate (DEHP),0.0,True,,,2.0,EU MAC,compliant,indeterminate,unresolved_no_lod,True
C4,3,Dichlorvos,0.0,True,,,0.0007,EU MAC,compliant,indeterminate,unresolved_no_lod,True
C4,3,Diuron,0.21373810613861682,False,,,0.27,EU MAC,compliant,compliant,,False
C4,3,Erythromycin,0.0,True,,,1.0,EU MAC,compliant,indeterminate,unresolved_no_lod,True
C4,3,Fluoranthene,0.0,True,,,0.12,EU MAC,compliant,indeterminate,unresolved_no_lod,True
C4,3,Hexachlorobenzene,0.0,True,,,8.0,EU MAC,compliant,indeterminate,unresolved_no_lod,True
C4,3,Imidacloprid,0.0,True,0.6194075722193858,2.0646919073979526,0.057,EU MAC,compliant,indeterminate,method_insufficient,True
C4,3,Isoproturon,0.0,True,,,1.0,EU MAC,compliant,indeterminate,unresolved_no_lod,True
C4,3,Pentachlorobenzene,0.0,True,,,0.007,EU AA,compliant,indeterminate,unresolved_no_lod,True
C4,3,Quinoxyfen,0.0,True,,,2.7,EU MAC,compliant,indeterminate,unresolved_no_lod,True
C4,3,Terbutryn,0.0,True,,,0.34,EU MAC,compliant,indeterminate,unresolved_no_lod,True
C4,3,Thiacloprid,0.0,True,0.08682554171532375,0.28941847238441254,0.05,EU MAC,compliant,indeterminate,method_insufficient,True
C4,3,Triclosan,0.0,True,,,0.02,EU MAC,compliant,indeterminate,unresolved_no_lod,True
C4,3,Trifluralin,0.0,True,,,0.03,EU AA,compliant,indeterminate,unresolved_no_lod,True
C4,4,17-alpha-Estradiol,0.0,True,,,0.00018,EU AA,compliant,indeterminate,unresolved_no_lod,True
C4,4,17-alpha-Ethinylestradiol,0.0,True,,,1.7e-05,EU AA,compliant,indeterminate,unresolved_no_lod,True
C4,4,17-beta-Estradiol,0.0,True,,,0.00018,EU AA,compliant,indeterminate,unresolved_no_lod,True
C4,4,Acetamiprid,0.0,True,0.025237601919248082,0.08412533973082695,0.16,EU MAC,compliant,compliant,,False
C4,4,Aclonifen,0.0,True,,,0.12,EU MAC,compliant,indeterminate,unresolved_no_lod,True
C4,4,Anthracene,38.06873367189301,False,,,0.1,EU MAC,exceeding,exceeding,,False
C4,4,Azithromycin,0.0,True,,,0.18,EU MAC,compliant,indeterminate,unresolved_no_lod,True
C4,4,Bifenox,0.0,True,,,0.04,EU MAC,compliant,indeterminate,unresolved_no_lod,True
C4,4,Bisphenol-A,0.0,True,,,130.0,EU MAC,compliant,indeterminate,unresolved_no_lod,True
C4,4,Chlorpyrifos,0.0,True,,,0.0026,EU MAC,compliant,indeterminate,unresolved_no_lod,True
C4,4,Clarithromycin,0.0,True,,,0.13,EU MAC,compliant,indeterminate,unresolved_no_lod,True
C4,4,Clothianidin,0.0,True,0.13583585498351416,0.45278618327838055,0.34,EU MAC,compliant,indeterminate,method_insufficient,True
C4,4,Cybutryne,0.0,True,,,0.016,EU MAC,compliant,indeterminate,unresolved_no_lod,True
C4,4,Cypermethrin,0.0,True,,,0.0006000000000000001,EU MAC,compliant,indeterminate,unresolved_no_lod,True
C4,4,Di(2- ethylhexyl)phthalate (DEHP),0.0,True,,,2.0,EU MAC,compliant,indeterminate,unresolved_no_lod,True
C4,4,Dichlorvos,0.0,True,,,0.0007,EU MAC,compliant,indeterminate,unresolved_no_lod,True
C4,4,Diuron,0.46063382279864595,False,,,0.27,EU MAC,exceeding,exceeding,,False
C4,4,Erythromycin,0.0,True,,,1.0,EU MAC,compliant,indeterminate,unresolved_no_lod,True
C4,4,Fluoranthene,0.0,True,,,0.12,EU MAC,compliant,indeterminate,unresolved_no_lod,True
C4,4,Hexachlorobenzene,0.0,True,,,8.0,EU MAC,compliant,indeterminate,unresolved_no_lod,True
C4,4,Imidacloprid,0.0,True,0.6194075722193858,2.0646919073979526,0.057,EU MAC,compliant,indeterminate,method_insufficient,True
C4,4,Isoproturon,0.0,True,,,1.0,EU MAC,compliant,indeterminate,unresolved_no_lod,True
C4,4,Pentachlorobenzene,0.0,True,,,0.007,EU AA,compliant,indeterminate,unresolved_no_lod,True
C4,4,Quinoxyfen,0.0,True,,,2.7,EU MAC,compliant,indeterminate,unresolved_no_lod,True
C4,4,Terbutryn,0.0,True,,,0.34,EU MAC,compliant,indeterminate,unresolved_no_lod,True
C4,4,Thiacloprid,0.0,True,0.08682554171532375,0.28941847238441254,0.05,EU MAC,compliant,indeterminate,method_insufficient,True
C4,4,Triclosan,0.0,True,,,0.02,EU MAC,compliant,indeterminate,unresolved_no_lod,True
C4,4,Trifluralin,0.0,True,,,0.03,EU AA,compliant,indeterminate,unresolved_no_lod,True
C4,5,17-alpha-Estradiol,0.0,True,,,0.00018,EU AA,compliant,indeterminate,unresolved_no_lod,True
C4,5,17-alpha-Ethinylestradiol,0.0,True,,,1.7e-05,EU AA,compliant,indeterminate,unresolved_no_lod,True
C4,5,17-beta-Estradiol,0.0,True,,,0.00018,EU AA,compliant,indeterminate,unresolved_no_lod,True
C4,5,Acetamiprid,0.09593554660254067,False,0.025237601919248082,0.08412533973082695,0.16,EU MAC,compliant,compliant,,False
C4,5,Aclonifen,0.0,True,,,0.12,EU MAC,compliant,indeterminate,unresolved_no_lod,True
C4,5,Anthracene,0.0,True,,,0.1,EU MAC,compliant,indeterminate,unresolved_no_lod,True
C4,5,Azithromycin,0.0,True,,,0.18,EU MAC,compliant,indeterminate,unresolved_no_lod,True
C4,5,Bifenox,0.0,True,,,0.04,EU MAC,compliant,indeterminate,unresolved_no_lod,True
C4,5,Bisphenol-A,0.0,True,,,130.0,EU MAC,compliant,indeterminate,unresolved_no_lod,True
C4,5,Chlorpyrifos,0.0,True,,,0.0026,EU MAC,compliant,indeterminate,unresolved_no_lod,True
C4,5,Clarithromycin,0.0,True,,,0.13,EU MAC,compliant,indeterminate,unresolved_no_lod,True
C4,5,Clothianidin,0.0,True,0.13583585498351416,0.45278618327838055,0.34,EU MAC,compliant,indeterminate,method_insufficient,True
C4,5,Cybutryne,0.0,True,,,0.016,EU MAC,compliant,indeterminate,unresolved_no_lod,True
C4,5,Cypermethrin,0.0,True,,,0.0006000000000000001,EU MAC,compliant,indeterminate,unresolved_no_lod,True
C4,5,Di(2- ethylhexyl)phthalate (DEHP),0.0,True,,,2.0,EU MAC,compliant,indeterminate,unresolved_no_lod,True
C4,5,Dichlorvos,0.0,True,,,0.0007,EU MAC,compliant,indeterminate,unresolved_no_lod,True
C4,5,Diuron,0.5530705051886922,False,,,0.27,EU MAC,exceeding,exceeding,,False
C4,5,Erythromycin,0.0,True,,,1.0,EU MAC,compliant,indeterminate,unresolved_no_lod,True
C4,5,Fluoranthene,0.6086829417626798,False,,,0.12,EU MAC,exceeding,exceeding,,False
C4,5,Hexachlorobenzene,0.0,True,,,8.0,EU MAC,compliant,indeterminate,unresolved_no_lod,True
C4,5,Imidacloprid,0.0,True,0.6194075722193858,2.0646919073979526,0.057,EU MAC,compliant,indeterminate,method_insufficient,True
C4,5,Isoproturon,0.0,True,,,1.0,EU MAC,compliant,indeterminate,unresolved_no_lod,True
C4,5,Pentachlorobenzene,0.0,True,,,0.007,EU AA,compliant,indeterminate,unresolved_no_lod,True
C4,5,Quinoxyfen,0.0,True,,,2.7,EU MAC,compliant,indeterminate,unresolved_no_lod,True
C4,5,Terbutryn,0.0,True,,,0.34,EU MAC,compliant,indeterminate,unresolved_no_lod,True
C4,5,Thiacloprid,0.0,True,0.08682554171532375,0.28941847238441254,0.05,EU MAC,compliant,indeterminate,method_insufficient,True
C4,5,Triclosan,0.0,True,,,0.02,EU MAC,compliant,indeterminate,unresolved_no_lod,True
C4,5,Trifluralin,0.0,True,,,0.03,EU AA,compliant,indeterminate,unresolved_no_lod,True
C4,6,17-alpha-Estradiol,0.0,True,,,0.00018,EU AA,compliant,indeterminate,unresolved_no_lod,True
C4,6,17-alpha-Ethinylestradiol,0.0,True,,,1.7e-05,EU AA,compliant,indeterminate,unresolved_no_lod,True
C4,6,17-beta-Estradiol,0.0,True,,,0.00018,EU AA,compliant,indeterminate,unresolved_no_lod,True
C4,6,Acetamiprid,0.0,True,0.025237601919248082,0.08412533973082695,0.16,EU MAC,compliant,compliant,,False
C4,6,Aclonifen,0.0,True,,,0.12,EU MAC,compliant,indeterminate,unresolved_no_lod,True
C4,6,Anthracene,0.0,True,,,0.1,EU MAC,compliant,indeterminate,unresolved_no_lod,True
C4,6,Azithromycin,0.0,True,,,0.18,EU MAC,compliant,indeterminate,unresolved_no_lod,True
C4,6,Bifenox,0.0,True,,,0.04,EU MAC,compliant,indeterminate,unresolved_no_lod,True
C4,6,Bisphenol-A,0.0,True,,,130.0,EU MAC,compliant,indeterminate,unresolved_no_lod,True
C4,6,Chlorpyrifos,0.0,True,,,0.0026,EU MAC,compliant,indeterminate,unresolved_no_lod,True
C4,6,Clarithromycin,0.0,True,,,0.13,EU MAC,compliant,indeterminate,unresolved_no_lod,True
C4,6,Clothianidin,0.0,True,0.13583585498351416,0.45278618327838055,0.34,EU MAC,compliant,indeterminate,method_insufficient,True
C4,6,Cybutryne,0.0,True,,,0.016,EU MAC,compliant,indeterminate,unresolved_no_lod,True
C4,6,Cypermethrin,0.0,True,,,0.0006000000000000001,EU MAC,compliant,indeterminate,unresolved_no_lod,True
C4,6,Di(2- ethylhexyl)phthalate (DEHP),0.0,True,,,2.0,EU MAC,compliant,indeterminate,unresolved_no_lod,True
C4,6,Dichlorvos,0.0,True,,,0.0007,EU MAC,compliant,indeterminate,unresolved_no_lod,True
C4,6,Diuron,0.9145649559913728,False,,,0.27,EU MAC,exceeding,exceeding,,False
C4,6,Erythromycin,0.0,True,,,1.0,EU MAC,compliant,indeterminate,unresolved_no_lod,True
C4,6,Fluoranthene,0.0,True,,,0.12,EU MAC,compliant,indeterminate,unresolved_no_lod,True
C4,6,Hexachlorobenzene,0.0,True,,,8.0,EU MAC,compliant,indeterminate,unresolved_no_lod,True
C4,6,Imidacloprid,0.0,True,0.6194075722193858,2.0646919073979526,0.057,EU MAC,compliant,indeterminate,method_insufficient,True
C4,6,Isoproturon,0.0,True,,,1.0,EU MAC,compliant,indeterminate,unresolved_no_lod,True
C4,6,Pentachlorobenzene,0.0,True,,,0.007,EU AA,compliant,indeterminate,unresolved_no_lod,True
C4,6,Quinoxyfen,0.0,True,,,2.7,EU MAC,compliant,indeterminate,unresolved_no_lod,True
C4,6,Terbutryn,0.0,True,,,0.34,EU MAC,compliant,indeterminate,unresolved_no_lod,True
C4,6,Thiacloprid,0.0,True,0.08682554171532375,0.28941847238441254,0.05,EU MAC,compliant,indeterminate,method_insufficient,True
C4,6,Triclosan,0.0,True,,,0.02,EU MAC,compliant,indeterminate,unresolved_no_lod,True
C4,6,Trifluralin,0.0,True,,,0.03,EU AA,compliant,indeterminate,unresolved_no_lod,True
C4,7,17-alpha-Estradiol,0.0,True,,,0.00018,EU AA,compliant,indeterminate,unresolved_no_lod,True
C4,7,17-alpha-Ethinylestradiol,0.0,True,,,1.7e-05,EU AA,compliant,indeterminate,unresolved_no_lod,True
C4,7,17-beta-Estradiol,0.0,True,,,0.00018,EU AA,compliant,indeterminate,unresolved_no_lod,True
C4,7,Acetamiprid,0.0,True,0.025237601919248082,0.08412533973082695,0.16,EU MAC,compliant,compliant,,False
C4,7,Aclonifen,0.0,True,,,0.12,EU MAC,compliant,indeterminate,unresolved_no_lod,True
C4,7,Anthracene,0.0,True,,,0.1,EU MAC,compliant,indeterminate,unresolved_no_lod,True
C4,7,Azithromycin,0.0,True,,,0.18,EU MAC,compliant,indeterminate,unresolved_no_lod,True
C4,7,Bifenox,0.0,True,,,0.04,EU MAC,compliant,indeterminate,unresolved_no_lod,True
C4,7,Bisphenol-A,0.0,True,,,130.0,EU MAC,compliant,indeterminate,unresolved_no_lod,True
C4,7,Chlorpyrifos,0.0,True,,,0.0026,EU MAC,compliant,indeterminate,unresolved_no_lod,True
C4,7,Clarithromycin,0.0,True,,,0.13,EU MAC,compliant,indeterminate,unresolved_no_lod,True
C4,7,Clothianidin,0.0,True,0.13583585498351416,0.45278618327838055,0.34,EU MAC,compliant,indeterminate,method_insufficient,True
C4,7,Cybutryne,0.0,True,,,0.016,EU MAC,compliant,indeterminate,unresolved_no_lod,True
C4,7,Cypermethrin,0.0,True,,,0.0006000000000000001,EU MAC,compliant,indeterminate,unresolved_no_lod,True
C4,7,Di(2- ethylhexyl)phthalate (DEHP),0.0,True,,,2.0,EU MAC,compliant,indeterminate,unresolved_no_lod,True
C4,7,Dichlorvos,0.0,True,,,0.0007,EU MAC,compliant,indeterminate,unresolved_no_lod,True
C4,7,Diuron,0.0,True,,,0.27,EU MAC,compliant,indeterminate,unresolved_no_lod,True
C4,7,Erythromycin,0.0,True,,,1.0,EU MAC,compliant,indeterminate,unresolved_no_lod,True
C4,7,Fluoranthene,0.0,True,,,0.12,EU MAC,compliant,indeterminate,unresolved_no_lod,True
C4,7,Hexachlorobenzene,0.0,True,,,8.0,EU MAC,compliant,indeterminate,unresolved_no_lod,True
C4,7,Imidacloprid,0.0,True,0.6194075722193858,2.0646919073979526,0.057,EU MAC,compliant,indeterminate,method_insufficient,True
C4,7,Isoproturon,0.0,True,,,1.0,EU MAC,compliant,indeterminate,unresolved_no_lod,True
C4,7,Pentachlorobenzene,0.0,True,,,0.007,EU AA,compliant,indeterminate,unresolved_no_lod,True
C4,7,Quinoxyfen,0.0,True,,,2.7,EU MAC,compliant,indeterminate,unresolved_no_lod,True
C4,7,Terbutryn,0.0,True,,,0.34,EU MAC,compliant,indeterminate,unresolved_no_lod,True
C4,7,Thiacloprid,0.0,True,0.08682554171532375,0.28941847238441254,0.05,EU MAC,compliant,indeterminate,method_insufficient,True
C4,7,Triclosan,0.0,True,,,0.02,EU MAC,compliant,indeterminate,unresolved_no_lod,True
C4,7,Trifluralin,0.0,True,,,0.03,EU AA,compliant,indeterminate,unresolved_no_lod,True
C4,8,17-alpha-Estradiol,0.0,True,,,0.00018,EU AA,compliant,indeterminate,unresolved_no_lod,True
C4,8,17-alpha-Ethinylestradiol,0.0,True,,,1.7e-05,EU AA,compliant,indeterminate,unresolved_no_lod,True
C4,8,17-beta-Estradiol,0.0,True,,,0.00018,EU AA,compliant,indeterminate,unresolved_no_lod,True
C4,8,Acetamiprid,0.0,True,0.025237601919248082,0.08412533973082695,0.16,EU MAC,compliant,compliant,,False
C4,8,Aclonifen,0.0,True,,,0.12,EU MAC,compliant,indeterminate,unresolved_no_lod,True
C4,8,Anthracene,0.0,True,,,0.1,EU MAC,compliant,indeterminate,unresolved_no_lod,True
C4,8,Azithromycin,0.0,True,,,0.18,EU MAC,compliant,indeterminate,unresolved_no_lod,True
C4,8,Bifenox,0.0,True,,,0.04,EU MAC,compliant,indeterminate,unresolved_no_lod,True
C4,8,Bisphenol-A,0.0,True,,,130.0,EU MAC,compliant,indeterminate,unresolved_no_lod,True
C4,8,Chlorpyrifos,0.0,True,,,0.0026,EU MAC,compliant,indeterminate,unresolved_no_lod,True
C4,8,Clarithromycin,0.0,True,,,0.13,EU MAC,compliant,indeterminate,unresolved_no_lod,True
C4,8,Clothianidin,0.0,True,0.13583585498351416,0.45278618327838055,0.34,EU MAC,compliant,indeterminate,method_insufficient,True
C4,8,Cybutryne,0.0,True,,,0.016,EU MAC,compliant,indeterminate,unresolved_no_lod,True
C4,8,Cypermethrin,0.0,True,,,0.0006000000000000001,EU MAC,compliant,indeterminate,unresolved_no_lod,True
C4,8,Di(2- ethylhexyl)phthalate (DEHP),0.0,True,,,2.0,EU MAC,compliant,indeterminate,unresolved_no_lod,True
C4,8,Dichlorvos,0.0,True,,,0.0007,EU MAC,compliant,indeterminate,unresolved_no_lod,True
C4,8,Diuron,0.0,True,,,0.27,EU MAC,compliant,indeterminate,unresolved_no_lod,True
C4,8,Erythromycin,0.0,True,,,1.0,EU MAC,compliant,indeterminate,unresolved_no_lod,True
C4,8,Fluoranthene,0.1551817347215652,False,,,0.12,EU MAC,exceeding,exceeding,,False
C4,8,Hexachlorobenzene,0.0,True,,,8.0,EU MAC,compliant,indeterminate,unresolved_no_lod,True
C4,8,Imidacloprid,0.0,True,0.6194075722193858,2.0646919073979526,0.057,EU MAC,compliant,indeterminate,method_insufficient,True
C4,8,Isoproturon,0.0,True,,,1.0,EU MAC,compliant,indeterminate,unresolved_no_lod,True
C4,8,Pentachlorobenzene,0.0,True,,,0.007,EU AA,compliant,indeterminate,unresolved_no_lod,True
C4,8,Quinoxyfen,0.0,True,,,2.7,EU MAC,compliant,indeterminate,unresolved_no_lod,True
C4,8,Terbutryn,0.0,True,,,0.34,EU MAC,compliant,indeterminate,unresolved_no_lod,True
C4,8,Thiacloprid,0.0,True,0.08682554171532375,0.28941847238441254,0.05,EU MAC,compliant,indeterminate,method_insufficient,True
C4,8,Triclosan,0.0,True,,,0.02,EU MAC,compliant,indeterminate,unresolved_no_lod,True
C4,8,Trifluralin,0.0,True,,,0.03,EU AA,compliant,indeterminate,unresolved_no_lod,True
C4,9,17-alpha-Estradiol,0.0,True,,,0.00018,EU AA,compliant,indeterminate,unresolved_no_lod,True
C4,9,17-alpha-Ethinylestradiol,0.0,True,,,1.7e-05,EU AA,compliant,indeterminate,unresolved_no_lod,True
C4,9,17-beta-Estradiol,0.0,True,,,0.00018,EU AA,compliant,indeterminate,unresolved_no_lod,True
C4,9,Acetamiprid,0.0,True,0.025237601919248082,0.08412533973082695,0.16,EU MAC,compliant,compliant,,False
C4,9,Aclonifen,0.0,True,,,0.12,EU MAC,compliant,indeterminate,unresolved_no_lod,True
C4,9,Anthracene,0.0,True,,,0.1,EU MAC,compliant,indeterminate,unresolved_no_lod,True
C4,9,Azithromycin,0.0,True,,,0.18,EU MAC,compliant,indeterminate,unresolved_no_lod,True
C4,9,Bifenox,0.0,True,,,0.04,EU MAC,compliant,indeterminate,unresolved_no_lod,True
C4,9,Bisphenol-A,0.0,True,,,130.0,EU MAC,compliant,indeterminate,unresolved_no_lod,True
C4,9,Chlorpyrifos,0.0,True,,,0.0026,EU MAC,compliant,indeterminate,unresolved_no_lod,True
C4,9,Clarithromycin,0.0,True,,,0.13,EU MAC,compliant,indeterminate,unresolved_no_lod,True
C4,9,Clothianidin,0.0,True,0.13583585498351416,0.45278618327838055,0.34,EU MAC,compliant,indeterminate,method_insufficient,True
C4,9,Cybutryne,0.0,True,,,0.016,EU MAC,compliant,indeterminate,unresolved_no_lod,True
C4,9,Cypermethrin,0.0,True,,,0.0006000000000000001,EU MAC,compliant,indeterminate,unresolved_no_lod,True
C4,9,Di(2- ethylhexyl)phthalate (DEHP),14.964595870566532,False,,,2.0,EU MAC,exceeding,exceeding,,False
C4,9,Dichlorvos,0.0,True,,,0.0007,EU MAC,compliant,indeterminate,unresolved_no_lod,True
C4,9,Diuron,0.0,True,,,0.27,EU MAC,compliant,indeterminate,unresolved_no_lod,True
C4,9,Erythromycin,0.0,True,,,1.0,EU MAC,compliant,indeterminate,unresolved_no_lod,True
C4,9,Fluoranthene,0.0,True,,,0.12,EU MAC,compliant,indeterminate,unresolved_no_lod,True
C4,9,Hexachlorobenzene,0.0,True,,,8.0,EU MAC,compliant,indeterminate,unresolved_no_lod,True
C4,9,Imidacloprid,0.0,True,0.6194075722193858,2.0646919073979526,0.057,EU MAC,compliant,indeterminate,method_insufficient,True
C4,9,Isoproturon,0.0,True,,,1.0,EU MAC,compliant,indeterminate,unresolved_no_lod,True
C4,9,Pentachlorobenzene,0.0,True,,,0.007,EU AA,compliant,indeterminate,unresolved_no_lod,True
C4,9,Quinoxyfen,0.0,True,,,2.7,EU MAC,compliant,indeterminate,unresolved_no_lod,True
C4,9,Terbutryn,0.0,True,,,0.34,EU MAC,compliant,indeterminate,unresolved_no_lod,True
C4,9,Thiacloprid,0.0,True,0.08682554171532375,0.28941847238441254,0.05,EU MAC,compliant,indeterminate,method_insufficient,True
C4,9,Triclosan,0.0,True,,,0.02,EU MAC,compliant,indeterminate,unresolved_no_lod,True
C4,9,Trifluralin,0.0,True,,,0.03,EU AA,compliant,indeterminate,unresolved_no_lod,True
C4,10,17-alpha-Estradiol,0.0,True,,,0.00018,EU AA,compliant,indeterminate,unresolved_no_lod,True
C4,10,17-alpha-Ethinylestradiol,0.0,True,,,1.7e-05,EU AA,compliant,indeterminate,unresolved_no_lod,True
C4,10,17-beta-Estradiol,0.0,True,,,0.00018,EU AA,compliant,indeterminate,unresolved_no_lod,True
C4,10,Acetamiprid,0.0,True,0.025237601919248082,0.08412533973082695,0.16,EU MAC,compliant,compliant,,False
C4,10,Aclonifen,0.0,True,,,0.12,EU MAC,compliant,indeterminate,unresolved_no_lod,True
C4,10,Anthracene,0.0,True,,,0.1,EU MAC,compliant,indeterminate,unresolved_no_lod,True
C4,10,Azithromycin,0.0,True,,,0.18,EU MAC,compliant,indeterminate,unresolved_no_lod,True
C4,10,Bifenox,0.0,True,,,0.04,EU MAC,compliant,indeterminate,unresolved_no_lod,True
C4,10,Bisphenol-A,0.0,True,,,130.0,EU MAC,compliant,indeterminate,unresolved_no_lod,True
C4,10,Chlorpyrifos,0.0,True,,,0.0026,EU MAC,compliant,indeterminate,unresolved_no_lod,True
C4,10,Clarithromycin,0.0,True,,,0.13,EU MAC,compliant,indeterminate,unresolved_no_lod,True
C4,10,Clothianidin,0.0,True,0.13583585498351416,0.45278618327838055,0.34,EU MAC,compliant,indeterminate,method_insufficient,True
C4,10,Cybutryne,0.0,True,,,0.016,EU MAC,compliant,indeterminate,unresolved_no_lod,True
C4,10,Cypermethrin,0.0,True,,,0.0006000000000000001,EU MAC,compliant,indeterminate,unresolved_no_lod,True
C4,10,Di(2- ethylhexyl)phthalate (DEHP),5.026366073108495,False,,,2.0,EU MAC,exceeding,exceeding,,False
C4,10,Dichlorvos,0.0,True,,,0.0007,EU MAC,compliant,indeterminate,unresolved_no_lod,True
C4,10,Diuron,0.0,True,,,0.27,EU MAC,compliant,indeterminate,unresolved_no_lod,True
C4,10,Erythromycin,0.0,True,,,1.0,EU MAC,compliant,indeterminate,unresolved_no_lod,True
C4,10,Fluoranthene,0.0,True,,,0.12,EU MAC,compliant,indeterminate,unresolved_no_lod,True
C4,10,Hexachlorobenzene,0.0,True,,,8.0,EU MAC,compliant,indeterminate,unresolved_no_lod,True
C4,10,Imidacloprid,0.0,True,0.6194075722193858,2.0646919073979526,0.057,EU MAC,compliant,indeterminate,method_insufficient,True
C4,10,Isoproturon,0.0,True,,,1.0,EU MAC,compliant,indeterminate,unresolved_no_lod,True
C4,10,Pentachlorobenzene,0.0,True,,,0.007,EU AA,compliant,indeterminate,unresolved_no_lod,True
C4,10,Quinoxyfen,0.0,True,,,2.7,EU MAC,compliant,indeterminate,unresolved_no_lod,True
C4,10,Terbutryn,0.0,True,,,0.34,EU MAC,compliant,indeterminate,unresolved_no_lod,True
C4,10,Thiacloprid,0.0,True,0.08682554171532375,0.28941847238441254,0.05,EU MAC,compliant,indeterminate,method_insufficient,True
C4,10,Triclosan,0.0,True,,,0.02,EU MAC,compliant,indeterminate,unresolved_no_lod,True
C4,10,Trifluralin,0.0,True,,,0.03,EU AA,compliant,indeterminate,unresolved_no_lod,True
C4,11,17-alpha-Estradiol,0.0,True,,,0.00018,EU AA,compliant,indeterminate,unresolved_no_lod,True
C4,11,17-alpha-Ethinylestradiol,0.0,True,,,1.7e-05,EU AA,compliant,indeterminate,unresolved_no_lod,True
C4,11,17-beta-Estradiol,0.0,True,,,0.00018,EU AA,compliant,indeterminate,unresolved_no_lod,True
C4,11,Acetamiprid,0.0,True,0.025237601919248082,0.08412533973082695,0.16,EU MAC,compliant,compliant,,False
C4,11,Aclonifen,0.0,True,,,0.12,EU MAC,compliant,indeterminate,unresolved_no_lod,True
C4,11,Anthracene,0.0,True,,,0.1,EU MAC,compliant,indeterminate,unresolved_no_lod,True
C4,11,Azithromycin,0.0,True,,,0.18,EU MAC,compliant,indeterminate,unresolved_no_lod,True
C4,11,Bifenox,0.0,True,,,0.04,EU MAC,compliant,indeterminate,unresolved_no_lod,True
C4,11,Bisphenol-A,0.0,True,,,130.0,EU MAC,compliant,indeterminate,unresolved_no_lod,True
C4,11,Chlorpyrifos,0.0,True,,,0.0026,EU MAC,compliant,indeterminate,unresolved_no_lod,True
C4,11,Clarithromycin,0.0,True,,,0.13,EU MAC,compliant,indeterminate,unresolved_no_lod,True
C4,11,Clothianidin,0.0,True,0.13583585498351416,0.45278618327838055,0.34,EU MAC,compliant,indeterminate,method_insufficient,True
C4,11,Cybutryne,0.0,True,,,0.016,EU MAC,compliant,indeterminate,unresolved_no_lod,True
C4,11,Cypermethrin,0.0,True,,,0.0006000000000000001,EU MAC,compliant,indeterminate,unresolved_no_lod,True
C4,11,Di(2- ethylhexyl)phthalate (DEHP),0.0,True,,,2.0,EU MAC,compliant,indeterminate,unresolved_no_lod,True
C4,11,Dichlorvos,0.0,True,,,0.0007,EU MAC,compliant,indeterminate,unresolved_no_lod,True
C4,11,Diuron,0.0,True,,,0.27,EU MAC,compliant,indeterminate,unresolved_no_lod,True
C4,11,Erythromycin,0.0,True,,,1.0,EU MAC,compliant,indeterminate,unresolved_no_lod,True
C4,11,Fluoranthene,0.0,True,,,0.12,EU MAC,compliant,indeterminate,unresolved_no_lod,True
C4,11,Hexachlorobenzene,0.0,True,,,8.0,EU MAC,compliant,indeterminate,unresolved_no_lod,True
C4,11,Imidacloprid,0.0,True,0.6194075722193858,2.0646919073979526,0.057,EU MAC,compliant,indeterminate,method_insufficient,True
C4,11,Isoproturon,0.0,True,,,1.0,EU MAC,compliant,indeterminate,unresolved_no_lod,True
C4,11,Pentachlorobenzene,0.0,True,,,0.007,EU AA,compliant,indeterminate,unresolved_no_lod,True
C4,11,Quinoxyfen,0.0,True,,,2.7,EU MAC,compliant,indeterminate,unresolved_no_lod,True
C4,11,Terbutryn,0.0,True,,,0.34,EU MAC,compliant,indeterminate,unresolved_no_lod,True
C4,11,Thiacloprid,0.0,True,0.08682554171532375,0.28941847238441254,0.05,EU MAC,compliant,indeterminate,method_insufficient,True
C4,11,Triclosan,0.0,True,,,0.02,EU MAC,compliant,indeterminate,unresolved_no_lod,True
C4,11,Trifluralin,0.0,True,,,0.03,EU AA,compliant,indeterminate,unresolved_no_lod,True
C4,12,17-alpha-Estradiol,0.0,True,,,0.00018,EU AA,compliant,indeterminate,unresolved_no_lod,True
C4,12,17-alpha-Ethinylestradiol,0.0,True,,,1.7e-05,EU AA,compliant,indeterminate,unresolved_no_lod,True
C4,12,17-beta-Estradiol,0.0,True,,,0.00018,EU AA,compliant,indeterminate,unresolved_no_lod,True
C4,12,Acetamiprid,0.0,True,0.025237601919248082,0.08412533973082695,0.16,EU MAC,compliant,compliant,,False
C4,12,Aclonifen,0.0,True,,,0.12,EU MAC,compliant,indeterminate,unresolved_no_lod,True
C4,12,Anthracene,0.0,True,,,0.1,EU MAC,compliant,indeterminate,unresolved_no_lod,True
C4,12,Azithromycin,0.0,True,,,0.18,EU MAC,compliant,indeterminate,unresolved_no_lod,True
C4,12,Bifenox,0.0,True,,,0.04,EU MAC,compliant,indeterminate,unresolved_no_lod,True
C4,12,Bisphenol-A,0.0,True,,,130.0,EU MAC,compliant,indeterminate,unresolved_no_lod,True
C4,12,Chlorpyrifos,0.0,True,,,0.0026,EU MAC,compliant,indeterminate,unresolved_no_lod,True
C4,12,Clarithromycin,0.0,True,,,0.13,EU MAC,compliant,indeterminate,unresolved_no_lod,True
C4,12,Clothianidin,0.0,True,0.13583585498351416,0.45278618327838055,0.34,EU MAC,compliant,indeterminate,method_insufficient,True
C4,12,Cybutryne,0.0,True,,,0.016,EU MAC,compliant,indeterminate,unresolved_no_lod,True
C4,12,Cypermethrin,0.0,True,,,0.0006000000000000001,EU MAC,compliant,indeterminate,unresolved_no_lod,True
C4,12,Di(2- ethylhexyl)phthalate (DEHP),0.0,True,,,2.0,EU MAC,compliant,indeterminate,unresolved_no_lod,True
C4,12,Dichlorvos,0.0,True,,,0.0007,EU MAC,compliant,indeterminate,unresolved_no_lod,True
C4,12,Diuron,0.0,True,,,0.27,EU MAC,compliant,indeterminate,unresolved_no_lod,True
C4,12,Erythromycin,0.0,True,,,1.0,EU MAC,compliant,indeterminate,unresolved_no_lod,True
C4,12,Fluoranthene,0.0,True,,,0.12,EU MAC,compliant,indeterminate,unresolved_no_lod,True
C4,12,Hexachlorobenzene,0.0,True,,,8.0,EU MAC,compliant,indeterminate,unresolved_no_lod,True
C4,12,Imidacloprid,0.0,True,0.6194075722193858,2.0646919073979526,0.057,EU MAC,compliant,indeterminate,method_insufficient,True
C4,12,Isoproturon,0.0,True,,,1.0,EU MAC,compliant,indeterminate,unresolved_no_lod,True
C4,12,Pentachlorobenzene,0.0,True,,,0.007,EU AA,compliant,indeterminate,unresolved_no_lod,True
C4,12,Quinoxyfen,0.0,True,,,2.7,EU MAC,compliant,indeterminate,unresolved_no_lod,True
C4,12,Terbutryn,0.0,True,,,0.34,EU MAC,compliant,indeterminate,unresolved_no_lod,True
C4,12,Thiacloprid,0.0,True,0.08682554171532375,0.28941847238441254,0.05,EU MAC,compliant,indeterminate,method_insufficient,True
C4,12,Triclosan,0.0,True,,,0.02,EU MAC,compliant,indeterminate,unresolved_no_lod,True
C4,12,Trifluralin,0.0,True,,,0.03,EU AA,compliant,indeterminate,unresolved_no_lod,True
C4,13,17-alpha-Estradiol,0.0,True,,,0.00018,EU AA,compliant,indeterminate,unresolved_no_lod,True
C4,13,17-alpha-Ethinylestradiol,0.0,True,,,1.7e-05,EU AA,compliant,indeterminate,unresolved_no_lod,True
C4,13,17-beta-Estradiol,0.0,True,,,0.00018,EU AA,compliant,indeterminate,unresolved_no_lod,True
C4,13,Acetamiprid,0.0,True,0.025237601919248082,0.08412533973082695,0.16,EU MAC,compliant,compliant,,False
C4,13,Aclonifen,0.0,True,,,0.12,EU MAC,compliant,indeterminate,unresolved_no_lod,True
C4,13,Anthracene,0.0,True,,,0.1,EU MAC,compliant,indeterminate,unresolved_no_lod,True
C4,13,Azithromycin,0.0,True,,,0.18,EU MAC,compliant,indeterminate,unresolved_no_lod,True
C4,13,Bifenox,0.0,True,,,0.04,EU MAC,compliant,indeterminate,unresolved_no_lod,True
C4,13,Bisphenol-A,0.0,True,,,130.0,EU MAC,compliant,indeterminate,unresolved_no_lod,True
C4,13,Chlorpyrifos,0.0,True,,,0.0026,EU MAC,compliant,indeterminate,unresolved_no_lod,True
C4,13,Clarithromycin,0.0,True,,,0.13,EU MAC,compliant,indeterminate,unresolved_no_lod,True
C4,13,Clothianidin,0.0,True,0.13583585498351416,0.45278618327838055,0.34,EU MAC,compliant,indeterminate,method_insufficient,True
C4,13,Cybutryne,0.0,True,,,0.016,EU MAC,compliant,indeterminate,unresolved_no_lod,True
C4,13,Cypermethrin,0.0,True,,,0.0006000000000000001,EU MAC,compliant,indeterminate,unresolved_no_lod,True
C4,13,Di(2- ethylhexyl)phthalate (DEHP),0.0,True,,,2.0,EU MAC,compliant,indeterminate,unresolved_no_lod,True
C4,13,Dichlorvos,0.0,True,,,0.0007,EU MAC,compliant,indeterminate,unresolved_no_lod,True
C4,13,Diuron,0.0,True,,,0.27,EU MAC,compliant,indeterminate,unresolved_no_lod,True
C4,13,Erythromycin,0.0,True,,,1.0,EU MAC,compliant,indeterminate,unresolved_no_lod,True
C4,13,Fluoranthene,0.0,True,,,0.12,EU MAC,compliant,indeterminate,unresolved_no_lod,True
C4,13,Hexachlorobenzene,0.0,True,,,8.0,EU MAC,compliant,indeterminate,unresolved_no_lod,True
C4,13,Imidacloprid,0.0,True,0.6194075722193858,2.0646919073979526,0.057,EU MAC,compliant,indeterminate,method_insufficient,True
C4,13,Isoproturon,0.0,True,,,1.0,EU MAC,compliant,indeterminate,unresolved_no_lod,True
C4,13,Pentachlorobenzene,0.0,True,,,0.007,EU AA,compliant,indeterminate,unresolved_no_lod,True
C4,13,Quinoxyfen,0.0,True,,,2.7,EU MAC,compliant,indeterminate,unresolved_no_lod,True
C4,13,Terbutryn,0.0,True,,,0.34,EU MAC,compliant,indeterminate,unresolved_no_lod,True
C4,13,Thiacloprid,0.0,True,0.08682554171532375,0.28941847238441254,0.05,EU MAC,compliant,indeterminate,method_insufficient,True
C4,13,Triclosan,0.0,True,,,0.02,EU MAC,compliant,indeterminate,unresolved_no_lod,True
C4,13,Trifluralin,0.0,True,,,0.03,EU AA,compliant,indeterminate,unresolved_no_lod,True
C4,14,17-alpha-Estradiol,0.0,True,,,0.00018,EU AA,compliant,indeterminate,unresolved_no_lod,True
C4,14,17-alpha-Ethinylestradiol,0.0,True,,,1.7e-05,EU AA,compliant,indeterminate,unresolved_no_lod,True
C4,14,17-beta-Estradiol,0.0,True,,,0.00018,EU AA,compliant,indeterminate,unresolved_no_lod,True
C4,14,Acetamiprid,0.0,True,0.025237601919248082,0.08412533973082695,0.16,EU MAC,compliant,compliant,,False
C4,14,Aclonifen,0.0,True,,,0.12,EU MAC,compliant,indeterminate,unresolved_no_lod,True
C4,14,Anthracene,0.0,True,,,0.1,EU MAC,compliant,indeterminate,unresolved_no_lod,True
C4,14,Azithromycin,0.0,True,,,0.18,EU MAC,compliant,indeterminate,unresolved_no_lod,True
C4,14,Bifenox,0.0,True,,,0.04,EU MAC,compliant,indeterminate,unresolved_no_lod,True
C4,14,Bisphenol-A,0.0,True,,,130.0,EU MAC,compliant,indeterminate,unresolved_no_lod,True
C4,14,Chlorpyrifos,0.0,True,,,0.0026,EU MAC,compliant,indeterminate,unresolved_no_lod,True
C4,14,Clarithromycin,0.0,True,,,0.13,EU MAC,compliant,indeterminate,unresolved_no_lod,True
C4,14,Clothianidin,0.0,True,0.13583585498351416,0.45278618327838055,0.34,EU MAC,compliant,indeterminate,method_insufficient,True
C4,14,Cybutryne,0.0,True,,,0.016,EU MAC,compliant,indeterminate,unresolved_no_lod,True
C4,14,Cypermethrin,0.0,True,,,0.0006000000000000001,EU MAC,compliant,indeterminate,unresolved_no_lod,True
C4,14,Di(2- ethylhexyl)phthalate (DEHP),0.0,True,,,2.0,EU MAC,compliant,indeterminate,unresolved_no_lod,True
C4,14,Dichlorvos,0.0,True,,,0.0007,EU MAC,compliant,indeterminate,unresolved_no_lod,True
C4,14,Diuron,0.0,True,,,0.27,EU MAC,compliant,indeterminate,unresolved_no_lod,True
C4,14,Erythromycin,0.0,True,,,1.0,EU MAC,compliant,indeterminate,unresolved_no_lod,True
C4,14,Fluoranthene,0.0,True,,,0.12,EU MAC,compliant,indeterminate,unresolved_no_lod,True
C4,14,Hexachlorobenzene,0.0,True,,,8.0,EU MAC,compliant,indeterminate,unresolved_no_lod,True
C4,14,Imidacloprid,0.0,True,0.6194075722193858,2.0646919073979526,0.057,EU MAC,compliant,indeterminate,method_insufficient,True
C4,14,Isoproturon,0.0,True,,,1.0,EU MAC,compliant,indeterminate,unresolved_no_lod,True
C4,14,Pentachlorobenzene,0.0,True,,,0.007,EU AA,compliant,indeterminate,unresolved_no_lod,True
C4,14,Quinoxyfen,0.0,True,,,2.7,EU MAC,compliant,indeterminate,unresolved_no_lod,True
C4,14,Terbutryn,0.0,True,,,0.34,EU MAC,compliant,indeterminate,unresolved_no_lod,True
C4,14,Thiacloprid,0.0,True,0.08682554171532375,0.28941847238441254,0.05,EU MAC,compliant,indeterminate,method_insufficient,True
C4,14,Triclosan,0.0,True,,,0.02,EU MAC,compliant,indeterminate,unresolved_no_lod,True
C4,14,Trifluralin,0.0,True,,,0.03,EU AA,compliant,indeterminate,unresolved_no_lod,True
C4,15,17-alpha-Estradiol,0.0,True,,,0.00018,EU AA,compliant,indeterminate,unresolved_no_lod,True
C4,15,17-alpha-Ethinylestradiol,0.0,True,,,1.7e-05,EU AA,compliant,indeterminate,unresolved_no_lod,True
C4,15,17-beta-Estradiol,0.0,True,,,0.00018,EU AA,compliant,indeterminate,unresolved_no_lod,True
C4,15,Acetamiprid,0.0,True,0.025237601919248082,0.08412533973082695,0.16,EU MAC,compliant,compliant,,False
C4,15,Aclonifen,0.0,True,,,0.12,EU MAC,compliant,indeterminate,unresolved_no_lod,True
C4,15,Anthracene,0.0,True,,,0.1,EU MAC,compliant,indeterminate,unresolved_no_lod,True
C4,15,Azithromycin,0.0,True,,,0.18,EU MAC,compliant,indeterminate,unresolved_no_lod,True
C4,15,Bifenox,0.0,True,,,0.04,EU MAC,compliant,indeterminate,unresolved_no_lod,True
C4,15,Bisphenol-A,0.0,True,,,130.0,EU MAC,compliant,indeterminate,unresolved_no_lod,True
C4,15,Chlorpyrifos,0.0,True,,,0.0026,EU MAC,compliant,indeterminate,unresolved_no_lod,True
C4,15,Clarithromycin,0.0,True,,,0.13,EU MAC,compliant,indeterminate,unresolved_no_lod,True
C4,15,Clothianidin,0.0,True,0.13583585498351416,0.45278618327838055,0.34,EU MAC,compliant,indeterminate,method_insufficient,True
C4,15,Cybutryne,0.003288991460825972,False,,,0.016,EU MAC,compliant,compliant,,False
C4,15,Cypermethrin,0.0,True,,,0.0006000000000000001,EU MAC,compliant,indeterminate,unresolved_no_lod,True
C4,15,Di(2- ethylhexyl)phthalate (DEHP),0.0,True,,,2.0,EU MAC,compliant,indeterminate,unresolved_no_lod,True
C4,15,Dichlorvos,0.0,True,,,0.0007,EU MAC,compliant,indeterminate,unresolved_no_lod,True
C4,15,Diuron,0.0,True,,,0.27,EU MAC,compliant,indeterminate,unresolved_no_lod,True
C4,15,Erythromycin,0.0,True,,,1.0,EU MAC,compliant,indeterminate,unresolved_no_lod,True
C4,15,Fluoranthene,0.0,True,,,0.12,EU MAC,compliant,indeterminate,unresolved_no_lod,True
C4,15,Hexachlorobenzene,0.0,True,,,8.0,EU MAC,compliant,indeterminate,unresolved_no_lod,True
C4,15,Imidacloprid,0.0,True,0.6194075722193858,2.0646919073979526,0.057,EU MAC,compliant,indeterminate,method_insufficient,True
C4,15,Isoproturon,0.0,True,,,1.0,EU MAC,compliant,indeterminate,unresolved_no_lod,True
C4,15,Pentachlorobenzene,0.0,True,,,0.007,EU AA,compliant,indeterminate,unresolved_no_lod,True
C4,15,Quinoxyfen,0.0,True,,,2.7,EU MAC,compliant,indeterminate,unresolved_no_lod,True
C4,15,Terbutryn,0.0,True,,,0.34,EU MAC,compliant,indeterminate,unresolved_no_lod,True
C4,15,Thiacloprid,0.0,True,0.08682554171532375,0.28941847238441254,0.05,EU MAC,compliant,indeterminate,method_insufficient,True
C4,15,Triclosan,0.0,True,,,0.02,EU MAC,compliant,indeterminate,unresolved_no_lod,True
C4,15,Trifluralin,0.0,True,,,0.03,EU AA,compliant,indeterminate,unresolved_no_lod,True
C4,16,17-alpha-Estradiol,0.0,True,,,0.00018,EU AA,compliant,indeterminate,unresolved_no_lod,True
C4,16,17-alpha-Ethinylestradiol,0.0,True,,,1.7e-05,EU AA,compliant,indeterminate,unresolved_no_lod,True
C4,16,17-beta-Estradiol,0.0,True,,,0.00018,EU AA,compliant,indeterminate,unresolved_no_lod,True
C4,16,Acetamiprid,0.0,True,0.025237601919248082,0.08412533973082695,0.16,EU MAC,compliant,compliant,,False
C4,16,Aclonifen,0.0,True,,,0.12,EU MAC,compliant,indeterminate,unresolved_no_lod,True
C4,16,Anthracene,0.0,True,,,0.1,EU MAC,compliant,indeterminate,unresolved_no_lod,True
C4,16,Azithromycin,0.0,True,,,0.18,EU MAC,compliant,indeterminate,unresolved_no_lod,True
C4,16,Bifenox,0.0,True,,,0.04,EU MAC,compliant,indeterminate,unresolved_no_lod,True
C4,16,Bisphenol-A,0.0,True,,,130.0,EU MAC,compliant,indeterminate,unresolved_no_lod,True
C4,16,Chlorpyrifos,0.0,True,,,0.0026,EU MAC,compliant,indeterminate,unresolved_no_lod,True
C4,16,Clarithromycin,0.0,True,,,0.13,EU MAC,compliant,indeterminate,unresolved_no_lod,True
C4,16,Clothianidin,0.0,True,0.13583585498351416,0.45278618327838055,0.34,EU MAC,compliant,indeterminate,method_insufficient,True
C4,16,Cybutryne,0.001898710310169779,False,,,0.016,EU MAC,compliant,compliant,,False
C4,16,Cypermethrin,0.0,True,,,0.0006000000000000001,EU MAC,compliant,indeterminate,unresolved_no_lod,True
C4,16,Di(2- ethylhexyl)phthalate (DEHP),5.205656636481826,False,,,2.0,EU MAC,exceeding,exceeding,,False
C4,16,Dichlorvos,0.0,True,,,0.0007,EU MAC,compliant,indeterminate,unresolved_no_lod,True
C4,16,Diuron,0.0,True,,,0.27,EU MAC,compliant,indeterminate,unresolved_no_lod,True
C4,16,Erythromycin,0.0,True,,,1.0,EU MAC,compliant,indeterminate,unresolved_no_lod,True
C4,16,Fluoranthene,0.0,True,,,0.12,EU MAC,compliant,indeterminate,unresolved_no_lod,True
C4,16,Hexachlorobenzene,0.0,True,,,8.0,EU MAC,compliant,indeterminate,unresolved_no_lod,True
C4,16,Imidacloprid,0.0,True,0.6194075722193858,2.0646919073979526,0.057,EU MAC,compliant,indeterminate,method_insufficient,True
C4,16,Isoproturon,0.0,True,,,1.0,EU MAC,compliant,indeterminate,unresolved_no_lod,True
C4,16,Pentachlorobenzene,0.0,True,,,0.007,EU AA,compliant,indeterminate,unresolved_no_lod,True
C4,16,Quinoxyfen,0.0,True,,,2.7,EU MAC,compliant,indeterminate,unresolved_no_lod,True
C4,16,Terbutryn,0.0,True,,,0.34,EU MAC,compliant,indeterminate,unresolved_no_lod,True
C4,16,Thiacloprid,0.0,True,0.08682554171532375,0.28941847238441254,0.05,EU MAC,compliant,indeterminate,method_insufficient,True
C4,16,Triclosan,0.0,True,,,0.02,EU MAC,compliant,indeterminate,unresolved_no_lod,True
C4,16,Trifluralin,0.0,True,,,0.03,EU AA,compliant,indeterminate,unresolved_no_lod,True
C4,17,17-alpha-Estradiol,0.0,True,,,0.00018,EU AA,compliant,indeterminate,unresolved_no_lod,True
C4,17,17-alpha-Ethinylestradiol,0.0,True,,,1.7e-05,EU AA,compliant,indeterminate,unresolved_no_lod,True
C4,17,17-beta-Estradiol,0.0,True,,,0.00018,EU AA,compliant,indeterminate,unresolved_no_lod,True
C4,17,Acetamiprid,0.0,True,0.025237601919248082,0.08412533973082695,0.16,EU MAC,compliant,compliant,,False
C4,17,Aclonifen,0.0,True,,,0.12,EU MAC,compliant,indeterminate,unresolved_no_lod,True
C4,17,Anthracene,0.0,True,,,0.1,EU MAC,compliant,indeterminate,unresolved_no_lod,True
C4,17,Azithromycin,0.0,True,,,0.18,EU MAC,compliant,indeterminate,unresolved_no_lod,True
C4,17,Bifenox,0.0,True,,,0.04,EU MAC,compliant,indeterminate,unresolved_no_lod,True
C4,17,Bisphenol-A,0.0,True,,,130.0,EU MAC,compliant,indeterminate,unresolved_no_lod,True
C4,17,Chlorpyrifos,0.0,True,,,0.0026,EU MAC,compliant,indeterminate,unresolved_no_lod,True
C4,17,Clarithromycin,0.0,True,,,0.13,EU MAC,compliant,indeterminate,unresolved_no_lod,True
C4,17,Clothianidin,0.0,True,0.13583585498351416,0.45278618327838055,0.34,EU MAC,compliant,indeterminate,method_insufficient,True
C4,17,Cybutryne,0.0035764581856894536,False,,,0.016,EU MAC,compliant,compliant,,False
C4,17,Cypermethrin,0.0,True,,,0.0006000000000000001,EU MAC,compliant,indeterminate,unresolved_no_lod,True
C4,17,Di(2- ethylhexyl)phthalate (DEHP),31.979156596796898,False,,,2.0,EU MAC,exceeding,exceeding,,False
C4,17,Dichlorvos,0.0,True,,,0.0007,EU MAC,compliant,indeterminate,unresolved_no_lod,True
C4,17,Diuron,0.0,True,,,0.27,EU MAC,compliant,indeterminate,unresolved_no_lod,True
C4,17,Erythromycin,0.0,True,,,1.0,EU MAC,compliant,indeterminate,unresolved_no_lod,True
C4,17,Fluoranthene,0.0,True,,,0.12,EU MAC,compliant,indeterminate,unresolved_no_lod,True
C4,17,Hexachlorobenzene,0.0,True,,,8.0,EU MAC,compliant,indeterminate,unresolved_no_lod,True
C4,17,Imidacloprid,0.0,True,0.6194075722193858,2.0646919073979526,0.057,EU MAC,compliant,indeterminate,method_insufficient,True
C4,17,Isoproturon,0.0,True,,,1.0,EU MAC,compliant,indeterminate,unresolved_no_lod,True
C4,17,Pentachlorobenzene,0.0,True,,,0.007,EU AA,compliant,indeterminate,unresolved_no_lod,True
C4,17,Quinoxyfen,0.0,True,,,2.7,EU MAC,compliant,indeterminate,unresolved_no_lod,True
C4,17,Terbutryn,0.0,True,,,0.34,EU MAC,compliant,indeterminate,unresolved_no_lod,True
C4,17,Thiacloprid,0.0,True,0.08682554171532375,0.28941847238441254,0.05,EU MAC,compliant,indeterminate,method_insufficient,True
C4,17,Triclosan,0.0,True,,,0.02,EU MAC,compliant,indeterminate,unresolved_no_lod,True
C4,17,Trifluralin,0.0,True,,,0.03,EU AA,compliant,indeterminate,unresolved_no_lod,True
C4,18,17-alpha-Estradiol,0.0,True,,,0.00018,EU AA,compliant,indeterminate,unresolved_no_lod,True
C4,18,17-alpha-Ethinylestradiol,0.0,True,,,1.7e-05,EU AA,compliant,indeterminate,unresolved_no_lod,True
C4,18,17-beta-Estradiol,0.0,True,,,0.00018,EU AA,compliant,indeterminate,unresolved_no_lod,True
C4,18,Acetamiprid,0.0,True,0.025237601919248082,0.08412533973082695,0.16,EU MAC,compliant,compliant,,False
C4,18,Aclonifen,0.0,True,,,0.12,EU MAC,compliant,indeterminate,unresolved_no_lod,True
C4,18,Anthracene,0.0,True,,,0.1,EU MAC,compliant,indeterminate,unresolved_no_lod,True
C4,18,Azithromycin,0.0,True,,,0.18,EU MAC,compliant,indeterminate,unresolved_no_lod,True
C4,18,Bifenox,0.0,True,,,0.04,EU MAC,compliant,indeterminate,unresolved_no_lod,True
C4,18,Bisphenol-A,0.0,True,,,130.0,EU MAC,compliant,indeterminate,unresolved_no_lod,True
C4,18,Chlorpyrifos,0.0,True,,,0.0026,EU MAC,compliant,indeterminate,unresolved_no_lod,True
C4,18,Clarithromycin,0.0,True,,,0.13,EU MAC,compliant,indeterminate,unresolved_no_lod,True
C4,18,Clothianidin,0.0,True,0.13583585498351416,0.45278618327838055,0.34,EU MAC,compliant,indeterminate,method_insufficient,True
C4,18,Cybutryne,0.003685586057457362,False,,,0.016,EU MAC,compliant,compliant,,False
C4,18,Cypermethrin,0.0,True,,,0.0006000000000000001,EU MAC,compliant,indeterminate,unresolved_no_lod,True
C4,18,Di(2- ethylhexyl)phthalate (DEHP),0.0,True,,,2.0,EU MAC,compliant,indeterminate,unresolved_no_lod,True
C4,18,Dichlorvos,0.0,True,,,0.0007,EU MAC,compliant,indeterminate,unresolved_no_lod,True
C4,18,Diuron,0.04155951120508934,False,,,0.27,EU MAC,compliant,compliant,,False
C4,18,Erythromycin,0.0,True,,,1.0,EU MAC,compliant,indeterminate,unresolved_no_lod,True
C4,18,Fluoranthene,0.0,True,,,0.12,EU MAC,compliant,indeterminate,unresolved_no_lod,True
C4,18,Hexachlorobenzene,0.0,True,,,8.0,EU MAC,compliant,indeterminate,unresolved_no_lod,True
C4,18,Imidacloprid,0.0,True,0.6194075722193858,2.0646919073979526,0.057,EU MAC,compliant,indeterminate,method_insufficient,True
C4,18,Isoproturon,0.0,True,,,1.0,EU MAC,compliant,indeterminate,unresolved_no_lod,True
C4,18,Pentachlorobenzene,0.0,True,,,0.007,EU AA,compliant,indeterminate,unresolved_no_lod,True
C4,18,Quinoxyfen,0.0,True,,,2.7,EU MAC,compliant,indeterminate,unresolved_no_lod,True
C4,18,Terbutryn,0.0,True,,,0.34,EU MAC,compliant,indeterminate,unresolved_no_lod,True
C4,18,Thiacloprid,0.0,True,0.08682554171532375,0.28941847238441254,0.05,EU MAC,compliant,indeterminate,method_insufficient,True
C4,18,Triclosan,0.0,True,,,0.02,EU MAC,compliant,indeterminate,unresolved_no_lod,True
C4,18,Trifluralin,0.0,True,,,0.03,EU AA,compliant,indeterminate,unresolved_no_lod,True
C4,19,17-alpha-Estradiol,0.0,True,,,0.00018,EU AA,compliant,indeterminate,unresolved_no_lod,True
C4,19,17-alpha-Ethinylestradiol,0.0,True,,,1.7e-05,EU AA,compliant,indeterminate,unresolved_no_lod,True
C4,19,17-beta-Estradiol,0.0,True,,,0.00018,EU AA,compliant,indeterminate,unresolved_no_lod,True
C4,19,Acetamiprid,0.0,True,0.025237601919248082,0.08412533973082695,0.16,EU MAC,compliant,compliant,,False
C4,19,Aclonifen,0.0,True,,,0.12,EU MAC,compliant,indeterminate,unresolved_no_lod,True
C4,19,Anthracene,0.0,True,,,0.1,EU MAC,compliant,indeterminate,unresolved_no_lod,True
C4,19,Azithromycin,0.0,True,,,0.18,EU MAC,compliant,indeterminate,unresolved_no_lod,True
C4,19,Bifenox,0.0,True,,,0.04,EU MAC,compliant,indeterminate,unresolved_no_lod,True
C4,19,Bisphenol-A,0.0,True,,,130.0,EU MAC,compliant,indeterminate,unresolved_no_lod,True
C4,19,Chlorpyrifos,0.0,True,,,0.0026,EU MAC,compliant,indeterminate,unresolved_no_lod,True
C4,19,Clarithromycin,0.0,True,,,0.13,EU MAC,compliant,indeterminate,unresolved_no_lod,True
C4,19,Clothianidin,0.0,True,0.13583585498351416,0.45278618327838055,0.34,EU MAC,compliant,indeterminate,method_insufficient,True
C4,19,Cybutryne,0.0,True,,,0.016,EU MAC,compliant,indeterminate,unresolved_no_lod,True
C4,19,Cypermethrin,0.0,True,,,0.0006000000000000001,EU MAC,compliant,indeterminate,unresolved_no_lod,True
C4,19,Di(2- ethylhexyl)phthalate (DEHP),160.61665215708317,False,,,2.0,EU MAC,exceeding,exceeding,,False
C4,19,Dichlorvos,0.0,True,,,0.0007,EU MAC,compliant,indeterminate,unresolved_no_lod,True
C4,19,Diuron,0.0,True,,,0.27,EU MAC,compliant,indeterminate,unresolved_no_lod,True
C4,19,Erythromycin,0.0,True,,,1.0,EU MAC,compliant,indeterminate,unresolved_no_lod,True
C4,19,Fluoranthene,0.0,True,,,0.12,EU MAC,compliant,indeterminate,unresolved_no_lod,True
C4,19,Hexachlorobenzene,0.0,True,,,8.0,EU MAC,compliant,indeterminate,unresolved_no_lod,True
C4,19,Imidacloprid,0.0,True,0.6194075722193858,2.0646919073979526,0.057,EU MAC,compliant,indeterminate,method_insufficient,True
C4,19,Isoproturon,0.0,True,,,1.0,EU MAC,compliant,indeterminate,unresolved_no_lod,True
C4,19,Pentachlorobenzene,0.0,True,,,0.007,EU AA,compliant,indeterminate,unresolved_no_lod,True
C4,19,Quinoxyfen,0.0,True,,,2.7,EU MAC,compliant,indeterminate,unresolved_no_lod,True
C4,19,Terbutryn,0.0,True,,,0.34,EU MAC,compliant,indeterminate,unresolved_no_lod,True
C4,19,Thiacloprid,0.0,True,0.08682554171532375,0.28941847238441254,0.05,EU MAC,compliant,indeterminate,method_insufficient,True
C4,19,Triclosan,0.0,True,,,0.02,EU MAC,compliant,indeterminate,unresolved_no_lod,True
C4,19,Trifluralin,0.0,True,,,0.03,EU AA,compliant,indeterminate,unresolved_no_lod,True
C4,20,17-alpha-Estradiol,0.0,True,,,0.00018,EU AA,compliant,indeterminate,unresolved_no_lod,True
C4,20,17-alpha-Ethinylestradiol,0.0,True,,,1.7e-05,EU AA,compliant,indeterminate,unresolved_no_lod,True
C4,20,17-beta-Estradiol,0.0,True,,,0.00018,EU AA,compliant,indeterminate,unresolved_no_lod,True
C4,20,Acetamiprid,0.0,True,0.025237601919248082,0.08412533973082695,0.16,EU MAC,compliant,compliant,,False
C4,20,Aclonifen,0.0,True,,,0.12,EU MAC,compliant,indeterminate,unresolved_no_lod,True
C4,20,Anthracene,0.0,True,,,0.1,EU MAC,compliant,indeterminate,unresolved_no_lod,True
C4,20,Azithromycin,0.0,True,,,0.18,EU MAC,compliant,indeterminate,unresolved_no_lod,True
C4,20,Bifenox,0.0,True,,,0.04,EU MAC,compliant,indeterminate,unresolved_no_lod,True
C4,20,Bisphenol-A,0.0,True,,,130.0,EU MAC,compliant,indeterminate,unresolved_no_lod,True
C4,20,Chlorpyrifos,0.0,True,,,0.0026,EU MAC,compliant,indeterminate,unresolved_no_lod,True
C4,20,Clarithromycin,0.0,True,,,0.13,EU MAC,compliant,indeterminate,unresolved_no_lod,True
C4,20,Clothianidin,0.0,True,0.13583585498351416,0.45278618327838055,0.34,EU MAC,compliant,indeterminate,method_insufficient,True
C4,20,Cybutryne,0.0,True,,,0.016,EU MAC,compliant,indeterminate,unresolved_no_lod,True
C4,20,Cypermethrin,0.0,True,,,0.0006000000000000001,EU MAC,compliant,indeterminate,unresolved_no_lod,True
C4,20,Di(2- ethylhexyl)phthalate (DEHP),0.0,True,,,2.0,EU MAC,compliant,indeterminate,unresolved_no_lod,True
C4,20,Dichlorvos,0.0,True,,,0.0007,EU MAC,compliant,indeterminate,unresolved_no_lod,True
C4,20,Diuron,0.0,True,,,0.27,EU MAC,compliant,indeterminate,unresolved_no_lod,True
C4,20,Erythromycin,0.0,True,,,1.0,EU MAC,compliant,indeterminate,unresolved_no_lod,True
C4,20,Fluoranthene,0.0,True,,,0.12,EU MAC,compliant,indeterminate,unresolved_no_lod,True
C4,20,Hexachlorobenzene,0.0,True,,,8.0,EU MAC,compliant,indeterminate,unresolved_no_lod,True
C4,20,Imidacloprid,0.0,True,0.6194075722193858,2.0646919073979526,0.057,EU MAC,compliant,indeterminate,method_insufficient,True
C4,20,Isoproturon,0.0,True,,,1.0,EU MAC,compliant,indeterminate,unresolved_no_lod,True
C4,20,Pentachlorobenzene,0.0,True,,,0.007,EU AA,compliant,indeterminate,unresolved_no_lod,True
C4,20,Quinoxyfen,0.0,True,,,2.7,EU MAC,compliant,indeterminate,unresolved_no_lod,True
C4,20,Terbutryn,0.0,True,,,0.34,EU MAC,compliant,indeterminate,unresolved_no_lod,True
C4,20,Thiacloprid,0.0,True,0.08682554171532375,0.28941847238441254,0.05,EU MAC,compliant,indeterminate,method_insufficient,True
C4,20,Triclosan,0.0,True,,,0.02,EU MAC,compliant,indeterminate,unresolved_no_lod,True
C4,20,Trifluralin,0.0,True,,,0.03,EU AA,compliant,indeterminate,unresolved_no_lod,True
C4,21,17-alpha-Estradiol,0.0,True,,,0.00018,EU AA,compliant,indeterminate,unresolved_no_lod,True
C4,21,17-alpha-Ethinylestradiol,0.0,True,,,1.7e-05,EU AA,compliant,indeterminate,unresolved_no_lod,True
C4,21,17-beta-Estradiol,0.0,True,,,0.00018,EU AA,compliant,indeterminate,unresolved_no_lod,True
C4,21,Acetamiprid,0.0,True,0.025237601919248082,0.08412533973082695,0.16,EU MAC,compliant,compliant,,False
C4,21,Aclonifen,0.0,True,,,0.12,EU MAC,compliant,indeterminate,unresolved_no_lod,True
C4,21,Anthracene,0.0,True,,,0.1,EU MAC,compliant,indeterminate,unresolved_no_lod,True
C4,21,Azithromycin,0.0,True,,,0.18,EU MAC,compliant,indeterminate,unresolved_no_lod,True
C4,21,Bifenox,0.0,True,,,0.04,EU MAC,compliant,indeterminate,unresolved_no_lod,True
C4,21,Bisphenol-A,0.0,True,,,130.0,EU MAC,compliant,indeterminate,unresolved_no_lod,True
C4,21,Chlorpyrifos,0.0,True,,,0.0026,EU MAC,compliant,indeterminate,unresolved_no_lod,True
C4,21,Clarithromycin,0.0,True,,,0.13,EU MAC,compliant,indeterminate,unresolved_no_lod,True
C4,21,Clothianidin,0.0,True,0.13583585498351416,0.45278618327838055,0.34,EU MAC,compliant,indeterminate,method_insufficient,True
C4,21,Cybutryne,0.0,True,,,0.016,EU MAC,compliant,indeterminate,unresolved_no_lod,True
C4,21,Cypermethrin,0.0,True,,,0.0006000000000000001,EU MAC,compliant,indeterminate,unresolved_no_lod,True
C4,21,Di(2- ethylhexyl)phthalate (DEHP),0.0,True,,,2.0,EU MAC,compliant,indeterminate,unresolved_no_lod,True
C4,21,Dichlorvos,0.0,True,,,0.0007,EU MAC,compliant,indeterminate,unresolved_no_lod,True
C4,21,Diuron,0.0,True,,,0.27,EU MAC,compliant,indeterminate,unresolved_no_lod,True
C4,21,Erythromycin,0.0,True,,,1.0,EU MAC,compliant,indeterminate,unresolved_no_lod,True
C4,21,Fluoranthene,0.0,True,,,0.12,EU MAC,compliant,indeterminate,unresolved_no_lod,True
C4,21,Hexachlorobenzene,0.0,True,,,8.0,EU MAC,compliant,indeterminate,unresolved_no_lod,True
C4,21,Imidacloprid,0.0,True,0.6194075722193858,2.0646919073979526,0.057,EU MAC,compliant,indeterminate,method_insufficient,True
C4,21,Isoproturon,0.0,True,,,1.0,EU MAC,compliant,indeterminate,unresolved_no_lod,True
C4,21,Pentachlorobenzene,0.0,True,,,0.007,EU AA,compliant,indeterminate,unresolved_no_lod,True
C4,21,Quinoxyfen,0.0,True,,,2.7,EU MAC,compliant,indeterminate,unresolved_no_lod,True
C4,21,Terbutryn,0.0,True,,,0.34,EU MAC,compliant,indeterminate,unresolved_no_lod,True
C4,21,Thiacloprid,0.0,True,0.08682554171532375,0.28941847238441254,0.05,EU MAC,compliant,indeterminate,method_insufficient,True
C4,21,Triclosan,0.0,True,,,0.02,EU MAC,compliant,indeterminate,unresolved_no_lod,True
C4,21,Trifluralin,0.0,True,,,0.03,EU AA,compliant,indeterminate,unresolved_no_lod,True
C4,22,17-alpha-Estradiol,0.0,True,,,0.00018,EU AA,compliant,indeterminate,unresolved_no_lod,True
C4,22,17-alpha-Ethinylestradiol,0.0,True,,,1.7e-05,EU AA,compliant,indeterminate,unresolved_no_lod,True
C4,22,17-beta-Estradiol,0.0,True,,,0.00018,EU AA,compliant,indeterminate,unresolved_no_lod,True
C4,22,Acetamiprid,0.0,True,0.025237601919248082,0.08412533973082695,0.16,EU MAC,compliant,compliant,,False
C4,22,Aclonifen,0.0,True,,,0.12,EU MAC,compliant,indeterminate,unresolved_no_lod,True
C4,22,Anthracene,0.0,True,,,0.1,EU MAC,compliant,indeterminate,unresolved_no_lod,True
C4,22,Azithromycin,0.0,True,,,0.18,EU MAC,compliant,indeterminate,unresolved_no_lod,True
C4,22,Bifenox,0.0,True,,,0.04,EU MAC,compliant,indeterminate,unresolved_no_lod,True
C4,22,Bisphenol-A,0.0,True,,,130.0,EU MAC,compliant,indeterminate,unresolved_no_lod,True
C4,22,Chlorpyrifos,0.0,True,,,0.0026,EU MAC,compliant,indeterminate,unresolved_no_lod,True
C4,22,Clarithromycin,0.0,True,,,0.13,EU MAC,compliant,indeterminate,unresolved_no_lod,True
C4,22,Clothianidin,0.0,True,0.13583585498351416,0.45278618327838055,0.34,EU MAC,compliant,indeterminate,method_insufficient,True
C4,22,Cybutryne,0.0,True,,,0.016,EU MAC,compliant,indeterminate,unresolved_no_lod,True
C4,22,Cypermethrin,0.0,True,,,0.0006000000000000001,EU MAC,compliant,indeterminate,unresolved_no_lod,True
C4,22,Di(2- ethylhexyl)phthalate (DEHP),0.0,True,,,2.0,EU MAC,compliant,indeterminate,unresolved_no_lod,True
C4,22,Dichlorvos,0.0,True,,,0.0007,EU MAC,compliant,indeterminate,unresolved_no_lod,True
C4,22,Diuron,0.0,True,,,0.27,EU MAC,compliant,indeterminate,unresolved_no_lod,True
C4,22,Erythromycin,0.0,True,,,1.0,EU MAC,compliant,indeterminate,unresolved_no_lod,True
C4,22,Fluoranthene,0.0,True,,,0.12,EU MAC,compliant,indeterminate,unresolved_no_lod,True
C4,22,Hexachlorobenzene,0.0,True,,,8.0,EU MAC,compliant,indeterminate,unresolved_no_lod,True
C4,22,Imidacloprid,0.0,True,0.6194075722193858,2.0646919073979526,0.057,EU MAC,compliant,indeterminate,method_insufficient,True
C4,22,Isoproturon,0.0,True,,,1.0,EU MAC,compliant,indeterminate,unresolved_no_lod,True
C4,22,Pentachlorobenzene,0.0,True,,,0.007,EU AA,compliant,indeterminate,unresolved_no_lod,True
C4,22,Quinoxyfen,0.0,True,,,2.7,EU MAC,compliant,indeterminate,unresolved_no_lod,True
C4,22,Terbutryn,0.0,True,,,0.34,EU MAC,compliant,indeterminate,unresolved_no_lod,True
C4,22,Thiacloprid,0.0,True,0.08682554171532375,0.28941847238441254,0.05,EU MAC,compliant,indeterminate,method_insufficient,True
C4,22,Triclosan,0.0,True,,,0.02,EU MAC,compliant,indeterminate,unresolved_no_lod,True
C4,22,Trifluralin,0.0,True,,,0.03,EU AA,compliant,indeterminate,unresolved_no_lod,True
C4,23,17-alpha-Estradiol,0.0,True,,,0.00018,EU AA,compliant,indeterminate,unresolved_no_lod,True
C4,23,17-alpha-Ethinylestradiol,0.0,True,,,1.7e-05,EU AA,compliant,indeterminate,unresolved_no_lod,True
C4,23,17-beta-Estradiol,0.0,True,,,0.00018,EU AA,compliant,indeterminate,unresolved_no_lod,True
C4,23,Acetamiprid,0.0,True,0.025237601919248082,0.08412533973082695,0.16,EU MAC,compliant,compliant,,False
C4,23,Aclonifen,0.0,True,,,0.12,EU MAC,compliant,indeterminate,unresolved_no_lod,True
C4,23,Anthracene,0.0,True,,,0.1,EU MAC,compliant,indeterminate,unresolved_no_lod,True
C4,23,Azithromycin,0.0,True,,,0.18,EU MAC,compliant,indeterminate,unresolved_no_lod,True
C4,23,Bifenox,0.0,True,,,0.04,EU MAC,compliant,indeterminate,unresolved_no_lod,True
C4,23,Bisphenol-A,0.0,True,,,130.0,EU MAC,compliant,indeterminate,unresolved_no_lod,True
C4,23,Chlorpyrifos,0.20115476268570492,False,,,0.0026,EU MAC,exceeding,exceeding,,False
C4,23,Clarithromycin,0.0,True,,,0.13,EU MAC,compliant,indeterminate,unresolved_no_lod,True
C4,23,Clothianidin,0.0,True,0.13583585498351416,0.45278618327838055,0.34,EU MAC,compliant,indeterminate,method_insufficient,True
C4,23,Cybutryne,0.0,True,,,0.016,EU MAC,compliant,indeterminate,unresolved_no_lod,True
C4,23,Cypermethrin,0.0,True,,,0.0006000000000000001,EU MAC,compliant,indeterminate,unresolved_no_lod,True
C4,23,Di(2- ethylhexyl)phthalate (DEHP),9.89869656261575,False,,,2.0,EU MAC,exceeding,exceeding,,False
C4,23,Dichlorvos,0.0,True,,,0.0007,EU MAC,compliant,indeterminate,unresolved_no_lod,True
C4,23,Diuron,0.030909595851463825,False,,,0.27,EU MAC,compliant,compliant,,False
C4,23,Erythromycin,0.0,True,,,1.0,EU MAC,compliant,indeterminate,unresolved_no_lod,True
C4,23,Fluoranthene,0.0,True,,,0.12,EU MAC,compliant,indeterminate,unresolved_no_lod,True
C4,23,Hexachlorobenzene,0.0,True,,,8.0,EU MAC,compliant,indeterminate,unresolved_no_lod,True
C4,23,Imidacloprid,0.0,True,0.6194075722193858,2.0646919073979526,0.057,EU MAC,compliant,indeterminate,method_insufficient,True
C4,23,Isoproturon,0.0,True,,,1.0,EU MAC,compliant,indeterminate,unresolved_no_lod,True
C4,23,Pentachlorobenzene,0.0,True,,,0.007,EU AA,compliant,indeterminate,unresolved_no_lod,True
C4,23,Quinoxyfen,0.0,True,,,2.7,EU MAC,compliant,indeterminate,unresolved_no_lod,True
C4,23,Terbutryn,0.0,True,,,0.34,EU MAC,compliant,indeterminate,unresolved_no_lod,True
C4,23,Thiacloprid,0.0,True,0.08682554171532375,0.28941847238441254,0.05,EU MAC,compliant,indeterminate,method_insufficient,True
C4,23,Triclosan,0.0,True,,,0.02,EU MAC,compliant,indeterminate,unresolved_no_lod,True
C4,23,Trifluralin,0.0,True,,,0.03,EU AA,compliant,indeterminate,unresolved_no_lod,True
C4,24,17-alpha-Estradiol,0.0,True,,,0.00018,EU AA,compliant,indeterminate,unresolved_no_lod,True
C4,24,17-alpha-Ethinylestradiol,0.0,True,,,1.7e-05,EU AA,compliant,indeterminate,unresolved_no_lod,True
C4,24,17-beta-Estradiol,0.0,True,,,0.00018,EU AA,compliant,indeterminate,unresolved_no_lod,True
C4,24,Acetamiprid,0.0,True,0.025237601919248082,0.08412533973082695,0.16,EU MAC,compliant,compliant,,False
C4,24,Aclonifen,0.0,True,,,0.12,EU MAC,compliant,indeterminate,unresolved_no_lod,True
C4,24,Anthracene,0.0,True,,,0.1,EU MAC,compliant,indeterminate,unresolved_no_lod,True
C4,24,Azithromycin,0.0,True,,,0.18,EU MAC,compliant,indeterminate,unresolved_no_lod,True
C4,24,Bifenox,0.0,True,,,0.04,EU MAC,compliant,indeterminate,unresolved_no_lod,True
C4,24,Bisphenol-A,0.0,True,,,130.0,EU MAC,compliant,indeterminate,unresolved_no_lod,True
C4,24,Chlorpyrifos,0.0,True,,,0.0026,EU MAC,compliant,indeterminate,unresolved_no_lod,True
C4,24,Clarithromycin,0.0,True,,,0.13,EU MAC,compliant,indeterminate,unresolved_no_lod,True
C4,24,Clothianidin,0.0,True,0.13583585498351416,0.45278618327838055,0.34,EU MAC,compliant,indeterminate,method_insufficient,True
C4,24,Cybutryne,0.0,True,,,0.016,EU MAC,compliant,indeterminate,unresolved_no_lod,True
C4,24,Cypermethrin,0.0,True,,,0.0006000000000000001,EU MAC,compliant,indeterminate,unresolved_no_lod,True
C4,24,Di(2- ethylhexyl)phthalate (DEHP),0.0,True,,,2.0,EU MAC,compliant,indeterminate,unresolved_no_lod,True
C4,24,Dichlorvos,0.0,True,,,0.0007,EU MAC,compliant,indeterminate,unresolved_no_lod,True
C4,24,Diuron,0.30185621936629636,False,,,0.27,EU MAC,exceeding,exceeding,,False
C4,24,Erythromycin,0.0,True,,,1.0,EU MAC,compliant,indeterminate,unresolved_no_lod,True
C4,24,Fluoranthene,0.0,True,,,0.12,EU MAC,compliant,indeterminate,unresolved_no_lod,True
C4,24,Hexachlorobenzene,0.0,True,,,8.0,EU MAC,compliant,indeterminate,unresolved_no_lod,True
C4,24,Imidacloprid,0.0,True,0.6194075722193858,2.0646919073979526,0.057,EU MAC,compliant,indeterminate,method_insufficient,True
C4,24,Isoproturon,0.0,True,,,1.0,EU MAC,compliant,indeterminate,unresolved_no_lod,True
C4,24,Pentachlorobenzene,0.0,True,,,0.007,EU AA,compliant,indeterminate,unresolved_no_lod,True
C4,24,Quinoxyfen,0.0,True,,,2.7,EU MAC,compliant,indeterminate,unresolved_no_lod,True
C4,24,Terbutryn,0.0,True,,,0.34,EU MAC,compliant,indeterminate,unresolved_no_lod,True
C4,24,Thiacloprid,0.0,True,0.08682554171532375,0.28941847238441254,0.05,EU MAC,compliant,indeterminate,method_insufficient,True
C4,24,Triclosan,0.0,True,,,0.02,EU MAC,compliant,indeterminate,unresolved_no_lod,True
C4,24,Trifluralin,0.0,True,,,0.03,EU AA,compliant,indeterminate,unresolved_no_lod,True
C4,25,17-alpha-Estradiol,0.0,True,,,0.00018,EU AA,compliant,indeterminate,unresolved_no_lod,True
C4,25,17-alpha-Ethinylestradiol,0.0,True,,,1.7e-05,EU AA,compliant,indeterminate,unresolved_no_lod,True
C4,25,17-beta-Estradiol,0.0,True,,,0.00018,EU AA,compliant,indeterminate,unresolved_no_lod,True
C4,25,Acetamiprid,0.0,True,0.025237601919248082,0.08412533973082695,0.16,EU MAC,compliant,compliant,,False
C4,25,Aclonifen,0.0,True,,,0.12,EU MAC,compliant,indeterminate,unresolved_no_lod,True
C4,25,Anthracene,0.0,True,,,0.1,EU MAC,compliant,indeterminate,unresolved_no_lod,True
C4,25,Azithromycin,0.0,True,,,0.18,EU MAC,compliant,indeterminate,unresolved_no_lod,True
C4,25,Bifenox,0.0,True,,,0.04,EU MAC,compliant,indeterminate,unresolved_no_lod,True
C4,25,Bisphenol-A,0.0,True,,,130.0,EU MAC,compliant,indeterminate,unresolved_no_lod,True
C4,25,Chlorpyrifos,0.0,True,,,0.0026,EU MAC,compliant,indeterminate,unresolved_no_lod,True
C4,25,Clarithromycin,0.0,True,,,0.13,EU MAC,compliant,indeterminate,unresolved_no_lod,True
C4,25,Clothianidin,0.0,True,0.13583585498351416,0.45278618327838055,0.34,EU MAC,compliant,indeterminate,method_insufficient,True
C4,25,Cybutryne,0.002693522900639793,False,,,0.016,EU MAC,compliant,compliant,,False
C4,25,Cypermethrin,0.0,True,,,0.0006000000000000001,EU MAC,compliant,indeterminate,unresolved_no_lod,True
C4,25,Di(2- ethylhexyl)phthalate (DEHP),0.0,True,,,2.0,EU MAC,compliant,indeterminate,unresolved_no_lod,True
C4,25,Dichlorvos,0.0,True,,,0.0007,EU MAC,compliant,indeterminate,unresolved_no_lod,True
C4,25,Diuron,0.051744948848024344,False,,,0.27,EU MAC,compliant,compliant,,False
C4,25,Erythromycin,0.0,True,,,1.0,EU MAC,compliant,indeterminate,unresolved_no_lod,True
C4,25,Fluoranthene,0.0,True,,,0.12,EU MAC,compliant,indeterminate,unresolved_no_lod,True
C4,25,Hexachlorobenzene,0.0,True,,,8.0,EU MAC,compliant,indeterminate,unresolved_no_lod,True
C4,25,Imidacloprid,0.0,True,0.6194075722193858,2.0646919073979526,0.057,EU MAC,compliant,indeterminate,method_insufficient,True
C4,25,Isoproturon,0.0,True,,,1.0,EU MAC,compliant,indeterminate,unresolved_no_lod,True
C4,25,Pentachlorobenzene,0.0,True,,,0.007,EU AA,compliant,indeterminate,unresolved_no_lod,True
C4,25,Quinoxyfen,0.0,True,,,2.7,EU MAC,compliant,indeterminate,unresolved_no_lod,True
C4,25,Terbutryn,0.0,True,,,0.34,EU MAC,compliant,indeterminate,unresolved_no_lod,True
C4,25,Thiacloprid,0.0,True,0.08682554171532375,0.28941847238441254,0.05,EU MAC,compliant,indeterminate,method_insufficient,True
C4,25,Triclosan,0.0,True,,,0.02,EU MAC,compliant,indeterminate,unresolved_no_lod,True
C4,25,Trifluralin,0.0,True,,,0.03,EU AA,compliant,indeterminate,unresolved_no_lod,True
C4,26,17-alpha-Estradiol,0.0,True,,,0.00018,EU AA,compliant,indeterminate,unresolved_no_lod,True
C4,26,17-alpha-Ethinylestradiol,0.0,True,,,1.7e-05,EU AA,compliant,indeterminate,unresolved_no_lod,True
C4,26,17-beta-Estradiol,0.0,True,,,0.00018,EU AA,compliant,indeterminate,unresolved_no_lod,True
C4,26,Acetamiprid,0.0,True,0.025237601919248082,0.08412533973082695,0.16,EU MAC,compliant,compliant,,False
C4,26,Aclonifen,0.0,True,,,0.12,EU MAC,compliant,indeterminate,unresolved_no_lod,True
C4,26,Anthracene,0.0,True,,,0.1,EU MAC,compliant,indeterminate,unresolved_no_lod,True
C4,26,Azithromycin,0.0,True,,,0.18,EU MAC,compliant,indeterminate,unresolved_no_lod,True
C4,26,Bifenox,0.0,True,,,0.04,EU MAC,compliant,indeterminate,unresolved_no_lod,True
C4,26,Bisphenol-A,0.0,True,,,130.0,EU MAC,compliant,indeterminate,unresolved_no_lod,True
C4,26,Chlorpyrifos,0.0,True,,,0.0026,EU MAC,compliant,indeterminate,unresolved_no_lod,True
C4,26,Clarithromycin,0.0,True,,,0.13,EU MAC,compliant,indeterminate,unresolved_no_lod,True
C4,26,Clothianidin,0.0,True,0.13583585498351416,0.45278618327838055,0.34,EU MAC,compliant,indeterminate,method_insufficient,True
C4,26,Cybutryne,0.0,True,,,0.016,EU MAC,compliant,indeterminate,unresolved_no_lod,True
C4,26,Cypermethrin,0.0,True,,,0.0006000000000000001,EU MAC,compliant,indeterminate,unresolved_no_lod,True
C4,26,Di(2- ethylhexyl)phthalate (DEHP),0.0,True,,,2.0,EU MAC,compliant,indeterminate,unresolved_no_lod,True
C4,26,Dichlorvos,0.0,True,,,0.0007,EU MAC,compliant,indeterminate,unresolved_no_lod,True
C4,26,Diuron,0.0,True,,,0.27,EU MAC,compliant,indeterminate,unresolved_no_lod,True
C4,26,Erythromycin,0.0,True,,,1.0,EU MAC,compliant,indeterminate,unresolved_no_lod,True
C4,26,Fluoranthene,0.0,True,,,0.12,EU MAC,compliant,indeterminate,unresolved_no_lod,True
C4,26,Hexachlorobenzene,0.0,True,,,8.0,EU MAC,compliant,indeterminate,unresolved_no_lod,True
C4,26,Imidacloprid,0.0,True,0.6194075722193858,2.0646919073979526,0.057,EU MAC,compliant,indeterminate,method_insufficient,True
C4,26,Isoproturon,0.0,True,,,1.0,EU MAC,compliant,indeterminate,unresolved_no_lod,True
C4,26,Pentachlorobenzene,0.0,True,,,0.007,EU AA,compliant,indeterminate,unresolved_no_lod,True
C4,26,Quinoxyfen,0.0,True,,,2.7,EU MAC,compliant,indeterminate,unresolved_no_lod,True
C4,26,Terbutryn,0.0,True,,,0.34,EU MAC,compliant,indeterminate,unresolved_no_lod,True
C4,26,Thiacloprid,0.0,True,0.08682554171532375,0.28941847238441254,0.05,EU MAC,compliant,indeterminate,method_insufficient,True
C4,26,Triclosan,0.0,True,,,0.02,EU MAC,compliant,indeterminate,unresolved_no_lod,True
C4,26,Trifluralin,0.0,True,,,0.03,EU AA,compliant,indeterminate,unresolved_no_lod,True
C4,27,17-alpha-Estradiol,0.0,True,,,0.00018,EU AA,compliant,indeterminate,unresolved_no_lod,True
C4,27,17-alpha-Ethinylestradiol,0.0,True,,,1.7e-05,EU AA,compliant,indeterminate,unresolved_no_lod,True
C4,27,17-beta-Estradiol,0.0,True,,,0.00018,EU AA,compliant,indeterminate,unresolved_no_lod,True
C4,27,Acetamiprid,0.0,True,0.025237601919248082,0.08412533973082695,0.16,EU MAC,compliant,compliant,,False
C4,27,Aclonifen,0.0,True,,,0.12,EU MAC,compliant,indeterminate,unresolved_no_lod,True
C4,27,Anthracene,43.792610423740406,False,,,0.1,EU MAC,exceeding,exceeding,,False
C4,27,Azithromycin,0.0,True,,,0.18,EU MAC,compliant,indeterminate,unresolved_no_lod,True
C4,27,Bifenox,0.0,True,,,0.04,EU MAC,compliant,indeterminate,unresolved_no_lod,True
C4,27,Bisphenol-A,0.0,True,,,130.0,EU MAC,compliant,indeterminate,unresolved_no_lod,True
C4,27,Chlorpyrifos,0.0,True,,,0.0026,EU MAC,compliant,indeterminate,unresolved_no_lod,True
C4,27,Clarithromycin,0.0,True,,,0.13,EU MAC,compliant,indeterminate,unresolved_no_lod,True
C4,27,Clothianidin,0.0,True,0.13583585498351416,0.45278618327838055,0.34,EU MAC,compliant,indeterminate,method_insufficient,True
C4,27,Cybutryne,0.0,True,,,0.016,EU MAC,compliant,indeterminate,unresolved_no_lod,True
C4,27,Cypermethrin,0.0,True,,,0.0006000000000000001,EU MAC,compliant,indeterminate,unresolved_no_lod,True
C4,27,Di(2- ethylhexyl)phthalate (DEHP),8.012050899913234,False,,,2.0,EU MAC,exceeding,exceeding,,False
C4,27,Dichlorvos,0.0,True,,,0.0007,EU MAC,compliant,indeterminate,unresolved_no_lod,True
C4,27,Diuron,0.6319367980921318,False,,,0.27,EU MAC,exceeding,exceeding,,False
C4,27,Erythromycin,0.0,True,,,1.0,EU MAC,compliant,indeterminate,unresolved_no_lod,True
C4,27,Fluoranthene,0.0,True,,,0.12,EU MAC,compliant,indeterminate,unresolved_no_lod,True
C4,27,Hexachlorobenzene,0.0,True,,,8.0,EU MAC,compliant,indeterminate,unresolved_no_lod,True
C4,27,Imidacloprid,0.0,True,0.6194075722193858,2.0646919073979526,0.057,EU MAC,compliant,indeterminate,method_insufficient,True
C4,27,Isoproturon,0.0,True,,,1.0,EU MAC,compliant,indeterminate,unresolved_no_lod,True
C4,27,Pentachlorobenzene,0.0,True,,,0.007,EU AA,compliant,indeterminate,unresolved_no_lod,True
C4,27,Quinoxyfen,0.0,True,,,2.7,EU MAC,compliant,indeterminate,unresolved_no_lod,True
C4,27,Terbutryn,0.0,True,,,0.34,EU MAC,compliant,indeterminate,unresolved_no_lod,True
C4,27,Thiacloprid,0.0,True,0.08682554171532375,0.28941847238441254,0.05,EU MAC,compliant,indeterminate,method_insufficient,True
C4,27,Triclosan,0.0,True,,,0.02,EU MAC,compliant,indeterminate,unresolved_no_lod,True
C4,27,Trifluralin,0.0,True,,,0.03,EU AA,compliant,indeterminate,unresolved_no_lod,True
C4,28,17-alpha-Estradiol,0.0,True,,,0.00018,EU AA,compliant,indeterminate,unresolved_no_lod,True
C4,28,17-alpha-Ethinylestradiol,0.0,True,,,1.7e-05,EU AA,compliant,indeterminate,unresolved_no_lod,True
C4,28,17-beta-Estradiol,0.0,True,,,0.00018,EU AA,compliant,indeterminate,unresolved_no_lod,True
C4,28,Acetamiprid,0.0,True,0.025237601919248082,0.08412533973082695,0.16,EU MAC,compliant,compliant,,False
C4,28,Aclonifen,0.0,True,,,0.12,EU MAC,compliant,indeterminate,unresolved_no_lod,True
C4,28,Anthracene,66.72074149469,False,,,0.1,EU MAC,exceeding,exceeding,,False
C4,28,Azithromycin,0.0,True,,,0.18,EU MAC,compliant,indeterminate,unresolved_no_lod,True
C4,28,Bifenox,0.0,True,,,0.04,EU MAC,compliant,indeterminate,unresolved_no_lod,True
C4,28,Bisphenol-A,0.0,True,,,130.0,EU MAC,compliant,indeterminate,unresolved_no_lod,True
C4,28,Chlorpyrifos,0.0,True,,,0.0026,EU MAC,compliant,indeterminate,unresolved_no_lod,True
C4,28,Clarithromycin,0.0,True,,,0.13,EU MAC,compliant,indeterminate,unresolved_no_lod,True
C4,28,Clothianidin,0.0,True,0.13583585498351416,0.45278618327838055,0.34,EU MAC,compliant,indeterminate,method_insufficient,True
C4,28,Cybutryne,0.0018980220553609605,False,,,0.016,EU MAC,compliant,compliant,,False
C4,28,Cypermethrin,0.0,True,,,0.0006000000000000001,EU MAC,compliant,indeterminate,unresolved_no_lod,True
C4,28,Di(2- ethylhexyl)phthalate (DEHP),0.0,True,,,2.0,EU MAC,compliant,indeterminate,unresolved_no_lod,True
C4,28,Dichlorvos,0.0,True,,,0.0007,EU MAC,compliant,indeterminate,unresolved_no_lod,True
C4,28,Diuron,0.6739214968688721,False,,,0.27,EU MAC,exceeding,exceeding,,False
C4,28,Erythromycin,0.0,True,,,1.0,EU MAC,compliant,indeterminate,unresolved_no_lod,True
C4,28,Fluoranthene,0.0,True,,,0.12,EU MAC,compliant,indeterminate,unresolved_no_lod,True
C4,28,Hexachlorobenzene,0.0,True,,,8.0,EU MAC,compliant,indeterminate,unresolved_no_lod,True
C4,28,Imidacloprid,0.0,True,0.6194075722193858,2.0646919073979526,0.057,EU MAC,compliant,indeterminate,method_insufficient,True
C4,28,Isoproturon,0.0,True,,,1.0,EU MAC,compliant,indeterminate,unresolved_no_lod,True
C4,28,Pentachlorobenzene,0.0,True,,,0.007,EU AA,compliant,indeterminate,unresolved_no_lod,True
C4,28,Quinoxyfen,0.0,True,,,2.7,EU MAC,compliant,indeterminate,unresolved_no_lod,True
C4,28,Terbutryn,0.0,True,,,0.34,EU MAC,compliant,indeterminate,unresolved_no_lod,True
C4,28,Thiacloprid,0.0,True,0.08682554171532375,0.28941847238441254,0.05,EU MAC,compliant,indeterminate,method_insufficient,True
C4,28,Triclosan,0.0,True,,,0.02,EU MAC,compliant,indeterminate,unresolved_no_lod,True
C4,28,Trifluralin,0.0,True,,,0.03,EU AA,compliant,indeterminate,unresolved_no_lod,True
C4,29,17-alpha-Estradiol,0.0,True,,,0.00018,EU AA,compliant,indeterminate,unresolved_no_lod,True
C4,29,17-alpha-Ethinylestradiol,0.0,True,,,1.7e-05,EU AA,compliant,indeterminate,unresolved_no_lod,True
C4,29,17-beta-Estradiol,0.0,True,,,0.00018,EU AA,compliant,indeterminate,unresolved_no_lod,True
C4,29,Acetamiprid,0.0,True,0.025237601919248082,0.08412533973082695,0.16,EU MAC,compliant,compliant,,False
C4,29,Aclonifen,0.0,True,,,0.12,EU MAC,compliant,indeterminate,unresolved_no_lod,True
C4,29,Anthracene,28.62992130619721,False,,,0.1,EU MAC,exceeding,exceeding,,False
C4,29,Azithromycin,0.0,True,,,0.18,EU MAC,compliant,indeterminate,unresolved_no_lod,True
C4,29,Bifenox,0.0,True,,,0.04,EU MAC,compliant,indeterminate,unresolved_no_lod,True
C4,29,Bisphenol-A,0.0,True,,,130.0,EU MAC,compliant,indeterminate,unresolved_no_lod,True
C4,29,Chlorpyrifos,0.0,True,,,0.0026,EU MAC,compliant,indeterminate,unresolved_no_lod,True
C4,29,Clarithromycin,0.0,True,,,0.13,EU MAC,compliant,indeterminate,unresolved_no_lod,True
C4,29,Clothianidin,0.0,True,0.13583585498351416,0.45278618327838055,0.34,EU MAC,compliant,indeterminate,method_insufficient,True
C4,29,Cybutryne,0.0,True,,,0.016,EU MAC,compliant,indeterminate,unresolved_no_lod,True
C4,29,Cypermethrin,0.0,True,,,0.0006000000000000001,EU MAC,compliant,indeterminate,unresolved_no_lod,True
C4,29,Di(2- ethylhexyl)phthalate (DEHP),0.0,True,,,2.0,EU MAC,compliant,indeterminate,unresolved_no_lod,True
C4,29,Dichlorvos,0.0,True,,,0.0007,EU MAC,compliant,indeterminate,unresolved_no_lod,True
C4,29,Diuron,0.6956411286461237,False,,,0.27,EU MAC,exceeding,exceeding,,False
C4,29,Erythromycin,0.0,True,,,1.0,EU MAC,compliant,indeterminate,unresolved_no_lod,True
C4,29,Fluoranthene,0.0,True,,,0.12,EU MAC,compliant,indeterminate,unresolved_no_lod,True
C4,29,Hexachlorobenzene,0.0,True,,,8.0,EU MAC,compliant,indeterminate,unresolved_no_lod,True
C4,29,Imidacloprid,0.0,True,0.6194075722193858,2.0646919073979526,0.057,EU MAC,compliant,indeterminate,method_insufficient,True
C4,29,Isoproturon,0.0,True,,,1.0,EU MAC,compliant,indeterminate,unresolved_no_lod,True
C4,29,Pentachlorobenzene,0.0,True,,,0.007,EU AA,compliant,indeterminate,unresolved_no_lod,True
C4,29,Quinoxyfen,0.0,True,,,2.7,EU MAC,compliant,indeterminate,unresolved_no_lod,True
C4,29,Terbutryn,0.0,True,,,0.34,EU MAC,compliant,indeterminate,unresolved_no_lod,True
C4,29,Thiacloprid,0.0,True,0.08682554171532375,0.28941847238441254,0.05,EU MAC,compliant,indeterminate,method_insufficient,True
C4,29,Triclosan,0.0,True,,,0.02,EU MAC,compliant,indeterminate,unresolved_no_lod,True
C4,29,Trifluralin,0.0,True,,,0.03,EU AA,compliant,indeterminate,unresolved_no_lod,True
C4,30,17-alpha-Estradiol,0.0,True,,,0.00018,EU AA,compliant,indeterminate,unresolved_no_lod,True
C4,30,17-alpha-Ethinylestradiol,0.0,True,,,1.7e-05,EU AA,compliant,indeterminate,unresolved_no_lod,True
C4,30,17-beta-Estradiol,0.0,True,,,0.00018,EU AA,compliant,indeterminate,unresolved_no_lod,True
C4,30,Acetamiprid,0.09619287330982805,False,0.025237601919248082,0.08412533973082695,0.16,EU MAC,compliant,compliant,,False
C4,30,Aclonifen,0.0,True,,,0.12,EU MAC,compliant,indeterminate,unresolved_no_lod,True
C4,30,Anthracene,18.254439204457338,False,,,0.1,EU MAC,exceeding,exceeding,,False
C4,30,Azithromycin,0.0,True,,,0.18,EU MAC,compliant,indeterminate,unresolved_no_lod,True
C4,30,Bifenox,0.0,True,,,0.04,EU MAC,compliant,indeterminate,unresolved_no_lod,True
C4,30,Bisphenol-A,0.0,True,,,130.0,EU MAC,compliant,indeterminate,unresolved_no_lod,True
C4,30,Chlorpyrifos,0.0,True,,,0.0026,EU MAC,compliant,indeterminate,unresolved_no_lod,True
C4,30,Clarithromycin,0.0,True,,,0.13,EU MAC,compliant,indeterminate,unresolved_no_lod,True
C4,30,Clothianidin,0.0,True,0.13583585498351416,0.45278618327838055,0.34,EU MAC,compliant,indeterminate,method_insufficient,True
C4,30,Cybutryne,0.0,True,,,0.016,EU MAC,compliant,indeterminate,unresolved_no_lod,True
C4,30,Cypermethrin,0.0,True,,,0.0006000000000000001,EU MAC,compliant,indeterminate,unresolved_no_lod,True
C4,30,Di(2- ethylhexyl)phthalate (DEHP),0.0,True,,,2.0,EU MAC,compliant,indeterminate,unresolved_no_lod,True
C4,30,Dichlorvos,0.0,True,,,0.0007,EU MAC,compliant,indeterminate,unresolved_no_lod,True
C4,30,Diuron,0.616485685581962,False,,,0.27,EU MAC,exceeding,exceeding,,False
C4,30,Erythromycin,0.0,True,,,1.0,EU MAC,compliant,indeterminate,unresolved_no_lod,True
C4,30,Fluoranthene,0.0,True,,,0.12,EU MAC,compliant,indeterminate,unresolved_no_lod,True
C4,30,Hexachlorobenzene,0.0,True,,,8.0,EU MAC,compliant,indeterminate,unresolved_no_lod,True
C4,30,Imidacloprid,0.0,True,0.6194075722193858,2.0646919073979526,0.057,EU MAC,compliant,indeterminate,method_insufficient,True
C4,30,Isoproturon,0.0,True,,,1.0,EU MAC,compliant,indeterminate,unresolved_no_lod,True
C4,30,Pentachlorobenzene,0.0,True,,,0.007,EU AA,compliant,indeterminate,unresolved_no_lod,True
C4,30,Quinoxyfen,0.0,True,,,2.7,EU MAC,compliant,indeterminate,unresolved_no_lod,True
C4,30,Terbutryn,0.0,True,,,0.34,EU MAC,compliant,indeterminate,unresolved_no_lod,True
C4,30,Thiacloprid,0.0,True,0.08682554171532375,0.28941847238441254,0.05,EU MAC,compliant,indeterminate,method_insufficient,True
C4,30,Triclosan,0.0,True,,,0.02,EU MAC,compliant,indeterminate,unresolved_no_lod,True
C4,30,Trifluralin,0.0,True,,,0.03,EU AA,compliant,indeterminate,unresolved_no_lod,True
C4,31,17-alpha-Estradiol,0.0,True,,,0.00018,EU AA,compliant,indeterminate,unresolved_no_lod,True
C4,31,17-alpha-Ethinylestradiol,0.0,True,,,1.7e-05,EU AA,compliant,indeterminate,unresolved_no_lod,True
C4,31,17-beta-Estradiol,0.0,True,,,0.00018,EU AA,compliant,indeterminate,unresolved_no_lod,True
C4,31,Acetamiprid,0.0,True,0.025237601919248082,0.08412533973082695,0.16,EU MAC,compliant,compliant,,False
C4,31,Aclonifen,0.0,True,,,0.12,EU MAC,compliant,indeterminate,unresolved_no_lod,True
C4,31,Anthracene,0.0,True,,,0.1,EU MAC,compliant,indeterminate,unresolved_no_lod,True
C4,31,Azithromycin,0.0,True,,,0.18,EU MAC,compliant,indeterminate,unresolved_no_lod,True
C4,31,Bifenox,0.0,True,,,0.04,EU MAC,compliant,indeterminate,unresolved_no_lod,True
C4,31,Bisphenol-A,0.0,True,,,130.0,EU MAC,compliant,indeterminate,unresolved_no_lod,True
C4,31,Chlorpyrifos,0.0,True,,,0.0026,EU MAC,compliant,indeterminate,unresolved_no_lod,True
C4,31,Clarithromycin,0.0,True,,,0.13,EU MAC,compliant,indeterminate,unresolved_no_lod,True
C4,31,Clothianidin,0.0,True,0.13583585498351416,0.45278618327838055,0.34,EU MAC,compliant,indeterminate,method_insufficient,True
C4,31,Cybutryne,0.0,True,,,0.016,EU MAC,compliant,indeterminate,unresolved_no_lod,True
C4,31,Cypermethrin,0.0,True,,,0.0006000000000000001,EU MAC,compliant,indeterminate,unresolved_no_lod,True
C4,31,Di(2- ethylhexyl)phthalate (DEHP),0.0,True,,,2.0,EU MAC,compliant,indeterminate,unresolved_no_lod,True
C4,31,Dichlorvos,0.0,True,,,0.0007,EU MAC,compliant,indeterminate,unresolved_no_lod,True
C4,31,Diuron,0.42198344531643184,False,,,0.27,EU MAC,exceeding,exceeding,,False
C4,31,Erythromycin,0.0,True,,,1.0,EU MAC,compliant,indeterminate,unresolved_no_lod,True
C4,31,Fluoranthene,0.0,True,,,0.12,EU MAC,compliant,indeterminate,unresolved_no_lod,True
C4,31,Hexachlorobenzene,0.0,True,,,8.0,EU MAC,compliant,indeterminate,unresolved_no_lod,True
C4,31,Imidacloprid,0.0,True,0.6194075722193858,2.0646919073979526,0.057,EU MAC,compliant,indeterminate,method_insufficient,True
C4,31,Isoproturon,0.0,True,,,1.0,EU MAC,compliant,indeterminate,unresolved_no_lod,True
C4,31,Pentachlorobenzene,0.0,True,,,0.007,EU AA,compliant,indeterminate,unresolved_no_lod,True
C4,31,Quinoxyfen,0.0,True,,,2.7,EU MAC,compliant,indeterminate,unresolved_no_lod,True
C4,31,Terbutryn,0.004462466362969554,False,,,0.34,EU MAC,compliant,compliant,,False
C4,31,Thiacloprid,0.0,True,0.08682554171532375,0.28941847238441254,0.05,EU MAC,compliant,indeterminate,method_insufficient,True
C4,31,Triclosan,0.0,True,,,0.02,EU MAC,compliant,indeterminate,unresolved_no_lod,True
C4,31,Trifluralin,0.0,True,,,0.03,EU AA,compliant,indeterminate,unresolved_no_lod,True
C4,32,17-alpha-Estradiol,0.0,True,,,0.00018,EU AA,compliant,indeterminate,unresolved_no_lod,True
C4,32,17-alpha-Ethinylestradiol,0.0,True,,,1.7e-05,EU AA,compliant,indeterminate,unresolved_no_lod,True
C4,32,17-beta-Estradiol,0.0,True,,,0.00018,EU AA,compliant,indeterminate,unresolved_no_lod,True
C4,32,Acetamiprid,0.0,True,0.025237601919248082,0.08412533973082695,0.16,EU MAC,compliant,compliant,,False
C4,32,Aclonifen,0.0,True,,,0.12,EU MAC,compliant,indeterminate,unresolved_no_lod,True
C4,32,Anthracene,0.0,True,,,0.1,EU MAC,compliant,indeterminate,unresolved_no_lod,True
C4,32,Azithromycin,0.0,True,,,0.18,EU MAC,compliant,indeterminate,unresolved_no_lod,True
C4,32,Bifenox,0.0,True,,,0.04,EU MAC,compliant,indeterminate,unresolved_no_lod,True
C4,32,Bisphenol-A,0.0,True,,,130.0,EU MAC,compliant,indeterminate,unresolved_no_lod,True
C4,32,Chlorpyrifos,0.0,True,,,0.0026,EU MAC,compliant,indeterminate,unresolved_no_lod,True
C4,32,Clarithromycin,0.0,True,,,0.13,EU MAC,compliant,indeterminate,unresolved_no_lod,True
C4,32,Clothianidin,0.0,True,0.13583585498351416,0.45278618327838055,0.34,EU MAC,compliant,indeterminate,method_insufficient,True
C4,32,Cybutryne,0.0,True,,,0.016,EU MAC,compliant,indeterminate,unresolved_no_lod,True
C4,32,Cypermethrin,0.0,True,,,0.0006000000000000001,EU MAC,compliant,indeterminate,unresolved_no_lod,True
C4,32,Di(2- ethylhexyl)phthalate (DEHP),0.0,True,,,2.0,EU MAC,compliant,indeterminate,unresolved_no_lod,True
C4,32,Dichlorvos,0.0,True,,,0.0007,EU MAC,compliant,indeterminate,unresolved_no_lod,True
C4,32,Diuron,0.4280857668399474,False,,,0.27,EU MAC,exceeding,exceeding,,False
C4,32,Erythromycin,0.0,True,,,1.0,EU MAC,compliant,indeterminate,unresolved_no_lod,True
C4,32,Fluoranthene,0.0,True,,,0.12,EU MAC,compliant,indeterminate,unresolved_no_lod,True
C4,32,Hexachlorobenzene,0.0,True,,,8.0,EU MAC,compliant,indeterminate,unresolved_no_lod,True
C4,32,Imidacloprid,0.0,True,0.6194075722193858,2.0646919073979526,0.057,EU MAC,compliant,indeterminate,method_insufficient,True
C4,32,Isoproturon,0.0,True,,,1.0,EU MAC,compliant,indeterminate,unresolved_no_lod,True
C4,32,Pentachlorobenzene,0.0,True,,,0.007,EU AA,compliant,indeterminate,unresolved_no_lod,True
C4,32,Quinoxyfen,0.0,True,,,2.7,EU MAC,compliant,indeterminate,unresolved_no_lod,True
C4,32,Terbutryn,0.0,True,,,0.34,EU MAC,compliant,indeterminate,unresolved_no_lod,True
C4,32,Thiacloprid,0.0,True,0.08682554171532375,0.28941847238441254,0.05,EU MAC,compliant,indeterminate,method_insufficient,True
C4,32,Triclosan,0.0,True,,,0.02,EU MAC,compliant,indeterminate,unresolved_no_lod,True
C4,32,Trifluralin,0.0,True,,,0.03,EU AA,compliant,indeterminate,unresolved_no_lod,True
C4,33,17-alpha-Estradiol,0.0,True,,,0.00018,EU AA,compliant,indeterminate,unresolved_no_lod,True
C4,33,17-alpha-Ethinylestradiol,0.0,True,,,1.7e-05,EU AA,compliant,indeterminate,unresolved_no_lod,True
C4,33,17-beta-Estradiol,0.0,True,,,0.00018,EU AA,compliant,indeterminate,unresolved_no_lod,True
C4,33,Acetamiprid,0.049910336293008326,False,0.025237601919248082,0.08412533973082695,0.16,EU MAC,compliant,compliant,,False
C4,33,Aclonifen,0.0,True,,,0.12,EU MAC,compliant,indeterminate,unresolved_no_lod,True
C4,33,Anthracene,0.0,True,,,0.1,EU MAC,compliant,indeterminate,unresolved_no_lod,True
C4,33,Azithromycin,0.0,True,,,0.18,EU MAC,compliant,indeterminate,unresolved_no_lod,True
C4,33,Bifenox,0.0,True,,,0.04,EU MAC,compliant,indeterminate,unresolved_no_lod,True
C4,33,Bisphenol-A,0.0,True,,,130.0,EU MAC,compliant,indeterminate,unresolved_no_lod,True
C4,33,Chlorpyrifos,0.0,True,,,0.0026,EU MAC,compliant,indeterminate,unresolved_no_lod,True
C4,33,Clarithromycin,0.0,True,,,0.13,EU MAC,compliant,indeterminate,unresolved_no_lod,True
C4,33,Clothianidin,0.0,True,0.13583585498351416,0.45278618327838055,0.34,EU MAC,compliant,indeterminate,method_insufficient,True
C4,33,Cybutryne,0.0,True,,,0.016,EU MAC,compliant,indeterminate,unresolved_no_lod,True
C4,33,Cypermethrin,0.0,True,,,0.0006000000000000001,EU MAC,compliant,indeterminate,unresolved_no_lod,True
C4,33,Di(2- ethylhexyl)phthalate (DEHP),0.0,True,,,2.0,EU MAC,compliant,indeterminate,unresolved_no_lod,True
C4,33,Dichlorvos,0.0,True,,,0.0007,EU MAC,compliant,indeterminate,unresolved_no_lod,True
C4,33,Diuron,0.48011835456771795,False,,,0.27,EU MAC,exceeding,exceeding,,False
C4,33,Erythromycin,0.0,True,,,1.0,EU MAC,compliant,indeterminate,unresolved_no_lod,True
C4,33,Fluoranthene,0.0,True,,,0.12,EU MAC,compliant,indeterminate,unresolved_no_lod,True
C4,33,Hexachlorobenzene,0.0,True,,,8.0,EU MAC,compliant,indeterminate,unresolved_no_lod,True
C4,33,Imidacloprid,0.0,True,0.6194075722193858,2.0646919073979526,0.057,EU MAC,compliant,indeterminate,method_insufficient,True
C4,33,Isoproturon,0.0,True,,,1.0,EU MAC,compliant,indeterminate,unresolved_no_lod,True
C4,33,Pentachlorobenzene,0.0,True,,,0.007,EU AA,compliant,indeterminate,unresolved_no_lod,True
C4,33,Quinoxyfen,0.0,True,,,2.7,EU MAC,compliant,indeterminate,unresolved_no_lod,True
C4,33,Terbutryn,0.0,True,,,0.34,EU MAC,compliant,indeterminate,unresolved_no_lod,True
C4,33,Thiacloprid,0.0,True,0.08682554171532375,0.28941847238441254,0.05,EU MAC,compliant,indeterminate,method_insufficient,True
C4,33,Triclosan,0.0,True,,,0.02,EU MAC,compliant,indeterminate,unresolved_no_lod,True
C4,33,Trifluralin,0.0,True,,,0.03,EU AA,compliant,indeterminate,unresolved_no_lod,True
C4,34,17-alpha-Estradiol,0.0,True,,,0.00018,EU AA,compliant,indeterminate,unresolved_no_lod,True
C4,34,17-alpha-Ethinylestradiol,0.0,True,,,1.7e-05,EU AA,compliant,indeterminate,unresolved_no_lod,True
C4,34,17-beta-Estradiol,0.0,True,,,0.00018,EU AA,compliant,indeterminate,unresolved_no_lod,True
C4,34,Acetamiprid,0.055471966476279326,False,0.025237601919248082,0.08412533973082695,0.16,EU MAC,compliant,compliant,,False
C4,34,Aclonifen,0.0,True,,,0.12,EU MAC,compliant,indeterminate,unresolved_no_lod,True
C4,34,Anthracene,15.30550995488189,False,,,0.1,EU MAC,exceeding,exceeding,,False
C4,34,Azithromycin,0.0,True,,,0.18,EU MAC,compliant,indeterminate,unresolved_no_lod,True
C4,34,Bifenox,0.0,True,,,0.04,EU MAC,compliant,indeterminate,unresolved_no_lod,True
C4,34,Bisphenol-A,0.0,True,,,130.0,EU MAC,compliant,indeterminate,unresolved_no_lod,True
C4,34,Chlorpyrifos,0.0,True,,,0.0026,EU MAC,compliant,indeterminate,unresolved_no_lod,True
C4,34,Clarithromycin,0.0,True,,,0.13,EU MAC,compliant,indeterminate,unresolved_no_lod,True
C4,34,Clothianidin,0.0,True,0.13583585498351416,0.45278618327838055,0.34,EU MAC,compliant,indeterminate,method_insufficient,True
C4,34,Cybutryne,0.0,True,,,0.016,EU MAC,compliant,indeterminate,unresolved_no_lod,True
C4,34,Cypermethrin,0.0,True,,,0.0006000000000000001,EU MAC,compliant,indeterminate,unresolved_no_lod,True
C4,34,Di(2- ethylhexyl)phthalate (DEHP),0.0,True,,,2.0,EU MAC,compliant,indeterminate,unresolved_no_lod,True
C4,34,Dichlorvos,0.0,True,,,0.0007,EU MAC,compliant,indeterminate,unresolved_no_lod,True
C4,34,Diuron,0.40617933154319275,False,,,0.27,EU MAC,exceeding,exceeding,,False
C4,34,Erythromycin,0.0,True,,,1.0,EU MAC,compliant,indeterminate,unresolved_no_lod,True
C4,34,Fluoranthene,0.0,True,,,0.12,EU MAC,compliant,indeterminate,unresolved_no_lod,True
C4,34,Hexachlorobenzene,0.0,True,,,8.0,EU MAC,compliant,indeterminate,unresolved_no_lod,True
C4,34,Imidacloprid,0.0,True,0.6194075722193858,2.0646919073979526,0.057,EU MAC,compliant,indeterminate,method_insufficient,True
C4,34,Isoproturon,0.0,True,,,1.0,EU MAC,compliant,indeterminate,unresolved_no_lod,True
C4,34,Pentachlorobenzene,0.0,True,,,0.007,EU AA,compliant,indeterminate,unresolved_no_lod,True
C4,34,Quinoxyfen,0.0,True,,,2.7,EU MAC,compliant,indeterminate,unresolved_no_lod,True
C4,34,Terbutryn,0.0,True,,,0.34,EU MAC,compliant,indeterminate,unresolved_no_lod,True
C4,34,Thiacloprid,0.0,True,0.08682554171532375,0.28941847238441254,0.05,EU MAC,compliant,indeterminate,method_insufficient,True
C4,34,Triclosan,0.0,True,,,0.02,EU MAC,compliant,indeterminate,unresolved_no_lod,True
C4,34,Trifluralin,0.0,True,,,0.03,EU AA,compliant,indeterminate,unresolved_no_lod,True
C4,35,17-alpha-Estradiol,0.0,True,,,0.00018,EU AA,compliant,indeterminate,unresolved_no_lod,True
C4,35,17-alpha-Ethinylestradiol,0.0,True,,,1.7e-05,EU AA,compliant,indeterminate,unresolved_no_lod,True
C4,35,17-beta-Estradiol,0.0,True,,,0.00018,EU AA,compliant,indeterminate,unresolved_no_lod,True
C4,35,Acetamiprid,0.0,True,0.025237601919248082,0.08412533973082695,0.16,EU MAC,compliant,compliant,,False
C4,35,Aclonifen,0.0,True,,,0.12,EU MAC,compliant,indeterminate,unresolved_no_lod,True
C4,35,Anthracene,0.0,True,,,0.1,EU MAC,compliant,indeterminate,unresolved_no_lod,True
C4,35,Azithromycin,0.0,True,,,0.18,EU MAC,compliant,indeterminate,unresolved_no_lod,True
C4,35,Bifenox,0.0,True,,,0.04,EU MAC,compliant,indeterminate,unresolved_no_lod,True
C4,35,Bisphenol-A,0.0,True,,,130.0,EU MAC,compliant,indeterminate,unresolved_no_lod,True
C4,35,Chlorpyrifos,0.0,True,,,0.0026,EU MAC,compliant,indeterminate,unresolved_no_lod,True
C4,35,Clarithromycin,0.0,True,,,0.13,EU MAC,compliant,indeterminate,unresolved_no_lod,True
C4,35,Clothianidin,0.0,True,0.13583585498351416,0.45278618327838055,0.34,EU MAC,compliant,indeterminate,method_insufficient,True
C4,35,Cybutryne,0.0,True,,,0.016,EU MAC,compliant,indeterminate,unresolved_no_lod,True
C4,35,Cypermethrin,0.0,True,,,0.0006000000000000001,EU MAC,compliant,indeterminate,unresolved_no_lod,True
C4,35,Di(2- ethylhexyl)phthalate (DEHP),0.0,True,,,2.0,EU MAC,compliant,indeterminate,unresolved_no_lod,True
C4,35,Dichlorvos,0.0,True,,,0.0007,EU MAC,compliant,indeterminate,unresolved_no_lod,True
C4,35,Diuron,0.412693094325146,False,,,0.27,EU MAC,exceeding,exceeding,,False
C4,35,Erythromycin,0.0,True,,,1.0,EU MAC,compliant,indeterminate,unresolved_no_lod,True
C4,35,Fluoranthene,0.0,True,,,0.12,EU MAC,compliant,indeterminate,unresolved_no_lod,True
C4,35,Hexachlorobenzene,0.0,True,,,8.0,EU MAC,compliant,indeterminate,unresolved_no_lod,True
C4,35,Imidacloprid,0.0,True,0.6194075722193858,2.0646919073979526,0.057,EU MAC,compliant,indeterminate,method_insufficient,True
C4,35,Isoproturon,0.0,True,,,1.0,EU MAC,compliant,indeterminate,unresolved_no_lod,True
C4,35,Pentachlorobenzene,0.0,True,,,0.007,EU AA,compliant,indeterminate,unresolved_no_lod,True
C4,35,Quinoxyfen,0.0,True,,,2.7,EU MAC,compliant,indeterminate,unresolved_no_lod,True
C4,35,Terbutryn,0.0,True,,,0.34,EU MAC,compliant,indeterminate,unresolved_no_lod,True
C4,35,Thiacloprid,0.0,True,0.08682554171532375,0.28941847238441254,0.05,EU MAC,compliant,indeterminate,method_insufficient,True
C4,35,Triclosan,0.0,True,,,0.02,EU MAC,compliant,indeterminate,unresolved_no_lod,True
C4,35,Trifluralin,0.0,True,,,0.03,EU AA,compliant,indeterminate,unresolved_no_lod,True
C4,36,17-alpha-Estradiol,0.0,True,,,0.00018,EU AA,compliant,indeterminate,unresolved_no_lod,True
C4,36,17-alpha-Ethinylestradiol,0.0,True,,,1.7e-05,EU AA,compliant,indeterminate,unresolved_no_lod,True
C4,36,17-beta-Estradiol,0.0,True,,,0.00018,EU AA,compliant,indeterminate,unresolved_no_lod,True
C4,36,Acetamiprid,0.0,True,0.025237601919248082,0.08412533973082695,0.16,EU MAC,compliant,compliant,,False
C4,36,Aclonifen,0.0,True,,,0.12,EU MAC,compliant,indeterminate,unresolved_no_lod,True
C4,36,Anthracene,0.0,True,,,0.1,EU MAC,compliant,indeterminate,unresolved_no_lod,True
C4,36,Azithromycin,0.0,True,,,0.18,EU MAC,compliant,indeterminate,unresolved_no_lod,True
C4,36,Bifenox,0.0,True,,,0.04,EU MAC,compliant,indeterminate,unresolved_no_lod,True
C4,36,Bisphenol-A,0.0,True,,,130.0,EU MAC,compliant,indeterminate,unresolved_no_lod,True
C4,36,Chlorpyrifos,0.0,True,,,0.0026,EU MAC,compliant,indeterminate,unresolved_no_lod,True
C4,36,Clarithromycin,0.0,True,,,0.13,EU MAC,compliant,indeterminate,unresolved_no_lod,True
C4,36,Clothianidin,0.0,True,0.13583585498351416,0.45278618327838055,0.34,EU MAC,compliant,indeterminate,method_insufficient,True
C4,36,Cybutryne,0.0,True,,,0.016,EU MAC,compliant,indeterminate,unresolved_no_lod,True
C4,36,Cypermethrin,0.0,True,,,0.0006000000000000001,EU MAC,compliant,indeterminate,unresolved_no_lod,True
C4,36,Di(2- ethylhexyl)phthalate (DEHP),4.110092633997614,False,,,2.0,EU MAC,exceeding,exceeding,,False
C4,36,Dichlorvos,0.0,True,,,0.0007,EU MAC,compliant,indeterminate,unresolved_no_lod,True
C4,36,Diuron,0.32530418490885765,False,,,0.27,EU MAC,exceeding,exceeding,,False
C4,36,Erythromycin,0.0,True,,,1.0,EU MAC,compliant,indeterminate,unresolved_no_lod,True
C4,36,Fluoranthene,0.0,True,,,0.12,EU MAC,compliant,indeterminate,unresolved_no_lod,True
C4,36,Hexachlorobenzene,0.0,True,,,8.0,EU MAC,compliant,indeterminate,unresolved_no_lod,True
C4,36,Imidacloprid,0.0,True,0.6194075722193858,2.0646919073979526,0.057,EU MAC,compliant,indeterminate,method_insufficient,True
C4,36,Isoproturon,0.0,True,,,1.0,EU MAC,compliant,indeterminate,unresolved_no_lod,True
C4,36,Pentachlorobenzene,0.0,True,,,0.007,EU AA,compliant,indeterminate,unresolved_no_lod,True
C4,36,Quinoxyfen,0.0,True,,,2.7,EU MAC,compliant,indeterminate,unresolved_no_lod,True
C4,36,Terbutryn,0.0,True,,,0.34,EU MAC,compliant,indeterminate,unresolved_no_lod,True
C4,36,Thiacloprid,0.0,True,0.08682554171532375,0.28941847238441254,0.05,EU MAC,compliant,indeterminate,method_insufficient,True
C4,36,Triclosan,0.0,True,,,0.02,EU MAC,compliant,indeterminate,unresolved_no_lod,True
C4,36,Trifluralin,0.038523427521998825,False,,,0.03,EU AA,exceeding,exceeding,,False
C4,37,17-alpha-Estradiol,0.0,True,,,0.00018,EU AA,compliant,indeterminate,unresolved_no_lod,True
C4,37,17-alpha-Ethinylestradiol,0.0,True,,,1.7e-05,EU AA,compliant,indeterminate,unresolved_no_lod,True
C4,37,17-beta-Estradiol,0.0,True,,,0.00018,EU AA,compliant,indeterminate,unresolved_no_lod,True
C4,37,Acetamiprid,0.06614076798148505,False,0.025237601919248082,0.08412533973082695,0.16,EU MAC,compliant,compliant,,False
C4,37,Aclonifen,0.0,True,,,0.12,EU MAC,compliant,indeterminate,unresolved_no_lod,True
C4,37,Anthracene,0.0,True,,,0.1,EU MAC,compliant,indeterminate,unresolved_no_lod,True
C4,37,Azithromycin,0.0,True,,,0.18,EU MAC,compliant,indeterminate,unresolved_no_lod,True
C4,37,Bifenox,0.0,True,,,0.04,EU MAC,compliant,indeterminate,unresolved_no_lod,True
C4,37,Bisphenol-A,0.0,True,,,130.0,EU MAC,compliant,indeterminate,unresolved_no_lod,True
C4,37,Chlorpyrifos,0.0,True,,,0.0026,EU MAC,compliant,indeterminate,unresolved_no_lod,True
C4,37,Clarithromycin,0.0,True,,,0.13,EU MAC,compliant,indeterminate,unresolved_no_lod,True
C4,37,Clothianidin,0.0,True,0.13583585498351416,0.45278618327838055,0.34,EU MAC,compliant,indeterminate,method_insufficient,True
C4,37,Cybutryne,0.0,True,,,0.016,EU MAC,compliant,indeterminate,unresolved_no_lod,True
C4,37,Cypermethrin,0.0,True,,,0.0006000000000000001,EU MAC,compliant,indeterminate,unresolved_no_lod,True
C4,37,Di(2- ethylhexyl)phthalate (DEHP),0.0,True,,,2.0,EU MAC,compliant,indeterminate,unresolved_no_lod,True
C4,37,Dichlorvos,0.0,True,,,0.0007,EU MAC,compliant,indeterminate,unresolved_no_lod,True
C4,37,Diuron,0.513410926738127,False,,,0.27,EU MAC,exceeding,exceeding,,False
C4,37,Erythromycin,0.0,True,,,1.0,EU MAC,compliant,indeterminate,unresolved_no_lod,True
C4,37,Fluoranthene,0.0,True,,,0.12,EU MAC,compliant,indeterminate,unresolved_no_lod,True
C4,37,Hexachlorobenzene,0.0,True,,,8.0,EU MAC,compliant,indeterminate,unresolved_no_lod,True
C4,37,Imidacloprid,0.0,True,0.6194075722193858,2.0646919073979526,0.057,EU MAC,compliant,indeterminate,method_insufficient,True
C4,37,Isoproturon,0.0,True,,,1.0,EU MAC,compliant,indeterminate,unresolved_no_lod,True
C4,37,Pentachlorobenzene,0.0,True,,,0.007,EU AA,compliant,indeterminate,unresolved_no_lod,True
C4,37,Quinoxyfen,0.0,True,,,2.7,EU MAC,compliant,indeterminate,unresolved_no_lod,True
C4,37,Terbutryn,0.0,True,,,0.34,EU MAC,compliant,indeterminate,unresolved_no_lod,True
C4,37,Thiacloprid,0.0,True,0.08682554171532375,0.28941847238441254,0.05,EU MAC,compliant,indeterminate,method_insufficient,True
C4,37,Triclosan,0.0,True,,,0.02,EU MAC,compliant,indeterminate,unresolved_no_lod,True
C4,37,Trifluralin,0.2827625213890514,False,,,0.03,EU AA,exceeding,exceeding,,False
C4,38,17-alpha-Estradiol,0.0,True,,,0.00018,EU AA,compliant,indeterminate,unresolved_no_lod,True
C4,38,17-alpha-Ethinylestradiol,0.0,True,,,1.7e-05,EU AA,compliant,indeterminate,unresolved_no_lod,True
C4,38,17-beta-Estradiol,0.0,True,,,0.00018,EU AA,compliant,indeterminate,unresolved_no_lod,True
C4,38,Acetamiprid,0.0,True,0.025237601919248082,0.08412533973082695,0.16,EU MAC,compliant,compliant,,False
C4,38,Aclonifen,0.0,True,,,0.12,EU MAC,compliant,indeterminate,unresolved_no_lod,True
C4,38,Anthracene,0.0,True,,,0.1,EU MAC,compliant,indeterminate,unresolved_no_lod,True
C4,38,Azithromycin,0.0,True,,,0.18,EU MAC,compliant,indeterminate,unresolved_no_lod,True
C4,38,Bifenox,0.0,True,,,0.04,EU MAC,compliant,indeterminate,unresolved_no_lod,True
C4,38,Bisphenol-A,0.0,True,,,130.0,EU MAC,compliant,indeterminate,unresolved_no_lod,True
C4,38,Chlorpyrifos,0.0,True,,,0.0026,EU MAC,compliant,indeterminate,unresolved_no_lod,True
C4,38,Clarithromycin,0.0,True,,,0.13,EU MAC,compliant,indeterminate,unresolved_no_lod,True
C4,38,Clothianidin,0.0,True,0.13583585498351416,0.45278618327838055,0.34,EU MAC,compliant,indeterminate,method_insufficient,True
C4,38,Cybutryne,0.0,True,,,0.016,EU MAC,compliant,indeterminate,unresolved_no_lod,True
C4,38,Cypermethrin,0.0,True,,,0.0006000000000000001,EU MAC,compliant,indeterminate,unresolved_no_lod,True
C4,38,Di(2- ethylhexyl)phthalate (DEHP),0.0,True,,,2.0,EU MAC,compliant,indeterminate,unresolved_no_lod,True
C4,38,Dichlorvos,0.0,True,,,0.0007,EU MAC,compliant,indeterminate,unresolved_no_lod,True
C4,38,Diuron,0.4107181332630841,False,,,0.27,EU MAC,exceeding,exceeding,,False
C4,38,Erythromycin,0.0,True,,,1.0,EU MAC,compliant,indeterminate,unresolved_no_lod,True
C4,38,Fluoranthene,0.0,True,,,0.12,EU MAC,compliant,indeterminate,unresolved_no_lod,True
C4,38,Hexachlorobenzene,0.0,True,,,8.0,EU MAC,compliant,indeterminate,unresolved_no_lod,True
C4,38,Imidacloprid,0.0,True,0.6194075722193858,2.0646919073979526,0.057,EU MAC,compliant,indeterminate,method_insufficient,True
C4,38,Isoproturon,0.0,True,,,1.0,EU MAC,compliant,indeterminate,unresolved_no_lod,True
C4,38,Pentachlorobenzene,0.0,True,,,0.007,EU AA,compliant,indeterminate,unresolved_no_lod,True
C4,38,Quinoxyfen,0.0,True,,,2.7,EU MAC,compliant,indeterminate,unresolved_no_lod,True
C4,38,Terbutryn,0.0,True,,,0.34,EU MAC,compliant,indeterminate,unresolved_no_lod,True
C4,38,Thiacloprid,0.0,True,0.08682554171532375,0.28941847238441254,0.05,EU MAC,compliant,indeterminate,method_insufficient,True
C4,38,Triclosan,0.0,True,,,0.02,EU MAC,compliant,indeterminate,unresolved_no_lod,True
C4,38,Trifluralin,0.0,True,,,0.03,EU AA,compliant,indeterminate,unresolved_no_lod,True
C4,39,17-alpha-Estradiol,0.0,True,,,0.00018,EU AA,compliant,indeterminate,unresolved_no_lod,True
C4,39,17-alpha-Ethinylestradiol,0.0,True,,,1.7e-05,EU AA,compliant,indeterminate,unresolved_no_lod,True
C4,39,17-beta-Estradiol,0.0,True,,,0.00018,EU AA,compliant,indeterminate,unresolved_no_lod,True
C4,39,Acetamiprid,0.0,True,0.025237601919248082,0.08412533973082695,0.16,EU MAC,compliant,compliant,,False
C4,39,Aclonifen,0.0,True,,,0.12,EU MAC,compliant,indeterminate,unresolved_no_lod,True
C4,39,Anthracene,0.0,True,,,0.1,EU MAC,compliant,indeterminate,unresolved_no_lod,True
C4,39,Azithromycin,0.0,True,,,0.18,EU MAC,compliant,indeterminate,unresolved_no_lod,True
C4,39,Bifenox,0.0,True,,,0.04,EU MAC,compliant,indeterminate,unresolved_no_lod,True
C4,39,Bisphenol-A,0.0,True,,,130.0,EU MAC,compliant,indeterminate,unresolved_no_lod,True
C4,39,Chlorpyrifos,0.0,True,,,0.0026,EU MAC,compliant,indeterminate,unresolved_no_lod,True
C4,39,Clarithromycin,0.0,True,,,0.13,EU MAC,compliant,indeterminate,unresolved_no_lod,True
C4,39,Clothianidin,0.0,True,0.13583585498351416,0.45278618327838055,0.34,EU MAC,compliant,indeterminate,method_insufficient,True
C4,39,Cybutryne,0.003988718474904418,False,,,0.016,EU MAC,compliant,compliant,,False
C4,39,Cypermethrin,0.0,True,,,0.0006000000000000001,EU MAC,compliant,indeterminate,unresolved_no_lod,True
C4,39,Di(2- ethylhexyl)phthalate (DEHP),0.0,True,,,2.0,EU MAC,compliant,indeterminate,unresolved_no_lod,True
C4,39,Dichlorvos,0.0,True,,,0.0007,EU MAC,compliant,indeterminate,unresolved_no_lod,True
C4,39,Diuron,0.41761063320194264,False,,,0.27,EU MAC,exceeding,exceeding,,False
C4,39,Erythromycin,0.0,True,,,1.0,EU MAC,compliant,indeterminate,unresolved_no_lod,True
C4,39,Fluoranthene,0.0,True,,,0.12,EU MAC,compliant,indeterminate,unresolved_no_lod,True
C4,39,Hexachlorobenzene,0.0,True,,,8.0,EU MAC,compliant,indeterminate,unresolved_no_lod,True
C4,39,Imidacloprid,0.0,True,0.6194075722193858,2.0646919073979526,0.057,EU MAC,compliant,indeterminate,method_insufficient,True
C4,39,Isoproturon,0.0,True,,,1.0,EU MAC,compliant,indeterminate,unresolved_no_lod,True
C4,39,Pentachlorobenzene,0.0,True,,,0.007,EU AA,compliant,indeterminate,unresolved_no_lod,True
C4,39,Quinoxyfen,0.0,True,,,2.7,EU MAC,compliant,indeterminate,unresolved_no_lod,True
C4,39,Terbutryn,0.0,True,,,0.34,EU MAC,compliant,indeterminate,unresolved_no_lod,True
C4,39,Thiacloprid,0.0,True,0.08682554171532375,0.28941847238441254,0.05,EU MAC,compliant,indeterminate,method_insufficient,True
C4,39,Triclosan,0.0,True,,,0.02,EU MAC,compliant,indeterminate,unresolved_no_lod,True
C4,39,Trifluralin,0.0,True,,,0.03,EU AA,compliant,indeterminate,unresolved_no_lod,True
C4,40,17-alpha-Estradiol,0.0,True,,,0.00018,EU AA,compliant,indeterminate,unresolved_no_lod,True
C4,40,17-alpha-Ethinylestradiol,0.0,True,,,1.7e-05,EU AA,compliant,indeterminate,unresolved_no_lod,True
C4,40,17-beta-Estradiol,0.0,True,,,0.00018,EU AA,compliant,indeterminate,unresolved_no_lod,True
C4,40,Acetamiprid,0.037885282848407566,False,0.025237601919248082,0.08412533973082695,0.16,EU MAC,compliant,compliant,,False
C4,40,Aclonifen,0.0,True,,,0.12,EU MAC,compliant,indeterminate,unresolved_no_lod,True
C4,40,Anthracene,0.0,True,,,0.1,EU MAC,compliant,indeterminate,unresolved_no_lod,True
C4,40,Azithromycin,0.0,True,,,0.18,EU MAC,compliant,indeterminate,unresolved_no_lod,True
C4,40,Bifenox,0.0,True,,,0.04,EU MAC,compliant,indeterminate,unresolved_no_lod,True
C4,40,Bisphenol-A,0.0,True,,,130.0,EU MAC,compliant,indeterminate,unresolved_no_lod,True
C4,40,Chlorpyrifos,0.0,True,,,0.0026,EU MAC,compliant,indeterminate,unresolved_no_lod,True
C4,40,Clarithromycin,0.0,True,,,0.13,EU MAC,compliant,indeterminate,unresolved_no_lod,True
C4,40,Clothianidin,0.0,True,0.13583585498351416,0.45278618327838055,0.34,EU MAC,compliant,indeterminate,method_insufficient,True
C4,40,Cybutryne,0.0,True,,,0.016,EU MAC,compliant,indeterminate,unresolved_no_lod,True
C4,40,Cypermethrin,0.0,True,,,0.0006000000000000001,EU MAC,compliant,indeterminate,unresolved_no_lod,True
C4,40,Di(2- ethylhexyl)phthalate (DEHP),0.0,True,,,2.0,EU MAC,compliant,indeterminate,unresolved_no_lod,True
C4,40,Dichlorvos,0.0,True,,,0.0007,EU MAC,compliant,indeterminate,unresolved_no_lod,True
C4,40,Diuron,0.31977755230513316,False,,,0.27,EU MAC,exceeding,exceeding,,False
C4,40,Erythromycin,0.0,True,,,1.0,EU MAC,compliant,indeterminate,unresolved_no_lod,True
C4,40,Fluoranthene,0.0,True,,,0.12,EU MAC,compliant,indeterminate,unresolved_no_lod,True
C4,40,Hexachlorobenzene,0.0,True,,,8.0,EU MAC,compliant,indeterminate,unresolved_no_lod,True
C4,40,Imidacloprid,0.0,True,0.6194075722193858,2.0646919073979526,0.057,EU MAC,compliant,indeterminate,method_insufficient,True
C4,40,Isoproturon,0.0,True,,,1.0,EU MAC,compliant,indeterminate,unresolved_no_lod,True
C4,40,Pentachlorobenzene,0.0,True,,,0.007,EU AA,compliant,indeterminate,unresolved_no_lod,True
C4,40,Quinoxyfen,0.0,True,,,2.7,EU MAC,compliant,indeterminate,unresolved_no_lod,True
C4,40,Terbutryn,0.0,True,,,0.34,EU MAC,compliant,indeterminate,unresolved_no_lod,True
C4,40,Thiacloprid,0.0,True,0.08682554171532375,0.28941847238441254,0.05,EU MAC,compliant,indeterminate,method_insufficient,True
C4,40,Triclosan,0.0,True,,,0.02,EU MAC,compliant,indeterminate,unresolved_no_lod,True
C4,40,Trifluralin,0.0,True,,,0.03,EU AA,compliant,indeterminate,unresolved_no_lod,True
C4,41,17-alpha-Estradiol,0.0,True,,,0.00018,EU AA,compliant,indeterminate,unresolved_no_lod,True
C4,41,17-alpha-Ethinylestradiol,0.0,True,,,1.7e-05,EU AA,compliant,indeterminate,unresolved_no_lod,True
C4,41,17-beta-Estradiol,0.0,True,,,0.00018,EU AA,compliant,indeterminate,unresolved_no_lod,True
C4,41,Acetamiprid,0.0,True,0.025237601919248082,0.08412533973082695,0.16,EU MAC,compliant,compliant,,False
C4,41,Aclonifen,0.0,True,,,0.12,EU MAC,compliant,indeterminate,unresolved_no_lod,True
C4,41,Anthracene,0.0,True,,,0.1,EU MAC,compliant,indeterminate,unresolved_no_lod,True
C4,41,Azithromycin,0.0,True,,,0.18,EU MAC,compliant,indeterminate,unresolved_no_lod,True
C4,41,Bifenox,0.0,True,,,0.04,EU MAC,compliant,indeterminate,unresolved_no_lod,True
C4,41,Bisphenol-A,0.0,True,,,130.0,EU MAC,compliant,indeterminate,unresolved_no_lod,True
C4,41,Chlorpyrifos,0.0,True,,,0.0026,EU MAC,compliant,indeterminate,unresolved_no_lod,True
C4,41,Clarithromycin,0.0,True,,,0.13,EU MAC,compliant,indeterminate,unresolved_no_lod,True
C4,41,Clothianidin,0.0,True,0.13583585498351416,0.45278618327838055,0.34,EU MAC,compliant,indeterminate,method_insufficient,True
C4,41,Cybutryne,0.0,True,,,0.016,EU MAC,compliant,indeterminate,unresolved_no_lod,True
C4,41,Cypermethrin,0.0,True,,,0.0006000000000000001,EU MAC,compliant,indeterminate,unresolved_no_lod,True
C4,41,Di(2- ethylhexyl)phthalate (DEHP),0.0,True,,,2.0,EU MAC,compliant,indeterminate,unresolved_no_lod,True
C4,41,Dichlorvos,0.0,True,,,0.0007,EU MAC,compliant,indeterminate,unresolved_no_lod,True
C4,41,Diuron,0.0,True,,,0.27,EU MAC,compliant,indeterminate,unresolved_no_lod,True
C4,41,Erythromycin,0.0,True,,,1.0,EU MAC,compliant,indeterminate,unresolved_no_lod,True
C4,41,Fluoranthene,0.0,True,,,0.12,EU MAC,compliant,indeterminate,unresolved_no_lod,True
C4,41,Hexachlorobenzene,0.0,True,,,8.0,EU MAC,compliant,indeterminate,unresolved_no_lod,True
C4,41,Imidacloprid,0.0,True,0.6194075722193858,2.0646919073979526,0.057,EU MAC,compliant,indeterminate,method_insufficient,True
C4,41,Isoproturon,0.0,True,,,1.0,EU MAC,compliant,indeterminate,unresolved_no_lod,True
C4,41,Pentachlorobenzene,0.0,True,,,0.007,EU AA,compliant,indeterminate,unresolved_no_lod,True
C4,41,Quinoxyfen,0.0,True,,,2.7,EU MAC,compliant,indeterminate,unresolved_no_lod,True
C4,41,Terbutryn,0.0,True,,,0.34,EU MAC,compliant,indeterminate,unresolved_no_lod,True
C4,41,Thiacloprid,0.0,True,0.08682554171532375,0.28941847238441254,0.05,EU MAC,compliant,indeterminate,method_insufficient,True
C4,41,Triclosan,0.0,True,,,0.02,EU MAC,compliant,indeterminate,unresolved_no_lod,True
C4,41,Trifluralin,0.0,True,,,0.03,EU AA,compliant,indeterminate,unresolved_no_lod,True
C4,42,17-alpha-Estradiol,0.0,True,,,0.00018,EU AA,compliant,indeterminate,unresolved_no_lod,True
C4,42,17-alpha-Ethinylestradiol,0.0,True,,,1.7e-05,EU AA,compliant,indeterminate,unresolved_no_lod,True
C4,42,17-beta-Estradiol,0.0,True,,,0.00018,EU AA,compliant,indeterminate,unresolved_no_lod,True
C4,42,Acetamiprid,0.0,True,0.025237601919248082,0.08412533973082695,0.16,EU MAC,compliant,compliant,,False
C4,42,Aclonifen,0.0,True,,,0.12,EU MAC,compliant,indeterminate,unresolved_no_lod,True
C4,42,Anthracene,46.46741713699118,False,,,0.1,EU MAC,exceeding,exceeding,,False
C4,42,Azithromycin,0.0,True,,,0.18,EU MAC,compliant,indeterminate,unresolved_no_lod,True
C4,42,Bifenox,0.0,True,,,0.04,EU MAC,compliant,indeterminate,unresolved_no_lod,True
C4,42,Bisphenol-A,0.0,True,,,130.0,EU MAC,compliant,indeterminate,unresolved_no_lod,True
C4,42,Chlorpyrifos,0.0,True,,,0.0026,EU MAC,compliant,indeterminate,unresolved_no_lod,True
C4,42,Clarithromycin,0.0,True,,,0.13,EU MAC,compliant,indeterminate,unresolved_no_lod,True
C4,42,Clothianidin,0.0,True,0.13583585498351416,0.45278618327838055,0.34,EU MAC,compliant,indeterminate,method_insufficient,True
C4,42,Cybutryne,0.0,True,,,0.016,EU MAC,compliant,indeterminate,unresolved_no_lod,True
C4,42,Cypermethrin,0.0,True,,,0.0006000000000000001,EU MAC,compliant,indeterminate,unresolved_no_lod,True
C4,42,Di(2- ethylhexyl)phthalate (DEHP),0.0,True,,,2.0,EU MAC,compliant,indeterminate,unresolved_no_lod,True
C4,42,Dichlorvos,0.0,True,,,0.0007,EU MAC,compliant,indeterminate,unresolved_no_lod,True
C4,42,Diuron,0.7453162512375711,False,,,0.27,EU MAC,exceeding,exceeding,,False
C4,42,Erythromycin,0.0,True,,,1.0,EU MAC,compliant,indeterminate,unresolved_no_lod,True
C4,42,Fluoranthene,0.8845793582373843,False,,,0.12,EU MAC,exceeding,exceeding,,False
C4,42,Hexachlorobenzene,0.0,True,,,8.0,EU MAC,compliant,indeterminate,unresolved_no_lod,True
C4,42,Imidacloprid,0.0,True,0.6194075722193858,2.0646919073979526,0.057,EU MAC,compliant,indeterminate,method_insufficient,True
C4,42,Isoproturon,0.0,True,,,1.0,EU MAC,compliant,indeterminate,unresolved_no_lod,True
C4,42,Pentachlorobenzene,0.0,True,,,0.007,EU AA,compliant,indeterminate,unresolved_no_lod,True
C4,42,Quinoxyfen,0.0,True,,,2.7,EU MAC,compliant,indeterminate,unresolved_no_lod,True
C4,42,Terbutryn,0.0,True,,,0.34,EU MAC,compliant,indeterminate,unresolved_no_lod,True
C4,42,Thiacloprid,0.0,True,0.08682554171532375,0.28941847238441254,0.05,EU MAC,compliant,indeterminate,method_insufficient,True
C4,42,Triclosan,0.0,True,,,0.02,EU MAC,compliant,indeterminate,unresolved_no_lod,True
C4,42,Trifluralin,0.0,True,,,0.03,EU AA,compliant,indeterminate,unresolved_no_lod,True
C4,43,17-alpha-Estradiol,0.0,True,,,0.00018,EU AA,compliant,indeterminate,unresolved_no_lod,True
C4,43,17-alpha-Ethinylestradiol,0.0,True,,,1.7e-05,EU AA,compliant,indeterminate,unresolved_no_lod,True
C4,43,17-beta-Estradiol,0.0,True,,,0.00018,EU AA,compliant,indeterminate,unresolved_no_lod,True
C4,43,Acetamiprid,0.08332549478281612,False,0.025237601919248082,0.08412533973082695,0.16,EU MAC,compliant,compliant,,False
C4,43,Aclonifen,0.0,True,,,0.12,EU MAC,compliant,indeterminate,unresolved_no_lod,True
C4,43,Anthracene,0.0,True,,,0.1,EU MAC,compliant,indeterminate,unresolved_no_lod,True
C4,43,Azithromycin,0.0,True,,,0.18,EU MAC,compliant,indeterminate,unresolved_no_lod,True
C4,43,Bifenox,0.0,True,,,0.04,EU MAC,compliant,indeterminate,unresolved_no_lod,True
C4,43,Bisphenol-A,0.0,True,,,130.0,EU MAC,compliant,indeterminate,unresolved_no_lod,True
C4,43,Chlorpyrifos,0.0,True,,,0.0026,EU MAC,compliant,indeterminate,unresolved_no_lod,True
C4,43,Clarithromycin,0.0,True,,,0.13,EU MAC,compliant,indeterminate,unresolved_no_lod,True
C4,43,Clothianidin,0.0,True,0.13583585498351416,0.45278618327838055,0.34,EU MAC,compliant,indeterminate,method_insufficient,True
C4,43,Cybutryne,0.0,True,,,0.016,EU MAC,compliant,indeterminate,unresolved_no_lod,True
C4,43,Cypermethrin,0.0,True,,,0.0006000000000000001,EU MAC,compliant,indeterminate,unresolved_no_lod,True
C4,43,Di(2- ethylhexyl)phthalate (DEHP),0.0,True,,,2.0,EU MAC,compliant,indeterminate,unresolved_no_lod,True
C4,43,Dichlorvos,0.0,True,,,0.0007,EU MAC,compliant,indeterminate,unresolved_no_lod,True
C4,43,Diuron,0.0,True,,,0.27,EU MAC,compliant,indeterminate,unresolved_no_lod,True
C4,43,Erythromycin,0.0,True,,,1.0,EU MAC,compliant,indeterminate,unresolved_no_lod,True
C4,43,Fluoranthene,0.0,True,,,0.12,EU MAC,compliant,indeterminate,unresolved_no_lod,True
C4,43,Hexachlorobenzene,0.0,True,,,8.0,EU MAC,compliant,indeterminate,unresolved_no_lod,True
C4,43,Imidacloprid,0.0,True,0.6194075722193858,2.0646919073979526,0.057,EU MAC,compliant,indeterminate,method_insufficient,True
C4,43,Isoproturon,0.0,True,,,1.0,EU MAC,compliant,indeterminate,unresolved_no_lod,True
C4,43,Pentachlorobenzene,0.0,True,,,0.007,EU AA,compliant,indeterminate,unresolved_no_lod,True
C4,43,Quinoxyfen,0.0,True,,,2.7,EU MAC,compliant,indeterminate,unresolved_no_lod,True
C4,43,Terbutryn,0.0,True,,,0.34,EU MAC,compliant,indeterminate,unresolved_no_lod,True
C4,43,Thiacloprid,0.0,True,0.08682554171532375,0.28941847238441254,0.05,EU MAC,compliant,indeterminate,method_insufficient,True
C4,43,Triclosan,0.0,True,,,0.02,EU MAC,compliant,indeterminate,unresolved_no_lod,True
C4,43,Trifluralin,0.0,True,,,0.03,EU AA,compliant,indeterminate,unresolved_no_lod,True
C4,44,17-alpha-Estradiol,0.0,True,,,0.00018,EU AA,compliant,indeterminate,unresolved_no_lod,True
C4,44,17-alpha-Ethinylestradiol,0.0,True,,,1.7e-05,EU AA,compliant,indeterminate,unresolved_no_lod,True
C4,44,17-beta-Estradiol,0.0,True,,,0.00018,EU AA,compliant,indeterminate,unresolved_no_lod,True
C4,44,Acetamiprid,0.0,True,0.025237601919248082,0.08412533973082695,0.16,EU MAC,compliant,compliant,,False
C4,44,Aclonifen,0.0,True,,,0.12,EU MAC,compliant,indeterminate,unresolved_no_lod,True
C4,44,Anthracene,0.0,True,,,0.1,EU MAC,compliant,indeterminate,unresolved_no_lod,True
C4,44,Azithromycin,0.0,True,,,0.18,EU MAC,compliant,indeterminate,unresolved_no_lod,True
C4,44,Bifenox,0.0,True,,,0.04,EU MAC,compliant,indeterminate,unresolved_no_lod,True
C4,44,Bisphenol-A,0.0,True,,,130.0,EU MAC,compliant,indeterminate,unresolved_no_lod,True
C4,44,Chlorpyrifos,0.0,True,,,0.0026,EU MAC,compliant,indeterminate,unresolved_no_lod,True
C4,44,Clarithromycin,0.0,True,,,0.13,EU MAC,compliant,indeterminate,unresolved_no_lod,True
C4,44,Clothianidin,0.0,True,0.13583585498351416,0.45278618327838055,0.34,EU MAC,compliant,indeterminate,method_insufficient,True
C4,44,Cybutryne,0.0,True,,,0.016,EU MAC,compliant,indeterminate,unresolved_no_lod,True
C4,44,Cypermethrin,0.0,True,,,0.0006000000000000001,EU MAC,compliant,indeterminate,unresolved_no_lod,True
C4,44,Di(2- ethylhexyl)phthalate (DEHP),29.716347450057484,False,,,2.0,EU MAC,exceeding,exceeding,,False
C4,44,Dichlorvos,0.0,True,,,0.0007,EU MAC,compliant,indeterminate,unresolved_no_lod,True
C4,44,Diuron,0.0,True,,,0.27,EU MAC,compliant,indeterminate,unresolved_no_lod,True
C4,44,Erythromycin,0.0,True,,,1.0,EU MAC,compliant,indeterminate,unresolved_no_lod,True
C4,44,Fluoranthene,0.0,True,,,0.12,EU MAC,compliant,indeterminate,unresolved_no_lod,True
C4,44,Hexachlorobenzene,0.0,True,,,8.0,EU MAC,compliant,indeterminate,unresolved_no_lod,True
C4,44,Imidacloprid,0.0,True,0.6194075722193858,2.0646919073979526,0.057,EU MAC,compliant,indeterminate,method_insufficient,True
C4,44,Isoproturon,0.0,True,,,1.0,EU MAC,compliant,indeterminate,unresolved_no_lod,True
C4,44,Pentachlorobenzene,0.0,True,,,0.007,EU AA,compliant,indeterminate,unresolved_no_lod,True
C4,44,Quinoxyfen,0.0,True,,,2.7,EU MAC,compliant,indeterminate,unresolved_no_lod,True
C4,44,Terbutryn,0.0,True,,,0.34,EU MAC,compliant,indeterminate,unresolved_no_lod,True
C4,44,Thiacloprid,0.0,True,0.08682554171532375,0.28941847238441254,0.05,EU MAC,compliant,indeterminate,method_insufficient,True
C4,44,Triclosan,0.0,True,,,0.02,EU MAC,compliant,indeterminate,unresolved_no_lod,True
C4,44,Trifluralin,0.0,True,,,0.03,EU AA,compliant,indeterminate,unresolved_no_lod,True
C4,45,17-alpha-Estradiol,0.0,True,,,0.00018,EU AA,compliant,indeterminate,unresolved_no_lod,True
C4,45,17-alpha-Ethinylestradiol,0.0,True,,,1.7e-05,EU AA,compliant,indeterminate,unresolved_no_lod,True
C4,45,17-beta-Estradiol,0.0,True,,,0.00018,EU AA,compliant,indeterminate,unresolved_no_lod,True
C4,45,Acetamiprid,0.0,True,0.025237601919248082,0.08412533973082695,0.16,EU MAC,compliant,compliant,,False
C4,45,Aclonifen,0.0,True,,,0.12,EU MAC,compliant,indeterminate,unresolved_no_lod,True
C4,45,Anthracene,0.0,True,,,0.1,EU MAC,compliant,indeterminate,unresolved_no_lod,True
C4,45,Azithromycin,0.0,True,,,0.18,EU MAC,compliant,indeterminate,unresolved_no_lod,True
C4,45,Bifenox,0.0,True,,,0.04,EU MAC,compliant,indeterminate,unresolved_no_lod,True
C4,45,Bisphenol-A,0.0,True,,,130.0,EU MAC,compliant,indeterminate,unresolved_no_lod,True
C4,45,Chlorpyrifos,0.0,True,,,0.0026,EU MAC,compliant,indeterminate,unresolved_no_lod,True
C4,45,Clarithromycin,0.0,True,,,0.13,EU MAC,compliant,indeterminate,unresolved_no_lod,True
C4,45,Clothianidin,0.0,True,0.13583585498351416,0.45278618327838055,0.34,EU MAC,compliant,indeterminate,method_insufficient,True
C4,45,Cybutryne,0.0,True,,,0.016,EU MAC,compliant,indeterminate,unresolved_no_lod,True
C4,45,Cypermethrin,0.0,True,,,0.0006000000000000001,EU MAC,compliant,indeterminate,unresolved_no_lod,True
C4,45,Di(2- ethylhexyl)phthalate (DEHP),27.41783498256929,False,,,2.0,EU MAC,exceeding,exceeding,,False
C4,45,Dichlorvos,0.0,True,,,0.0007,EU MAC,compliant,indeterminate,unresolved_no_lod,True
C4,45,Diuron,0.0,True,,,0.27,EU MAC,compliant,indeterminate,unresolved_no_lod,True
C4,45,Erythromycin,0.0,True,,,1.0,EU MAC,compliant,indeterminate,unresolved_no_lod,True
C4,45,Fluoranthene,0.0,True,,,0.12,EU MAC,compliant,indeterminate,unresolved_no_lod,True
C4,45,Hexachlorobenzene,0.0,True,,,8.0,EU MAC,compliant,indeterminate,unresolved_no_lod,True
C4,45,Imidacloprid,0.0,True,0.6194075722193858,2.0646919073979526,0.057,EU MAC,compliant,indeterminate,method_insufficient,True
C4,45,Isoproturon,0.0,True,,,1.0,EU MAC,compliant,indeterminate,unresolved_no_lod,True
C4,45,Pentachlorobenzene,0.0,True,,,0.007,EU AA,compliant,indeterminate,unresolved_no_lod,True
C4,45,Quinoxyfen,0.0,True,,,2.7,EU MAC,compliant,indeterminate,unresolved_no_lod,True
C4,45,Terbutryn,0.0,True,,,0.34,EU MAC,compliant,indeterminate,unresolved_no_lod,True
C4,45,Thiacloprid,0.0,True,0.08682554171532375,0.28941847238441254,0.05,EU MAC,compliant,indeterminate,method_insufficient,True
C4,45,Triclosan,0.0,True,,,0.02,EU MAC,compliant,indeterminate,unresolved_no_lod,True
C4,45,Trifluralin,0.3097459562145832,False,,,0.03,EU AA,exceeding,exceeding,,False
C4,46,17-alpha-Estradiol,0.0,True,,,0.00018,EU AA,compliant,indeterminate,unresolved_no_lod,True
C4,46,17-alpha-Ethinylestradiol,0.0,True,,,1.7e-05,EU AA,compliant,indeterminate,unresolved_no_lod,True
C4,46,17-beta-Estradiol,0.0,True,,,0.00018,EU AA,compliant,indeterminate,unresolved_no_lod,True
C4,46,Acetamiprid,0.0,True,0.025237601919248082,0.08412533973082695,0.16,EU MAC,compliant,compliant,,False
C4,46,Aclonifen,0.0,True,,,0.12,EU MAC,compliant,indeterminate,unresolved_no_lod,True
C4,46,Anthracene,0.0,True,,,0.1,EU MAC,compliant,indeterminate,unresolved_no_lod,True
C4,46,Azithromycin,0.0,True,,,0.18,EU MAC,compliant,indeterminate,unresolved_no_lod,True
C4,46,Bifenox,0.0,True,,,0.04,EU MAC,compliant,indeterminate,unresolved_no_lod,True
C4,46,Bisphenol-A,0.0,True,,,130.0,EU MAC,compliant,indeterminate,unresolved_no_lod,True
C4,46,Chlorpyrifos,0.0,True,,,0.0026,EU MAC,compliant,indeterminate,unresolved_no_lod,True
C4,46,Clarithromycin,0.0,True,,,0.13,EU MAC,compliant,indeterminate,unresolved_no_lod,True
C4,46,Clothianidin,0.0,True,0.13583585498351416,0.45278618327838055,0.34,EU MAC,compliant,indeterminate,method_insufficient,True
C4,46,Cybutryne,0.0,True,,,0.016,EU MAC,compliant,indeterminate,unresolved_no_lod,True
C4,46,Cypermethrin,0.0,True,,,0.0006000000000000001,EU MAC,compliant,indeterminate,unresolved_no_lod,True
C4,46,Di(2- ethylhexyl)phthalate (DEHP),3.233875007397072,False,,,2.0,EU MAC,exceeding,exceeding,,False
C4,46,Dichlorvos,0.0,True,,,0.0007,EU MAC,compliant,indeterminate,unresolved_no_lod,True
C4,46,Diuron,0.41689493930326893,False,,,0.27,EU MAC,exceeding,exceeding,,False
C4,46,Erythromycin,0.0,True,,,1.0,EU MAC,compliant,indeterminate,unresolved_no_lod,True
C4,46,Fluoranthene,0.0,True,,,0.12,EU MAC,compliant,indeterminate,unresolved_no_lod,True
C4,46,Hexachlorobenzene,0.0,True,,,8.0,EU MAC,compliant,indeterminate,unresolved_no_lod,True
C4,46,Imidacloprid,0.0,True,0.6194075722193858,2.0646919073979526,0.057,EU MAC,compliant,indeterminate,method_insufficient,True
C4,46,Isoproturon,0.0,True,,,1.0,EU MAC,compliant,indeterminate,unresolved_no_lod,True
C4,46,Pentachlorobenzene,0.0,True,,,0.007,EU AA,compliant,indeterminate,unresolved_no_lod,True
C4,46,Quinoxyfen,0.0,True,,,2.7,EU MAC,compliant,indeterminate,unresolved_no_lod,True
C4,46,Terbutryn,0.0,True,,,0.34,EU MAC,compliant,indeterminate,unresolved_no_lod,True
C4,46,Thiacloprid,0.0,True,0.08682554171532375,0.28941847238441254,0.05,EU MAC,compliant,indeterminate,method_insufficient,True
C4,46,Triclosan,0.0,True,,,0.02,EU MAC,compliant,indeterminate,unresolved_no_lod,True
C4,46,Trifluralin,0.0,True,,,0.03,EU AA,compliant,indeterminate,unresolved_no_lod,True
C4,47,17-alpha-Estradiol,0.0,True,,,0.00018,EU AA,compliant,indeterminate,unresolved_no_lod,True
C4,47,17-alpha-Ethinylestradiol,0.0,True,,,1.7e-05,EU AA,compliant,indeterminate,unresolved_no_lod,True
C4,47,17-beta-Estradiol,0.0,True,,,0.00018,EU AA,compliant,indeterminate,unresolved_no_lod,True
C4,47,Acetamiprid,0.0,True,0.025237601919248082,0.08412533973082695,0.16,EU MAC,compliant,compliant,,False
C4,47,Aclonifen,0.0,True,,,0.12,EU MAC,compliant,indeterminate,unresolved_no_lod,True
C4,47,Anthracene,0.0,True,,,0.1,EU MAC,compliant,indeterminate,unresolved_no_lod,True
C4,47,Azithromycin,0.2084511962032504,False,,,0.18,EU MAC,exceeding,exceeding,,False
C4,47,Bifenox,0.0,True,,,0.04,EU MAC,compliant,indeterminate,unresolved_no_lod,True
C4,47,Bisphenol-A,0.0,True,,,130.0,EU MAC,compliant,indeterminate,unresolved_no_lod,True
C4,47,Chlorpyrifos,0.0,True,,,0.0026,EU MAC,compliant,indeterminate,unresolved_no_lod,True
C4,47,Clarithromycin,0.0,True,,,0.13,EU MAC,compliant,indeterminate,unresolved_no_lod,True
C4,47,Clothianidin,0.0,True,0.13583585498351416,0.45278618327838055,0.34,EU MAC,compliant,indeterminate,method_insufficient,True
C4,47,Cybutryne,0.0,True,,,0.016,EU MAC,compliant,indeterminate,unresolved_no_lod,True
C4,47,Cypermethrin,0.0,True,,,0.0006000000000000001,EU MAC,compliant,indeterminate,unresolved_no_lod,True
C4,47,Di(2- ethylhexyl)phthalate (DEHP),11.40374786869136,False,,,2.0,EU MAC,exceeding,exceeding,,False
C4,47,Dichlorvos,0.0,True,,,0.0007,EU MAC,compliant,indeterminate,unresolved_no_lod,True
C4,47,Diuron,0.0910467332924341,False,,,0.27,EU MAC,compliant,compliant,,False
C4,47,Erythromycin,0.19529999359672154,False,,,1.0,EU MAC,compliant,compliant,,False
C4,47,Fluoranthene,0.0,True,,,0.12,EU MAC,compliant,indeterminate,unresolved_no_lod,True
C4,47,Hexachlorobenzene,0.0,True,,,8.0,EU MAC,compliant,indeterminate,unresolved_no_lod,True
C4,47,Imidacloprid,0.0,True,0.6194075722193858,2.0646919073979526,0.057,EU MAC,compliant,indeterminate,method_insufficient,True
C4,47,Isoproturon,0.0,True,,,1.0,EU MAC,compliant,indeterminate,unresolved_no_lod,True
C4,47,Pentachlorobenzene,0.0,True,,,0.007,EU AA,compliant,indeterminate,unresolved_no_lod,True
C4,47,Quinoxyfen,0.0,True,,,2.7,EU MAC,compliant,indeterminate,unresolved_no_lod,True
C4,47,Terbutryn,0.0,True,,,0.34,EU MAC,compliant,indeterminate,unresolved_no_lod,True
C4,47,Thiacloprid,0.0,True,0.08682554171532375,0.28941847238441254,0.05,EU MAC,compliant,indeterminate,method_insufficient,True
C4,47,Triclosan,0.0,True,,,0.02,EU MAC,compliant,indeterminate,unresolved_no_lod,True
C4,47,Trifluralin,0.0,True,,,0.03,EU AA,compliant,indeterminate,unresolved_no_lod,True
C4,48,17-alpha-Estradiol,0.0,True,,,0.00018,EU AA,compliant,indeterminate,unresolved_no_lod,True
C4,48,17-alpha-Ethinylestradiol,0.0,True,,,1.7e-05,EU AA,compliant,indeterminate,unresolved_no_lod,True
C4,48,17-beta-Estradiol,0.0,True,,,0.00018,EU AA,compliant,indeterminate,unresolved_no_lod,True
C4,48,Acetamiprid,0.05736523854501098,False,0.025237601919248082,0.08412533973082695,0.16,EU MAC,compliant,compliant,,False
C4,48,Aclonifen,0.0,True,,,0.12,EU MAC,compliant,indeterminate,unresolved_no_lod,True
C4,48,Anthracene,0.0,True,,,0.1,EU MAC,compliant,indeterminate,unresolved_no_lod,True
C4,48,Azithromycin,0.0,True,,,0.18,EU MAC,compliant,indeterminate,unresolved_no_lod,True
C4,48,Bifenox,0.0,True,,,0.04,EU MAC,compliant,indeterminate,unresolved_no_lod,True
C4,48,Bisphenol-A,0.0,True,,,130.0,EU MAC,compliant,indeterminate,unresolved_no_lod,True
C4,48,Chlorpyrifos,0.0,True,,,0.0026,EU MAC,compliant,indeterminate,unresolved_no_lod,True
C4,48,Clarithromycin,0.0,True,,,0.13,EU MAC,compliant,indeterminate,unresolved_no_lod,True
C4,48,Clothianidin,0.0,True,0.13583585498351416,0.45278618327838055,0.34,EU MAC,compliant,indeterminate,method_insufficient,True
C4,48,Cybutryne,0.0,True,,,0.016,EU MAC,compliant,indeterminate,unresolved_no_lod,True
C4,48,Cypermethrin,0.0,True,,,0.0006000000000000001,EU MAC,compliant,indeterminate,unresolved_no_lod,True
C4,48,Di(2- ethylhexyl)phthalate (DEHP),12.471889061720345,False,,,2.0,EU MAC,exceeding,exceeding,,False
C4,48,Dichlorvos,0.0,True,,,0.0007,EU MAC,compliant,indeterminate,unresolved_no_lod,True
C4,48,Diuron,0.37988696432740393,False,,,0.27,EU MAC,exceeding,exceeding,,False
C4,48,Erythromycin,0.0,True,,,1.0,EU MAC,compliant,indeterminate,unresolved_no_lod,True
C4,48,Fluoranthene,1.256886825592801,False,,,0.12,EU MAC,exceeding,exceeding,,False
C4,48,Hexachlorobenzene,0.0,True,,,8.0,EU MAC,compliant,indeterminate,unresolved_no_lod,True
C4,48,Imidacloprid,0.0,True,0.6194075722193858,2.0646919073979526,0.057,EU MAC,compliant,indeterminate,method_insufficient,True
C4,48,Isoproturon,0.0,True,,,1.0,EU MAC,compliant,indeterminate,unresolved_no_lod,True
C4,48,Pentachlorobenzene,0.0,True,,,0.007,EU AA,compliant,indeterminate,unresolved_no_lod,True
C4,48,Quinoxyfen,0.0,True,,,2.7,EU MAC,compliant,indeterminate,unresolved_no_lod,True
C4,48,Terbutryn,0.0,True,,,0.34,EU MAC,compliant,indeterminate,unresolved_no_lod,True
C4,48,Thiacloprid,0.0,True,0.08682554171532375,0.28941847238441254,0.05,EU MAC,compliant,indeterminate,method_insufficient,True
C4,48,Triclosan,0.0,True,,,0.02,EU MAC,compliant,indeterminate,unresolved_no_lod,True
C4,48,Trifluralin,0.0,True,,,0.03,EU AA,compliant,indeterminate,unresolved_no_lod,True
C4,49,17-alpha-Estradiol,0.0,True,,,0.00018,EU AA,compliant,indeterminate,unresolved_no_lod,True
C4,49,17-alpha-Ethinylestradiol,0.0,True,,,1.7e-05,EU AA,compliant,indeterminate,unresolved_no_lod,True
C4,49,17-beta-Estradiol,0.0,True,,,0.00018,EU AA,compliant,indeterminate,unresolved_no_lod,True
C4,49,Acetamiprid,0.07686008981688702,False,0.025237601919248082,0.08412533973082695,0.16,EU MAC,compliant,compliant,,False
C4,49,Aclonifen,0.0,True,,,0.12,EU MAC,compliant,indeterminate,unresolved_no_lod,True
C4,49,Anthracene,0.0,True,,,0.1,EU MAC,compliant,indeterminate,unresolved_no_lod,True
C4,49,Azithromycin,0.0,True,,,0.18,EU MAC,compliant,indeterminate,unresolved_no_lod,True
C4,49,Bifenox,0.0,True,,,0.04,EU MAC,compliant,indeterminate,unresolved_no_lod,True
C4,49,Bisphenol-A,0.0,True,,,130.0,EU MAC,compliant,indeterminate,unresolved_no_lod,True
C4,49,Chlorpyrifos,0.0,True,,,0.0026,EU MAC,compliant,indeterminate,unresolved_no_lod,True
C4,49,Clarithromycin,0.0,True,,,0.13,EU MAC,compliant,indeterminate,unresolved_no_lod,True
C4,49,Clothianidin,0.0,True,0.13583585498351416,0.45278618327838055,0.34,EU MAC,compliant,indeterminate,method_insufficient,True
C4,49,Cybutryne,0.00328505426764105,False,,,0.016,EU MAC,compliant,compliant,,False
C4,49,Cypermethrin,0.0,True,,,0.0006000000000000001,EU MAC,compliant,indeterminate,unresolved_no_lod,True
C4,49,Di(2- ethylhexyl)phthalate (DEHP),0.0,True,,,2.0,EU MAC,compliant,indeterminate,unresolved_no_lod,True
C4,49,Dichlorvos,0.0,True,,,0.0007,EU MAC,compliant,indeterminate,unresolved_no_lod,True
C4,49,Diuron,0.4634996596014914,False,,,0.27,EU MAC,exceeding,exceeding,,False
C4,49,Erythromycin,0.0,True,,,1.0,EU MAC,compliant,indeterminate,unresolved_no_lod,True
C4,49,Fluoranthene,1.1047114659897594,False,,,0.12,EU MAC,exceeding,exceeding,,False
C4,49,Hexachlorobenzene,0.0,True,,,8.0,EU MAC,compliant,indeterminate,unresolved_no_lod,True
C4,49,Imidacloprid,0.0,True,0.6194075722193858,2.0646919073979526,0.057,EU MAC,compliant,indeterminate,method_insufficient,True
C4,49,Isoproturon,0.0,True,,,1.0,EU MAC,compliant,indeterminate,unresolved_no_lod,True
C4,49,Pentachlorobenzene,0.0,True,,,0.007,EU AA,compliant,indeterminate,unresolved_no_lod,True
C4,49,Quinoxyfen,0.0,True,,,2.7,EU MAC,compliant,indeterminate,unresolved_no_lod,True
C4,49,Terbutryn,0.0,True,,,0.34,EU MAC,compliant,indeterminate,unresolved_no_lod,True
C4,49,Thiacloprid,0.0,True,0.08682554171532375,0.28941847238441254,0.05,EU MAC,compliant,indeterminate,method_insufficient,True
C4,49,Triclosan,0.0,True,,,0.02,EU MAC,compliant,indeterminate,unresolved_no_lod,True
C4,49,Trifluralin,0.0,True,,,0.03,EU AA,compliant,indeterminate,unresolved_no_lod,True
C4,50,17-alpha-Estradiol,0.0,True,,,0.00018,EU AA,compliant,indeterminate,unresolved_no_lod,True
C4,50,17-alpha-Ethinylestradiol,0.0,True,,,1.7e-05,EU AA,compliant,indeterminate,unresolved_no_lod,True
C4,50,17-beta-Estradiol,0.0,True,,,0.00018,EU AA,compliant,indeterminate,unresolved_no_lod,True
C4,50,Acetamiprid,0.16886914287639174,False,0.025237601919248082,0.08412533973082695,0.16,EU MAC,exceeding,exceeding,,False
C4,50,Aclonifen,0.0,True,,,0.12,EU MAC,compliant,indeterminate,unresolved_no_lod,True
C4,50,Anthracene,0.0,True,,,0.1,EU MAC,compliant,indeterminate,unresolved_no_lod,True
C4,50,Azithromycin,0.0,True,,,0.18,EU MAC,compliant,indeterminate,unresolved_no_lod,True
C4,50,Bifenox,0.0,True,,,0.04,EU MAC,compliant,indeterminate,unresolved_no_lod,True
C4,50,Bisphenol-A,0.0,True,,,130.0,EU MAC,compliant,indeterminate,unresolved_no_lod,True
C4,50,Chlorpyrifos,0.0,True,,,0.0026,EU MAC,compliant,indeterminate,unresolved_no_lod,True
C4,50,Clarithromycin,0.0,True,,,0.13,EU MAC,compliant,indeterminate,unresolved_no_lod,True
C4,50,Clothianidin,0.0,True,0.13583585498351416,0.45278618327838055,0.34,EU MAC,compliant,indeterminate,method_insufficient,True
C4,50,Cybutryne,0.0,True,,,0.016,EU MAC,compliant,indeterminate,unresolved_no_lod,True
C4,50,Cypermethrin,0.0,True,,,0.0006000000000000001,EU MAC,compliant,indeterminate,unresolved_no_lod,True
C4,50,Di(2- ethylhexyl)phthalate (DEHP),0.0,True,,,2.0,EU MAC,compliant,indeterminate,unresolved_no_lod,True
C4,50,Dichlorvos,0.0,True,,,0.0007,EU MAC,compliant,indeterminate,unresolved_no_lod,True
C4,50,Diuron,0.5335128823864339,False,,,0.27,EU MAC,exceeding,exceeding,,False
C4,50,Erythromycin,0.0,True,,,1.0,EU MAC,compliant,indeterminate,unresolved_no_lod,True
C4,50,Fluoranthene,0.0,True,,,0.12,EU MAC,compliant,indeterminate,unresolved_no_lod,True
C4,50,Hexachlorobenzene,0.0,True,,,8.0,EU MAC,compliant,indeterminate,unresolved_no_lod,True
C4,50,Imidacloprid,0.0,True,0.6194075722193858,2.0646919073979526,0.057,EU MAC,compliant,indeterminate,method_insufficient,True
C4,50,Isoproturon,0.0,True,,,1.0,EU MAC,compliant,indeterminate,unresolved_no_lod,True
C4,50,Pentachlorobenzene,0.0,True,,,0.007,EU AA,compliant,indeterminate,unresolved_no_lod,True
C4,50,Quinoxyfen,0.0,True,,,2.7,EU MAC,compliant,indeterminate,unresolved_no_lod,True
C4,50,Terbutryn,0.0,True,,,0.34,EU MAC,compliant,indeterminate,unresolved_no_lod,True
C4,50,Thiacloprid,0.0,True,0.08682554171532375,0.28941847238441254,0.05,EU MAC,compliant,indeterminate,method_insufficient,True
C4,50,Triclosan,0.0,True,,,0.02,EU MAC,compliant,indeterminate,unresolved_no_lod,True
C4,50,Trifluralin,0.0,True,,,0.03,EU AA,compliant,indeterminate,unresolved_no_lod,True
C4,51,17-alpha-Estradiol,0.0,True,,,0.00018,EU AA,compliant,indeterminate,unresolved_no_lod,True
C4,51,17-alpha-Ethinylestradiol,0.0,True,,,1.7e-05,EU AA,compliant,indeterminate,unresolved_no_lod,True
C4,51,17-beta-Estradiol,0.0,True,,,0.00018,EU AA,compliant,indeterminate,unresolved_no_lod,True
C4,51,Acetamiprid,0.0,True,0.025237601919248082,0.08412533973082695,0.16,EU MAC,compliant,compliant,,False
C4,51,Aclonifen,0.0,True,,,0.12,EU MAC,compliant,indeterminate,unresolved_no_lod,True
C4,51,Anthracene,0.0,True,,,0.1,EU MAC,compliant,indeterminate,unresolved_no_lod,True
C4,51,Azithromycin,0.0,True,,,0.18,EU MAC,compliant,indeterminate,unresolved_no_lod,True
C4,51,Bifenox,0.0,True,,,0.04,EU MAC,compliant,indeterminate,unresolved_no_lod,True
C4,51,Bisphenol-A,0.0,True,,,130.0,EU MAC,compliant,indeterminate,unresolved_no_lod,True
C4,51,Chlorpyrifos,0.0,True,,,0.0026,EU MAC,compliant,indeterminate,unresolved_no_lod,True
C4,51,Clarithromycin,0.0,True,,,0.13,EU MAC,compliant,indeterminate,unresolved_no_lod,True
C4,51,Clothianidin,0.0,True,0.13583585498351416,0.45278618327838055,0.34,EU MAC,compliant,indeterminate,method_insufficient,True
C4,51,Cybutryne,0.0,True,,,0.016,EU MAC,compliant,indeterminate,unresolved_no_lod,True
C4,51,Cypermethrin,0.0,True,,,0.0006000000000000001,EU MAC,compliant,indeterminate,unresolved_no_lod,True
C4,51,Di(2- ethylhexyl)phthalate (DEHP),3.31069370620573,False,,,2.0,EU MAC,exceeding,exceeding,,False
C4,51,Dichlorvos,0.0,True,,,0.0007,EU MAC,compliant,indeterminate,unresolved_no_lod,True
C4,51,Diuron,0.2872292259554022,False,,,0.27,EU MAC,exceeding,exceeding,,False
C4,51,Erythromycin,0.6719603016819716,False,,,1.0,EU MAC,compliant,compliant,,False
C4,51,Fluoranthene,0.0,True,,,0.12,EU MAC,compliant,indeterminate,unresolved_no_lod,True
C4,51,Hexachlorobenzene,0.0,True,,,8.0,EU MAC,compliant,indeterminate,unresolved_no_lod,True
C4,51,Imidacloprid,0.0,True,0.6194075722193858,2.0646919073979526,0.057,EU MAC,compliant,indeterminate,method_insufficient,True
C4,51,Isoproturon,0.0,True,,,1.0,EU MAC,compliant,indeterminate,unresolved_no_lod,True
C4,51,Pentachlorobenzene,0.0,True,,,0.007,EU AA,compliant,indeterminate,unresolved_no_lod,True
C4,51,Quinoxyfen,0.0,True,,,2.7,EU MAC,compliant,indeterminate,unresolved_no_lod,True
C4,51,Terbutryn,0.0,True,,,0.34,EU MAC,compliant,indeterminate,unresolved_no_lod,True
C4,51,Thiacloprid,0.0,True,0.08682554171532375,0.28941847238441254,0.05,EU MAC,compliant,indeterminate,method_insufficient,True
C4,51,Triclosan,0.0,True,,,0.02,EU MAC,compliant,indeterminate,unresolved_no_lod,True
C4,51,Trifluralin,0.0,True,,,0.03,EU AA,compliant,indeterminate,unresolved_no_lod,True
C4,52,17-alpha-Estradiol,0.0,True,,,0.00018,EU AA,compliant,indeterminate,unresolved_no_lod,True
C4,52,17-alpha-Ethinylestradiol,0.0,True,,,1.7e-05,EU AA,compliant,indeterminate,unresolved_no_lod,True
C4,52,17-beta-Estradiol,0.0,True,,,0.00018,EU AA,compliant,indeterminate,unresolved_no_lod,True
C4,52,Acetamiprid,0.04345507979174563,False,0.025237601919248082,0.08412533973082695,0.16,EU MAC,compliant,compliant,,False
C4,52,Aclonifen,0.0,True,,,0.12,EU MAC,compliant,indeterminate,unresolved_no_lod,True
C4,52,Anthracene,69.10219510092936,False,,,0.1,EU MAC,exceeding,exceeding,,False
C4,52,Azithromycin,0.0,True,,,0.18,EU MAC,compliant,indeterminate,unresolved_no_lod,True
C4,52,Bifenox,0.0,True,,,0.04,EU MAC,compliant,indeterminate,unresolved_no_lod,True
C4,52,Bisphenol-A,0.0,True,,,130.0,EU MAC,compliant,indeterminate,unresolved_no_lod,True
C4,52,Chlorpyrifos,0.0,True,,,0.0026,EU MAC,compliant,indeterminate,unresolved_no_lod,True
C4,52,Clarithromycin,0.0,True,,,0.13,EU MAC,compliant,indeterminate,unresolved_no_lod,True
C4,52,Clothianidin,0.0,True,0.13583585498351416,0.45278618327838055,0.34,EU MAC,compliant,indeterminate,method_insufficient,True
C4,52,Cybutryne,0.0,True,,,0.016,EU MAC,compliant,indeterminate,unresolved_no_lod,True
C4,52,Cypermethrin,0.0,True,,,0.0006000000000000001,EU MAC,compliant,indeterminate,unresolved_no_lod,True
C4,52,Di(2- ethylhexyl)phthalate (DEHP),7.487508831140256,False,,,2.0,EU MAC,exceeding,exceeding,,False
C4,52,Dichlorvos,0.0,True,,,0.0007,EU MAC,compliant,indeterminate,unresolved_no_lod,True
C4,52,Diuron,0.09188901660798474,False,,,0.27,EU MAC,compliant,compliant,,False
C4,52,Erythromycin,0.3460331423823837,False,,,1.0,EU MAC,compliant,compliant,,False
C4,52,Fluoranthene,0.0,True,,,0.12,EU MAC,compliant,indeterminate,unresolved_no_lod,True
C4,52,Hexachlorobenzene,0.0,True,,,8.0,EU MAC,compliant,indeterminate,unresolved_no_lod,True
C4,52,Imidacloprid,0.0,True,0.6194075722193858,2.0646919073979526,0.057,EU MAC,compliant,indeterminate,method_insufficient,True
C4,52,Isoproturon,0.0,True,,,1.0,EU MAC,compliant,indeterminate,unresolved_no_lod,True
C4,52,Pentachlorobenzene,0.0,True,,,0.007,EU AA,compliant,indeterminate,unresolved_no_lod,True
C4,52,Quinoxyfen,0.0,True,,,2.7,EU MAC,compliant,indeterminate,unresolved_no_lod,True
C4,52,Terbutryn,0.004457321114271623,False,,,0.34,EU MAC,compliant,compliant,,False
C4,52,Thiacloprid,0.0,True,0.08682554171532375,0.28941847238441254,0.05,EU MAC,compliant,indeterminate,method_insufficient,True
C4,52,Triclosan,0.0,True,,,0.02,EU MAC,compliant,indeterminate,unresolved_no_lod,True
C4,52,Trifluralin,0.0,True,,,0.03,EU AA,compliant,indeterminate,unresolved_no_lod,True
C4,53,17-alpha-Estradiol,0.0,True,,,0.00018,EU AA,compliant,indeterminate,unresolved_no_lod,True
C4,53,17-alpha-Ethinylestradiol,0.0,True,,,1.7e-05,EU AA,compliant,indeterminate,unresolved_no_lod,True
C4,53,17-beta-Estradiol,0.0,True,,,0.00018,EU AA,compliant,indeterminate,unresolved_no_lod,True
C4,53,Acetamiprid,0.0,True,0.025237601919248082,0.08412533973082695,0.16,EU MAC,compliant,compliant,,False
C4,53,Aclonifen,0.0,True,,,0.12,EU MAC,compliant,indeterminate,unresolved_no_lod,True
C4,53,Anthracene,97.02073362702234,False,,,0.1,EU MAC,exceeding,exceeding,,False
C4,53,Azithromycin,0.0,True,,,0.18,EU MAC,compliant,indeterminate,unresolved_no_lod,True
C4,53,Bifenox,0.0,True,,,0.04,EU MAC,compliant,indeterminate,unresolved_no_lod,True
C4,53,Bisphenol-A,0.0,True,,,130.0,EU MAC,compliant,indeterminate,unresolved_no_lod,True
C4,53,Chlorpyrifos,0.0,True,,,0.0026,EU MAC,compliant,indeterminate,unresolved_no_lod,True
C4,53,Clarithromycin,0.0,True,,,0.13,EU MAC,compliant,indeterminate,unresolved_no_lod,True
C4,53,Clothianidin,0.0,True,0.13583585498351416,0.45278618327838055,0.34,EU MAC,compliant,indeterminate,method_insufficient,True
C4,53,Cybutryne,0.0,True,,,0.016,EU MAC,compliant,indeterminate,unresolved_no_lod,True
C4,53,Cypermethrin,0.0,True,,,0.0006000000000000001,EU MAC,compliant,indeterminate,unresolved_no_lod,True
C4,53,Di(2- ethylhexyl)phthalate (DEHP),14.217070624866388,False,,,2.0,EU MAC,exceeding,exceeding,,False
C4,53,Dichlorvos,0.0,True,,,0.0007,EU MAC,compliant,indeterminate,unresolved_no_lod,True
C4,53,Diuron,0.34716923510329023,False,,,0.27,EU MAC,exceeding,exceeding,,False
C4,53,Erythromycin,0.0,True,,,1.0,EU MAC,compliant,indeterminate,unresolved_no_lod,True
C4,53,Fluoranthene,1.1974268594540913,False,,,0.12,EU MAC,exceeding,exceeding,,False
C4,53,Hexachlorobenzene,0.0,True,,,8.0,EU MAC,compliant,indeterminate,unresolved_no_lod,True
C4,53,Imidacloprid,0.0,True,0.6194075722193858,2.0646919073979526,0.057,EU MAC,compliant,indeterminate,method_insufficient,True
C4,53,Isoproturon,0.0,True,,,1.0,EU MAC,compliant,indeterminate,unresolved_no_lod,True
C4,53,Pentachlorobenzene,0.0,True,,,0.007,EU AA,compliant,indeterminate,unresolved_no_lod,True
C4,53,Quinoxyfen,0.0,True,,,2.7,EU MAC,compliant,indeterminate,unresolved_no_lod,True
C4,53,Terbutryn,0.0,True,,,0.34,EU MAC,compliant,indeterminate,unresolved_no_lod,True
C4,53,Thiacloprid,0.0,True,0.08682554171532375,0.28941847238441254,0.05,EU MAC,compliant,indeterminate,method_insufficient,True
C4,53,Triclosan,0.0,True,,,0.02,EU MAC,compliant,indeterminate,unresolved_no_lod,True
C4,53,Trifluralin,0.0,True,,,0.03,EU AA,compliant,indeterminate,unresolved_no_lod,True
C4,54,17-alpha-Estradiol,0.0,True,,,0.00018,EU AA,compliant,indeterminate,unresolved_no_lod,True
C4,54,17-alpha-Ethinylestradiol,0.0,True,,,1.7e-05,EU AA,compliant,indeterminate,unresolved_no_lod,True
C4,54,17-beta-Estradiol,0.0,True,,,0.00018,EU AA,compliant,indeterminate,unresolved_no_lod,True
C4,54,Acetamiprid,0.14722289294422175,False,0.025237601919248082,0.08412533973082695,0.16,EU MAC,compliant,compliant,,False
C4,54,Aclonifen,0.0,True,,,0.12,EU MAC,compliant,indeterminate,unresolved_no_lod,True
C4,54,Anthracene,0.0,True,,,0.1,EU MAC,compliant,indeterminate,unresolved_no_lod,True
C4,54,Azithromycin,0.0,True,,,0.18,EU MAC,compliant,indeterminate,unresolved_no_lod,True
C4,54,Bifenox,0.0,True,,,0.04,EU MAC,compliant,indeterminate,unresolved_no_lod,True
C4,54,Bisphenol-A,0.0,True,,,130.0,EU MAC,compliant,indeterminate,unresolved_no_lod,True
C4,54,Chlorpyrifos,0.0,True,,,0.0026,EU MAC,compliant,indeterminate,unresolved_no_lod,True
C4,54,Clarithromycin,0.0,True,,,0.13,EU MAC,compliant,indeterminate,unresolved_no_lod,True
C4,54,Clothianidin,0.0,True,0.13583585498351416,0.45278618327838055,0.34,EU MAC,compliant,indeterminate,method_insufficient,True
C4,54,Cybutryne,0.0,True,,,0.016,EU MAC,compliant,indeterminate,unresolved_no_lod,True
C4,54,Cypermethrin,0.0,True,,,0.0006000000000000001,EU MAC,compliant,indeterminate,unresolved_no_lod,True
C4,54,Di(2- ethylhexyl)phthalate (DEHP),25.08770119591453,False,,,2.0,EU MAC,exceeding,exceeding,,False
C4,54,Dichlorvos,0.0,True,,,0.0007,EU MAC,compliant,indeterminate,unresolved_no_lod,True
C4,54,Diuron,0.7996552315968548,False,,,0.27,EU MAC,exceeding,exceeding,,False
C4,54,Erythromycin,0.0,True,,,1.0,EU MAC,compliant,indeterminate,unresolved_no_lod,True
C4,54,Fluoranthene,1.0314066898830128,False,,,0.12,EU MAC,exceeding,exceeding,,False
C4,54,Hexachlorobenzene,0.0,True,,,8.0,EU MAC,compliant,indeterminate,unresolved_no_lod,True
C4,54,Imidacloprid,0.0,True,0.6194075722193858,2.0646919073979526,0.057,EU MAC,compliant,indeterminate,method_insufficient,True
C4,54,Isoproturon,0.0,True,,,1.0,EU MAC,compliant,indeterminate,unresolved_no_lod,True
C4,54,Pentachlorobenzene,0.0,True,,,0.007,EU AA,compliant,indeterminate,unresolved_no_lod,True
C4,54,Quinoxyfen,0.0,True,,,2.7,EU MAC,compliant,indeterminate,unresolved_no_lod,True
C4,54,Terbutryn,0.008044136485490329,False,,,0.34,EU MAC,compliant,compliant,,False
C4,54,Thiacloprid,0.0,True,0.08682554171532375,0.28941847238441254,0.05,EU MAC,compliant,indeterminate,method_insufficient,True
C4,54,Triclosan,0.0,True,,,0.02,EU MAC,compliant,indeterminate,unresolved_no_lod,True
C4,54,Trifluralin,0.0,True,,,0.03,EU AA,compliant,indeterminate,unresolved_no_lod,True
C4,55,17-alpha-Estradiol,0.0,True,,,0.00018,EU AA,compliant,indeterminate,unresolved_no_lod,True
C4,55,17-alpha-Ethinylestradiol,0.0,True,,,1.7e-05,EU AA,compliant,indeterminate,unresolved_no_lod,True
C4,55,17-beta-Estradiol,0.0,True,,,0.00018,EU AA,compliant,indeterminate,unresolved_no_lod,True
C4,55,Acetamiprid,0.16692219947461853,False,0.025237601919248082,0.08412533973082695,0.16,EU MAC,exceeding,exceeding,,False
C4,55,Aclonifen,0.0,True,,,0.12,EU MAC,compliant,indeterminate,unresolved_no_lod,True
C4,55,Anthracene,9.143066908928555,False,,,0.1,EU MAC,exceeding,exceeding,,False
C4,55,Azithromycin,0.0,True,,,0.18,EU MAC,compliant,indeterminate,unresolved_no_lod,True
C4,55,Bifenox,0.0,True,,,0.04,EU MAC,compliant,indeterminate,unresolved_no_lod,True
C4,55,Bisphenol-A,0.0,True,,,130.0,EU MAC,compliant,indeterminate,unresolved_no_lod,True
C4,55,Chlorpyrifos,0.0,True,,,0.0026,EU MAC,compliant,indeterminate,unresolved_no_lod,True
C4,55,Clarithromycin,0.0,True,,,0.13,EU MAC,compliant,indeterminate,unresolved_no_lod,True
C4,55,Clothianidin,0.0,True,0.13583585498351416,0.45278618327838055,0.34,EU MAC,compliant,indeterminate,method_insufficient,True
C4,55,Cybutryne,0.0,True,,,0.016,EU MAC,compliant,indeterminate,unresolved_no_lod,True
C4,55,Cypermethrin,0.0,True,,,0.0006000000000000001,EU MAC,compliant,indeterminate,unresolved_no_lod,True
C4,55,Di(2- ethylhexyl)phthalate (DEHP),0.0,True,,,2.0,EU MAC,compliant,indeterminate,unresolved_no_lod,True
C4,55,Dichlorvos,0.0,True,,,0.0007,EU MAC,compliant,indeterminate,unresolved_no_lod,True
C4,55,Diuron,0.7531005355155824,False,,,0.27,EU MAC,exceeding,exceeding,,False
C4,55,Erythromycin,0.0,True,,,1.0,EU MAC,compliant,indeterminate,unresolved_no_lod,True
C4,55,Fluoranthene,0.7539182299819474,False,,,0.12,EU MAC,exceeding,exceeding,,False
C4,55,Hexachlorobenzene,0.0,True,,,8.0,EU MAC,compliant,indeterminate,unresolved_no_lod,True
C4,55,Imidacloprid,0.0,True,0.6194075722193858,2.0646919073979526,0.057,EU MAC,compliant,indeterminate,method_insufficient,True
C4,55,Isoproturon,0.0,True,,,1.0,EU MAC,compliant,indeterminate,unresolved_no_lod,True
C4,55,Pentachlorobenzene,0.0,True,,,0.007,EU AA,compliant,indeterminate,unresolved_no_lod,True
C4,55,Quinoxyfen,0.0,True,,,2.7,EU MAC,compliant,indeterminate,unresolved_no_lod,True
C4,55,Terbutryn,0.0,True,,,0.34,EU MAC,compliant,indeterminate,unresolved_no_lod,True
C4,55,Thiacloprid,0.0,True,0.08682554171532375,0.28941847238441254,0.05,EU MAC,compliant,indeterminate,method_insufficient,True
C4,55,Triclosan,0.0,True,,,0.02,EU MAC,compliant,indeterminate,unresolved_no_lod,True
C4,55,Trifluralin,0.0,True,,,0.03,EU AA,compliant,indeterminate,unresolved_no_lod,True
C4,56,17-alpha-Estradiol,0.0,True,,,0.00018,EU AA,compliant,indeterminate,unresolved_no_lod,True
C4,56,17-alpha-Ethinylestradiol,0.0,True,,,1.7e-05,EU AA,compliant,indeterminate,unresolved_no_lod,True
C4,56,17-beta-Estradiol,0.0,True,,,0.00018,EU AA,compliant,indeterminate,unresolved_no_lod,True
C4,56,Acetamiprid,0.09193112785066669,False,0.025237601919248082,0.08412533973082695,0.16,EU MAC,compliant,compliant,,False
C4,56,Aclonifen,0.0,True,,,0.12,EU MAC,compliant,indeterminate,unresolved_no_lod,True
C4,56,Anthracene,22.556668952585355,False,,,0.1,EU MAC,exceeding,exceeding,,False
C4,56,Azithromycin,0.0,True,,,0.18,EU MAC,compliant,indeterminate,unresolved_no_lod,True
C4,56,Bifenox,0.0,True,,,0.04,EU MAC,compliant,indeterminate,unresolved_no_lod,True
C4,56,Bisphenol-A,0.0,True,,,130.0,EU MAC,compliant,indeterminate,unresolved_no_lod,True
C4,56,Chlorpyrifos,0.0,True,,,0.0026,EU MAC,compliant,indeterminate,unresolved_no_lod,True
C4,56,Clarithromycin,0.0,True,,,0.13,EU MAC,compliant,indeterminate,unresolved_no_lod,True
C4,56,Clothianidin,0.0,True,0.13583585498351416,0.45278618327838055,0.34,EU MAC,compliant,indeterminate,method_insufficient,True
C4,56,Cybutryne,0.0,True,,,0.016,EU MAC,compliant,indeterminate,unresolved_no_lod,True
C4,56,Cypermethrin,0.0,True,,,0.0006000000000000001,EU MAC,compliant,indeterminate,unresolved_no_lod,True
C4,56,Di(2- ethylhexyl)phthalate (DEHP),6.698773708001179,False,,,2.0,EU MAC,exceeding,exceeding,,False
C4,56,Dichlorvos,0.0,True,,,0.0007,EU MAC,compliant,indeterminate,unresolved_no_lod,True
C4,56,Diuron,0.8337278037198043,False,,,0.27,EU MAC,exceeding,exceeding,,False
C4,56,Erythromycin,0.0,True,,,1.0,EU MAC,compliant,indeterminate,unresolved_no_lod,True
C4,56,Fluoranthene,0.5546163363467654,False,,,0.12,EU MAC,exceeding,exceeding,,False
C4,56,Hexachlorobenzene,0.0,True,,,8.0,EU MAC,compliant,indeterminate,unresolved_no_lod,True
C4,56,Imidacloprid,0.0,True,0.6194075722193858,2.0646919073979526,0.057,EU MAC,compliant,indeterminate,method_insufficient,True
C4,56,Isoproturon,0.0,True,,,1.0,EU MAC,compliant,indeterminate,unresolved_no_lod,True
C4,56,Pentachlorobenzene,0.0,True,,,0.007,EU AA,compliant,indeterminate,unresolved_no_lod,True
C4,56,Quinoxyfen,0.0,True,,,2.7,EU MAC,compliant,indeterminate,unresolved_no_lod,True
C4,56,Terbutryn,0.0047773026500731695,False,,,0.34,EU MAC,compliant,compliant,,False
C4,56,Thiacloprid,0.1927622378677114,False,0.08682554171532375,0.28941847238441254,0.05,EU MAC,exceeding,indeterminate,method_insufficient,True
C4,56,Triclosan,0.0,True,,,0.02,EU MAC,compliant,indeterminate,unresolved_no_lod,True
C4,56,Trifluralin,0.0,True,,,0.03,EU AA,compliant,indeterminate,unresolved_no_lod,True
C4,57,17-alpha-Estradiol,0.0,True,,,0.00018,EU AA,compliant,indeterminate,unresolved_no_lod,True
C4,57,17-alpha-Ethinylestradiol,0.0,True,,,1.7e-05,EU AA,compliant,indeterminate,unresolved_no_lod,True
C4,57,17-beta-Estradiol,0.0,True,,,0.00018,EU AA,compliant,indeterminate,unresolved_no_lod,True
C4,57,Acetamiprid,0.08200485091824522,False,0.025237601919248082,0.08412533973082695,0.16,EU MAC,compliant,compliant,,False
C4,57,Aclonifen,0.0,True,,,0.12,EU MAC,compliant,indeterminate,unresolved_no_lod,True
C4,57,Anthracene,0.0,True,,,0.1,EU MAC,compliant,indeterminate,unresolved_no_lod,True
C4,57,Azithromycin,0.0,True,,,0.18,EU MAC,compliant,indeterminate,unresolved_no_lod,True
C4,57,Bifenox,0.0,True,,,0.04,EU MAC,compliant,indeterminate,unresolved_no_lod,True
C4,57,Bisphenol-A,0.0,True,,,130.0,EU MAC,compliant,indeterminate,unresolved_no_lod,True
C4,57,Chlorpyrifos,0.0,True,,,0.0026,EU MAC,compliant,indeterminate,unresolved_no_lod,True
C4,57,Clarithromycin,0.0,True,,,0.13,EU MAC,compliant,indeterminate,unresolved_no_lod,True
C4,57,Clothianidin,0.0,True,0.13583585498351416,0.45278618327838055,0.34,EU MAC,compliant,indeterminate,method_insufficient,True
C4,57,Cybutryne,0.0,True,,,0.016,EU MAC,compliant,indeterminate,unresolved_no_lod,True
C4,57,Cypermethrin,0.0,True,,,0.0006000000000000001,EU MAC,compliant,indeterminate,unresolved_no_lod,True
C4,57,Di(2- ethylhexyl)phthalate (DEHP),0.0,True,,,2.0,EU MAC,compliant,indeterminate,unresolved_no_lod,True
C4,57,Dichlorvos,0.0,True,,,0.0007,EU MAC,compliant,indeterminate,unresolved_no_lod,True
C4,57,Diuron,1.2701467166940241,False,,,0.27,EU MAC,exceeding,exceeding,,False
C4,57,Erythromycin,0.0,True,,,1.0,EU MAC,compliant,indeterminate,unresolved_no_lod,True
C4,57,Fluoranthene,0.0,True,,,0.12,EU MAC,compliant,indeterminate,unresolved_no_lod,True
C4,57,Hexachlorobenzene,0.0,True,,,8.0,EU MAC,compliant,indeterminate,unresolved_no_lod,True
C4,57,Imidacloprid,0.0,True,0.6194075722193858,2.0646919073979526,0.057,EU MAC,compliant,indeterminate,method_insufficient,True
C4,57,Isoproturon,0.0,True,,,1.0,EU MAC,compliant,indeterminate,unresolved_no_lod,True
C4,57,Pentachlorobenzene,0.0,True,,,0.007,EU AA,compliant,indeterminate,unresolved_no_lod,True
C4,57,Quinoxyfen,0.0,True,,,2.7,EU MAC,compliant,indeterminate,unresolved_no_lod,True
C4,57,Terbutryn,0.0,True,,,0.34,EU MAC,compliant,indeterminate,unresolved_no_lod,True
C4,57,Thiacloprid,0.0,True,0.08682554171532375,0.28941847238441254,0.05,EU MAC,compliant,indeterminate,method_insufficient,True
C4,57,Triclosan,0.0,True,,,0.02,EU MAC,compliant,indeterminate,unresolved_no_lod,True
C4,57,Trifluralin,0.0,True,,,0.03,EU AA,compliant,indeterminate,unresolved_no_lod,True
C4,58,17-alpha-Estradiol,0.0,True,,,0.00018,EU AA,compliant,indeterminate,unresolved_no_lod,True
C4,58,17-alpha-Ethinylestradiol,0.0,True,,,1.7e-05,EU AA,compliant,indeterminate,unresolved_no_lod,True
C4,58,17-beta-Estradiol,0.0,True,,,0.00018,EU AA,compliant,indeterminate,unresolved_no_lod,True
C4,58,Acetamiprid,0.0,True,0.025237601919248082,0.08412533973082695,0.16,EU MAC,compliant,compliant,,False
C4,58,Aclonifen,0.0,True,,,0.12,EU MAC,compliant,indeterminate,unresolved_no_lod,True
C4,58,Anthracene,0.0,True,,,0.1,EU MAC,compliant,indeterminate,unresolved_no_lod,True
C4,58,Azithromycin,0.0,True,,,0.18,EU MAC,compliant,indeterminate,unresolved_no_lod,True
C4,58,Bifenox,0.0,True,,,0.04,EU MAC,compliant,indeterminate,unresolved_no_lod,True
C4,58,Bisphenol-A,0.0,True,,,130.0,EU MAC,compliant,indeterminate,unresolved_no_lod,True
C4,58,Chlorpyrifos,0.0,True,,,0.0026,EU MAC,compliant,indeterminate,unresolved_no_lod,True
C4,58,Clarithromycin,0.0,True,,,0.13,EU MAC,compliant,indeterminate,unresolved_no_lod,True
C4,58,Clothianidin,0.0,True,0.13583585498351416,0.45278618327838055,0.34,EU MAC,compliant,indeterminate,method_insufficient,True
C4,58,Cybutryne,0.0,True,,,0.016,EU MAC,compliant,indeterminate,unresolved_no_lod,True
C4,58,Cypermethrin,0.0,True,,,0.0006000000000000001,EU MAC,compliant,indeterminate,unresolved_no_lod,True
C4,58,Di(2- ethylhexyl)phthalate (DEHP),17.56336217840131,False,,,2.0,EU MAC,exceeding,exceeding,,False
C4,58,Dichlorvos,0.0,True,,,0.0007,EU MAC,compliant,indeterminate,unresolved_no_lod,True
C4,58,Diuron,0.0,True,,,0.27,EU MAC,compliant,indeterminate,unresolved_no_lod,True
C4,58,Erythromycin,0.0,True,,,1.0,EU MAC,compliant,indeterminate,unresolved_no_lod,True
C4,58,Fluoranthene,0.0,True,,,0.12,EU MAC,compliant,indeterminate,unresolved_no_lod,True
C4,58,Hexachlorobenzene,0.0,True,,,8.0,EU MAC,compliant,indeterminate,unresolved_no_lod,True
C4,58,Imidacloprid,0.0,True,0.6194075722193858,2.0646919073979526,0.057,EU MAC,compliant,indeterminate,method_insufficient,True
C4,58,Isoproturon,0.0,True,,,1.0,EU MAC,compliant,indeterminate,unresolved_no_lod,True
C4,58,Pentachlorobenzene,0.0,True,,,0.007,EU AA,compliant,indeterminate,unresolved_no_lod,True
C4,58,Quinoxyfen,0.0,True,,,2.7,EU MAC,compliant,indeterminate,unresolved_no_lod,True
C4,58,Terbutryn,0.0,True,,,0.34,EU MAC,compliant,indeterminate,unresolved_no_lod,True
C4,58,Thiacloprid,0.0,True,0.08682554171532375,0.28941847238441254,0.05,EU MAC,compliant,indeterminate,method_insufficient,True
C4,58,Triclosan,0.0,True,,,0.02,EU MAC,compliant,indeterminate,unresolved_no_lod,True
C4,58,Trifluralin,0.0,True,,,0.03,EU AA,compliant,indeterminate,unresolved_no_lod,True
C4,59,17-alpha-Estradiol,0.0,True,,,0.00018,EU AA,compliant,indeterminate,unresolved_no_lod,True
C4,59,17-alpha-Ethinylestradiol,0.0,True,,,1.7e-05,EU AA,compliant,indeterminate,unresolved_no_lod,True
C4,59,17-beta-Estradiol,0.0,True,,,0.00018,EU AA,compliant,indeterminate,unresolved_no_lod,True
C4,59,Acetamiprid,0.0,True,0.025237601919248082,0.08412533973082695,0.16,EU MAC,compliant,compliant,,False
C4,59,Aclonifen,0.0,True,,,0.12,EU MAC,compliant,indeterminate,unresolved_no_lod,True
C4,59,Anthracene,0.0,True,,,0.1,EU MAC,compliant,indeterminate,unresolved_no_lod,True
C4,59,Azithromycin,0.0,True,,,0.18,EU MAC,compliant,indeterminate,unresolved_no_lod,True
C4,59,Bifenox,0.0,True,,,0.04,EU MAC,compliant,indeterminate,unresolved_no_lod,True
C4,59,Bisphenol-A,0.0,True,,,130.0,EU MAC,compliant,indeterminate,unresolved_no_lod,True
C4,59,Chlorpyrifos,0.0,True,,,0.0026,EU MAC,compliant,indeterminate,unresolved_no_lod,True
C4,59,Clarithromycin,0.0,True,,,0.13,EU MAC,compliant,indeterminate,unresolved_no_lod,True
C4,59,Clothianidin,0.0,True,0.13583585498351416,0.45278618327838055,0.34,EU MAC,compliant,indeterminate,method_insufficient,True
C4,59,Cybutryne,0.0,True,,,0.016,EU MAC,compliant,indeterminate,unresolved_no_lod,True
C4,59,Cypermethrin,0.0,True,,,0.0006000000000000001,EU MAC,compliant,indeterminate,unresolved_no_lod,True
C4,59,Di(2- ethylhexyl)phthalate (DEHP),0.0,True,,,2.0,EU MAC,compliant,indeterminate,unresolved_no_lod,True
C4,59,Dichlorvos,0.0,True,,,0.0007,EU MAC,compliant,indeterminate,unresolved_no_lod,True
C4,59,Diuron,0.0,True,,,0.27,EU MAC,compliant,indeterminate,unresolved_no_lod,True
C4,59,Erythromycin,0.0,True,,,1.0,EU MAC,compliant,indeterminate,unresolved_no_lod,True
C4,59,Fluoranthene,0.0,True,,,0.12,EU MAC,compliant,indeterminate,unresolved_no_lod,True
C4,59,Hexachlorobenzene,0.0,True,,,8.0,EU MAC,compliant,indeterminate,unresolved_no_lod,True
C4,59,Imidacloprid,0.0,True,0.6194075722193858,2.0646919073979526,0.057,EU MAC,compliant,indeterminate,method_insufficient,True
C4,59,Isoproturon,0.0,True,,,1.0,EU MAC,compliant,indeterminate,unresolved_no_lod,True
C4,59,Pentachlorobenzene,0.0,True,,,0.007,EU AA,compliant,indeterminate,unresolved_no_lod,True
C4,59,Quinoxyfen,0.0,True,,,2.7,EU MAC,compliant,indeterminate,unresolved_no_lod,True
C4,59,Terbutryn,0.0,True,,,0.34,EU MAC,compliant,indeterminate,unresolved_no_lod,True
C4,59,Thiacloprid,0.0,True,0.08682554171532375,0.28941847238441254,0.05,EU MAC,compliant,indeterminate,method_insufficient,True
C4,59,Triclosan,0.0,True,,,0.02,EU MAC,compliant,indeterminate,unresolved_no_lod,True
C4,59,Trifluralin,0.0,True,,,0.03,EU AA,compliant,indeterminate,unresolved_no_lod,True
C4,60,17-alpha-Estradiol,0.0,True,,,0.00018,EU AA,compliant,indeterminate,unresolved_no_lod,True
C4,60,17-alpha-Ethinylestradiol,0.0,True,,,1.7e-05,EU AA,compliant,indeterminate,unresolved_no_lod,True
C4,60,17-beta-Estradiol,0.0,True,,,0.00018,EU AA,compliant,indeterminate,unresolved_no_lod,True
C4,60,Acetamiprid,0.0,True,0.025237601919248082,0.08412533973082695,0.16,EU MAC,compliant,compliant,,False
C4,60,Aclonifen,0.0,True,,,0.12,EU MAC,compliant,indeterminate,unresolved_no_lod,True
C4,60,Anthracene,0.0,True,,,0.1,EU MAC,compliant,indeterminate,unresolved_no_lod,True
C4,60,Azithromycin,0.0,True,,,0.18,EU MAC,compliant,indeterminate,unresolved_no_lod,True
C4,60,Bifenox,0.0,True,,,0.04,EU MAC,compliant,indeterminate,unresolved_no_lod,True
C4,60,Bisphenol-A,0.0,True,,,130.0,EU MAC,compliant,indeterminate,unresolved_no_lod,True
C4,60,Chlorpyrifos,0.0,True,,,0.0026,EU MAC,compliant,indeterminate,unresolved_no_lod,True
C4,60,Clarithromycin,0.0,True,,,0.13,EU MAC,compliant,indeterminate,unresolved_no_lod,True
C4,60,Clothianidin,0.0,True,0.13583585498351416,0.45278618327838055,0.34,EU MAC,compliant,indeterminate,method_insufficient,True
C4,60,Cybutryne,0.0,True,,,0.016,EU MAC,compliant,indeterminate,unresolved_no_lod,True
C4,60,Cypermethrin,0.0,True,,,0.0006000000000000001,EU MAC,compliant,indeterminate,unresolved_no_lod,True
C4,60,Di(2- ethylhexyl)phthalate (DEHP),5.8178899194470794,False,,,2.0,EU MAC,exceeding,exceeding,,False
C4,60,Dichlorvos,0.0,True,,,0.0007,EU MAC,compliant,indeterminate,unresolved_no_lod,True
C4,60,Diuron,0.0,True,,,0.27,EU MAC,compliant,indeterminate,unresolved_no_lod,True
C4,60,Erythromycin,0.0,True,,,1.0,EU MAC,compliant,indeterminate,unresolved_no_lod,True
C4,60,Fluoranthene,0.0,True,,,0.12,EU MAC,compliant,indeterminate,unresolved_no_lod,True
C4,60,Hexachlorobenzene,0.0,True,,,8.0,EU MAC,compliant,indeterminate,unresolved_no_lod,True
C4,60,Imidacloprid,0.0,True,0.6194075722193858,2.0646919073979526,0.057,EU MAC,compliant,indeterminate,method_insufficient,True
C4,60,Isoproturon,0.0,True,,,1.0,EU MAC,compliant,indeterminate,unresolved_no_lod,True
C4,60,Pentachlorobenzene,0.0,True,,,0.007,EU AA,compliant,indeterminate,unresolved_no_lod,True
C4,60,Quinoxyfen,0.0,True,,,2.7,EU MAC,compliant,indeterminate,unresolved_no_lod,True
C4,60,Terbutryn,0.0,True,,,0.34,EU MAC,compliant,indeterminate,unresolved_no_lod,True
C4,60,Thiacloprid,0.0,True,0.08682554171532375,0.28941847238441254,0.05,EU MAC,compliant,indeterminate,method_insufficient,True
C4,60,Triclosan,0.0,True,,,0.02,EU MAC,compliant,indeterminate,unresolved_no_lod,True
C4,60,Trifluralin,0.0,True,,,0.03,EU AA,compliant,indeterminate,unresolved_no_lod,True
C4,61,17-alpha-Estradiol,0.0,True,,,0.00018,EU AA,compliant,indeterminate,unresolved_no_lod,True
C4,61,17-alpha-Ethinylestradiol,0.0,True,,,1.7e-05,EU AA,compliant,indeterminate,unresolved_no_lod,True
C4,61,17-beta-Estradiol,0.0,True,,,0.00018,EU AA,compliant,indeterminate,unresolved_no_lod,True
C4,61,Acetamiprid,0.0,True,0.025237601919248082,0.08412533973082695,0.16,EU MAC,compliant,compliant,,False
C4,61,Aclonifen,0.0,True,,,0.12,EU MAC,compliant,indeterminate,unresolved_no_lod,True
C4,61,Anthracene,0.0,True,,,0.1,EU MAC,compliant,indeterminate,unresolved_no_lod,True
C4,61,Azithromycin,0.0,True,,,0.18,EU MAC,compliant,indeterminate,unresolved_no_lod,True
C4,61,Bifenox,0.0,True,,,0.04,EU MAC,compliant,indeterminate,unresolved_no_lod,True
C4,61,Bisphenol-A,0.0,True,,,130.0,EU MAC,compliant,indeterminate,unresolved_no_lod,True
C4,61,Chlorpyrifos,0.0,True,,,0.0026,EU MAC,compliant,indeterminate,unresolved_no_lod,True
C4,61,Clarithromycin,0.0,True,,,0.13,EU MAC,compliant,indeterminate,unresolved_no_lod,True
C4,61,Clothianidin,0.0,True,0.13583585498351416,0.45278618327838055,0.34,EU MAC,compliant,indeterminate,method_insufficient,True
C4,61,Cybutryne,0.0,True,,,0.016,EU MAC,compliant,indeterminate,unresolved_no_lod,True
C4,61,Cypermethrin,0.0,True,,,0.0006000000000000001,EU MAC,compliant,indeterminate,unresolved_no_lod,True
C4,61,Di(2- ethylhexyl)phthalate (DEHP),0.0,True,,,2.0,EU MAC,compliant,indeterminate,unresolved_no_lod,True
C4,61,Dichlorvos,0.0,True,,,0.0007,EU MAC,compliant,indeterminate,unresolved_no_lod,True
C4,61,Diuron,0.0,True,,,0.27,EU MAC,compliant,indeterminate,unresolved_no_lod,True
C4,61,Erythromycin,0.0,True,,,1.0,EU MAC,compliant,indeterminate,unresolved_no_lod,True
C4,61,Fluoranthene,0.0,True,,,0.12,EU MAC,compliant,indeterminate,unresolved_no_lod,True
C4,61,Hexachlorobenzene,0.0,True,,,8.0,EU MAC,compliant,indeterminate,unresolved_no_lod,True
C4,61,Imidacloprid,0.0,True,0.6194075722193858,2.0646919073979526,0.057,EU MAC,compliant,indeterminate,method_insufficient,True
C4,61,Isoproturon,0.0,True,,,1.0,EU MAC,compliant,indeterminate,unresolved_no_lod,True
C4,61,Pentachlorobenzene,0.0,True,,,0.007,EU AA,compliant,indeterminate,unresolved_no_lod,True
C4,61,Quinoxyfen,0.0,True,,,2.7,EU MAC,compliant,indeterminate,unresolved_no_lod,True
C4,61,Terbutryn,0.0,True,,,0.34,EU MAC,compliant,indeterminate,unresolved_no_lod,True
C4,61,Thiacloprid,0.0,True,0.08682554171532375,0.28941847238441254,0.05,EU MAC,compliant,indeterminate,method_insufficient,True
C4,61,Triclosan,0.0,True,,,0.02,EU MAC,compliant,indeterminate,unresolved_no_lod,True
C4,61,Trifluralin,0.0,True,,,0.03,EU AA,compliant,indeterminate,unresolved_no_lod,True
C4,62,17-alpha-Estradiol,0.0,True,,,0.00018,EU AA,compliant,indeterminate,unresolved_no_lod,True
C4,62,17-alpha-Ethinylestradiol,0.0,True,,,1.7e-05,EU AA,compliant,indeterminate,unresolved_no_lod,True
C4,62,17-beta-Estradiol,0.0,True,,,0.00018,EU AA,compliant,indeterminate,unresolved_no_lod,True
C4,62,Acetamiprid,0.0,True,0.025237601919248082,0.08412533973082695,0.16,EU MAC,compliant,compliant,,False
C4,62,Aclonifen,0.0,True,,,0.12,EU MAC,compliant,indeterminate,unresolved_no_lod,True
C4,62,Anthracene,41.15923697955873,False,,,0.1,EU MAC,exceeding,exceeding,,False
C4,62,Azithromycin,0.0,True,,,0.18,EU MAC,compliant,indeterminate,unresolved_no_lod,True
C4,62,Bifenox,0.0,True,,,0.04,EU MAC,compliant,indeterminate,unresolved_no_lod,True
C4,62,Bisphenol-A,0.0,True,,,130.0,EU MAC,compliant,indeterminate,unresolved_no_lod,True
C4,62,Chlorpyrifos,0.0,True,,,0.0026,EU MAC,compliant,indeterminate,unresolved_no_lod,True
C4,62,Clarithromycin,0.0,True,,,0.13,EU MAC,compliant,indeterminate,unresolved_no_lod,True
C4,62,Clothianidin,0.0,True,0.13583585498351416,0.45278618327838055,0.34,EU MAC,compliant,indeterminate,method_insufficient,True
C4,62,Cybutryne,0.0,True,,,0.016,EU MAC,compliant,indeterminate,unresolved_no_lod,True
C4,62,Cypermethrin,0.0,True,,,0.0006000000000000001,EU MAC,compliant,indeterminate,unresolved_no_lod,True
C4,62,Di(2- ethylhexyl)phthalate (DEHP),47.35815275490362,False,,,2.0,EU MAC,exceeding,exceeding,,False
C4,62,Dichlorvos,0.0,True,,,0.0007,EU MAC,compliant,indeterminate,unresolved_no_lod,True
C4,62,Diuron,0.47566426995394995,False,,,0.27,EU MAC,exceeding,exceeding,,False
C4,62,Erythromycin,0.0,True,,,1.0,EU MAC,compliant,indeterminate,unresolved_no_lod,True
C4,62,Fluoranthene,0.8108550180228647,False,,,0.12,EU MAC,exceeding,exceeding,,False
C4,62,Hexachlorobenzene,0.0,True,,,8.0,EU MAC,compliant,indeterminate,unresolved_no_lod,True
C4,62,Imidacloprid,0.0,True,0.6194075722193858,2.0646919073979526,0.057,EU MAC,compliant,indeterminate,method_insufficient,True
C4,62,Isoproturon,0.0,True,,,1.0,EU MAC,compliant,indeterminate,unresolved_no_lod,True
C4,62,Pentachlorobenzene,0.0,True,,,0.007,EU AA,compliant,indeterminate,unresolved_no_lod,True
C4,62,Quinoxyfen,0.0,True,,,2.7,EU MAC,compliant,indeterminate,unresolved_no_lod,True
C4,62,Terbutryn,0.0,True,,,0.34,EU MAC,compliant,indeterminate,unresolved_no_lod,True
C4,62,Thiacloprid,0.0,True,0.08682554171532375,0.28941847238441254,0.05,EU MAC,compliant,indeterminate,method_insufficient,True
C4,62,Triclosan,0.0,True,,,0.02,EU MAC,compliant,indeterminate,unresolved_no_lod,True
C4,62,Trifluralin,0.0,True,,,0.03,EU AA,compliant,indeterminate,unresolved_no_lod,True
C4,63,17-alpha-Estradiol,0.0,True,,,0.00018,EU AA,compliant,indeterminate,unresolved_no_lod,True
C4,63,17-alpha-Ethinylestradiol,0.0,True,,,1.7e-05,EU AA,compliant,indeterminate,unresolved_no_lod,True
C4,63,17-beta-Estradiol,0.0,True,,,0.00018,EU AA,compliant,indeterminate,unresolved_no_lod,True
C4,63,Acetamiprid,0.07141748976394707,False,0.025237601919248082,0.08412533973082695,0.16,EU MAC,compliant,compliant,,False
C4,63,Aclonifen,0.0,True,,,0.12,EU MAC,compliant,indeterminate,unresolved_no_lod,True
C4,63,Anthracene,0.0,True,,,0.1,EU MAC,compliant,indeterminate,unresolved_no_lod,True
C4,63,Azithromycin,0.0,True,,,0.18,EU MAC,compliant,indeterminate,unresolved_no_lod,True
C4,63,Bifenox,0.0,True,,,0.04,EU MAC,compliant,indeterminate,unresolved_no_lod,True
C4,63,Bisphenol-A,0.0,True,,,130.0,EU MAC,compliant,indeterminate,unresolved_no_lod,True
C4,63,Chlorpyrifos,1.7181224132058013,False,,,0.0026,EU MAC,exceeding,exceeding,,False
C4,63,Clarithromycin,0.0,True,,,0.13,EU MAC,compliant,indeterminate,unresolved_no_lod,True
C4,63,Clothianidin,0.0,True,0.13583585498351416,0.45278618327838055,0.34,EU MAC,compliant,indeterminate,method_insufficient,True
C4,63,Cybutryne,0.0,True,,,0.016,EU MAC,compliant,indeterminate,unresolved_no_lod,True
C4,63,Cypermethrin,0.0,True,,,0.0006000000000000001,EU MAC,compliant,indeterminate,unresolved_no_lod,True
C4,63,Di(2- ethylhexyl)phthalate (DEHP),72.86791791379645,False,,,2.0,EU MAC,exceeding,exceeding,,False
C4,63,Dichlorvos,0.0,True,,,0.0007,EU MAC,compliant,indeterminate,unresolved_no_lod,True
C4,63,Diuron,0.36464973414973323,False,,,0.27,EU MAC,exceeding,exceeding,,False
C4,63,Erythromycin,0.0,True,,,1.0,EU MAC,compliant,indeterminate,unresolved_no_lod,True
C4,63,Fluoranthene,0.30364372756632574,False,,,0.12,EU MAC,exceeding,exceeding,,False
C4,63,Hexachlorobenzene,0.0,True,,,8.0,EU MAC,compliant,indeterminate,unresolved_no_lod,True
C4,63,Imidacloprid,0.0,True,0.6194075722193858,2.0646919073979526,0.057,EU MAC,compliant,indeterminate,method_insufficient,True
C4,63,Isoproturon,0.0,True,,,1.0,EU MAC,compliant,indeterminate,unresolved_no_lod,True
C4,63,Pentachlorobenzene,0.0,True,,,0.007,EU AA,compliant,indeterminate,unresolved_no_lod,True
C4,63,Quinoxyfen,0.0,True,,,2.7,EU MAC,compliant,indeterminate,unresolved_no_lod,True
C4,63,Terbutryn,0.005186301526962082,False,,,0.34,EU MAC,compliant,compliant,,False
C4,63,Thiacloprid,0.4207783817021429,False,0.08682554171532375,0.28941847238441254,0.05,EU MAC,exceeding,indeterminate,method_insufficient,True
C4,63,Triclosan,0.0,True,,,0.02,EU MAC,compliant,indeterminate,unresolved_no_lod,True
C4,63,Trifluralin,0.0,True,,,0.03,EU AA,compliant,indeterminate,unresolved_no_lod,True
C4,64,17-alpha-Estradiol,0.0,True,,,0.00018,EU AA,compliant,indeterminate,unresolved_no_lod,True
C4,64,17-alpha-Ethinylestradiol,0.0,True,,,1.7e-05,EU AA,compliant,indeterminate,unresolved_no_lod,True
C4,64,17-beta-Estradiol,0.0,True,,,0.00018,EU AA,compliant,indeterminate,unresolved_no_lod,True
C4,64,Acetamiprid,0.0,True,0.025237601919248082,0.08412533973082695,0.16,EU MAC,compliant,compliant,,False
C4,64,Aclonifen,0.0,True,,,0.12,EU MAC,compliant,indeterminate,unresolved_no_lod,True
C4,64,Anthracene,0.0,True,,,0.1,EU MAC,compliant,indeterminate,unresolved_no_lod,True
C4,64,Azithromycin,0.0,True,,,0.18,EU MAC,compliant,indeterminate,unresolved_no_lod,True
C4,64,Bifenox,0.0,True,,,0.04,EU MAC,compliant,indeterminate,unresolved_no_lod,True
C4,64,Bisphenol-A,0.0,True,,,130.0,EU MAC,compliant,indeterminate,unresolved_no_lod,True
C4,64,Chlorpyrifos,0.0,True,,,0.0026,EU MAC,compliant,indeterminate,unresolved_no_lod,True
C4,64,Clarithromycin,0.0,True,,,0.13,EU MAC,compliant,indeterminate,unresolved_no_lod,True
C4,64,Clothianidin,0.0,True,0.13583585498351416,0.45278618327838055,0.34,EU MAC,compliant,indeterminate,method_insufficient,True
C4,64,Cybutryne,0.0,True,,,0.016,EU MAC,compliant,indeterminate,unresolved_no_lod,True
C4,64,Cypermethrin,0.0,True,,,0.0006000000000000001,EU MAC,compliant,indeterminate,unresolved_no_lod,True
C4,64,Di(2- ethylhexyl)phthalate (DEHP),29.716547498762743,False,,,2.0,EU MAC,exceeding,exceeding,,False
C4,64,Dichlorvos,0.0,True,,,0.0007,EU MAC,compliant,indeterminate,unresolved_no_lod,True
C4,64,Diuron,0.0,True,,,0.27,EU MAC,compliant,indeterminate,unresolved_no_lod,True
C4,64,Erythromycin,0.0,True,,,1.0,EU MAC,compliant,indeterminate,unresolved_no_lod,True
C4,64,Fluoranthene,0.0,True,,,0.12,EU MAC,compliant,indeterminate,unresolved_no_lod,True
C4,64,Hexachlorobenzene,0.0,True,,,8.0,EU MAC,compliant,indeterminate,unresolved_no_lod,True
C4,64,Imidacloprid,0.0,True,0.6194075722193858,2.0646919073979526,0.057,EU MAC,compliant,indeterminate,method_insufficient,True
C4,64,Isoproturon,0.0,True,,,1.0,EU MAC,compliant,indeterminate,unresolved_no_lod,True
C4,64,Pentachlorobenzene,0.0,True,,,0.007,EU AA,compliant,indeterminate,unresolved_no_lod,True
C4,64,Quinoxyfen,0.0,True,,,2.7,EU MAC,compliant,indeterminate,unresolved_no_lod,True
C4,64,Terbutryn,0.0,True,,,0.34,EU MAC,compliant,indeterminate,unresolved_no_lod,True
C4,64,Thiacloprid,0.0,True,0.08682554171532375,0.28941847238441254,0.05,EU MAC,compliant,indeterminate,method_insufficient,True
C4,64,Triclosan,0.0,True,,,0.02,EU MAC,compliant,indeterminate,unresolved_no_lod,True
C4,64,Trifluralin,0.0,True,,,0.03,EU AA,compliant,indeterminate,unresolved_no_lod,True
C4,65,17-alpha-Estradiol,0.0,True,,,0.00018,EU AA,compliant,indeterminate,unresolved_no_lod,True
C4,65,17-alpha-Ethinylestradiol,0.0,True,,,1.7e-05,EU AA,compliant,indeterminate,unresolved_no_lod,True
C4,65,17-beta-Estradiol,0.0,True,,,0.00018,EU AA,compliant,indeterminate,unresolved_no_lod,True
C4,65,Acetamiprid,0.0,True,0.025237601919248082,0.08412533973082695,0.16,EU MAC,compliant,compliant,,False
C4,65,Aclonifen,0.0,True,,,0.12,EU MAC,compliant,indeterminate,unresolved_no_lod,True
C4,65,Anthracene,0.0,True,,,0.1,EU MAC,compliant,indeterminate,unresolved_no_lod,True
C4,65,Azithromycin,0.0,True,,,0.18,EU MAC,compliant,indeterminate,unresolved_no_lod,True
C4,65,Bifenox,0.0,True,,,0.04,EU MAC,compliant,indeterminate,unresolved_no_lod,True
C4,65,Bisphenol-A,0.0,True,,,130.0,EU MAC,compliant,indeterminate,unresolved_no_lod,True
C4,65,Chlorpyrifos,0.0,True,,,0.0026,EU MAC,compliant,indeterminate,unresolved_no_lod,True
C4,65,Clarithromycin,0.0,True,,,0.13,EU MAC,compliant,indeterminate,unresolved_no_lod,True
C4,65,Clothianidin,0.0,True,0.13583585498351416,0.45278618327838055,0.34,EU MAC,compliant,indeterminate,method_insufficient,True
C4,65,Cybutryne,0.0,True,,,0.016,EU MAC,compliant,indeterminate,unresolved_no_lod,True
C4,65,Cypermethrin,0.0,True,,,0.0006000000000000001,EU MAC,compliant,indeterminate,unresolved_no_lod,True
C4,65,Di(2- ethylhexyl)phthalate (DEHP),13.715093486689826,False,,,2.0,EU MAC,exceeding,exceeding,,False
C4,65,Dichlorvos,0.0,True,,,0.0007,EU MAC,compliant,indeterminate,unresolved_no_lod,True
C4,65,Diuron,0.0,True,,,0.27,EU MAC,compliant,indeterminate,unresolved_no_lod,True
C4,65,Erythromycin,0.0,True,,,1.0,EU MAC,compliant,indeterminate,unresolved_no_lod,True
C4,65,Fluoranthene,0.0,True,,,0.12,EU MAC,compliant,indeterminate,unresolved_no_lod,True
C4,65,Hexachlorobenzene,0.0,True,,,8.0,EU MAC,compliant,indeterminate,unresolved_no_lod,True
C4,65,Imidacloprid,0.0,True,0.6194075722193858,2.0646919073979526,0.057,EU MAC,compliant,indeterminate,method_insufficient,True
C4,65,Isoproturon,0.0,True,,,1.0,EU MAC,compliant,indeterminate,unresolved_no_lod,True
C4,65,Pentachlorobenzene,0.0,True,,,0.007,EU AA,compliant,indeterminate,unresolved_no_lod,True
C4,65,Quinoxyfen,0.0,True,,,2.7,EU MAC,compliant,indeterminate,unresolved_no_lod,True
C4,65,Terbutryn,0.0,True,,,0.34,EU MAC,compliant,indeterminate,unresolved_no_lod,True
C4,65,Thiacloprid,0.0,True,0.08682554171532375,0.28941847238441254,0.05,EU MAC,compliant,indeterminate,method_insufficient,True
C4,65,Triclosan,0.0,True,,,0.02,EU MAC,compliant,indeterminate,unresolved_no_lod,True
C4,65,Trifluralin,0.0,True,,,0.03,EU AA,compliant,indeterminate,unresolved_no_lod,True
C4,66,17-alpha-Estradiol,0.0,True,,,0.00018,EU AA,compliant,indeterminate,unresolved_no_lod,True
C4,66,17-alpha-Ethinylestradiol,0.0,True,,,1.7e-05,EU AA,compliant,indeterminate,unresolved_no_lod,True
C4,66,17-beta-Estradiol,0.0,True,,,0.00018,EU AA,compliant,indeterminate,unresolved_no_lod,True
C4,66,Acetamiprid,0.0,True,0.025237601919248082,0.08412533973082695,0.16,EU MAC,compliant,compliant,,False
C4,66,Aclonifen,0.0,True,,,0.12,EU MAC,compliant,indeterminate,unresolved_no_lod,True
C4,66,Anthracene,0.0,True,,,0.1,EU MAC,compliant,indeterminate,unresolved_no_lod,True
C4,66,Azithromycin,0.0,True,,,0.18,EU MAC,compliant,indeterminate,unresolved_no_lod,True
C4,66,Bifenox,0.0,True,,,0.04,EU MAC,compliant,indeterminate,unresolved_no_lod,True
C4,66,Bisphenol-A,0.0,True,,,130.0,EU MAC,compliant,indeterminate,unresolved_no_lod,True
C4,66,Chlorpyrifos,0.0,True,,,0.0026,EU MAC,compliant,indeterminate,unresolved_no_lod,True
C4,66,Clarithromycin,0.0,True,,,0.13,EU MAC,compliant,indeterminate,unresolved_no_lod,True
C4,66,Clothianidin,0.0,True,0.13583585498351416,0.45278618327838055,0.34,EU MAC,compliant,indeterminate,method_insufficient,True
C4,66,Cybutryne,0.0,True,,,0.016,EU MAC,compliant,indeterminate,unresolved_no_lod,True
C4,66,Cypermethrin,0.0,True,,,0.0006000000000000001,EU MAC,compliant,indeterminate,unresolved_no_lod,True
C4,66,Di(2- ethylhexyl)phthalate (DEHP),3.6475009085552923,False,,,2.0,EU MAC,exceeding,exceeding,,False
C4,66,Dichlorvos,0.0,True,,,0.0007,EU MAC,compliant,indeterminate,unresolved_no_lod,True
C4,66,Diuron,0.4717061732620095,False,,,0.27,EU MAC,exceeding,exceeding,,False
C4,66,Erythromycin,0.0,True,,,1.0,EU MAC,compliant,indeterminate,unresolved_no_lod,True
C4,66,Fluoranthene,0.0,True,,,0.12,EU MAC,compliant,indeterminate,unresolved_no_lod,True
C4,66,Hexachlorobenzene,0.0,True,,,8.0,EU MAC,compliant,indeterminate,unresolved_no_lod,True
C4,66,Imidacloprid,0.0,True,0.6194075722193858,2.0646919073979526,0.057,EU MAC,compliant,indeterminate,method_insufficient,True
C4,66,Isoproturon,0.0,True,,,1.0,EU MAC,compliant,indeterminate,unresolved_no_lod,True
C4,66,Pentachlorobenzene,0.0,True,,,0.007,EU AA,compliant,indeterminate,unresolved_no_lod,True
C4,66,Quinoxyfen,0.0,True,,,2.7,EU MAC,compliant,indeterminate,unresolved_no_lod,True
C4,66,Terbutryn,0.0,True,,,0.34,EU MAC,compliant,indeterminate,unresolved_no_lod,True
C4,66,Thiacloprid,0.0,True,0.08682554171532375,0.28941847238441254,0.05,EU MAC,compliant,indeterminate,method_insufficient,True
C4,66,Triclosan,0.0,True,,,0.02,EU MAC,compliant,indeterminate,unresolved_no_lod,True
C4,66,Trifluralin,0.0,True,,,0.03,EU AA,compliant,indeterminate,unresolved_no_lod,True
C4,67,17-alpha-Estradiol,0.0,True,,,0.00018,EU AA,compliant,indeterminate,unresolved_no_lod,True
C4,67,17-alpha-Ethinylestradiol,0.0,True,,,1.7e-05,EU AA,compliant,indeterminate,unresolved_no_lod,True
C4,67,17-beta-Estradiol,0.0,True,,,0.00018,EU AA,compliant,indeterminate,unresolved_no_lod,True
C4,67,Acetamiprid,0.0,True,0.025237601919248082,0.08412533973082695,0.16,EU MAC,compliant,compliant,,False
C4,67,Aclonifen,0.0,True,,,0.12,EU MAC,compliant,indeterminate,unresolved_no_lod,True
C4,67,Anthracene,0.0,True,,,0.1,EU MAC,compliant,indeterminate,unresolved_no_lod,True
C4,67,Azithromycin,0.0,True,,,0.18,EU MAC,compliant,indeterminate,unresolved_no_lod,True
C4,67,Bifenox,0.0,True,,,0.04,EU MAC,compliant,indeterminate,unresolved_no_lod,True
C4,67,Bisphenol-A,0.0,True,,,130.0,EU MAC,compliant,indeterminate,unresolved_no_lod,True
C4,67,Chlorpyrifos,0.0,True,,,0.0026,EU MAC,compliant,indeterminate,unresolved_no_lod,True
C4,67,Clarithromycin,0.0,True,,,0.13,EU MAC,compliant,indeterminate,unresolved_no_lod,True
C4,67,Clothianidin,0.0,True,0.13583585498351416,0.45278618327838055,0.34,EU MAC,compliant,indeterminate,method_insufficient,True
C4,67,Cybutryne,0.0,True,,,0.016,EU MAC,compliant,indeterminate,unresolved_no_lod,True
C4,67,Cypermethrin,0.0,True,,,0.0006000000000000001,EU MAC,compliant,indeterminate,unresolved_no_lod,True
C4,67,Di(2- ethylhexyl)phthalate (DEHP),11.706368768367664,False,,,2.0,EU MAC,exceeding,exceeding,,False
C4,67,Dichlorvos,0.0,True,,,0.0007,EU MAC,compliant,indeterminate,unresolved_no_lod,True
C4,67,Diuron,0.0,True,,,0.27,EU MAC,compliant,indeterminate,unresolved_no_lod,True
C4,67,Erythromycin,0.0,True,,,1.0,EU MAC,compliant,indeterminate,unresolved_no_lod,True
C4,67,Fluoranthene,0.0,True,,,0.12,EU MAC,compliant,indeterminate,unresolved_no_lod,True
C4,67,Hexachlorobenzene,0.0,True,,,8.0,EU MAC,compliant,indeterminate,unresolved_no_lod,True
C4,67,Imidacloprid,0.0,True,0.6194075722193858,2.0646919073979526,0.057,EU MAC,compliant,indeterminate,method_insufficient,True
C4,67,Isoproturon,0.0,True,,,1.0,EU MAC,compliant,indeterminate,unresolved_no_lod,True
C4,67,Pentachlorobenzene,0.0,True,,,0.007,EU AA,compliant,indeterminate,unresolved_no_lod,True
C4,67,Quinoxyfen,0.0,True,,,2.7,EU MAC,compliant,indeterminate,unresolved_no_lod,True
C4,67,Terbutryn,0.0,True,,,0.34,EU MAC,compliant,indeterminate,unresolved_no_lod,True
C4,67,Thiacloprid,0.0,True,0.08682554171532375,0.28941847238441254,0.05,EU MAC,compliant,indeterminate,method_insufficient,True
C4,67,Triclosan,0.0,True,,,0.02,EU MAC,compliant,indeterminate,unresolved_no_lod,True
C4,67,Trifluralin,0.0,True,,,0.03,EU AA,compliant,indeterminate,unresolved_no_lod,True
C4,68,17-alpha-Estradiol,0.0,True,,,0.00018,EU AA,compliant,indeterminate,unresolved_no_lod,True
C4,68,17-alpha-Ethinylestradiol,0.0,True,,,1.7e-05,EU AA,compliant,indeterminate,unresolved_no_lod,True
C4,68,17-beta-Estradiol,0.0,True,,,0.00018,EU AA,compliant,indeterminate,unresolved_no_lod,True
C4,68,Acetamiprid,0.0,True,0.025237601919248082,0.08412533973082695,0.16,EU MAC,compliant,compliant,,False
C4,68,Aclonifen,0.0,True,,,0.12,EU MAC,compliant,indeterminate,unresolved_no_lod,True
C4,68,Anthracene,0.0,True,,,0.1,EU MAC,compliant,indeterminate,unresolved_no_lod,True
C4,68,Azithromycin,0.0,True,,,0.18,EU MAC,compliant,indeterminate,unresolved_no_lod,True
C4,68,Bifenox,0.0,True,,,0.04,EU MAC,compliant,indeterminate,unresolved_no_lod,True
C4,68,Bisphenol-A,0.0,True,,,130.0,EU MAC,compliant,indeterminate,unresolved_no_lod,True
C4,68,Chlorpyrifos,0.0,True,,,0.0026,EU MAC,compliant,indeterminate,unresolved_no_lod,True
C4,68,Clarithromycin,0.0,True,,,0.13,EU MAC,compliant,indeterminate,unresolved_no_lod,True
C4,68,Clothianidin,0.0,True,0.13583585498351416,0.45278618327838055,0.34,EU MAC,compliant,indeterminate,method_insufficient,True
C4,68,Cybutryne,0.0,True,,,0.016,EU MAC,compliant,indeterminate,unresolved_no_lod,True
C4,68,Cypermethrin,0.0,True,,,0.0006000000000000001,EU MAC,compliant,indeterminate,unresolved_no_lod,True
C4,68,Di(2- ethylhexyl)phthalate (DEHP),0.0,True,,,2.0,EU MAC,compliant,indeterminate,unresolved_no_lod,True
C4,68,Dichlorvos,0.0,True,,,0.0007,EU MAC,compliant,indeterminate,unresolved_no_lod,True
C4,68,Diuron,0.0,True,,,0.27,EU MAC,compliant,indeterminate,unresolved_no_lod,True
C4,68,Erythromycin,0.0,True,,,1.0,EU MAC,compliant,indeterminate,unresolved_no_lod,True
C4,68,Fluoranthene,0.0,True,,,0.12,EU MAC,compliant,indeterminate,unresolved_no_lod,True
C4,68,Hexachlorobenzene,0.0,True,,,8.0,EU MAC,compliant,indeterminate,unresolved_no_lod,True
C4,68,Imidacloprid,0.0,True,0.6194075722193858,2.0646919073979526,0.057,EU MAC,compliant,indeterminate,method_insufficient,True
C4,68,Isoproturon,0.0,True,,,1.0,EU MAC,compliant,indeterminate,unresolved_no_lod,True
C4,68,Pentachlorobenzene,0.0,True,,,0.007,EU AA,compliant,indeterminate,unresolved_no_lod,True
C4,68,Quinoxyfen,0.0,True,,,2.7,EU MAC,compliant,indeterminate,unresolved_no_lod,True
C4,68,Terbutryn,0.0,True,,,0.34,EU MAC,compliant,indeterminate,unresolved_no_lod,True
C4,68,Thiacloprid,0.0,True,0.08682554171532375,0.28941847238441254,0.05,EU MAC,compliant,indeterminate,method_insufficient,True
C4,68,Triclosan,0.0,True,,,0.02,EU MAC,compliant,indeterminate,unresolved_no_lod,True
C4,68,Trifluralin,0.0,True,,,0.03,EU AA,compliant,indeterminate,unresolved_no_lod,True
C4,69,17-alpha-Estradiol,0.0,True,,,0.00018,EU AA,compliant,indeterminate,unresolved_no_lod,True
C4,69,17-alpha-Ethinylestradiol,0.0,True,,,1.7e-05,EU AA,compliant,indeterminate,unresolved_no_lod,True
C4,69,17-beta-Estradiol,0.0,True,,,0.00018,EU AA,compliant,indeterminate,unresolved_no_lod,True
C4,69,Acetamiprid,0.0,True,0.025237601919248082,0.08412533973082695,0.16,EU MAC,compliant,compliant,,False
C4,69,Aclonifen,0.0,True,,,0.12,EU MAC,compliant,indeterminate,unresolved_no_lod,True
C4,69,Anthracene,0.0,True,,,0.1,EU MAC,compliant,indeterminate,unresolved_no_lod,True
C4,69,Azithromycin,0.4948683472043831,False,,,0.18,EU MAC,exceeding,exceeding,,False
C4,69,Bifenox,0.0,True,,,0.04,EU MAC,compliant,indeterminate,unresolved_no_lod,True
C4,69,Bisphenol-A,0.0,True,,,130.0,EU MAC,compliant,indeterminate,unresolved_no_lod,True
C4,69,Chlorpyrifos,0.1943519264729513,False,,,0.0026,EU MAC,exceeding,exceeding,,False
C4,69,Clarithromycin,0.0,True,,,0.13,EU MAC,compliant,indeterminate,unresolved_no_lod,True
C4,69,Clothianidin,0.0,True,0.13583585498351416,0.45278618327838055,0.34,EU MAC,compliant,indeterminate,method_insufficient,True
C4,69,Cybutryne,0.0,True,,,0.016,EU MAC,compliant,indeterminate,unresolved_no_lod,True
C4,69,Cypermethrin,0.0,True,,,0.0006000000000000001,EU MAC,compliant,indeterminate,unresolved_no_lod,True
C4,69,Di(2- ethylhexyl)phthalate (DEHP),12.394236963766504,False,,,2.0,EU MAC,exceeding,exceeding,,False
C4,69,Dichlorvos,0.0,True,,,0.0007,EU MAC,compliant,indeterminate,unresolved_no_lod,True
C4,69,Diuron,0.0,True,,,0.27,EU MAC,compliant,indeterminate,unresolved_no_lod,True
C4,69,Erythromycin,0.0,True,,,1.0,EU MAC,compliant,indeterminate,unresolved_no_lod,True
C4,69,Fluoranthene,0.0,True,,,0.12,EU MAC,compliant,indeterminate,unresolved_no_lod,True
C4,69,Hexachlorobenzene,0.0,True,,,8.0,EU MAC,compliant,indeterminate,unresolved_no_lod,True
C4,69,Imidacloprid,0.0,True,0.6194075722193858,2.0646919073979526,0.057,EU MAC,compliant,indeterminate,method_insufficient,True
C4,69,Isoproturon,0.0,True,,,1.0,EU MAC,compliant,indeterminate,unresolved_no_lod,True
C4,69,Pentachlorobenzene,0.0,True,,,0.007,EU AA,compliant,indeterminate,unresolved_no_lod,True
C4,69,Quinoxyfen,0.0,True,,,2.7,EU MAC,compliant,indeterminate,unresolved_no_lod,True
C4,69,Terbutryn,0.0,True,,,0.34,EU MAC,compliant,indeterminate,unresolved_no_lod,True
C4,69,Thiacloprid,0.0,True,0.08682554171532375,0.28941847238441254,0.05,EU MAC,compliant,indeterminate,method_insufficient,True
C4,69,Triclosan,0.0,True,,,0.02,EU MAC,compliant,indeterminate,unresolved_no_lod,True
C4,69,Trifluralin,0.0,True,,,0.03,EU AA,compliant,indeterminate,unresolved_no_lod,True
C4,70,17-alpha-Estradiol,0.0,True,,,0.00018,EU AA,compliant,indeterminate,unresolved_no_lod,True
C4,70,17-alpha-Ethinylestradiol,0.0,True,,,1.7e-05,EU AA,compliant,indeterminate,unresolved_no_lod,True
C4,70,17-beta-Estradiol,0.0,True,,,0.00018,EU AA,compliant,indeterminate,unresolved_no_lod,True
C4,70,Acetamiprid,1.9153543111585298,False,0.025237601919248082,0.08412533973082695,0.16,EU MAC,exceeding,exceeding,,False
C4,70,Aclonifen,0.0,True,,,0.12,EU MAC,compliant,indeterminate,unresolved_no_lod,True
C4,70,Anthracene,0.0,True,,,0.1,EU MAC,compliant,indeterminate,unresolved_no_lod,True
C4,70,Azithromycin,0.0,True,,,0.18,EU MAC,compliant,indeterminate,unresolved_no_lod,True
C4,70,Bifenox,0.0,True,,,0.04,EU MAC,compliant,indeterminate,unresolved_no_lod,True
C4,70,Bisphenol-A,0.0,True,,,130.0,EU MAC,compliant,indeterminate,unresolved_no_lod,True
C4,70,Chlorpyrifos,0.0,True,,,0.0026,EU MAC,compliant,indeterminate,unresolved_no_lod,True
C4,70,Clarithromycin,0.0,True,,,0.13,EU MAC,compliant,indeterminate,unresolved_no_lod,True
C4,70,Clothianidin,0.0,True,0.13583585498351416,0.45278618327838055,0.34,EU MAC,compliant,indeterminate,method_insufficient,True
C4,70,Cybutryne,0.0,True,,,0.016,EU MAC,compliant,indeterminate,unresolved_no_lod,True
C4,70,Cypermethrin,0.0,True,,,0.0006000000000000001,EU MAC,compliant,indeterminate,unresolved_no_lod,True
C4,70,Di(2- ethylhexyl)phthalate (DEHP),0.0,True,,,2.0,EU MAC,compliant,indeterminate,unresolved_no_lod,True
C4,70,Dichlorvos,0.0,True,,,0.0007,EU MAC,compliant,indeterminate,unresolved_no_lod,True
C4,70,Diuron,0.0,True,,,0.27,EU MAC,compliant,indeterminate,unresolved_no_lod,True
C4,70,Erythromycin,0.0,True,,,1.0,EU MAC,compliant,indeterminate,unresolved_no_lod,True
C4,70,Fluoranthene,0.0,True,,,0.12,EU MAC,compliant,indeterminate,unresolved_no_lod,True
C4,70,Hexachlorobenzene,0.0,True,,,8.0,EU MAC,compliant,indeterminate,unresolved_no_lod,True
C4,70,Imidacloprid,0.0,True,0.6194075722193858,2.0646919073979526,0.057,EU MAC,compliant,indeterminate,method_insufficient,True
C4,70,Isoproturon,0.0,True,,,1.0,EU MAC,compliant,indeterminate,unresolved_no_lod,True
C4,70,Pentachlorobenzene,0.0,True,,,0.007,EU AA,compliant,indeterminate,unresolved_no_lod,True
C4,70,Quinoxyfen,0.0,True,,,2.7,EU MAC,compliant,indeterminate,unresolved_no_lod,True
C4,70,Terbutryn,0.0,True,,,0.34,EU MAC,compliant,indeterminate,unresolved_no_lod,True
C4,70,Thiacloprid,0.0,True,0.08682554171532375,0.28941847238441254,0.05,EU MAC,compliant,indeterminate,method_insufficient,True
C4,70,Triclosan,0.0,True,,,0.02,EU MAC,compliant,indeterminate,unresolved_no_lod,True
C4,70,Trifluralin,0.0,True,,,0.03,EU AA,compliant,indeterminate,unresolved_no_lod,True
C4,71,17-alpha-Estradiol,0.0,True,,,0.00018,EU AA,compliant,indeterminate,unresolved_no_lod,True
C4,71,17-alpha-Ethinylestradiol,0.0,True,,,1.7e-05,EU AA,compliant,indeterminate,unresolved_no_lod,True
C4,71,17-beta-Estradiol,0.0,True,,,0.00018,EU AA,compliant,indeterminate,unresolved_no_lod,True
C4,71,Acetamiprid,0.04986932397005859,False,0.025237601919248082,0.08412533973082695,0.16,EU MAC,compliant,compliant,,False
C4,71,Aclonifen,0.0,True,,,0.12,EU MAC,compliant,indeterminate,unresolved_no_lod,True
C4,71,Anthracene,0.0,True,,,0.1,EU MAC,compliant,indeterminate,unresolved_no_lod,True
C4,71,Azithromycin,0.0,True,,,0.18,EU MAC,compliant,indeterminate,unresolved_no_lod,True
C4,71,Bifenox,0.0,True,,,0.04,EU MAC,compliant,indeterminate,unresolved_no_lod,True
C4,71,Bisphenol-A,0.0,True,,,130.0,EU MAC,compliant,indeterminate,unresolved_no_lod,True
C4,71,Chlorpyrifos,0.0,True,,,0.0026,EU MAC,compliant,indeterminate,unresolved_no_lod,True
C4,71,Clarithromycin,0.0,True,,,0.13,EU MAC,compliant,indeterminate,unresolved_no_lod,True
C4,71,Clothianidin,0.0,True,0.13583585498351416,0.45278618327838055,0.34,EU MAC,compliant,indeterminate,method_insufficient,True
C4,71,Cybutryne,0.0,True,,,0.016,EU MAC,compliant,indeterminate,unresolved_no_lod,True
C4,71,Cypermethrin,0.0,True,,,0.0006000000000000001,EU MAC,compliant,indeterminate,unresolved_no_lod,True
C4,71,Di(2- ethylhexyl)phthalate (DEHP),16.310788929183552,False,,,2.0,EU MAC,exceeding,exceeding,,False
C4,71,Dichlorvos,0.0,True,,,0.0007,EU MAC,compliant,indeterminate,unresolved_no_lod,True
C4,71,Diuron,0.12717056692692771,False,,,0.27,EU MAC,compliant,compliant,,False
C4,71,Erythromycin,0.0,True,,,1.0,EU MAC,compliant,indeterminate,unresolved_no_lod,True
C4,71,Fluoranthene,0.0,True,,,0.12,EU MAC,compliant,indeterminate,unresolved_no_lod,True
C4,71,Hexachlorobenzene,0.0,True,,,8.0,EU MAC,compliant,indeterminate,unresolved_no_lod,True
C4,71,Imidacloprid,0.0,True,0.6194075722193858,2.0646919073979526,0.057,EU MAC,compliant,indeterminate,method_insufficient,True
C4,71,Isoproturon,0.0,True,,,1.0,EU MAC,compliant,indeterminate,unresolved_no_lod,True
C4,71,Pentachlorobenzene,0.0,True,,,0.007,EU AA,compliant,indeterminate,unresolved_no_lod,True
C4,71,Quinoxyfen,0.0,True,,,2.7,EU MAC,compliant,indeterminate,unresolved_no_lod,True
C4,71,Terbutryn,0.005762389417856206,False,,,0.34,EU MAC,compliant,compliant,,False
C4,71,Thiacloprid,0.21322403386003408,False,0.08682554171532375,0.28941847238441254,0.05,EU MAC,exceeding,indeterminate,method_insufficient,True
C4,71,Triclosan,0.0,True,,,0.02,EU MAC,compliant,indeterminate,unresolved_no_lod,True
C4,71,Trifluralin,0.0,True,,,0.03,EU AA,compliant,indeterminate,unresolved_no_lod,True
C4,72,17-alpha-Estradiol,0.0,True,,,0.00018,EU AA,compliant,indeterminate,unresolved_no_lod,True
C4,72,17-alpha-Ethinylestradiol,0.0,True,,,1.7e-05,EU AA,compliant,indeterminate,unresolved_no_lod,True
C4,72,17-beta-Estradiol,0.0,True,,,0.00018,EU AA,compliant,indeterminate,unresolved_no_lod,True
C4,72,Acetamiprid,0.06057289845609109,False,0.025237601919248082,0.08412533973082695,0.16,EU MAC,compliant,compliant,,False
C4,72,Aclonifen,0.0,True,,,0.12,EU MAC,compliant,indeterminate,unresolved_no_lod,True
C4,72,Anthracene,0.0,True,,,0.1,EU MAC,compliant,indeterminate,unresolved_no_lod,True
C4,72,Azithromycin,0.0,True,,,0.18,EU MAC,compliant,indeterminate,unresolved_no_lod,True
C4,72,Bifenox,0.0,True,,,0.04,EU MAC,compliant,indeterminate,unresolved_no_lod,True
C4,72,Bisphenol-A,0.0,True,,,130.0,EU MAC,compliant,indeterminate,unresolved_no_lod,True
C4,72,Chlorpyrifos,0.0,True,,,0.0026,EU MAC,compliant,indeterminate,unresolved_no_lod,True
C4,72,Clarithromycin,0.0,True,,,0.13,EU MAC,compliant,indeterminate,unresolved_no_lod,True
C4,72,Clothianidin,0.0,True,0.13583585498351416,0.45278618327838055,0.34,EU MAC,compliant,indeterminate,method_insufficient,True
C4,72,Cybutryne,0.0,True,,,0.016,EU MAC,compliant,indeterminate,unresolved_no_lod,True
C4,72,Cypermethrin,0.0,True,,,0.0006000000000000001,EU MAC,compliant,indeterminate,unresolved_no_lod,True
C4,72,Di(2- ethylhexyl)phthalate (DEHP),0.0,True,,,2.0,EU MAC,compliant,indeterminate,unresolved_no_lod,True
C4,72,Dichlorvos,0.0,True,,,0.0007,EU MAC,compliant,indeterminate,unresolved_no_lod,True
C4,72,Diuron,0.3932519775658822,False,,,0.27,EU MAC,exceeding,exceeding,,False
C4,72,Erythromycin,0.0,True,,,1.0,EU MAC,compliant,indeterminate,unresolved_no_lod,True
C4,72,Fluoranthene,0.0,True,,,0.12,EU MAC,compliant,indeterminate,unresolved_no_lod,True
C4,72,Hexachlorobenzene,0.0,True,,,8.0,EU MAC,compliant,indeterminate,unresolved_no_lod,True
C4,72,Imidacloprid,0.0,True,0.6194075722193858,2.0646919073979526,0.057,EU MAC,compliant,indeterminate,method_insufficient,True
C4,72,Isoproturon,0.0,True,,,1.0,EU MAC,compliant,indeterminate,unresolved_no_lod,True
C4,72,Pentachlorobenzene,0.0,True,,,0.007,EU AA,compliant,indeterminate,unresolved_no_lod,True
C4,72,Quinoxyfen,0.0,True,,,2.7,EU MAC,compliant,indeterminate,unresolved_no_lod,True
C4,72,Terbutryn,0.0,True,,,0.34,EU MAC,compliant,indeterminate,unresolved_no_lod,True
C4,72,Thiacloprid,0.0,True,0.08682554171532375,0.28941847238441254,0.05,EU MAC,compliant,indeterminate,method_insufficient,True
C4,72,Triclosan,0.0,True,,,0.02,EU MAC,compliant,indeterminate,unresolved_no_lod,True
C4,72,Trifluralin,0.0,True,,,0.03,EU AA,compliant,indeterminate,unresolved_no_lod,True
C4,73,17-alpha-Estradiol,0.0,True,,,0.00018,EU AA,compliant,indeterminate,unresolved_no_lod,True
C4,73,17-alpha-Ethinylestradiol,0.0,True,,,1.7e-05,EU AA,compliant,indeterminate,unresolved_no_lod,True
C4,73,17-beta-Estradiol,0.0,True,,,0.00018,EU AA,compliant,indeterminate,unresolved_no_lod,True
C4,73,Acetamiprid,0.0,True,0.025237601919248082,0.08412533973082695,0.16,EU MAC,compliant,compliant,,False
C4,73,Aclonifen,0.0,True,,,0.12,EU MAC,compliant,indeterminate,unresolved_no_lod,True
C4,73,Anthracene,0.0,True,,,0.1,EU MAC,compliant,indeterminate,unresolved_no_lod,True
C4,73,Azithromycin,0.0,True,,,0.18,EU MAC,compliant,indeterminate,unresolved_no_lod,True
C4,73,Bifenox,0.0,True,,,0.04,EU MAC,compliant,indeterminate,unresolved_no_lod,True
C4,73,Bisphenol-A,0.0,True,,,130.0,EU MAC,compliant,indeterminate,unresolved_no_lod,True
C4,73,Chlorpyrifos,0.0,True,,,0.0026,EU MAC,compliant,indeterminate,unresolved_no_lod,True
C4,73,Clarithromycin,0.0,True,,,0.13,EU MAC,compliant,indeterminate,unresolved_no_lod,True
C4,73,Clothianidin,0.0,True,0.13583585498351416,0.45278618327838055,0.34,EU MAC,compliant,indeterminate,method_insufficient,True
C4,73,Cybutryne,0.0,True,,,0.016,EU MAC,compliant,indeterminate,unresolved_no_lod,True
C4,73,Cypermethrin,0.0,True,,,0.0006000000000000001,EU MAC,compliant,indeterminate,unresolved_no_lod,True
C4,73,Di(2- ethylhexyl)phthalate (DEHP),23.106825588710322,False,,,2.0,EU MAC,exceeding,exceeding,,False
C4,73,Dichlorvos,0.0,True,,,0.0007,EU MAC,compliant,indeterminate,unresolved_no_lod,True
C4,73,Diuron,0.0,True,,,0.27,EU MAC,compliant,indeterminate,unresolved_no_lod,True
C4,73,Erythromycin,0.0,True,,,1.0,EU MAC,compliant,indeterminate,unresolved_no_lod,True
C4,73,Fluoranthene,0.0,True,,,0.12,EU MAC,compliant,indeterminate,unresolved_no_lod,True
C4,73,Hexachlorobenzene,0.0,True,,,8.0,EU MAC,compliant,indeterminate,unresolved_no_lod,True
C4,73,Imidacloprid,0.0,True,0.6194075722193858,2.0646919073979526,0.057,EU MAC,compliant,indeterminate,method_insufficient,True
C4,73,Isoproturon,0.0,True,,,1.0,EU MAC,compliant,indeterminate,unresolved_no_lod,True
C4,73,Pentachlorobenzene,0.0,True,,,0.007,EU AA,compliant,indeterminate,unresolved_no_lod,True
C4,73,Quinoxyfen,0.0,True,,,2.7,EU MAC,compliant,indeterminate,unresolved_no_lod,True
C4,73,Terbutryn,0.0,True,,,0.34,EU MAC,compliant,indeterminate,unresolved_no_lod,True
C4,73,Thiacloprid,0.0,True,0.08682554171532375,0.28941847238441254,0.05,EU MAC,compliant,indeterminate,method_insufficient,True
C4,73,Triclosan,0.0,True,,,0.02,EU MAC,compliant,indeterminate,unresolved_no_lod,True
C4,73,Trifluralin,0.0,True,,,0.03,EU AA,compliant,indeterminate,unresolved_no_lod,True
C4,74,17-alpha-Estradiol,0.0,True,,,0.00018,EU AA,compliant,indeterminate,unresolved_no_lod,True
C4,74,17-alpha-Ethinylestradiol,0.0,True,,,1.7e-05,EU AA,compliant,indeterminate,unresolved_no_lod,True
C4,74,17-beta-Estradiol,0.0,True,,,0.00018,EU AA,compliant,indeterminate,unresolved_no_lod,True
C4,74,Acetamiprid,0.0,True,0.025237601919248082,0.08412533973082695,0.16,EU MAC,compliant,compliant,,False
C4,74,Aclonifen,0.0,True,,,0.12,EU MAC,compliant,indeterminate,unresolved_no_lod,True
C4,74,Anthracene,0.0,True,,,0.1,EU MAC,compliant,indeterminate,unresolved_no_lod,True
C4,74,Azithromycin,0.0,True,,,0.18,EU MAC,compliant,indeterminate,unresolved_no_lod,True
C4,74,Bifenox,0.0,True,,,0.04,EU MAC,compliant,indeterminate,unresolved_no_lod,True
C4,74,Bisphenol-A,0.0,True,,,130.0,EU MAC,compliant,indeterminate,unresolved_no_lod,True
C4,74,Chlorpyrifos,0.0,True,,,0.0026,EU MAC,compliant,indeterminate,unresolved_no_lod,True
C4,74,Clarithromycin,0.0,True,,,0.13,EU MAC,compliant,indeterminate,unresolved_no_lod,True
C4,74,Clothianidin,0.0,True,0.13583585498351416,0.45278618327838055,0.34,EU MAC,compliant,indeterminate,method_insufficient,True
C4,74,Cybutryne,0.0,True,,,0.016,EU MAC,compliant,indeterminate,unresolved_no_lod,True
C4,74,Cypermethrin,0.0,True,,,0.0006000000000000001,EU MAC,compliant,indeterminate,unresolved_no_lod,True
C4,74,Di(2- ethylhexyl)phthalate (DEHP),16.727894173196518,False,,,2.0,EU MAC,exceeding,exceeding,,False
C4,74,Dichlorvos,0.0,True,,,0.0007,EU MAC,compliant,indeterminate,unresolved_no_lod,True
C4,74,Diuron,0.0,True,,,0.27,EU MAC,compliant,indeterminate,unresolved_no_lod,True
C4,74,Erythromycin,0.0,True,,,1.0,EU MAC,compliant,indeterminate,unresolved_no_lod,True
C4,74,Fluoranthene,0.0,True,,,0.12,EU MAC,compliant,indeterminate,unresolved_no_lod,True
C4,74,Hexachlorobenzene,0.0,True,,,8.0,EU MAC,compliant,indeterminate,unresolved_no_lod,True
C4,74,Imidacloprid,0.0,True,0.6194075722193858,2.0646919073979526,0.057,EU MAC,compliant,indeterminate,method_insufficient,True
C4,74,Isoproturon,0.0,True,,,1.0,EU MAC,compliant,indeterminate,unresolved_no_lod,True
C4,74,Pentachlorobenzene,0.0,True,,,0.007,EU AA,compliant,indeterminate,unresolved_no_lod,True
C4,74,Quinoxyfen,0.0,True,,,2.7,EU MAC,compliant,indeterminate,unresolved_no_lod,True
C4,74,Terbutryn,0.0,True,,,0.34,EU MAC,compliant,indeterminate,unresolved_no_lod,True
C4,74,Thiacloprid,0.0,True,0.08682554171532375,0.28941847238441254,0.05,EU MAC,compliant,indeterminate,method_insufficient,True
C4,74,Triclosan,0.0,True,,,0.02,EU MAC,compliant,indeterminate,unresolved_no_lod,True
C4,74,Trifluralin,0.0,True,,,0.03,EU AA,compliant,indeterminate,unresolved_no_lod,True
C4,75,17-alpha-Estradiol,0.0,True,,,0.00018,EU AA,compliant,indeterminate,unresolved_no_lod,True
C4,75,17-alpha-Ethinylestradiol,0.0,True,,,1.7e-05,EU AA,compliant,indeterminate,unresolved_no_lod,True
C4,75,17-beta-Estradiol,0.0,True,,,0.00018,EU AA,compliant,indeterminate,unresolved_no_lod,True
C4,75,Acetamiprid,0.3510968165213986,False,0.025237601919248082,0.08412533973082695,0.16,EU MAC,exceeding,exceeding,,False
C4,75,Aclonifen,0.0,True,,,0.12,EU MAC,compliant,indeterminate,unresolved_no_lod,True
C4,75,Anthracene,0.0,True,,,0.1,EU MAC,compliant,indeterminate,unresolved_no_lod,True
C4,75,Azithromycin,0.0,True,,,0.18,EU MAC,compliant,indeterminate,unresolved_no_lod,True
C4,75,Bifenox,0.0,True,,,0.04,EU MAC,compliant,indeterminate,unresolved_no_lod,True
C4,75,Bisphenol-A,0.0,True,,,130.0,EU MAC,compliant,indeterminate,unresolved_no_lod,True
C4,75,Chlorpyrifos,0.0,True,,,0.0026,EU MAC,compliant,indeterminate,unresolved_no_lod,True
C4,75,Clarithromycin,0.0,True,,,0.13,EU MAC,compliant,indeterminate,unresolved_no_lod,True
C4,75,Clothianidin,0.0,True,0.13583585498351416,0.45278618327838055,0.34,EU MAC,compliant,indeterminate,method_insufficient,True
C4,75,Cybutryne,0.0,True,,,0.016,EU MAC,compliant,indeterminate,unresolved_no_lod,True
C4,75,Cypermethrin,0.0,True,,,0.0006000000000000001,EU MAC,compliant,indeterminate,unresolved_no_lod,True
C4,75,Di(2- ethylhexyl)phthalate (DEHP),13.484150686888242,False,,,2.0,EU MAC,exceeding,exceeding,,False
C4,75,Dichlorvos,0.0,True,,,0.0007,EU MAC,compliant,indeterminate,unresolved_no_lod,True
C4,75,Diuron,0.0,True,,,0.27,EU MAC,compliant,indeterminate,unresolved_no_lod,True
C4,75,Erythromycin,0.0,True,,,1.0,EU MAC,compliant,indeterminate,unresolved_no_lod,True
C4,75,Fluoranthene,0.0,True,,,0.12,EU MAC,compliant,indeterminate,unresolved_no_lod,True
C4,75,Hexachlorobenzene,0.0,True,,,8.0,EU MAC,compliant,indeterminate,unresolved_no_lod,True
C4,75,Imidacloprid,0.0,True,0.6194075722193858,2.0646919073979526,0.057,EU MAC,compliant,indeterminate,method_insufficient,True
C4,75,Isoproturon,0.0,True,,,1.0,EU MAC,compliant,indeterminate,unresolved_no_lod,True
C4,75,Pentachlorobenzene,0.0,True,,,0.007,EU AA,compliant,indeterminate,unresolved_no_lod,True
C4,75,Quinoxyfen,0.0,True,,,2.7,EU MAC,compliant,indeterminate,unresolved_no_lod,True
C4,75,Terbutryn,0.0,True,,,0.34,EU MAC,compliant,indeterminate,unresolved_no_lod,True
C4,75,Thiacloprid,0.0,True,0.08682554171532375,0.28941847238441254,0.05,EU MAC,compliant,indeterminate,method_insufficient,True
C4,75,Triclosan,0.0,True,,,0.02,EU MAC,compliant,indeterminate,unresolved_no_lod,True
C4,75,Trifluralin,0.0,True,,,0.03,EU AA,compliant,indeterminate,unresolved_no_lod,True
