kind,subtype,name,x_3035,y_3035,count,area_km2,seg_id,dist_to_seg_m,pos_along_seg_m
agriculture_groundwater_irrigation,agriculture_groundwater_irrigation,Söğütlüdere Sulama Koop.,5713743.8,2214108.7,1,0.840099,S-120,177.1,31805.3
agriculture_groundwater_irrigation,agriculture_groundwater_irrigation,Taşlısekban YAS,5714864.4,2233643.0,1,1.501846,S-120,881.7,9202.7
agriculture_groundwater_irrigation,agriculture_groundwater_irrigation,Hazinedar YAS,5731206.6,2213671.4,0,0.332601,S-185,1065.5,17739.0
agriculture_groundwater_irrigation,agriculture_groundwater_irrigation,Söğütlüdere Sulama Koop.,5713743.8,2214108.7,0,0.801912,S-254,251.5,9362.1
agriculture_groundwater_irrigation,agriculture_groundwater_irrigation,Musulca Sulama Koop.,5718990.1,2219965.2,1,1.113738,S-272,548.4,144.3
agriculture_groundwater_irrigation,agriculture_groundwater_irrigation,Hazinedar YAS,5731206.6,2213671.4,0,1.912454,S-280,731.2,5736.9
agriculture_groundwater_irrigation,agriculture_groundwater_irrigation,Paşaköy YAS,5784545.3,2205237.5,0,2.854789,S-287,588.5,14059.8
agriculture_groundwater_irrigation,agriculture_groundwater_irrigation,Ahmetbey YAS,5783295.4,2208825.1,1,0.785235,S-292,1448.0,10879.9
agriculture_groundwater_irrigation,agriculture_groundwater_irrigation,Paşaköy YAS,5784545.3,2205237.5,0,1.447498,S-292,550.1,12371.0
agriculture_groundwater_irrigation,agriculture_groundwater_irrigation,Hasköy YAS Sulaması,5717998.5,2214039.0,1,2.985544,S-294,320.9,3751.3
agriculture_groundwater_irrigation,agriculture_groundwater_irrigation,Osmanlı II YAS,5717519.4,2209475.5,1,1.059240,S-294,296.2,9634.4
agriculture_groundwater_irrigation,agriculture_groundwater_irrigation,Müsellim YAS,5794443.8,2216498.5,1,0.567737,S-300,1257.7,0.0
agriculture_groundwater_irrigation,agriculture_groundwater_irrigation,Pınarbaşı YAS,5788472.6,2204713.4,1,1.545956,S-300,506.5,13867.7
agriculture_groundwater_irrigation,agriculture_groundwater_irrigation,Sofular YAS,5787298.6,2205117.2,1,1.451920,S-300,361.8,13963.1
agriculture_groundwater_irrigation,agriculture_groundwater_irrigation,Sazlıdere YAS Sulaması,5704636.4,2209260.4,1,0.466106,S-304,1099.8,7410.7
agriculture_groundwater_irrigation,agriculture_groundwater_irrigation,Tayakadın I II III IV,5701952.7,2206312.5,1,0.039372,S-304,2371.0,11043.0
agriculture_groundwater_irrigation,agriculture_groundwater_irrigation,Sofular YAS,5787298.6,2205117.2,0,0.564636,S-307,494.5,13013.0
agriculture_groundwater_irrigation,agriculture_groundwater_irrigation,Oğulpaşa II Koop.,5708185.1,2210067.1,0,0.794381,S-308,1079.4,6074.1
agriculture_groundwater_irrigation,agriculture_groundwater_irrigation,Beyazköy YAS,5789667.2,2201812.9,0,0.040455,S-314,838.3,14181.2
agriculture_groundwater_irrigation,agriculture_groundwater_irrigation,Necatiye YAS Sulama Koop.,5724767.7,2201490.2,1,0.843500,S-321,185.1,15812.4
agriculture_groundwater_irrigation,agriculture_groundwater_irrigation,Necatiye YAS Sulama Koop.,5723152.7,2204103.5,1,1.647829,S-321,407.0,12122.6
agriculture_groundwater_irrigation,agriculture_groundwater_irrigation,Taptık Sulama Koop.,5724271.9,2208980.6,0,0.695653,S-321,845.2,6643.6
agriculture_groundwater_irrigation,agriculture_groundwater_irrigation,Oğulpaşa I YAS Sulama Koop.,5707561.1,2207330.9,1,2.848206,S-323,869.1,7925.1
agriculture_groundwater_irrigation,agriculture_groundwater_irrigation,Oğulpaşa II Koop.,5708185.1,2210067.1,1,2.978927,S-323,869.6,4727.2
agriculture_groundwater_irrigation,agriculture_groundwater_irrigation,Eskitaşlı YAS,5765962.2,2212333.3,1,2.347310,S-324,567.8,1943.8
agriculture_groundwater_irrigation,agriculture_groundwater_irrigation,Turgutbey I II YAS,5766056.3,2208423.7,0,0.322488,S-324,694.6,5929.2
agriculture_groundwater_irrigation,agriculture_groundwater_irrigation,Beyazköy YAS,5789667.2,2201812.9,0,3.074585,S-330,668.3,13623.8
agriculture_groundwater_irrigation,agriculture_groundwater_irrigation,Pınarbaşı YAS,5788472.6,2204713.4,0,1.464589,S-330,517.5,11621.2
agriculture_groundwater_irrigation,agriculture_groundwater_irrigation,İğneler YAS,5786820.6,2198451.1,1,1.268013,S-330,806.2,18258.3
agriculture_groundwater_irrigation,agriculture_groundwater_irrigation,Ahmetbey YAS,5783295.4,2208825.1,0,0.196309,S-332,1552.8,4169.3
agriculture_groundwater_irrigation,agriculture_groundwater_irrigation,Evrensekiz II YAS,5774840.4,2201358.7,0,0.248259,S-342,79.6,12421.9
agriculture_groundwater_irrigation,agriculture_groundwater_irrigation,Taptık Sulama Koop.,5724271.9,2208980.6,1,1.391306,S-344,673.1,3212.2
agriculture_groundwater_irrigation,agriculture_groundwater_irrigation,Babaeski Pancarköy YAS,5747125.6,2195463.8,1,1.424924,S-347,644.6,19312.7
agriculture_groundwater_irrigation,agriculture_groundwater_irrigation,Müsellim YAS,5750889.5,2203769.0,1,0.815399,S-347,908.0,8684.3
agriculture_groundwater_irrigation,agriculture_groundwater_irrigation,Sofuhalil YAS,5748041.6,2199864.0,1,0.824051,S-347,873.3,14050.1
agriculture_groundwater_irrigation,agriculture_groundwater_irrigation,Hazinedar YAS,5731206.6,2213671.4,1,3.367582,S-349,421.3,855.3
agriculture_groundwater_irrigation,agriculture_groundwater_irrigation,Ayvalı YAS,5758435.7,2201935.3,1,1.134543,S-353,200.8,9385.9
agriculture_groundwater_irrigation,agriculture_groundwater_irrigation,Oğulpaşa I YAS Sulama Koop.,5707561.1,2207330.9,0,0.160462,S-358,1620.6,1653.0
agriculture_groundwater_irrigation,agriculture_groundwater_irrigation,Oğulpaşa II Koop.,5708185.1,2210067.1,0,0.476628,S-358,1317.3,410.2
agriculture_groundwater_irrigation,agriculture_groundwater_irrigation,Umurca YAS,5768649.6,2205421.4,1,0.957974,S-361,746.8,4811.2
agriculture_groundwater_irrigation,agriculture_groundwater_irrigation,Ahmetbey YAS,5783295.4,2208825.1,0,0.078524,S-362,1725.2,813.9
agriculture_groundwater_irrigation,agriculture_groundwater_irrigation,Turgutbey I II YAS,5766056.3,2208423.7,1,2.539595,S-364,295.5,2060.3
agriculture_groundwater_irrigation,agriculture_groundwater_irrigation,Necatiye YAS Sulama Koop.,5723152.7,2204103.5,0,0.038322,S-366,922.8,5817.4
agriculture_groundwater_irrigation,agriculture_groundwater_irrigation,Kuzucu II III YAS,5714485.2,2201468.6,0,1.110209,S-367,1531.9,7898.4
agriculture_groundwater_irrigation,agriculture_groundwater_irrigation,Sarımsaklı Şeker Fab. YAS,5762918.3,2204650.2,1,2.996878,S-383,449.5,4787.4
agriculture_groundwater_irrigation,agriculture_groundwater_irrigation,Türkgeldi Tarım İşl. YAS,5761966.8,2201952.0,1,2.716943,S-383,624.9,7473.5
agriculture_groundwater_irrigation,agriculture_groundwater_irrigation,Kırıkköy YAS,5752623.4,2204822.7,1,1.598326,S-385,471.3,3422.4
agriculture_groundwater_irrigation,agriculture_groundwater_irrigation,Ahmetbey YAS,5783295.4,2208825.1,0,0.157047,S-391,1352.7,0.0
agriculture_groundwater_irrigation,agriculture_groundwater_irrigation,Evrensekiz II YAS,5774840.4,2201358.7,1,1.034413,S-397,372.0,6036.6
agriculture_groundwater_irrigation,agriculture_groundwater_irrigation,Evrensekiz II YAS,5774840.4,2201358.7,0,0.124130,S-398,509.8,7821.8
agriculture_groundwater_irrigation,agriculture_groundwater_irrigation,Sarımsaklı Şeker Fab. YAS,5762918.3,2204650.2,0,0.161993,S-399,387.9,1009.6
agriculture_groundwater_irrigation,agriculture_groundwater_irrigation,Göçerler YAS,5796466.8,2201585.4,0,0.233607,S-407,1048.8,4575.7
agriculture_groundwater_irrigation,agriculture_groundwater_irrigation,Sarımsaklı Şeker Fab. YAS,5762918.3,2204650.2,0,1.457941,S-410,540.6,885.9
agriculture_groundwater_irrigation,agriculture_groundwater_irrigation,Türkgeldi Tarım İşl. YAS,5761966.8,2201952.0,0,0.164663,S-410,60.4,4013.2
agriculture_groundwater_irrigation,agriculture_groundwater_irrigation,Sofuhalil YAS,5748041.6,2199864.0,0,0.784811,S-415,868.5,5831.5
agriculture_groundwater_irrigation,agriculture_groundwater_irrigation,Ayvalı YAS,5758435.7,2201935.3,0,0.340363,S-418,424.8,3482.5
agriculture_groundwater_irrigation,agriculture_groundwater_irrigation,Türkgeldi Tarım İşl. YAS,5761966.8,2201952.0,0,0.658653,S-418,1537.6,3526.7
agriculture_groundwater_irrigation,agriculture_groundwater_irrigation,Göçerler YAS,5796466.8,2201585.4,1,1.168036,S-421,804.8,6539.1
agriculture_groundwater_irrigation,agriculture_groundwater_irrigation,Umurca YAS,5768649.6,2205421.4,0,0.558818,S-422,732.4,8.9
agriculture_groundwater_irrigation,agriculture_groundwater_irrigation,Kuzucu I YAS,5717341.9,2202183.2,0,0.114400,S-424,79.2,2885.9
agriculture_groundwater_irrigation,agriculture_groundwater_irrigation,Paşaköy YAS,5784545.3,2205237.5,0,0.442291,S-426,586.2,349.0
agriculture_groundwater_irrigation,agriculture_groundwater_irrigation,Beyazköy YAS,5789667.2,2201812.9,0,0.080910,S-427,589.7,1563.7
agriculture_groundwater_irrigation,agriculture_groundwater_irrigation,Paşaköy YAS,5784545.3,2205237.5,1,5.548744,S-429,455.4,2779.2
agriculture_groundwater_irrigation,agriculture_groundwater_irrigation,Beyazköy YAS,5789667.2,2201812.9,1,6.068261,S-435,537.0,2192.4
agriculture_groundwater_irrigation,agriculture_groundwater_irrigation,İğneler YAS,5786820.6,2198451.1,0,0.613555,S-435,1014.0,7384.9
agriculture_groundwater_irrigation,agriculture_groundwater_irrigation,Kuzucu I YAS,5717341.9,2202183.2,0,0.343199,S-436,313.4,1169.6
agriculture_groundwater_irrigation,agriculture_groundwater_irrigation,Kuzucu II III YAS,5714485.2,2201468.6,0,0.123357,S-436,1882.6,64.8
agriculture_groundwater_irrigation,agriculture_groundwater_irrigation,Kuzucu I YAS,5717341.9,2202183.2,1,1.372795,S-441,188.3,1132.3
agriculture_groundwater_irrigation,agriculture_groundwater_irrigation,Çukurköy II Sulama Koop.,5716959.8,2199262.7,0,0.871346,S-441,708.4,3809.6
agriculture_groundwater_irrigation,agriculture_groundwater_irrigation,Çukurköy YAS I,5717932.6,2199348.4,1,1.003977,S-441,149.3,4063.8
agriculture_groundwater_irrigation,agriculture_groundwater_irrigation,Ağayeri YAS,5726833.7,2199836.0,1,0.943687,S-445,394.8,2809.9
agriculture_groundwater_irrigation,agriculture_groundwater_irrigation,Akçaköy YAS,5780866.4,2200089.0,0,0.748704,S-448,1545.1,149.8
agriculture_groundwater_irrigation,agriculture_groundwater_irrigation,Evrensekiz I YAS,5774054.8,2198604.6,0,1.266751,S-450,819.3,3008.9
agriculture_groundwater_irrigation,agriculture_groundwater_irrigation,Evrensekiz II YAS,5774840.4,2201358.7,0,0.496518,S-450,668.8,1098.9
agriculture_groundwater_irrigation,agriculture_groundwater_irrigation,Evrensekiz I YAS,5775786.6,2197682.6,0,2.160643,S-451,504.9,3240.3
agriculture_groundwater_irrigation,agriculture_groundwater_irrigation,Evrensekiz I YAS,5774054.8,2198604.6,1,1.939712,S-451,678.6,4742.6
agriculture_groundwater_irrigation,agriculture_groundwater_irrigation,Evrensekiz II YAS,5774840.4,2201358.7,0,0.579271,S-451,694.1,627.0
agriculture_groundwater_irrigation,agriculture_groundwater_irrigation,Türkgeldi Tarım İşl. YAS,5761966.8,2201952.0,0,1.605466,S-456,1034.8,472.3
agriculture_groundwater_irrigation,agriculture_groundwater_irrigation,Ayvalı YAS,5758435.7,2201935.3,0,0.037818,S-457,387.7,181.1
agriculture_groundwater_irrigation,agriculture_groundwater_irrigation,Türkgeldi Tarım İşl. YAS,5761966.8,2201952.0,0,0.288161,S-458,1491.7,0.0
agriculture_groundwater_irrigation,agriculture_groundwater_irrigation,Bakışlar I YAS,5720330.1,2195323.0,0,0.902032,S-463,491.7,5483.4
agriculture_groundwater_irrigation,agriculture_groundwater_irrigation,Kabağaç Sulama Koop.,5721751.2,2199350.5,1,1.058776,S-463,439.2,1324.7
agriculture_groundwater_irrigation,agriculture_groundwater_irrigation,Tahal II Sulama Koop.,5723101.3,2195992.6,0,1.379094,S-463,939.5,5274.7
agriculture_groundwater_irrigation,agriculture_groundwater_irrigation,Aslıhan YAS I,5717382.7,2193836.6,1,2.476696,S-474,287.6,11815.2
agriculture_groundwater_irrigation,agriculture_groundwater_irrigation,Aslıhan YAS sulaması 2. Kı,5719201.1,2192178.9,1,2.151073,S-474,362.8,14646.6
agriculture_groundwater_irrigation,agriculture_groundwater_irrigation,Bakışlar II YAS,5719559.5,2193688.1,1,1.450243,S-474,866.4,14221.1
agriculture_groundwater_irrigation,agriculture_groundwater_irrigation,Ş.bettar YAS Sulaması 1.Kı,5713827.0,2197029.4,1,2.036130,S-474,219.8,5066.3
agriculture_groundwater_irrigation,agriculture_groundwater_irrigation,Ş.bettar YAS Sulaması 2.Kı,5715120.5,2195466.5,1,2.454001,S-474,339.5,7927.5
agriculture_groundwater_irrigation,agriculture_groundwater_irrigation,Karakepir YAS,5744020.4,2196552.8,1,1.830049,S-482,1242.5,2315.7
agriculture_groundwater_irrigation,agriculture_groundwater_irrigation,Akçaköy YAS,5780866.4,2200089.0,1,0.786139,S-483,1404.6,0.0
agriculture_groundwater_irrigation,agriculture_groundwater_irrigation,Evrensekiz I YAS,5775786.6,2197682.6,0,0.314275,S-483,521.6,5390.0
agriculture_groundwater_irrigation,agriculture_groundwater_irrigation,Kuzucu II III YAS,5714485.2,2201468.6,1,1.233565,S-484,1464.4,11.6
agriculture_groundwater_irrigation,agriculture_groundwater_irrigation,Çukurköy II Sulama Koop.,5716959.8,2199262.7,1,1.618215,S-484,498.4,2297.5
agriculture_groundwater_irrigation,agriculture_groundwater_irrigation,Çukurköy YAS I,5717932.6,2199348.4,0,0.083665,S-484,77.9,4036.1
agriculture_groundwater_irrigation,agriculture_groundwater_irrigation,Babaeski Pancarköy YAS,5747125.6,2195463.8,0,0.083819,S-487,858.8,3206.4
agriculture_groundwater_irrigation,agriculture_groundwater_irrigation,Karakepir YAS,5744020.4,2196552.8,0,0.978863,S-487,1317.7,2955.0
agriculture_groundwater_irrigation,agriculture_groundwater_irrigation,Ağayeri YAS,5726833.7,2199836.0,0,0.235922,S-489,669.6,663.4
agriculture_groundwater_irrigation,agriculture_groundwater_irrigation,Evrensekiz I YAS,5774054.8,2198604.6,0,0.395860,S-490,626.9,733.6
agriculture_groundwater_irrigation,agriculture_groundwater_irrigation,Akçaköy YAS,5780866.4,2200089.0,0,0.074870,S-493,1917.2,0.0
agriculture_groundwater_irrigation,agriculture_groundwater_irrigation,Evrensekiz I YAS,5775786.6,2197682.6,1,3.928443,S-497,396.6,878.5
agriculture_groundwater_irrigation,agriculture_groundwater_irrigation,Küçükkarıştıran YAS,5780324.0,2195292.2,1,2.368129,S-499,1232.8,3207.0
agriculture_groundwater_irrigation,agriculture_groundwater_irrigation,Yeşilova YAS,5726885.2,2194222.2,1,1.842761,S-504,892.5,1137.2
agriculture_groundwater_irrigation,agriculture_groundwater_irrigation,Bakışlar I YAS,5720330.1,2195323.0,1,2.470783,S-520,251.3,5180.2
agriculture_groundwater_irrigation,agriculture_groundwater_irrigation,Bakışlar II YAS,5719559.5,2193688.1,0,1.329390,S-520,890.6,5547.8
agriculture_groundwater_irrigation,agriculture_groundwater_irrigation,Çukurköy YAS I,5717932.6,2199348.4,0,0.083665,S-520,108.2,235.6
agriculture_groundwater_irrigation,agriculture_groundwater_irrigation,Hıdırca YAS,5728357.5,2190507.3,0,1.908825,S-522,615.9,4077.9
agriculture_groundwater_irrigation,agriculture_groundwater_irrigation,Kumköy YAS,5727195.9,2192065.7,1,1.916283,S-522,1227.1,2341.3
agriculture_groundwater_irrigation,agriculture_groundwater_irrigation,Yeşilova YAS,5726885.2,2194222.2,0,1.442161,S-522,842.7,1047.0
agriculture_groundwater_irrigation,agriculture_groundwater_irrigation,Tahal I YAS,5723477.7,2192165.2,0,0.322778,S-527,168.5,2761.7
agriculture_groundwater_irrigation,agriculture_groundwater_irrigation,Tahal II Sulama Koop.,5723101.3,2195992.6,1,2.285356,S-527,1040.1,0.0
agriculture_groundwater_irrigation,agriculture_groundwater_irrigation,Küçükkarıştıran YAS,5780324.0,2195292.2,0,1.144596,S-528,1374.6,0.0
agriculture_groundwater_irrigation,agriculture_groundwater_irrigation,Düğüncübaşı YAS,5758699.0,2192119.1,1,0.917331,S-539,475.4,1523.1
agriculture_groundwater_irrigation,agriculture_groundwater_irrigation,Düğüncübaşı YAS,5758699.0,2192119.1,0,0.535110,S-540,658.1,343.1
agriculture_groundwater_irrigation,agriculture_groundwater_irrigation,Tahal I YAS,5723477.7,2192165.2,0,1.008681,S-543,279.6,1626.8
agriculture_groundwater_irrigation,agriculture_groundwater_irrigation,Hıdırca YAS,5728357.5,2190507.3,1,3.506005,S-564,564.2,8273.3
agriculture_groundwater_irrigation,agriculture_groundwater_irrigation,K.salih YAS Sulaması 2.Kıs,5722792.8,2190591.3,0,0.640425,S-564,836.1,1731.3
agriculture_groundwater_irrigation,agriculture_groundwater_irrigation,Kumköy YAS,5727195.9,2192065.7,0,1.486097,S-564,1336.9,5151.1
agriculture_groundwater_irrigation,agriculture_groundwater_irrigation,Tahal I YAS,5723477.7,2192165.2,1,2.178750,S-564,277.4,1556.6
agriculture_groundwater_irrigation,agriculture_groundwater_irrigation,Düğüncübaşı YAS,5758699.0,2192119.1,0,0.152888,S-567,628.0,181.1
agriculture_groundwater_irrigation,agriculture_groundwater_irrigation,Aslıhan YAS sulaması 2. Kı,5719201.1,2192178.9,0,0.124100,S-570,737.8,1170.2
agriculture_groundwater_irrigation,agriculture_groundwater_irrigation,Hıdırca YAS,5728357.5,2190507.3,0,0.233734,S-572,420.8,679.5
agriculture_groundwater_irrigation,agriculture_groundwater_irrigation,Büyük Mandıra YAS,5744522.5,2187785.8,0,0.117538,S-578,922.8,13395.2
agriculture_groundwater_irrigation,agriculture_groundwater_irrigation,Pehlivanköy Merkez YAS,5730993.8,2187368.7,0,1.592978,S-586,921.7,1254.2
agriculture_groundwater_irrigation,agriculture_groundwater_irrigation,Büyük Mandıra YAS,5744522.5,2187785.8,0,0.783585,S-588,455.8,60.3
agriculture_groundwater_irrigation,agriculture_groundwater_irrigation,Pehlivanköy Merkez YAS,5730993.8,2187368.7,0,0.876138,S-589,977.0,1604.5
agriculture_groundwater_irrigation,agriculture_groundwater_irrigation,K.salih YAS Sulaması 1.Kıs,5723021.7,2189137.8,1,2.311816,S-591,160.4,3331.9
agriculture_groundwater_irrigation,agriculture_groundwater_irrigation,K.salih YAS Sulaması 2.Kıs,5722792.8,2190591.3,1,1.366240,S-591,662.7,1972.3
agriculture_groundwater_irrigation,agriculture_groundwater_irrigation,Büyük Mandıra YAS,5744522.5,2187785.8,0,1.057840,S-594,595.6,1485.1
agriculture_groundwater_irrigation,agriculture_groundwater_irrigation,Büyük Mandıra YAS,5744522.5,2187785.8,1,1.880605,S-609,618.4,5557.7
agriculture_groundwater_irrigation,agriculture_groundwater_irrigation,Pehlivanköy Merkez YAS,5730993.8,2187368.7,1,1.951398,S-614,932.9,1767.6
agriculture_groundwater_irrigation,agriculture_groundwater_irrigation,İnanlı YAS,5776847.0,2182240.5,0,0.204225,S-619,1649.1,2398.5
agriculture_groundwater_irrigation,agriculture_groundwater_irrigation,İnanlı YAS,5776847.0,2182240.5,1,1.143658,S-623,1360.3,1483.1
agriculture_groundwater_irrigation,agriculture_groundwater_irrigation,İnanlı YAS,5776847.0,2182240.5,0,0.857744,S-638,1378.4,0.0
agriculture_groundwater_irrigation,agriculture_groundwater_irrigation,Arzulu YAS,5774734.1,2178838.9,1,1.075996,S-640,541.8,13754.9
agriculture_groundwater_irrigation,agriculture_groundwater_irrigation,Yakupbey YAS,5700785.0,2167376.9,1,0.163432,S-781,2422.9,0.0
agriculture_groundwater_irrigation,agriculture_groundwater_irrigation,Kurtbey YAS Sulaması,5707800.9,2160714.0,0,0.356054,S-809,1712.3,0.0
agriculture_groundwater_irrigation,agriculture_groundwater_irrigation,Kurtbey YAS Sulaması,5707800.9,2160714.0,1,1.147284,S-810,1371.7,410.2
agriculture_groundwater_irrigation,agriculture_groundwater_irrigation,Şalgamlı YAS,5743965.3,2154880.9,0,0.721004,S-845,312.7,5188.2
agriculture_groundwater_irrigation,agriculture_groundwater_irrigation,Şalgamlı YAS,5743965.3,2154880.9,1,1.442008,S-860,259.8,864.7
agriculture_groundwater_irrigation,agriculture_groundwater_irrigation,Türkobası YAS Sulaması,5708062.0,2153780.1,1,2.204155,S-865,820.7,5453.8
agriculture_groundwater_irrigation,agriculture_groundwater_irrigation,Şalgamlı YAS,5743965.3,2154880.9,0,1.401952,S-866,200.2,4935.2
agriculture_groundwater_irrigation,agriculture_groundwater_irrigation,Türkobası YAS Sulaması,5708062.0,2153780.1,0,0.801511,S-868,1249.2,9.7
agriculture_groundwater_irrigation,agriculture_groundwater_irrigation,Domurcalı YAS Sulama Koop.,5709824.1,2233605.6,1,0.697449,S-97,2256.2,10197.6
agriculture_groundwater_irrigation,agriculture_groundwater_irrigation,Yağcılı YAS sulama koop.,5711031.1,2231940.8,1,1.302723,S-97,878.9,11939.5
agriculture_surface_irrigation,agriculture_surface_irrigation,BEYCİ-2 GÖLETİ SULAMASI,5724908.4,2264873.2,1,0.065720,S-01,201.6,2701.4
agriculture_surface_irrigation,agriculture_surface_irrigation,BEYCİ-1 GÖLETİ SULAMASI,5724775.5,2262846.7,0,0.669193,S-05,168.3,3480.7
agriculture_surface_irrigation,agriculture_surface_irrigation,BEYCİ-1 GÖLETİ SULAMASI,5726511.1,2265123.7,1,0.388618,S-05,207.8,1538.2
agriculture_surface_irrigation,agriculture_surface_irrigation,BEYCİ-1 GÖLETİ SULAMASI,5724775.5,2262846.7,0,0.236186,S-06,245.1,699.6
agriculture_surface_irrigation,agriculture_surface_irrigation,BEYCİ-2 GÖLETİ SULAMASI,5723215.7,2262809.1,0,0.159709,S-06,208.5,1237.9
agriculture_surface_irrigation,agriculture_surface_irrigation,BEYCİ-1 GÖLETİ SULAMASI,5724775.5,2262846.7,0,0.944743,S-09,388.8,1031.8
agriculture_surface_irrigation,agriculture_surface_irrigation,BEYCİ-2 GÖLETİ SULAMASI,5723215.7,2262809.1,0,0.798545,S-09,294.1,1000.7
agriculture_surface_irrigation,agriculture_surface_irrigation,BEYCİ-1 GÖLETİ SULAMASI,5724775.5,2262846.7,1,1.062836,S-10,401.1,12373.4
agriculture_surface_irrigation,agriculture_surface_irrigation,KURUDERE GÖLETİ SULAMASI,5770162.8,2240786.2,0,0.278769,S-100,921.2,285.8
agriculture_surface_irrigation,agriculture_surface_irrigation,ÜSKÜP GÖLETİ SULAMASI,5760693.0,2238302.8,1,1.766489,S-102,360.3,3565.3
agriculture_surface_irrigation,agriculture_surface_irrigation,ÜSKÜP GÖLETİ SULAMASI YENİLEMESİ,5760632.0,2238258.0,1,2.004511,S-102,510.8,3655.9
agriculture_surface_irrigation,agriculture_surface_irrigation,KURUDERE GÖLETİ SULAMASI,5770162.8,2240786.2,0,0.238944,S-104,590.6,1341.2
agriculture_surface_irrigation,agriculture_surface_irrigation,TATARLAR GÖLETİ SULAMASI,5716047.4,2238631.6,1,0.056719,S-106,119.2,2167.8
agriculture_surface_irrigation,agriculture_surface_irrigation,TATARLAR GÖLETİ SULAMASI,5717025.4,2238402.7,1,1.408399,S-106,263.5,2685.6
agriculture_surface_irrigation,agriculture_surface_irrigation,TATARLAR GÖLETİ SULAMASI,5715222.5,2238972.3,0,0.329170,S-106,301.7,1632.8
agriculture_surface_irrigation,agriculture_surface_irrigation,YENİCE(PINARHİSAR) GÖLETİ SULAMASI,5778154.3,2236739.3,0,0.234149,S-108,576.7,858.3
agriculture_surface_irrigation,agriculture_surface_irrigation,YENİCE(PINARHİSAR) GÖLETİ SULAMASI,5776482.7,2239601.6,0,0.255877,S-108,291.2,750.6
agriculture_surface_irrigation,agriculture_surface_irrigation,BEYCİ-2 GÖLETİ SULAMASI,5723215.7,2262809.1,1,0.918327,S-11,634.5,25.7
agriculture_surface_irrigation,agriculture_surface_irrigation,KIRKLARELİ ERİKLİCE GÖLETİ SULAMASI,5740684.7,2234736.4,0,0.037409,S-111,123.7,5501.4
agriculture_surface_irrigation,agriculture_surface_irrigation,YENİCE(PINARHİSAR) GÖLETİ SULAMASI,5778154.3,2236739.3,1,4.526876,S-112,575.2,1357.0
agriculture_surface_irrigation,agriculture_surface_irrigation,İSLAMBEYLİ GÖLETİ SULAMASI,5776983.3,2237394.4,0,0.030556,S-112,123.7,2901.9
agriculture_surface_irrigation,agriculture_surface_irrigation,ÜSKÜP GÖLETİ SULAMASI,5760693.0,2238302.8,0,0.082162,S-113,215.4,339.5
agriculture_surface_irrigation,agriculture_surface_irrigation,ÜSKÜP GÖLETİ SULAMASI YENİLEMESİ,5760632.0,2238258.0,0,0.721624,S-113,284.5,140.7
agriculture_surface_irrigation,agriculture_surface_irrigation,YENİCE(PINARHİSAR) GÖLETİ SULAMASI,5776424.0,2237341.3,1,0.091359,S-115,383.7,1554.6
agriculture_surface_irrigation,agriculture_surface_irrigation,YENİCE(PINARHİSAR) GÖLETİ SULAMASI,5778154.3,2236739.3,0,1.287818,S-115,244.5,1243.2
agriculture_surface_irrigation,agriculture_surface_irrigation,İSLAMBEYLİ GÖLETİ SULAMASI,5776983.3,2237394.4,1,0.244449,S-115,116.0,1708.0
agriculture_surface_irrigation,agriculture_surface_irrigation,TATARLAR GÖLETİ SULAMASI,5717025.4,2238402.7,0,0.885279,S-116,331.9,436.0
agriculture_surface_irrigation,agriculture_surface_irrigation,SERGEN GÖLETİ SULAMASI,5784881.3,2238665.0,1,3.721253,S-119,611.4,331.9
agriculture_surface_irrigation,agriculture_surface_irrigation,BEYCİ-1 GÖLETİ SULAMASI,5724775.5,2262846.7,0,0.039364,S-12,598.2,85.4
agriculture_surface_irrigation,agriculture_surface_irrigation,SÜLOĞLU BARAJI SULAMASI,5716467.6,2223520.9,1,8.971710,S-120,781.1,21895.5
agriculture_surface_irrigation,agriculture_surface_irrigation,SÜLOĞLU BARAJI SULAMASI REHABİLİTASYONU,5716467.6,2223520.9,1,8.971710,S-120,781.1,21895.5
agriculture_surface_irrigation,agriculture_surface_irrigation,TATARLAR GÖLETİ SULAMASI,5715222.5,2238972.3,1,0.621765,S-120,234.2,3106.8
agriculture_surface_irrigation,agriculture_surface_irrigation,ÇAYIRDERE BARAJI SULAMASI,5769941.6,2235271.5,1,0.006371,S-122,491.4,3422.1
agriculture_surface_irrigation,agriculture_surface_irrigation,ÇAYIRDERE BARAJI SULAMASI,5770159.4,2235730.7,1,0.077960,S-122,106.8,3144.1
agriculture_surface_irrigation,agriculture_surface_irrigation,ÇAYIRDERE BARAJI SULAMASI,5770172.2,2236205.7,1,0.110397,S-122,273.7,2903.9
agriculture_surface_irrigation,agriculture_surface_irrigation,ÇAYIRDERE BARAJI SULAMASI,5770779.6,2236507.4,1,0.013688,S-122,42.1,2109.7
agriculture_surface_irrigation,agriculture_surface_irrigation,ÇAYIRDERE BARAJI SULAMASI,5770638.7,2236481.7,1,0.035428,S-122,76.2,2164.9
agriculture_surface_irrigation,agriculture_surface_irrigation,ÇAYIRDERE BARAJI SULAMASI,5770791.6,2236754.1,1,0.012005,S-122,79.1,1852.7
agriculture_surface_irrigation,agriculture_surface_irrigation,ÜSKÜP GÖLETİ SULAMASI,5760693.0,2238302.8,0,0.410811,S-125,1104.3,941.1
agriculture_surface_irrigation,agriculture_surface_irrigation,ÜSKÜP GÖLETİ SULAMASI YENİLEMESİ,5760632.0,2238258.0,0,0.521173,S-125,1229.8,958.5
agriculture_surface_irrigation,agriculture_surface_irrigation,DOLHAN GÖLETİ SULAMASI,5728645.5,2233606.2,1,0.666510,S-126,163.7,4927.2
agriculture_surface_irrigation,agriculture_surface_irrigation,DOLHAN GÖLETİ SULAMASI,5729021.7,2233899.1,1,1.032347,S-126,187.1,4540.1
agriculture_surface_irrigation,agriculture_surface_irrigation,KAYALIKÖY BARAJI  SULAMASI,5728731.5,2226441.6,0,8.680829,S-126,469.5,9992.6
agriculture_surface_irrigation,agriculture_surface_irrigation,KAYALIKÖY BARAJI REVİZE SULAMASI,5728731.5,2226441.6,0,8.680829,S-126,469.5,9992.6
agriculture_surface_irrigation,agriculture_surface_irrigation,ÇAYIRDERE BARAJI SULAMASI,5768379.7,2235971.3,1,1.492066,S-129,306.8,1230.5
agriculture_surface_irrigation,agriculture_surface_irrigation,ÇAYIRDERE BARAJI SULAMASI,5768379.7,2235971.3,0,0.157060,S-131,590.0,591.2
agriculture_surface_irrigation,agriculture_surface_irrigation,YENİCE(PINARHİSAR) GÖLETİ SULAMASI,5778154.3,2236739.3,0,0.780496,S-132,232.0,1279.9
agriculture_surface_irrigation,agriculture_surface_irrigation,İSLAMBEYLİ GÖLETİ SULAMASI,5777109.8,2235106.2,1,0.723917,S-132,154.3,1556.3
agriculture_surface_irrigation,agriculture_surface_irrigation,KIRKLARELİ ERİKLİCE GÖLETİ SULAMASI,5740684.3,2231843.9,0,0.121799,S-135,1853.8,4083.8
agriculture_surface_irrigation,agriculture_surface_irrigation,KIRKLARELİ SULAMASI,5743080.6,2220070.4,0,3.562514,S-135,284.1,9630.6
agriculture_surface_irrigation,agriculture_surface_irrigation,KAYALIKÖY BARAJI  SULAMASI,5735171.7,2228364.6,0,0.513425,S-136,114.6,5708.8
agriculture_surface_irrigation,agriculture_surface_irrigation,KAYALIKÖY BARAJI  SULAMASI,5736946.4,2222414.1,0,1.597697,S-136,273.7,5391.0
agriculture_surface_irrigation,agriculture_surface_irrigation,KAYALIKÖY BARAJI REVİZE SULAMASI,5735171.7,2228364.6,0,0.513425,S-136,114.6,5708.8
agriculture_surface_irrigation,agriculture_surface_irrigation,KAYALIKÖY BARAJI REVİZE SULAMASI,5736946.4,2222414.1,0,1.597697,S-136,273.7,5391.0
agriculture_surface_irrigation,agriculture_surface_irrigation,ÇAYIRDERE BARAJI SULAMASI,5769220.4,2235299.4,1,0.243727,S-137,273.5,682.7
agriculture_surface_irrigation,agriculture_surface_irrigation,ÇAYIRDERE BARAJI SULAMASI,5768379.7,2235971.3,0,0.746033,S-137,239.8,900.4
agriculture_surface_irrigation,agriculture_surface_irrigation,KAYALIKÖY BARAJI  SULAMASI,5728731.5,2226441.6,0,13.041246,S-138,531.3,6275.8
agriculture_surface_irrigation,agriculture_surface_irrigation,KAYALIKÖY BARAJI REVİZE SULAMASI,5728731.5,2226441.6,0,13.041246,S-138,531.3,6275.8
agriculture_surface_irrigation,agriculture_surface_irrigation,KIZIKCIKDERE SULAMASI,5748308.4,2235823.3,0,0.239456,S-139,1890.5,10.4
agriculture_surface_irrigation,agriculture_surface_irrigation,YENİCE(PINARHİSAR) GÖLETİ SULAMASI,5778154.3,2236739.3,0,3.902479,S-140,662.8,313.6
agriculture_surface_irrigation,agriculture_surface_irrigation,İSLAMBEYLİ GÖLETİ SULAMASI,5777109.8,2235106.2,0,0.076202,S-140,82.0,1910.4
agriculture_surface_irrigation,agriculture_surface_irrigation,KERAMETTİN GÖLETİ SULAMASI YENİLEMESİ,5722318.7,2232483.9,0,0.041292,S-141,1688.4,0.0
agriculture_surface_irrigation,agriculture_surface_irrigation,KIRKLARELİ SULAMASI,5743080.6,2220070.4,0,6.964915,S-142,634.8,6790.6
agriculture_surface_irrigation,agriculture_surface_irrigation,KIZIKCIKDERE SULAMASI,5748308.4,2235823.3,0,0.878004,S-142,1057.7,359.8
agriculture_surface_irrigation,agriculture_surface_irrigation,ÇAYIRDERE BARAJI SULAMASI,5768379.7,2235971.3,0,0.510444,S-143,264.8,598.1
agriculture_surface_irrigation,agriculture_surface_irrigation,KIRKLARELİ ERİKLİCE GÖLETİ SULAMASI,5740684.3,2231843.9,0,1.826988,S-144,968.0,1038.0
agriculture_surface_irrigation,agriculture_surface_irrigation,KERAMETTİN GÖLETİ SULAMASI,5722419.6,2232225.2,1,5.612420,S-145,600.3,3765.2
agriculture_surface_irrigation,agriculture_surface_irrigation,KERAMETTİN GÖLETİ SULAMASI YENİLEMESİ,5722318.7,2232483.9,1,6.730633,S-145,696.9,3432.8
agriculture_surface_irrigation,agriculture_surface_irrigation,KAYALIKÖY BARAJI  SULAMASI,5736946.4,2222414.1,0,1.557754,S-146,1090.8,8539.2
agriculture_surface_irrigation,agriculture_surface_irrigation,KAYALIKÖY BARAJI REVİZE SULAMASI,5736946.4,2222414.1,0,1.557754,S-146,1090.8,8539.2
agriculture_surface_irrigation,agriculture_surface_irrigation,KIRKLARELİ ERİKLİCE GÖLETİ SULAMASI,5740765.6,2232578.5,1,0.042128,S-146,1002.0,2395.3
agriculture_surface_irrigation,agriculture_surface_irrigation,KIRKLARELİ ERİKLİCE GÖLETİ SULAMASI,5740684.3,2231843.9,0,2.314185,S-146,942.0,1980.8
agriculture_surface_irrigation,agriculture_surface_irrigation,KIRKLARELİ ERİKLİCE GÖLETİ SULAMASI,5740684.7,2234736.4,1,0.112228,S-146,193.4,339.7
agriculture_surface_irrigation,agriculture_surface_irrigation,KIRKLARELİ ERİKLİCE GÖLETİ SULAMASI,5740319.8,2234906.1,1,0.072396,S-146,449.8,595.0
agriculture_surface_irrigation,agriculture_surface_irrigation,KIRKLARELİ ERİKLİCE GÖLETİ SULAMASI,5739913.9,2234832.6,1,0.077328,S-146,676.1,701.0
agriculture_surface_irrigation,agriculture_surface_irrigation,KIRKLARELİ ERİKLİCE GÖLETİ SULAMASI,5739472.2,2234629.9,1,0.327508,S-146,965.3,930.9
agriculture_surface_irrigation,agriculture_surface_irrigation,KAYALIKÖY BARAJI  SULAMASI,5728731.5,2226441.6,1,16.321559,S-147,483.8,6928.9
agriculture_surface_irrigation,agriculture_surface_irrigation,KAYALIKÖY BARAJI REVİZE SULAMASI,5728731.5,2226441.6,1,16.321559,S-147,483.8,6928.9
agriculture_surface_irrigation,agriculture_surface_irrigation,KIZIKCIKDERE SULAMASI,5752932.8,2229431.3,0,2.114971,S-150,529.2,3441.9
agriculture_surface_irrigation,agriculture_surface_irrigation,YÜNDALAN GÖLETİ SULAMASI,5756342.4,2234045.7,1,1.117777,S-150,360.7,194.7
agriculture_surface_irrigation,agriculture_surface_irrigation,YÜNDALAN GÖLETİ SULAMASI,5755948.6,2235302.8,1,0.012941,S-150,1249.7,0.0
agriculture_surface_irrigation,agriculture_surface_irrigation,SÜLOĞLU BARAJI SULAMASI,5716467.6,2223520.9,0,0.727436,S-151,287.3,4917.7
agriculture_surface_irrigation,agriculture_surface_irrigation,SÜLOĞLU BARAJI SULAMASI,5719428.6,2229241.8,1,1.639928,S-151,372.3,4832.7
agriculture_surface_irrigation,agriculture_surface_irrigation,SÜLOĞLU BARAJI SULAMASI,5719165.1,2231053.6,1,0.046656,S-151,128.2,3192.5
agriculture_surface_irrigation,agriculture_surface_irrigation,SÜLOĞLU BARAJI SULAMASI,5719687.9,2231307.5,1,0.019312,S-151,423.0,3262.4
agriculture_surface_irrigation,agriculture_surface_irrigation,SÜLOĞLU BARAJI SULAMASI,5719432.5,2231230.8,1,0.093666,S-151,168.5,3262.4
agriculture_surface_irrigation,agriculture_surface_irrigation,SÜLOĞLU BARAJI SULAMASI,5719500.5,2231543.7,1,0.060267,S-151,388.4,2673.5
agriculture_surface_irrigation,agriculture_surface_irrigation,SÜLOĞLU BARAJI SULAMASI,5719372.5,2232903.1,1,0.112515,S-151,163.1,1127.3
agriculture_surface_irrigation,agriculture_surface_irrigation,SÜLOĞLU BARAJI SULAMASI,5719122.6,2232680.1,1,0.462634,S-151,114.5,1466.8
agriculture_surface_irrigation,agriculture_surface_irrigation,SÜLOĞLU BARAJI SULAMASI REHABİLİTASYONU,5716467.6,2223520.9,0,0.727436,S-151,287.3,4917.7
agriculture_surface_irrigation,agriculture_surface_irrigation,SÜLOĞLU BARAJI SULAMASI REHABİLİTASYONU,5719428.6,2229241.8,1,1.639928,S-151,372.3,4832.7
agriculture_surface_irrigation,agriculture_surface_irrigation,SÜLOĞLU BARAJI SULAMASI REHABİLİTASYONU,5719165.1,2231053.6,1,0.046656,S-151,128.2,3192.5
agriculture_surface_irrigation,agriculture_surface_irrigation,SÜLOĞLU BARAJI SULAMASI REHABİLİTASYONU,5719687.9,2231307.5,1,0.019312,S-151,423.0,3262.4
agriculture_surface_irrigation,agriculture_surface_irrigation,SÜLOĞLU BARAJI SULAMASI REHABİLİTASYONU,5719432.5,2231230.8,1,0.093666,S-151,168.5,3262.4
agriculture_surface_irrigation,agriculture_surface_irrigation,SÜLOĞLU BARAJI SULAMASI REHABİLİTASYONU,5719500.5,2231543.7,1,0.060267,S-151,388.4,2673.5
agriculture_surface_irrigation,agriculture_surface_irrigation,SÜLOĞLU BARAJI SULAMASI REHABİLİTASYONU,5719372.5,2232903.1,1,0.112515,S-151,163.1,1127.3
agriculture_surface_irrigation,agriculture_surface_irrigation,SÜLOĞLU BARAJI SULAMASI REHABİLİTASYONU,5719122.6,2232680.1,1,0.462634,S-151,114.5,1466.8
agriculture_surface_irrigation,agriculture_surface_irrigation,ÇAYIRDERE BARAJI SULAMASI,5764805.6,2227063.0,0,1.110769,S-152,390.5,3681.0
agriculture_surface_irrigation,agriculture_surface_irrigation,EVRENCİK SOFULAR GÖLETİ SULAMASI,5786575.7,2232016.0,1,3.154170,S-153,641.6,1411.4
agriculture_surface_irrigation,agriculture_surface_irrigation,İSLAMBEYLİ GÖLETİ SULAMASI,5777197.5,2227283.3,1,10.055487,S-155,584.0,7520.1
agriculture_surface_irrigation,agriculture_surface_irrigation,İSLAMBEYLİ GÖLETİ SULAMASI,5777582.5,2232313.4,1,0.396493,S-155,109.3,1433.3
agriculture_surface_irrigation,agriculture_surface_irrigation,KAYALIKÖY BARAJI  SULAMASI,5728731.5,2226441.6,0,7.520718,S-156,440.7,4277.3
agriculture_surface_irrigation,agriculture_surface_irrigation,KAYALIKÖY BARAJI REVİZE SULAMASI,5728731.5,2226441.6,0,7.520718,S-156,440.7,4277.3
agriculture_surface_irrigation,agriculture_surface_irrigation,ÇAYIRDERE BARAJI SULAMASI,5763562.0,2230805.9,1,0.007085,S-158,525.5,2925.1
agriculture_surface_irrigation,agriculture_surface_irrigation,ÇAYIRDERE BARAJI SULAMASI,5764805.6,2227063.0,0,0.357033,S-158,125.9,2343.1
agriculture_surface_irrigation,agriculture_surface_irrigation,KIZIKCIKDERE SULAMASI,5752932.8,2229431.3,0,0.917817,S-159,434.7,123.5
agriculture_surface_irrigation,agriculture_surface_irrigation,KAYALIKÖY BARAJI  SULAMASI,5735171.7,2228364.6,0,0.157977,S-160,121.0,2996.2
agriculture_surface_irrigation,agriculture_surface_irrigation,KAYALIKÖY BARAJI REVİZE SULAMASI,5735171.7,2228364.6,0,0.157977,S-160,121.0,2996.2
agriculture_surface_irrigation,agriculture_surface_irrigation,AHMETBEY GÖLETİ  EK -1 SOĞUCAK SULAMASI,5781234.9,2227707.2,0,0.189407,S-162,80.1,3276.7
agriculture_surface_irrigation,agriculture_surface_irrigation,KIZIKCIKDERE SULAMASI,5752932.8,2229431.3,0,1.117343,S-163,457.5,426.5
agriculture_surface_irrigation,agriculture_surface_irrigation,KIRKLARELİ SULAMASI,5743080.6,2220070.4,0,3.562514,S-164,518.9,3062.8
agriculture_surface_irrigation,agriculture_surface_irrigation,KIZIKCIKDERE SULAMASI,5752932.8,2229431.3,0,2.793358,S-166,507.7,627.0
agriculture_surface_irrigation,agriculture_surface_irrigation,AHMETBEY GÖLETİ EK-2 KAYNARCA SULAMASI,5767240.7,2226614.0,1,2.561167,S-167,219.6,4313.1
agriculture_surface_irrigation,agriculture_surface_irrigation,ÇAYIRDERE BARAJI SULAMASI,5768167.3,2227602.1,0,0.362024,S-167,118.3,5069.6
agriculture_surface_irrigation,agriculture_surface_irrigation,ÇAYIRDERE BARAJI SULAMASI,5766286.6,2230910.0,1,0.028588,S-167,24.1,784.1
agriculture_surface_irrigation,agriculture_surface_irrigation,ÇAYIRDERE BARAJI SULAMASI,5764805.6,2227063.0,0,7.894393,S-167,906.9,3501.8
agriculture_surface_irrigation,agriculture_surface_irrigation,KIZIKCIKDERE SULAMASI,5752932.8,2229431.3,1,6.823773,S-168,689.3,2043.6
agriculture_surface_irrigation,agriculture_surface_irrigation,ÇAYIRDERE BARAJI SULAMASI,5760988.9,2222347.3,0,0.039701,S-171,672.0,8761.6
agriculture_surface_irrigation,agriculture_surface_irrigation,ÇAYIRDERE BARAJI SULAMASI,5763929.0,2226392.9,1,0.029144,S-171,755.5,5077.4
agriculture_surface_irrigation,agriculture_surface_irrigation,ÇAYIRDERE BARAJI SULAMASI,5764124.9,2229729.0,1,0.026287,S-171,212.4,1355.3
agriculture_surface_irrigation,agriculture_surface_irrigation,ÇAYIRDERE BARAJI SULAMASI,5764805.6,2227063.0,1,12.932523,S-171,812.0,5345.0
agriculture_surface_irrigation,agriculture_surface_irrigation,ÇAYIRDERE BARAJI SULAMASI,5761630.2,2229448.4,0,0.396549,S-171,1224.1,1380.9
agriculture_surface_irrigation,agriculture_surface_irrigation,ÇAYIRDERE BARAJI SULAMASI,5761630.2,2229448.4,1,1.705160,S-172,1047.7,208.7
agriculture_surface_irrigation,agriculture_surface_irrigation,KAYALIKÖY BARAJI  SULAMASI,5736946.4,2222414.1,0,8.787331,S-173,871.3,5064.0
agriculture_surface_irrigation,agriculture_surface_irrigation,KAYALIKÖY BARAJI REVİZE SULAMASI,5736946.4,2222414.1,0,8.787331,S-173,871.3,5064.0
agriculture_surface_irrigation,agriculture_surface_irrigation,KIRKLARELİ ERİKLİCE GÖLETİ SULAMASI,5740684.3,2231843.9,1,4.019373,S-173,850.2,912.1
agriculture_surface_irrigation,agriculture_surface_irrigation,ÇAYIRDERE BARAJI SULAMASI,5761630.2,2229448.4,0,1.189647,S-176,1336.7,1889.5
agriculture_surface_irrigation,agriculture_surface_irrigation,KAYALIKÖY BARAJI  SULAMASI,5728731.5,2226441.6,0,0.680065,S-177,834.0,1092.4
agriculture_surface_irrigation,agriculture_surface_irrigation,KAYALIKÖY BARAJI REVİZE SULAMASI,5728731.5,2226441.6,0,0.680065,S-177,834.0,1092.4
agriculture_surface_irrigation,agriculture_surface_irrigation,KAYALIKÖY BARAJI  SULAMASI,5735171.7,2228364.6,0,0.276460,S-178,88.6,463.4
agriculture_surface_irrigation,agriculture_surface_irrigation,KAYALIKÖY BARAJI  SULAMASI,5736946.4,2222414.1,0,0.119827,S-178,220.6,464.9
agriculture_surface_irrigation,agriculture_surface_irrigation,KAYALIKÖY BARAJI REVİZE SULAMASI,5735171.7,2228364.6,0,0.276460,S-178,88.6,463.4
agriculture_surface_irrigation,agriculture_surface_irrigation,KAYALIKÖY BARAJI REVİZE SULAMASI,5736946.4,2222414.1,0,0.119827,S-178,220.6,464.9
agriculture_surface_irrigation,agriculture_surface_irrigation,AHMETBEY GÖLETİ  EK -1 SOĞUCAK SULAMASI,5781234.9,2227707.2,0,0.265170,S-180,205.7,165.4
agriculture_surface_irrigation,agriculture_surface_irrigation,SÜLOĞLU BARAJI SULAMASI,5716467.6,2223520.9,0,0.646610,S-181,247.2,294.7
agriculture_surface_irrigation,agriculture_surface_irrigation,SÜLOĞLU BARAJI SULAMASI REHABİLİTASYONU,5716467.6,2223520.9,0,0.646610,S-181,247.2,294.7
agriculture_surface_irrigation,agriculture_surface_irrigation,AHMETBEY GÖLETİ  EK -1 SOĞUCAK SULAMASI,5781234.9,2227707.2,1,2.538055,S-182,179.3,2321.9
agriculture_surface_irrigation,agriculture_surface_irrigation,ÇAYIRDERE BARAJI SULAMASI,5768167.3,2227602.1,1,0.407277,S-183,174.5,1642.5
agriculture_surface_irrigation,agriculture_surface_irrigation,KIZIKCIKDERE SULAMASI,5752932.8,2229431.3,0,1.356774,S-184,347.7,975.9
agriculture_surface_irrigation,agriculture_surface_irrigation,KAYALIKÖY BARAJI  SULAMASI,5728731.5,2226441.6,0,0.840080,S-185,1181.1,3662.3
agriculture_surface_irrigation,agriculture_surface_irrigation,KAYALIKÖY BARAJI  SULAMASI,5735171.7,2228364.6,1,1.935218,S-185,222.6,2404.6
agriculture_surface_irrigation,agriculture_surface_irrigation,KAYALIKÖY BARAJI  SULAMASI,5736946.4,2222414.1,1,17.175238,S-185,872.1,8299.8
agriculture_surface_irrigation,agriculture_surface_irrigation,KAYALIKÖY BARAJI  SULAMASI,5733933.5,2222079.0,1,3.192728,S-185,240.5,8695.3
agriculture_surface_irrigation,agriculture_surface_irrigation,KAYALIKÖY BARAJI REVİZE SULAMASI,5728731.5,2226441.6,0,0.840080,S-185,1181.1,3662.3
agriculture_surface_irrigation,agriculture_surface_irrigation,KAYALIKÖY BARAJI REVİZE SULAMASI,5735171.7,2228364.6,1,1.935218,S-185,222.6,2404.6
agriculture_surface_irrigation,agriculture_surface_irrigation,KAYALIKÖY BARAJI REVİZE SULAMASI,5736946.4,2222414.1,1,17.175238,S-185,872.1,8299.8
agriculture_surface_irrigation,agriculture_surface_irrigation,KAYALIKÖY BARAJI REVİZE SULAMASI,5733933.5,2222079.0,1,3.192728,S-185,240.5,8695.3
agriculture_surface_irrigation,agriculture_surface_irrigation,SÜLOĞLU BARAJI SULAMASI,5719186.0,2224274.4,0,0.420805,S-186,617.2,2779.0
agriculture_surface_irrigation,agriculture_surface_irrigation,SÜLOĞLU BARAJI SULAMASI,5718885.5,2226167.7,0,0.134077,S-186,196.1,2741.0
agriculture_surface_irrigation,agriculture_surface_irrigation,SÜLOĞLU BARAJI SULAMASI,5716467.6,2223520.9,0,2.222721,S-186,382.5,1602.8
agriculture_surface_irrigation,agriculture_surface_irrigation,SÜLOĞLU BARAJI SULAMASI,5719428.6,2229241.8,0,0.942959,S-186,606.7,841.7
agriculture_surface_irrigation,agriculture_surface_irrigation,SÜLOĞLU BARAJI SULAMASI REHABİLİTASYONU,5719186.0,2224274.4,0,0.420805,S-186,617.2,2779.0
agriculture_surface_irrigation,agriculture_surface_irrigation,SÜLOĞLU BARAJI SULAMASI REHABİLİTASYONU,5718885.5,2226167.7,0,0.134077,S-186,196.1,2741.0
agriculture_surface_irrigation,agriculture_surface_irrigation,SÜLOĞLU BARAJI SULAMASI REHABİLİTASYONU,5716467.6,2223520.9,0,2.222721,S-186,382.5,1602.8
agriculture_surface_irrigation,agriculture_surface_irrigation,SÜLOĞLU BARAJI SULAMASI REHABİLİTASYONU,5719428.6,2229241.8,0,0.942959,S-186,606.7,841.7
agriculture_surface_irrigation,agriculture_surface_irrigation,EVRENCİK SOFULAR GÖLETİ SULAMASI,5786575.7,2232016.0,0,0.630834,S-188,996.8,0.0
agriculture_surface_irrigation,agriculture_surface_irrigation,KAYALIKÖY BARAJI  SULAMASI,5728731.5,2226441.6,0,10.561009,S-190,689.7,5407.0
agriculture_surface_irrigation,agriculture_surface_irrigation,KAYALIKÖY BARAJI REVİZE SULAMASI,5728731.5,2226441.6,0,10.561009,S-190,689.7,5407.0
agriculture_surface_irrigation,agriculture_surface_irrigation,KAYALIKÖY BARAJI  SULAMASI,5728731.5,2226441.6,0,13.721311,S-191,713.6,3803.9
agriculture_surface_irrigation,agriculture_surface_irrigation,KAYALIKÖY BARAJI REVİZE SULAMASI,5728731.5,2226441.6,0,13.721311,S-191,713.6,3803.9
agriculture_surface_irrigation,agriculture_surface_irrigation,KIRKLARELİ SULAMASI,5743080.6,2220070.4,0,1.200847,S-192,787.3,4.1
agriculture_surface_irrigation,agriculture_surface_irrigation,KIZIKCIKDERE SULAMASI,5752932.8,2229431.3,0,1.516394,S-193,448.4,763.3
agriculture_surface_irrigation,agriculture_surface_irrigation,KIRKLARELİ SULAMASI,5743080.6,2220070.4,0,4.363079,S-194,722.1,1312.1
agriculture_surface_irrigation,agriculture_surface_irrigation,ÇAYIRDERE BARAJI SULAMASI,5768167.3,2227602.1,0,0.135759,S-196,325.7,459.7
agriculture_surface_irrigation,agriculture_surface_irrigation,KIZIKCIKDERE SULAMASI,5752932.8,2229431.3,0,1.436584,S-197,984.3,24.6
agriculture_surface_irrigation,agriculture_surface_irrigation,KIZIKCIKDERE SULAMASI,5752932.8,2229431.3,0,3.950606,S-200,679.4,960.4
agriculture_surface_irrigation,agriculture_surface_irrigation,KAYALIKÖY BARAJI  SULAMASI,5728731.5,2226441.6,0,0.520050,S-202,288.8,98.8
agriculture_surface_irrigation,agriculture_surface_irrigation,KAYALIKÖY BARAJI REVİZE SULAMASI,5728731.5,2226441.6,0,0.520050,S-202,288.8,98.8
agriculture_surface_irrigation,agriculture_surface_irrigation,AHMETBEY GÖLETİ EK-2 KAYNARCA SULAMASI,5767240.7,2226614.0,0,0.121960,S-203,31.3,480.1
agriculture_surface_irrigation,agriculture_surface_irrigation,KAYALIKÖY BARAJI  SULAMASI,5736946.4,2222414.1,0,1.038503,S-204,256.5,800.5
agriculture_surface_irrigation,agriculture_surface_irrigation,KAYALIKÖY BARAJI REVİZE SULAMASI,5736946.4,2222414.1,0,1.038503,S-204,256.5,800.5
agriculture_surface_irrigation,agriculture_surface_irrigation,KIRKLARELİ SULAMASI,5743080.6,2220070.4,0,3.162232,S-204,639.0,2728.8
agriculture_surface_irrigation,agriculture_surface_irrigation,KAYALIKÖY BARAJI  SULAMASI,5728731.5,2226441.6,0,2.880275,S-207,256.6,1460.6
agriculture_surface_irrigation,agriculture_surface_irrigation,KAYALIKÖY BARAJI REVİZE SULAMASI,5728731.5,2226441.6,0,2.880275,S-207,256.6,1460.6
agriculture_surface_irrigation,agriculture_surface_irrigation,AHMETBEY GÖLETİ EK-2 KAYNARCA SULAMASI,5765930.0,2219969.9,1,2.227315,S-209,246.9,7366.3
agriculture_surface_irrigation,agriculture_surface_irrigation,AHMETBEY GÖLETİ EK-2 KAYNARCA SULAMASI,5767240.7,2226614.0,0,1.910712,S-209,149.7,2040.4
agriculture_surface_irrigation,agriculture_surface_irrigation,ÇAYIRDERE BARAJI SULAMASI,5764805.6,2227063.0,0,3.252966,S-209,1396.1,1562.3
agriculture_surface_irrigation,agriculture_surface_irrigation,KAYALIKÖY BARAJI  SULAMASI,5728731.5,2226441.6,0,8.440806,S-210,529.3,2321.6
agriculture_surface_irrigation,agriculture_surface_irrigation,KAYALIKÖY BARAJI REVİZE SULAMASI,5728731.5,2226441.6,0,8.440806,S-210,529.3,2321.6
agriculture_surface_irrigation,agriculture_surface_irrigation,SÜLOĞLU BARAJI SULAMASI,5716467.6,2223520.9,0,2.465200,S-212,1014.8,28.2
agriculture_surface_irrigation,agriculture_surface_irrigation,SÜLOĞLU BARAJI SULAMASI REHABİLİTASYONU,5716467.6,2223520.9,0,2.465200,S-212,1014.8,28.2
agriculture_surface_irrigation,agriculture_surface_irrigation,KIRKLARELİ SULAMASI,5743671.3,2221466.3,1,0.005481,S-213,1645.7,5021.3
agriculture_surface_irrigation,agriculture_surface_irrigation,KIRKLARELİ SULAMASI,5743080.6,2220070.4,1,29.500819,S-213,1014.0,5897.2
agriculture_surface_irrigation,agriculture_surface_irrigation,SÜLOĞLU BARAJI SULAMASI,5719430.4,2222383.2,1,0.024098,S-215,1185.9,5982.0
agriculture_surface_irrigation,agriculture_surface_irrigation,SÜLOĞLU BARAJI SULAMASI,5718698.6,2221096.3,1,2.137091,S-215,386.0,6744.0
agriculture_surface_irrigation,agriculture_surface_irrigation,SÜLOĞLU BARAJI SULAMASI,5719186.0,2224274.4,1,4.361070,S-215,723.1,2649.3
agriculture_surface_irrigation,agriculture_surface_irrigation,SÜLOĞLU BARAJI SULAMASI,5718885.5,2226167.7,1,0.268154,S-215,271.6,246.0
agriculture_surface_irrigation,agriculture_surface_irrigation,SÜLOĞLU BARAJI SULAMASI,5716467.6,2223520.9,0,6.546923,S-215,664.2,3696.0
agriculture_surface_irrigation,agriculture_surface_irrigation,SÜLOĞLU BARAJI SULAMASI REHABİLİTASYONU,5719430.4,2222383.2,1,0.024098,S-215,1185.9,5982.0
agriculture_surface_irrigation,agriculture_surface_irrigation,SÜLOĞLU BARAJI SULAMASI REHABİLİTASYONU,5718698.6,2221096.3,1,2.137091,S-215,386.0,6744.0
agriculture_surface_irrigation,agriculture_surface_irrigation,SÜLOĞLU BARAJI SULAMASI REHABİLİTASYONU,5719186.0,2224274.4,1,4.361070,S-215,723.1,2649.3
agriculture_surface_irrigation,agriculture_surface_irrigation,SÜLOĞLU BARAJI SULAMASI REHABİLİTASYONU,5718885.5,2226167.7,1,0.268154,S-215,271.6,246.0
agriculture_surface_irrigation,agriculture_surface_irrigation,SÜLOĞLU BARAJI SULAMASI REHABİLİTASYONU,5716467.6,2223520.9,0,6.546923,S-215,664.2,3696.0
agriculture_surface_irrigation,agriculture_surface_irrigation,KIRKLARELİ SULAMASI,5743080.6,2220070.4,0,4.283023,S-218,823.2,666.1
agriculture_surface_irrigation,agriculture_surface_irrigation,KIRKLARELİ SULAMASI,5743080.6,2220070.4,0,7.645395,S-219,1038.5,3231.2
agriculture_surface_irrigation,agriculture_surface_irrigation,KAYALIKÖY BARAJI  SULAMASI,5728731.5,2226441.6,0,6.840653,S-222,359.4,2368.6
agriculture_surface_irrigation,agriculture_surface_irrigation,KAYALIKÖY BARAJI REVİZE SULAMASI,5728731.5,2226441.6,0,6.840653,S-222,359.4,2368.6
agriculture_surface_irrigation,agriculture_surface_irrigation,SÜLOĞLU BARAJI SULAMASI,5719186.0,2224274.4,0,0.114765,S-228,1446.5,756.5
agriculture_surface_irrigation,agriculture_surface_irrigation,SÜLOĞLU BARAJI SULAMASI REHABİLİTASYONU,5719186.0,2224274.4,0,0.114765,S-228,1446.5,756.5
agriculture_surface_irrigation,agriculture_surface_irrigation,KOFÇAZ-2 GÖLETİ SULAMASI,5732857.8,2252525.9,0,0.465122,S-23,103.3,3284.8
agriculture_surface_irrigation,agriculture_surface_irrigation,ÇAYIRDERE BARAJI SULAMASI,5760988.9,2222347.3,1,1.071938,S-230,600.8,2438.4
agriculture_surface_irrigation,agriculture_surface_irrigation,KAYALIKÖY BARAJI  SULAMASI,5736946.4,2222414.1,0,3.954299,S-232,841.7,317.3
agriculture_surface_irrigation,agriculture_surface_irrigation,KAYALIKÖY BARAJI REVİZE SULAMASI,5736946.4,2222414.1,0,3.954299,S-232,841.7,317.3
agriculture_surface_irrigation,agriculture_surface_irrigation,KAYALIKÖY BARAJI  SULAMASI,5736946.4,2222414.1,0,0.838791,S-234,281.4,1503.6
agriculture_surface_irrigation,agriculture_surface_irrigation,KAYALIKÖY BARAJI REVİZE SULAMASI,5736946.4,2222414.1,0,0.838791,S-234,281.4,1503.6
agriculture_surface_irrigation,agriculture_surface_irrigation,KIRKLARELİ SULAMASI,5743080.6,2220070.4,0,5.684011,S-234,662.7,2852.7
agriculture_surface_irrigation,agriculture_surface_irrigation,KAYALIKÖY BARAJI  SULAMASI,5736946.4,2222414.1,0,5.152572,S-235,938.8,307.6
agriculture_surface_irrigation,agriculture_surface_irrigation,KAYALIKÖY BARAJI REVİZE SULAMASI,5736946.4,2222414.1,0,5.152572,S-235,938.8,307.6
agriculture_surface_irrigation,agriculture_surface_irrigation,KAYALIKÖY BARAJI  SULAMASI,5728731.5,2226441.6,0,2.560245,S-238,431.6,1823.3
agriculture_surface_irrigation,agriculture_surface_irrigation,KAYALIKÖY BARAJI REVİZE SULAMASI,5728731.5,2226441.6,0,2.560245,S-238,431.6,1823.3
agriculture_surface_irrigation,agriculture_surface_irrigation,KOFÇAZ-1 GÖLETİ SULAMASI,5730875.6,2252813.5,1,0.787059,S-24,407.6,2323.2
agriculture_surface_irrigation,agriculture_surface_irrigation,KOFÇAZ-2 GÖLETİ SULAMASI,5732857.8,2252525.9,1,0.969004,S-24,421.9,2980.5
agriculture_surface_irrigation,agriculture_surface_irrigation,KAYALIKÖY BARAJI  SULAMASI,5728731.5,2226441.6,0,4.200401,S-248,382.6,1245.0
agriculture_surface_irrigation,agriculture_surface_irrigation,KAYALIKÖY BARAJI REVİZE SULAMASI,5728731.5,2226441.6,0,4.200401,S-248,382.6,1245.0
agriculture_surface_irrigation,agriculture_surface_irrigation,KAYALIKÖY BARAJI  SULAMASI,5736946.4,2222414.1,0,3.235336,S-249,880.8,1472.0
agriculture_surface_irrigation,agriculture_surface_irrigation,KAYALIKÖY BARAJI REVİZE SULAMASI,5736946.4,2222414.1,0,3.235336,S-249,880.8,1472.0
agriculture_surface_irrigation,agriculture_surface_irrigation,ÇAYIRDERE BARAJI SULAMASI,5764805.6,2227063.0,0,0.119011,S-253,1807.1,0.0
agriculture_surface_irrigation,agriculture_surface_irrigation,SÜLOĞLU BARAJI SULAMASI,5716010.1,2219917.2,1,0.091343,S-254,87.1,2108.3
agriculture_surface_irrigation,agriculture_surface_irrigation,SÜLOĞLU BARAJI SULAMASI,5716467.6,2223520.9,0,5.859901,S-254,640.1,1128.0
agriculture_surface_irrigation,agriculture_surface_irrigation,SÜLOĞLU BARAJI SULAMASI REHABİLİTASYONU,5716010.1,2219917.2,1,0.091343,S-254,87.1,2108.3
agriculture_surface_irrigation,agriculture_surface_irrigation,SÜLOĞLU BARAJI SULAMASI REHABİLİTASYONU,5716467.6,2223520.9,0,5.859901,S-254,640.1,1128.0
agriculture_surface_irrigation,agriculture_surface_irrigation,SARAY GÜNEŞKAYA SULAMASI,5807960.3,2217120.1,1,1.127371,S-256,127.9,6656.2
agriculture_surface_irrigation,agriculture_surface_irrigation,KIRKLARELİ SULAMASI,5743080.6,2220070.4,0,3.042147,S-266,1535.8,0.0
agriculture_surface_irrigation,agriculture_surface_irrigation,KIRKLARELİ SULAMASI,5743080.6,2220070.4,0,9.726864,S-267,1043.7,3184.8
agriculture_surface_irrigation,agriculture_surface_irrigation,SÜLOĞLU BARAJI SULAMASI,5718698.6,2221096.3,0,0.699412,S-272,555.7,0.0
agriculture_surface_irrigation,agriculture_surface_irrigation,SÜLOĞLU BARAJI SULAMASI REHABİLİTASYONU,5718698.6,2221096.3,0,0.699412,S-272,555.7,0.0
agriculture_surface_irrigation,agriculture_surface_irrigation,KUMRULAR GÖLETİ (POMPAJLI) SULAMASI,5749678.3,2211499.0,1,0.000017,S-274,550.3,10503.0
agriculture_surface_irrigation,agriculture_surface_irrigation,KUMRULAR GÖLETİ (POMPAJLI) SULAMASI,5749235.5,2209873.5,0,0.077037,S-274,622.2,10472.8
agriculture_surface_irrigation,agriculture_surface_irrigation,KAYALIKÖY BARAJI  SULAMASI,5736946.4,2222414.1,0,4.393666,S-277,1156.5,1489.5
agriculture_surface_irrigation,agriculture_surface_irrigation,KAYALIKÖY BARAJI REVİZE SULAMASI,5736946.4,2222414.1,0,4.393666,S-277,1156.5,1489.5
agriculture_surface_irrigation,agriculture_surface_irrigation,KIRKLARELİ SULAMASI,5743080.6,2220070.4,0,4.122910,S-277,472.4,3177.2
agriculture_surface_irrigation,agriculture_surface_irrigation,KOFÇAZ-1 GÖLETİ SULAMASI,5730875.6,2252813.5,0,0.455666,S-28,804.5,967.0
agriculture_surface_irrigation,agriculture_surface_irrigation,TAPTIK GÖLETİ SULAMASI,5725249.7,2212593.8,1,0.081070,S-288,52.8,6310.3
agriculture_surface_irrigation,agriculture_surface_irrigation,KIRKLARELİ SULAMASI,5743080.6,2220070.4,0,1.761243,S-290,611.0,334.4
agriculture_surface_irrigation,agriculture_surface_irrigation,OSMANLI GÖLETİ REVİZE SULAMASI,5718187.1,2208932.5,0,0.396432,S-294,299.7,10117.0
agriculture_surface_irrigation,agriculture_surface_irrigation,OSMANLI GÖLETİ SULAMASI,5718358.9,2208257.2,0,0.069437,S-294,223.7,11642.4
agriculture_surface_irrigation,agriculture_surface_irrigation,TAPTIK GÖLETİ SULAMASI,5725502.9,2209783.2,0,0.119754,S-296,153.8,7035.8
agriculture_surface_irrigation,agriculture_surface_irrigation,TAPTIK GÖLETİ SULAMASI,5725459.9,2211967.3,0,0.076321,S-296,64.0,6580.0
agriculture_surface_irrigation,agriculture_surface_irrigation,TAPTIK GÖLETİ SULAMASI,5725944.3,2212432.4,1,0.066055,S-296,5.1,5997.7
agriculture_surface_irrigation,agriculture_surface_irrigation,KIRKLARELİ SULAMASI,5743080.6,2220070.4,0,5.403814,S-298,399.0,2055.8
agriculture_surface_irrigation,agriculture_surface_irrigation,KAYALIKÖY BARAJI  SULAMASI,5736946.4,2222414.1,0,7.189635,S-301,806.7,869.0
agriculture_surface_irrigation,agriculture_surface_irrigation,KAYALIKÖY BARAJI REVİZE SULAMASI,5736946.4,2222414.1,0,7.189635,S-301,806.7,869.0
agriculture_surface_irrigation,agriculture_surface_irrigation,EDİRNE SULAMASI,5700960.6,2201367.0,1,0.039751,S-304,2455.9,11043.0
agriculture_surface_irrigation,agriculture_surface_irrigation,KOFÇAZ-2 GÖLETİ SULAMASI,5732857.8,2252525.9,0,0.077520,S-31,54.1,3599.6
agriculture_surface_irrigation,agriculture_surface_irrigation,KUMRULAR GÖLETİ (POMPAJLI) SULAMASI,5750864.8,2209197.3,0,0.167509,S-310,451.0,4679.8
agriculture_surface_irrigation,agriculture_surface_irrigation,OSMANLI GÖLETİ REVİZE SULAMASI,5718926.6,2208974.2,1,1.219402,S-311,350.8,7053.8
agriculture_surface_irrigation,agriculture_surface_irrigation,OSMANLI GÖLETİ REVİZE SULAMASI,5718187.1,2208932.5,1,0.713577,S-311,216.3,7329.1
agriculture_surface_irrigation,agriculture_surface_irrigation,OSMANLI GÖLETİ SULAMASI,5718358.9,2208257.2,1,0.867963,S-311,96.4,7949.9
agriculture_surface_irrigation,agriculture_surface_irrigation,KIRKLARELİ SULAMASI,5744869.8,2215224.1,1,0.009478,S-316,524.1,0.0
agriculture_surface_irrigation,agriculture_surface_irrigation,KIRKLARELİ SULAMASI,5743080.6,2220070.4,0,1.761243,S-316,1414.3,54.9
agriculture_surface_irrigation,agriculture_surface_irrigation,KIRKLARELİ SULAMASI,5739714.5,2203866.5,0,1.915727,S-320,1290.5,7517.9
agriculture_surface_irrigation,agriculture_surface_irrigation,KIRKLARELİ SULAMASI,5743080.6,2220070.4,0,10.207203,S-320,832.2,2095.3
agriculture_surface_irrigation,agriculture_surface_irrigation,ÇAKMAK BARAJI SULAMASI 2.MERHAL KISMI,5726055.9,2194117.2,0,0.481969,S-321,113.5,16573.7
agriculture_surface_irrigation,agriculture_surface_irrigation,KIRKLARELİ SULAMASI,5739714.5,2203866.5,0,0.039911,S-322,112.5,9102.6
agriculture_surface_irrigation,agriculture_surface_irrigation,KIRKLARELİ SULAMASI,5743080.6,2220070.4,0,5.123616,S-322,632.2,5109.5
agriculture_surface_irrigation,agriculture_surface_irrigation,ARMAĞAN-ÇUKURPINAR SULAMASI,5759110.4,2250135.1,0,1.588722,S-33,537.2,5377.5
agriculture_surface_irrigation,agriculture_surface_irrigation,MİSİNLİ GÖLETİ SULAMASI,5788339.4,2196914.5,0,0.279513,S-330,1147.3,19284.3
agriculture_surface_irrigation,agriculture_surface_irrigation,AHMETBEY GÖLETİ  SULAMASI YENİLEMESİ,5782240.3,2210774.6,1,2.705227,S-332,276.1,3030.9
agriculture_surface_irrigation,agriculture_surface_irrigation,AHMETBEY GÖLETİ SULAMASI,5782663.7,2212136.8,1,0.710497,S-332,116.0,1496.9
agriculture_surface_irrigation,agriculture_surface_irrigation,KUMRULAR GÖLETİ (POMPAJLI) SULAMASI,5749235.5,2209873.5,0,0.423702,S-334,798.8,2159.4
agriculture_surface_irrigation,agriculture_surface_irrigation,KIRKLARELİ SULAMASI,5739714.5,2203866.5,0,0.079822,S-336,85.6,5515.3
agriculture_surface_irrigation,agriculture_surface_irrigation,KIRKLARELİ SULAMASI,5743080.6,2220070.4,0,1.881328,S-336,353.8,2168.7
agriculture_surface_irrigation,agriculture_surface_irrigation,TAPTIK GÖLETİ SULAMASI,5725459.9,2211967.3,1,0.190801,S-337,82.1,719.2
agriculture_surface_irrigation,agriculture_surface_irrigation,TAPTIK GÖLETİ SULAMASI,5724974.9,2210587.3,0,0.114768,S-337,142.8,496.8
agriculture_surface_irrigation,agriculture_surface_irrigation,TAPTIK GÖLETİ SULAMASI,5725797.4,2206496.1,1,1.403671,S-344,229.4,6688.7
agriculture_surface_irrigation,agriculture_surface_irrigation,TAPTIK GÖLETİ SULAMASI,5725338.9,2206798.7,1,1.983510,S-344,193.1,6278.8
agriculture_surface_irrigation,agriculture_surface_irrigation,TAPTIK GÖLETİ SULAMASI,5725502.9,2209783.2,1,1.237454,S-344,245.1,2702.7
agriculture_surface_irrigation,agriculture_surface_irrigation,TAPTIK GÖLETİ SULAMASI,5724974.9,2210587.3,1,1.224195,S-344,171.7,1544.0
agriculture_surface_irrigation,agriculture_surface_irrigation,ÇAKMAK BARAJI SULAMASI 2.MERHAL KISMI,5726055.9,2194117.2,0,1.044266,S-344,172.6,12916.6
agriculture_surface_irrigation,agriculture_surface_irrigation,KIRKLARELİ SULAMASI,5739714.5,2203866.5,0,1.676261,S-346,1386.2,4700.6
agriculture_surface_irrigation,agriculture_surface_irrigation,KIRKLARELİ SULAMASI,5743080.6,2220070.4,0,4.763362,S-346,862.8,1536.1
agriculture_surface_irrigation,agriculture_surface_irrigation,BÜYÜKMANDIRA BARAJI SULAMASI,5746684.1,2190559.5,0,0.120785,S-347,139.4,23556.9
agriculture_surface_irrigation,agriculture_surface_irrigation,KUMRULAR GÖLETİ (CAZİBELİ) SULAMASI,5747480.6,2200552.9,0,3.213569,S-347,462.5,12607.0
agriculture_surface_irrigation,agriculture_surface_irrigation,KUMRULAR GÖLETİ (CAZİBELİ) SULAMASI,5750401.0,2205197.7,1,1.164973,S-347,269.3,7199.3
agriculture_surface_irrigation,agriculture_surface_irrigation,KUMRULAR GÖLETİ (CAZİBELİ) SULAMASI,5749989.6,2205049.0,1,1.296332,S-347,141.0,7460.1
agriculture_surface_irrigation,agriculture_surface_irrigation,KUMRULAR GÖLETİ (CAZİBELİ) SULAMASI,5750243.1,2208326.2,1,0.400090,S-347,91.0,3560.8
agriculture_surface_irrigation,agriculture_surface_irrigation,KUMRULAR GÖLETİ (CAZİBELİ) SULAMASI,5750215.5,2209601.6,1,0.004386,S-347,64.0,1894.2
agriculture_surface_irrigation,agriculture_surface_irrigation,KUMRULAR GÖLETİ (CAZİBELİ) SULAMASI,5750171.5,2210508.4,1,0.225308,S-347,86.1,572.0
agriculture_surface_irrigation,agriculture_surface_irrigation,KUMRULAR GÖLETİ (POMPAJLI) SULAMASI,5750005.7,2209900.9,1,0.316499,S-347,108.4,1514.1
agriculture_surface_irrigation,agriculture_surface_irrigation,KUMRULAR GÖLETİ (POMPAJLI) SULAMASI,5750864.8,2209197.3,1,2.219491,S-347,629.8,2652.7
agriculture_surface_irrigation,agriculture_surface_irrigation,KUMRULAR GÖLETİ (POMPAJLI) SULAMASI,5749235.5,2209873.5,1,2.041471,S-347,808.8,1845.8
agriculture_surface_irrigation,agriculture_surface_irrigation,KUMRULAR GÖLETİ (CAZİBELİ) SULAMASI,5747480.6,2200552.9,0,2.811873,S-352,231.6,11566.2
agriculture_surface_irrigation,agriculture_surface_irrigation,KUMRULAR GÖLETİ (POMPAJLI) SULAMASI,5749235.5,2209873.5,0,0.115555,S-352,1231.1,1425.3
agriculture_surface_irrigation,agriculture_surface_irrigation,KOFÇAZ-2 GÖLETİ SULAMASI,5732857.8,2252525.9,0,0.542642,S-36,203.2,781.9
agriculture_surface_irrigation,agriculture_surface_irrigation,AHMETBEY GÖLETİ  SULAMASI YENİLEMESİ,5782240.3,2210774.6,0,0.040377,S-362,17.7,376.8
agriculture_surface_irrigation,agriculture_surface_irrigation,TURGUTBEY GÖLETİ SULAMASI,5767102.1,2209089.0,1,0.450049,S-364,227.4,696.2
agriculture_surface_irrigation,agriculture_surface_irrigation,TURGUTBEY GÖLETİ SULAMASI,5767102.1,2209089.0,0,0.050005,S-365,163.0,213.4
agriculture_surface_irrigation,agriculture_surface_irrigation,KOFÇAZ-1 GÖLETİ SULAMASI,5730875.6,2252813.5,1,0.787059,S-37,635.8,0.0
agriculture_surface_irrigation,agriculture_surface_irrigation,KOFÇAZ-2 GÖLETİ SULAMASI,5732857.8,2252525.9,0,0.116280,S-37,1014.6,0.0
agriculture_surface_irrigation,agriculture_surface_irrigation,KIRKLARELİ SULAMASI,5739714.5,2203866.5,1,14.607418,S-376,1192.0,6118.9
agriculture_surface_irrigation,agriculture_surface_irrigation,ERİKLER GÖLETİ SULAMASI,5732867.0,2246930.6,1,0.758211,S-38,622.8,6573.3
agriculture_surface_irrigation,agriculture_surface_irrigation,ERİKLER GÖLETİ SULAMASI,5732341.4,2247443.5,1,1.031067,S-38,463.9,5707.8
agriculture_surface_irrigation,agriculture_surface_irrigation,ÇAKMAK BARAJI SULAMASI 2.MERHAL KISMI,5733010.8,2188915.3,1,0.912024,S-382,354.5,21426.0
agriculture_surface_irrigation,agriculture_surface_irrigation,ÇAKMAK BARAJI SULAMASI 2.MERHAL KISMI,5731629.0,2188592.6,0,0.041998,S-382,137.5,21912.8
agriculture_surface_irrigation,agriculture_surface_irrigation,BÜYÜKMANDIRA BARAJI SULAMASI,5746684.1,2190559.5,0,0.845495,S-385,336.8,19312.0
agriculture_surface_irrigation,agriculture_surface_irrigation,KIRKLARELİ SULAMASI,5739714.5,2203866.5,0,7.104154,S-395,1217.6,2560.4
agriculture_surface_irrigation,agriculture_surface_irrigation,KIRKLARELİ KADIKÖY GÖLETİ SULAMASI,5740243.6,2246051.4,0,0.694127,S-40,339.0,9090.1
agriculture_surface_irrigation,agriculture_surface_irrigation,KUMRULAR GÖLETİ (CAZİBELİ) SULAMASI,5747480.6,2200552.9,1,3.454586,S-415,458.9,5781.9
agriculture_surface_irrigation,agriculture_surface_irrigation,SOFUHALİL GÖLETİ SULAMASI,5748691.4,2204048.2,1,0.494322,S-415,105.1,1360.5
agriculture_surface_irrigation,agriculture_surface_irrigation,ARMAĞAN-ÇUKURPINAR SULAMASI,5759110.4,2250135.1,1,5.784578,S-42,1071.7,191.7
agriculture_surface_irrigation,agriculture_surface_irrigation,MİSİNLİ GÖLETİ SULAMASI,5788339.4,2196914.5,1,7.986088,S-435,498.1,7566.3
agriculture_surface_irrigation,agriculture_surface_irrigation,KIRKLARELİ SULAMASI,5739714.5,2203866.5,0,3.392433,S-437,1536.3,1679.2
agriculture_surface_irrigation,agriculture_surface_irrigation,KIRKLARELİ SULAMASI,5739714.5,2203866.5,0,1.875816,S-438,1336.6,0.0
agriculture_surface_irrigation,agriculture_surface_irrigation,SARICAALİ GÖLETİ SULAMASI,5754098.4,2194521.5,0,0.428786,S-439,172.8,9700.3
agriculture_surface_irrigation,agriculture_surface_irrigation,ÇAKMAK BARAJI SULAMASI 2.MERHAL KISMI,5726055.9,2194117.2,0,0.281148,S-440,384.9,552.6
agriculture_surface_irrigation,agriculture_surface_irrigation,ÇAKMAK BARAJI SULAMASI 2.MERHAL KISMI,5726055.9,2194117.2,0,3.333618,S-445,312.3,2085.0
agriculture_surface_irrigation,agriculture_surface_irrigation,KUMRULAR GÖLETİ (CAZİBELİ) SULAMASI,5747480.6,2200552.9,0,0.763223,S-446,254.8,1079.2
agriculture_surface_irrigation,agriculture_surface_irrigation,ÇAKMAK BARAJI SULAMASI 2.MERHAL KISMI,5726055.9,2194117.2,0,0.763117,S-462,155.9,756.2
agriculture_surface_irrigation,agriculture_surface_irrigation,ÇAKMAK BARAJI SULAMASI 2.MERHAL KISMI,5726055.9,2194117.2,0,0.562297,S-463,125.9,7457.6
agriculture_surface_irrigation,agriculture_surface_irrigation,KUMRULAR GÖLETİ (CAZİBELİ) SULAMASI,5747480.6,2200552.9,0,0.522205,S-465,267.6,1045.3
agriculture_surface_irrigation,agriculture_surface_irrigation,MİSİNLİ GÖLETİ SULAMASI,5788339.4,2196914.5,0,4.192696,S-467,403.0,5545.0
agriculture_surface_irrigation,agriculture_surface_irrigation,KIRKLARELİ SULAMASI,5739714.5,2203866.5,0,0.758309,S-472,1775.7,0.0
agriculture_surface_irrigation,agriculture_surface_irrigation,ÇAKMAK BARAJI SULAMASI 2.MERHAL KISMI,5720375.2,2191280.5,1,0.924269,S-474,200.5,15909.6
agriculture_surface_irrigation,agriculture_surface_irrigation,ÇAKMAK BARAJI SULAMASI 2.MERHAL KISMI,5722285.3,2190549.9,0,5.538882,S-474,363.6,13371.7
agriculture_surface_irrigation,agriculture_surface_irrigation,ÇAKMAK BARAJI SULAMASI 2.MERHAL KISMI,5715608.7,2195124.9,1,1.356842,S-474,179.3,8733.6
agriculture_surface_irrigation,agriculture_surface_irrigation,KUMRULAR GÖLETİ (CAZİBELİ) SULAMASI,5747480.6,2200552.9,0,0.160678,S-476,187.8,199.2
agriculture_surface_irrigation,agriculture_surface_irrigation,ERİKLER GÖLETİ SULAMASI,5732867.0,2246930.6,0,0.492837,S-48,961.6,2456.2
agriculture_surface_irrigation,agriculture_surface_irrigation,NADIRLI SULAMASI,5741908.3,2194984.1,0,0.235837,S-482,100.9,3335.3
agriculture_surface_irrigation,agriculture_surface_irrigation,ÇAKMAK BARAJI SULAMASI 2.MERHAL KISMI,5728095.8,2194388.0,0,0.674875,S-489,137.4,5765.2
agriculture_surface_irrigation,agriculture_surface_irrigation,ÇAKMAK BARAJI SULAMASI 2.MERHAL KISMI,5726055.9,2194117.2,0,3.213125,S-489,328.6,2235.4
agriculture_surface_irrigation,agriculture_surface_irrigation,ÇAKMAK BARAJI SULAMASI 2.MERHAL KISMI,5728095.8,2194388.0,0,0.158794,S-504,131.6,1584.5
agriculture_surface_irrigation,agriculture_surface_irrigation,ÇAKMAK BARAJI SULAMASI 2.MERHAL KISMI,5726055.9,2194117.2,0,2.168860,S-504,464.7,759.6
agriculture_surface_irrigation,agriculture_surface_irrigation,NADIRLI SULAMASI,5741908.3,2194984.1,0,0.510980,S-506,240.6,68.0
agriculture_surface_irrigation,agriculture_surface_irrigation,MİSİNLİ GÖLETİ SULAMASI,5788339.4,2196914.5,0,0.319444,S-509,124.6,1606.5
agriculture_surface_irrigation,agriculture_surface_irrigation,NADIRLI SULAMASI,5741908.3,2194984.1,1,2.083225,S-510,276.0,1165.6
agriculture_surface_irrigation,agriculture_surface_irrigation,MİSİNLİ GÖLETİ SULAMASI,5788339.4,2196914.5,0,2.475687,S-512,319.1,1274.9
agriculture_surface_irrigation,agriculture_surface_irrigation,ÇAKMAK BARAJI SULAMASI 2.MERHAL KISMI,5730903.0,2189933.4,0,0.426072,S-517,307.5,5498.2
agriculture_surface_irrigation,agriculture_surface_irrigation,ÇAKMAK BARAJI SULAMASI 2.MERHAL KISMI,5729537.3,2192399.5,1,0.564845,S-517,223.0,3756.0
agriculture_surface_irrigation,agriculture_surface_irrigation,ÇAKMAK BARAJI SULAMASI 2.MERHAL KISMI,5726055.9,2194117.2,0,0.361477,S-517,162.8,5234.1
agriculture_surface_irrigation,agriculture_surface_irrigation,SARICAALİ GÖLETİ SULAMASI,5754098.4,2194521.5,1,0.779611,S-519,177.4,819.1
agriculture_surface_irrigation,agriculture_surface_irrigation,ÇAKMAK BARAJI SULAMASI 2.MERHAL KISMI,5726055.9,2194117.2,0,2.811485,S-520,192.9,5490.3
agriculture_surface_irrigation,agriculture_surface_irrigation,ÇAKMAK BARAJI SULAMASI 2.MERHAL KISMI,5729537.3,2192399.5,1,0.564845,S-522,283.8,2896.6
agriculture_surface_irrigation,agriculture_surface_irrigation,ÇAKMAK BARAJI SULAMASI 2.MERHAL KISMI,5728095.8,2194388.0,1,1.111558,S-522,149.1,1111.9
agriculture_surface_irrigation,agriculture_surface_irrigation,ÇAKMAK BARAJI SULAMASI 2.MERHAL KISMI,5726055.9,2194117.2,0,6.185266,S-522,669.8,2814.1
agriculture_surface_irrigation,agriculture_surface_irrigation,SARICAALİ GÖLETİ SULAMASI,5754098.4,2194521.5,0,0.155922,S-526,125.0,2652.9
agriculture_surface_irrigation,agriculture_surface_irrigation,ÇAKMAK BARAJI SULAMASI 2.MERHAL KISMI,5726055.9,2194117.2,0,0.722953,S-527,251.3,2505.0
agriculture_surface_irrigation,agriculture_surface_irrigation,BÜYÜKMANDIRA BARAJI SULAMASI,5746684.1,2190559.5,0,2.254653,S-532,319.8,4136.6
agriculture_surface_irrigation,agriculture_surface_irrigation,SARICAALİ GÖLETİ SULAMASI,5754098.4,2194521.5,0,0.116942,S-532,229.8,70.7
agriculture_surface_irrigation,agriculture_surface_irrigation,KIZIKCIKDERE SULAMASI,5748308.4,2235823.3,1,1.277096,S-54,1431.5,15169.2
agriculture_surface_irrigation,agriculture_surface_irrigation,ÇAKMAK BARAJI SULAMASI 2.MERHAL KISMI,5726055.9,2194117.2,0,1.847547,S-543,319.5,1183.5
agriculture_surface_irrigation,agriculture_surface_irrigation,ASLIHAN GÖLETİ SULAMASI,5716964.0,2191828.8,1,1.634597,S-553,221.2,854.4
agriculture_surface_irrigation,agriculture_surface_irrigation,BÜYÜKMANDIRA BARAJI SULAMASI,5746684.1,2190559.5,0,2.415700,S-556,227.2,1788.1
agriculture_surface_irrigation,agriculture_surface_irrigation,BÜYÜKMANDIRA BARAJI SULAMASI,5746684.1,2190559.5,0,1.167588,S-557,220.0,705.7
agriculture_surface_irrigation,agriculture_surface_irrigation,ULAŞ GÖLETİ SULAMASI,5798837.7,2191186.3,1,0.341968,S-559,191.4,988.5
agriculture_surface_irrigation,agriculture_surface_irrigation,BÜYÜKMANDIRA BARAJI SULAMASI,5746684.1,2190559.5,0,1.207850,S-561,267.8,712.3
agriculture_surface_irrigation,agriculture_surface_irrigation,BÜYÜKMANDIRA BARAJI SULAMASI,5746684.1,2190559.5,0,0.040262,S-562,212.9,35.4
agriculture_surface_irrigation,agriculture_surface_irrigation,BÜYÜKMANDIRA BARAJI SULAMASI,5746684.1,2190559.5,0,0.684448,S-563,318.6,816.0
agriculture_surface_irrigation,agriculture_surface_irrigation,ÇAKMAK BARAJI SULAMASI 2.MERHAL KISMI,5731629.0,2188592.6,0,0.125993,S-564,424.1,10261.4
agriculture_surface_irrigation,agriculture_surface_irrigation,ÇAKMAK BARAJI SULAMASI 2.MERHAL KISMI,5722285.3,2190549.9,0,0.916506,S-564,873.0,2769.6
agriculture_surface_irrigation,agriculture_surface_irrigation,ÇAKMAK BARAJI SULAMASI 2.MERHAL KISMI,5726055.9,2194117.2,1,12.491025,S-564,532.6,5462.9
agriculture_surface_irrigation,agriculture_surface_irrigation,BÜYÜKMANDIRA BARAJI SULAMASI,5746684.1,2190559.5,0,1.811775,S-568,221.4,1684.5
agriculture_surface_irrigation,agriculture_surface_irrigation,ARMAĞAN-ÇUKURPINAR SULAMASI,5759110.4,2250135.1,0,1.181357,S-57,1552.9,0.0
agriculture_surface_irrigation,agriculture_surface_irrigation,ÇAKMAK BARAJI SULAMASI 2.MERHAL KISMI,5720375.2,2191280.5,0,0.231067,S-570,215.2,2953.2
agriculture_surface_irrigation,agriculture_surface_irrigation,ÇAKMAK BARAJI SULAMASI 2.MERHAL KISMI,5730903.0,2189933.4,0,0.387338,S-572,481.3,424.0
agriculture_surface_irrigation,agriculture_surface_irrigation,ÇAKMAK BARAJI SULAMASI 2.MERHAL KISMI,5726055.9,2194117.2,0,0.562297,S-572,230.0,618.4
agriculture_surface_irrigation,agriculture_surface_irrigation,BÜYÜKMANDIRA BARAJI SULAMASI,5746684.1,2190559.5,0,0.885757,S-577,241.8,3358.4
agriculture_surface_irrigation,agriculture_surface_irrigation,BUZAĞACI GÖLETİ SULAMASI,5754505.0,2180029.6,1,2.438960,S-578,869.9,1044.2
agriculture_surface_irrigation,agriculture_surface_irrigation,BÜYÜKMANDIRA BARAJI SULAMASI,5745407.7,2189576.6,1,0.408911,S-578,67.3,16792.4
agriculture_surface_irrigation,agriculture_surface_irrigation,BÜYÜKMANDIRA BARAJI SULAMASI,5746684.1,2190559.5,0,1.489682,S-578,339.9,18445.6
agriculture_surface_irrigation,agriculture_surface_irrigation,ÇIKRIKÇI BARAJI VE SULAMASI,5746923.5,2183379.3,0,0.199050,S-578,1028.7,14057.1
agriculture_surface_irrigation,agriculture_surface_irrigation,BÜYÜKMANDIRA BARAJI SULAMASI,5746684.1,2190559.5,1,3.784597,S-584,347.9,9208.7
agriculture_surface_irrigation,agriculture_surface_irrigation,ÇAKMAK BARAJI SULAMASI 2.MERHAL KISMI,5733010.8,2188915.3,0,0.039653,S-586,35.4,2672.3
agriculture_surface_irrigation,agriculture_surface_irrigation,ÇAKMAK BARAJI SULAMASI 2.MERHAL KISMI,5731629.0,2188592.6,0,0.545971,S-586,193.0,1549.2
agriculture_surface_irrigation,agriculture_surface_irrigation,ÇAKMAK BARAJI SULAMASI 2.MERHAL KISMI,5730903.0,2189933.4,1,1.007079,S-586,302.9,1486.0
agriculture_surface_irrigation,agriculture_surface_irrigation,ÇAKMAK BARAJI SULAMASI 2.MERHAL KISMI,5726055.9,2194117.2,0,0.200820,S-586,54.7,362.6
agriculture_surface_irrigation,agriculture_surface_irrigation,BÜYÜKMANDIRA BARAJI SULAMASI,5746684.1,2190559.5,0,0.563663,S-588,188.6,226.9
agriculture_surface_irrigation,agriculture_surface_irrigation,ÇIKRIKÇI BARAJI VE SULAMASI,5746923.5,2183379.3,0,0.238860,S-588,297.0,156.3
agriculture_surface_irrigation,agriculture_surface_irrigation,ÇAKMAK BARAJI SULAMASI 2.MERHAL KISMI,5732492.1,2186067.5,1,0.010120,S-589,0.3,3981.0
agriculture_surface_irrigation,agriculture_surface_irrigation,ÇAKMAK BARAJI SULAMASI 2.MERHAL KISMI,5732565.3,2186446.8,1,0.059288,S-589,252.1,3611.0
agriculture_surface_irrigation,agriculture_surface_irrigation,ÇAKMAK BARAJI SULAMASI 2.MERHAL KISMI,5730622.1,2185849.9,0,1.233705,S-589,254.3,2881.3
agriculture_surface_irrigation,agriculture_surface_irrigation,ÇAKMAK BARAJI SULAMASI 2.MERHAL KISMI,5732608.7,2186162.3,0,0.041049,S-589,88.4,3478.1
agriculture_surface_irrigation,agriculture_surface_irrigation,ÇAKMAK BARAJI SULAMASI 2.MERHAL KISMI,5723302.0,2183022.3,0,0.246758,S-589,324.3,1943.7
agriculture_surface_irrigation,agriculture_surface_irrigation,ÇAKMAK BARAJI SULAMASI 2.MERHAL KISMI,5733010.8,2188915.3,0,0.198266,S-589,287.7,1232.8
agriculture_surface_irrigation,agriculture_surface_irrigation,ÇAKMAK BARAJI SULAMASI 2.MERHAL KISMI,5731629.0,2188592.6,1,0.965948,S-589,224.3,826.4
agriculture_surface_irrigation,agriculture_surface_irrigation,ELMACIK 1 GÖLETİ SULAMASI,5737450.8,2246943.8,1,0.030040,S-59,404.6,1097.1
agriculture_surface_irrigation,agriculture_surface_irrigation,ELMACIK 1 GÖLETİ SULAMASI,5737765.3,2247578.8,1,1.030584,S-59,427.8,352.9
agriculture_surface_irrigation,agriculture_surface_irrigation,ELMACIK 2 GÖLETİ SULAMASI,5736432.2,2246358.2,1,0.687018,S-59,1280.7,1568.6
agriculture_surface_irrigation,agriculture_surface_irrigation,ELMACIK 2 GÖLETİ SULAMASI,5737400.6,2248158.0,1,0.034090,S-59,889.0,0.0
agriculture_surface_irrigation,agriculture_surface_irrigation,KIRKLARELİ KADIKÖY GÖLETİ SULAMASI,5739225.6,2244533.6,1,0.815715,S-59,423.7,4760.1
agriculture_surface_irrigation,agriculture_surface_irrigation,KIRKLARELİ KADIKÖY GÖLETİ SULAMASI,5740243.6,2246051.4,0,0.077125,S-59,980.5,2441.7
agriculture_surface_irrigation,agriculture_surface_irrigation,KIRCASALİH SÖĞÜTLÜDERE GÖLETİ SULAMASI,5722945.4,2188430.3,1,1.334574,S-591,514.9,3644.1
agriculture_surface_irrigation,agriculture_surface_irrigation,ÇAKMAK BARAJI SULAMASI 2.MERHAL KISMI,5722476.8,2180510.6,0,0.121335,S-591,80.9,12962.6
agriculture_surface_irrigation,agriculture_surface_irrigation,ÇAKMAK BARAJI SULAMASI 2.MERHAL KISMI,5730622.1,2185849.9,0,0.123371,S-591,153.2,12419.4
agriculture_surface_irrigation,agriculture_surface_irrigation,ÇAKMAK BARAJI SULAMASI 2.MERHAL KISMI,5723302.0,2183022.3,0,0.164505,S-591,406.1,12649.2
agriculture_surface_irrigation,agriculture_surface_irrigation,ÇAKMAK BARAJI SULAMASI 2.MERHAL KISMI,5725725.6,2187105.7,1,2.167856,S-591,187.3,8139.5
agriculture_surface_irrigation,agriculture_surface_irrigation,ÇAKMAK BARAJI SULAMASI 2.MERHAL KISMI,5722929.8,2188762.9,1,0.291804,S-591,164.2,3519.6
agriculture_surface_irrigation,agriculture_surface_irrigation,ÇAKMAK BARAJI SULAMASI 2.MERHAL KISMI,5720375.2,2191280.5,0,0.346601,S-591,135.7,917.8
agriculture_surface_irrigation,agriculture_surface_irrigation,ÇAKMAK BARAJI SULAMASI 2.MERHAL KISMI,5722285.3,2190549.9,1,9.284601,S-591,526.0,4913.6
agriculture_surface_irrigation,agriculture_surface_irrigation,ÇIKRIKÇI BARAJI VE SULAMASI,5745740.8,2183064.8,0,0.040309,S-593,72.9,347.5
agriculture_surface_irrigation,agriculture_surface_irrigation,ÇIKRIKÇI BARAJI VE SULAMASI,5745740.8,2183064.8,0,0.765868,S-594,179.7,1190.9
agriculture_surface_irrigation,agriculture_surface_irrigation,ÇIKRIKÇI BARAJI VE SULAMASI,5746923.5,2183379.3,0,1.114680,S-594,337.7,1248.9
agriculture_surface_irrigation,agriculture_surface_irrigation,ÇAKMAK BARAJI SULAMASI 2.MERHAL KISMI,5732949.0,2186606.3,1,0.012917,S-596,66.2,2632.4
agriculture_surface_irrigation,agriculture_surface_irrigation,ÇAKMAK BARAJI SULAMASI 2.MERHAL KISMI,5730622.1,2185849.9,0,0.123371,S-596,155.4,2074.2
agriculture_surface_irrigation,agriculture_surface_irrigation,ÇAKMAK BARAJI SULAMASI 2.MERHAL KISMI,5732608.7,2186162.3,1,1.477760,S-596,194.6,2176.9
agriculture_surface_irrigation,agriculture_surface_irrigation,BÜYÜKMANDIRA BARAJI SULAMASI,5746684.1,2190559.5,0,0.442878,S-597,177.7,134.3
agriculture_surface_irrigation,agriculture_surface_irrigation,BÜYÜKMANDIRA BARAJI SULAMASI,5746684.1,2190559.5,0,0.040262,S-598,615.7,762.1
agriculture_surface_irrigation,agriculture_surface_irrigation,BÜYÜKMANDIRA BARAJI SULAMASI,5746684.1,2190559.5,0,0.080523,S-599,312.5,324.6
agriculture_surface_irrigation,agriculture_surface_irrigation,BÜYÜKMANDIRA BARAJI SULAMASI,5746684.1,2190559.5,0,0.684448,S-600,207.0,966.4
agriculture_surface_irrigation,agriculture_surface_irrigation,BÜYÜKMANDIRA BARAJI SULAMASI,5746684.1,2190559.5,0,0.040262,S-603,87.5,183.2
agriculture_surface_irrigation,agriculture_surface_irrigation,BÜYÜKMANDIRA BARAJI SULAMASI,5746684.1,2190559.5,0,0.040262,S-605,237.5,485.0
agriculture_surface_irrigation,agriculture_surface_irrigation,TEMREZLİ GÖLETİ SULAMASI,5745094.1,2183818.9,0,0.115980,S-607,1206.4,173.0
agriculture_surface_irrigation,agriculture_surface_irrigation,ÇIKRIKÇI BARAJI VE SULAMASI,5745740.8,2183064.8,0,1.088339,S-607,174.4,2034.9
agriculture_surface_irrigation,agriculture_surface_irrigation,TEMREZLİ GÖLETİ SULAMASI,5745094.1,2183818.9,0,0.038660,S-609,1317.8,3151.3
agriculture_surface_irrigation,agriculture_surface_irrigation,ÇIKRIKÇI BARAJI VE SULAMASI,5745740.8,2183064.8,0,0.725560,S-609,847.0,2639.6
agriculture_surface_irrigation,agriculture_surface_irrigation,ÇIKRIKÇI BARAJI VE SULAMASI,5746923.5,2183379.3,1,6.409411,S-609,380.4,3749.3
agriculture_surface_irrigation,agriculture_surface_irrigation,TEMREZLİ GÖLETİ SULAMASI,5745094.1,2183818.9,0,0.270621,S-611,1235.4,0.0
agriculture_surface_irrigation,agriculture_surface_irrigation,ÇIKRIKÇI BARAJI VE SULAMASI,5745740.8,2183064.8,1,1.894517,S-611,498.5,192.6
agriculture_surface_irrigation,agriculture_surface_irrigation,ÇIKRIKÇI BARAJI VE SULAMASI,5746923.5,2183379.3,0,0.119430,S-611,310.5,532.6
agriculture_surface_irrigation,agriculture_surface_irrigation,ÇENGELLİ GÖLETİ SULAMASI,5766560.6,2184200.1,0,1.163432,S-612,689.7,1564.3
agriculture_surface_irrigation,agriculture_surface_irrigation,ÇENGELLİ GÖLETİ SULAMASI,5766560.6,2184200.1,0,0.521538,S-613,1181.4,1448.7
agriculture_surface_irrigation,agriculture_surface_irrigation,ÇAKMAK BARAJI SULAMASI 2.MERHAL KISMI,5731569.1,2185068.8,1,0.014469,S-614,503.8,853.6
agriculture_surface_irrigation,agriculture_surface_irrigation,ÇAKMAK BARAJI SULAMASI 2.MERHAL KISMI,5731076.1,2185029.2,1,0.016748,S-614,511.4,2422.8
agriculture_surface_irrigation,agriculture_surface_irrigation,ÇAKMAK BARAJI SULAMASI 2.MERHAL KISMI,5730412.0,2184955.6,1,0.048473,S-614,456.9,2748.3
agriculture_surface_irrigation,agriculture_surface_irrigation,ÇAKMAK BARAJI SULAMASI 2.MERHAL KISMI,5728743.7,2184808.4,1,0.007059,S-614,329.1,4675.5
agriculture_surface_irrigation,agriculture_surface_irrigation,ÇAKMAK BARAJI SULAMASI 2.MERHAL KISMI,5731970.8,2185768.9,1,0.004403,S-614,69.4,497.4
agriculture_surface_irrigation,agriculture_surface_irrigation,ÇAKMAK BARAJI SULAMASI 2.MERHAL KISMI,5727759.4,2184830.8,1,0.051184,S-614,292.4,6033.5
agriculture_surface_irrigation,agriculture_surface_irrigation,ÇAKMAK BARAJI SULAMASI 2.MERHAL KISMI,5728527.7,2185011.3,1,0.044490,S-614,126.2,4891.5
agriculture_surface_irrigation,agriculture_surface_irrigation,ÇAKMAK BARAJI SULAMASI 2.MERHAL KISMI,5727954.4,2184998.8,1,0.007624,S-614,138.7,5464.7
agriculture_surface_irrigation,agriculture_surface_irrigation,ÇAKMAK BARAJI SULAMASI 2.MERHAL KISMI,5732189.7,2185948.7,1,0.023723,S-614,113.5,256.1
agriculture_surface_irrigation,agriculture_surface_irrigation,ÇAKMAK BARAJI SULAMASI 2.MERHAL KISMI,5727306.3,2184981.9,1,0.035927,S-614,19.4,6291.4
agriculture_surface_irrigation,agriculture_surface_irrigation,ÇAKMAK BARAJI SULAMASI 2.MERHAL KISMI,5727571.5,2185138.3,1,0.006669,S-614,11.9,5863.1
agriculture_surface_irrigation,agriculture_surface_irrigation,ÇAKMAK BARAJI SULAMASI 2.MERHAL KISMI,5722476.8,2180510.6,0,0.485339,S-614,180.0,6465.1
agriculture_surface_irrigation,agriculture_surface_irrigation,ÇAKMAK BARAJI SULAMASI 2.MERHAL KISMI,5730622.1,2185849.9,1,2.714152,S-614,194.5,3312.5
agriculture_surface_irrigation,agriculture_surface_irrigation,ÇAKMAK BARAJI SULAMASI 2.MERHAL KISMI,5732608.7,2186162.3,0,0.697831,S-614,411.3,1615.6
agriculture_surface_irrigation,agriculture_surface_irrigation,ÇAKMAK BARAJI SULAMASI 2.MERHAL KISMI,5723302.0,2183022.3,0,0.987031,S-614,262.1,2654.1
agriculture_surface_irrigation,agriculture_surface_irrigation,ÇAKMAK BARAJI SULAMASI 2.MERHAL KISMI,5722744.0,2182214.1,1,0.027359,S-618,5.7,4776.4
agriculture_surface_irrigation,agriculture_surface_irrigation,ÇAKMAK BARAJI SULAMASI 2.MERHAL KISMI,5723302.0,2183022.3,0,1.151536,S-618,336.9,3872.2
agriculture_surface_irrigation,agriculture_surface_irrigation,ÇAKMAK BARAJI SULAMASI 2.MERHAL KISMI,5723302.0,2183022.3,0,0.205631,S-620,123.8,5026.4
agriculture_surface_irrigation,agriculture_surface_irrigation,ÇAKMAK BARAJI SULAMASI 2.MERHAL KISMI,5725472.5,2183963.6,1,0.051203,S-622,199.5,1641.7
agriculture_surface_irrigation,agriculture_surface_irrigation,ÇAKMAK BARAJI SULAMASI 2.MERHAL KISMI,5722476.8,2180510.6,0,0.728009,S-622,303.2,784.3
agriculture_surface_irrigation,agriculture_surface_irrigation,ÇAKMAK BARAJI SULAMASI 2.MERHAL KISMI,5723302.0,2183022.3,0,0.740273,S-622,269.6,1284.2
agriculture_surface_irrigation,agriculture_surface_irrigation,ÇAKMAK BARAJI SULAMASI 2.MERHAL KISMI,5723302.0,2183022.3,0,0.205631,S-624,189.8,63.6
agriculture_surface_irrigation,agriculture_surface_irrigation,ÇENGELLİ GÖLETİ SULAMASI,5766560.6,2184200.1,1,7.863195,S-626,490.8,3871.7
agriculture_surface_irrigation,agriculture_surface_irrigation,ÇAKMAK BARAJI SULAMASI 2.MERHAL KISMI,5723471.6,2182792.8,1,0.000098,S-627,344.9,2137.4
agriculture_surface_irrigation,agriculture_surface_irrigation,ÇAKMAK BARAJI SULAMASI 2.MERHAL KISMI,5723462.1,2182932.6,1,0.010584,S-627,204.9,2137.9
agriculture_surface_irrigation,agriculture_surface_irrigation,ÇAKMAK BARAJI SULAMASI 2.MERHAL KISMI,5724706.4,2183448.5,1,0.039638,S-627,514.0,384.6
agriculture_surface_irrigation,agriculture_surface_irrigation,ÇAKMAK BARAJI SULAMASI 2.MERHAL KISMI,5725115.6,2183665.7,1,0.032442,S-627,477.2,296.0
agriculture_surface_irrigation,agriculture_surface_irrigation,ÇAKMAK BARAJI SULAMASI 2.MERHAL KISMI,5722476.8,2180510.6,0,0.728009,S-627,726.8,1589.9
agriculture_surface_irrigation,agriculture_surface_irrigation,ÇAKMAK BARAJI SULAMASI 2.MERHAL KISMI,5723302.0,2183022.3,0,1.521672,S-627,205.5,1076.2
agriculture_surface_irrigation,agriculture_surface_irrigation,ÇAKMAK BARAJI SULAMASI 2.MERHAL KISMI,5723427.7,2182443.4,1,0.050272,S-632,640.2,1355.5
agriculture_surface_irrigation,agriculture_surface_irrigation,ÇAKMAK BARAJI SULAMASI 2.MERHAL KISMI,5722476.8,2180510.6,0,0.080890,S-632,412.5,1498.9
agriculture_surface_irrigation,agriculture_surface_irrigation,ÇAKMAK BARAJI SULAMASI 2.MERHAL KISMI,5723302.0,2183022.3,0,0.781399,S-632,149.0,750.5
agriculture_surface_irrigation,agriculture_surface_irrigation,TEMREZLİ GÖLETİ SULAMASI,5745094.1,2183818.9,1,1.933004,S-633,722.0,1184.9
agriculture_surface_irrigation,agriculture_surface_irrigation,ÇIKRIKÇI BARAJI VE SULAMASI,5745740.8,2183064.8,0,1.692972,S-633,353.0,2691.7
agriculture_surface_irrigation,agriculture_surface_irrigation,ÇIKRIKÇI BARAJI VE SULAMASI,5746923.5,2183379.3,0,0.159240,S-633,51.0,3886.7
agriculture_surface_irrigation,agriculture_surface_irrigation,ÇIKRIKÇI BARAJI VE SULAMASI,5746923.5,2183379.3,0,0.756390,S-634,341.4,310.2
agriculture_surface_irrigation,agriculture_surface_irrigation,ÇENGELLİ GÖLETİ SULAMASI,5766560.6,2184200.1,0,0.200592,S-635,62.0,429.0
agriculture_surface_irrigation,agriculture_surface_irrigation,ÇENGELLİ GÖLETİ SULAMASI,5766560.6,2184200.1,0,0.601775,S-636,289.3,3259.8
agriculture_surface_irrigation,agriculture_surface_irrigation,ARMAĞAN-ÇUKURPINAR SULAMASI,5759110.4,2250135.1,0,0.040736,S-64,2101.0,1513.2
agriculture_surface_irrigation,agriculture_surface_irrigation,ÇIKRIKÇI BARAJI VE SULAMASI,5745740.8,2183064.8,0,0.080618,S-643,283.1,341.4
agriculture_surface_irrigation,agriculture_surface_irrigation,ÇIKRIKÇI BARAJI VE SULAMASI,5746923.5,2183379.3,0,0.278670,S-643,106.7,598.0
agriculture_surface_irrigation,agriculture_surface_irrigation,ÇIKRIKÇI BARAJI VE SULAMASI,5746923.5,2183379.3,0,3.383850,S-644,441.5,710.2
agriculture_surface_irrigation,agriculture_surface_irrigation,ÇAKMAK BARAJI SULAMASI 2.MERHAL KISMI,5719907.5,2180699.3,1,0.008212,S-645,263.2,3809.9
agriculture_surface_irrigation,agriculture_surface_irrigation,ÇAKMAK BARAJI SULAMASI 2.MERHAL KISMI,5719671.3,2180822.8,1,0.024442,S-645,197.4,4268.8
agriculture_surface_irrigation,agriculture_surface_irrigation,ÇAKMAK BARAJI SULAMASI 2.MERHAL KISMI,5720786.1,2181346.6,1,0.005638,S-645,42.7,2754.5
agriculture_surface_irrigation,agriculture_surface_irrigation,ÇAKMAK BARAJI SULAMASI 2.MERHAL KISMI,5720505.8,2181280.9,1,0.049782,S-645,176.8,3006.5
agriculture_surface_irrigation,agriculture_surface_irrigation,ÇAKMAK BARAJI SULAMASI 2.MERHAL KISMI,5721457.1,2181590.8,1,0.063428,S-645,178.3,1991.1
agriculture_surface_irrigation,agriculture_surface_irrigation,ÇAKMAK BARAJI SULAMASI 2.MERHAL KISMI,5721149.1,2181674.9,1,0.031959,S-645,197.0,2452.1
agriculture_surface_irrigation,agriculture_surface_irrigation,ÇAKMAK BARAJI SULAMASI 2.MERHAL KISMI,5722476.8,2180510.6,1,1.860467,S-645,330.7,2086.9
agriculture_surface_irrigation,agriculture_surface_irrigation,ÇAKMAK BARAJI SULAMASI 2.MERHAL KISMI,5723302.0,2183022.3,1,2.755460,S-645,341.4,2909.9
agriculture_surface_irrigation,agriculture_surface_irrigation,BUZAĞACI GÖLETİ SULAMASI,5754505.0,2180029.6,0,0.650389,S-646,1154.3,1032.0
agriculture_surface_irrigation,agriculture_surface_irrigation,ÇIKRIKÇI BARAJI VE SULAMASI,5745740.8,2183064.8,0,0.443398,S-647,347.1,33.5
agriculture_surface_irrigation,agriculture_surface_irrigation,ÇIKRIKÇI BARAJI VE SULAMASI,5745740.8,2183064.8,0,0.120927,S-648,142.5,438.1
agriculture_surface_irrigation,agriculture_surface_irrigation,ÇIKRIKÇI BARAJI VE SULAMASI,5746923.5,2183379.3,0,0.358290,S-648,265.2,457.5
agriculture_surface_irrigation,agriculture_surface_irrigation,ÇAKMAK BARAJI SULAMASI 2.MERHAL KISMI,5723825.8,2176492.4,1,0.150150,S-649,176.4,32780.1
agriculture_surface_irrigation,agriculture_surface_irrigation,KIRKLARELİ KADIKÖY GÖLETİ SULAMASI,5739225.6,2244533.6,0,0.582654,S-65,450.2,1683.3
agriculture_surface_irrigation,agriculture_surface_irrigation,KIRKLARELİ KADIKÖY GÖLETİ SULAMASI,5740243.6,2246051.4,1,1.658192,S-65,422.6,423.5
agriculture_surface_irrigation,agriculture_surface_irrigation,HANOĞLU GÖLETİ SULAMASI,5764798.9,2180068.8,1,0.427862,S-650,121.0,17730.8
agriculture_surface_irrigation,agriculture_surface_irrigation,HANOĞLU GÖLETİ SULAMASI,5765371.0,2180347.0,1,6.323781,S-650,400.0,17239.1
agriculture_surface_irrigation,agriculture_surface_irrigation,HANOĞLU GÖLETİ SULAMASI,5762048.1,2181907.2,1,0.463920,S-650,437.8,21904.9
agriculture_surface_irrigation,agriculture_surface_irrigation,ÇIKRIKÇI BARAJI VE SULAMASI,5745740.8,2183064.8,0,0.564324,S-651,209.8,4346.3
agriculture_surface_irrigation,agriculture_surface_irrigation,ÇIKRIKÇI BARAJI VE SULAMASI,5745740.8,2183064.8,0,0.241853,S-654,140.2,402.6
agriculture_surface_irrigation,agriculture_surface_irrigation,ÇIKRIKÇI BARAJI VE SULAMASI,5746923.5,2183379.3,0,0.318480,S-654,246.4,393.2
agriculture_surface_irrigation,agriculture_surface_irrigation,DEĞİRMENCİ SULAMASI,5711855.2,2177993.0,0,0.854056,S-655,1707.9,5170.6
agriculture_surface_irrigation,agriculture_surface_irrigation,ÇAKMAK BARAJI SULAMASI 1.MERHALE KISMI,5711304.3,2179300.7,1,0.862224,S-655,2256.1,5150.3
agriculture_surface_irrigation,agriculture_surface_irrigation,ÇAKMAK BARAJI SULAMASI 2.MERHAL KISMI,5714470.5,2178348.2,1,0.072466,S-655,431.5,5620.6
agriculture_surface_irrigation,agriculture_surface_irrigation,ÇAKMAK BARAJI SULAMASI 2.MERHAL KISMI,5717387.9,2172609.5,0,0.437528,S-655,109.4,5390.5
agriculture_surface_irrigation,agriculture_surface_irrigation,ÇAKMAK BARAJI SULAMASI 2.MERHAL KISMI,5714826.2,2178792.7,1,0.150435,S-655,337.7,4867.0
agriculture_surface_irrigation,agriculture_surface_irrigation,ÇAKMAK BARAJI SULAMASI 2.MERHAL KISMI,5718393.6,2177363.5,0,1.955242,S-655,919.2,1745.5
agriculture_surface_irrigation,agriculture_surface_irrigation,ÇAKMAK BARAJI SULAMASI 2.MERHAL KISMI,5716394.4,2179983.6,1,0.046096,S-655,27.7,2942.1
agriculture_surface_irrigation,agriculture_surface_irrigation,ÇAKMAK BARAJI SULAMASI 2.MERHAL KISMI,5715853.9,2179770.9,1,0.092958,S-655,67.4,3572.8
agriculture_surface_irrigation,agriculture_surface_irrigation,ÇAKMAK BARAJI SULAMASI 2.MERHAL KISMI,5718219.0,2180290.9,1,0.206872,S-655,209.8,980.1
agriculture_surface_irrigation,agriculture_surface_irrigation,ÇAKMAK BARAJI SULAMASI 2.MERHAL KISMI,5716619.2,2179644.5,1,1.100516,S-655,329.6,2764.3
agriculture_surface_irrigation,agriculture_surface_irrigation,ÇAKMAK BARAJI SULAMASI 2.MERHAL KISMI,5717361.9,2180421.8,1,0.004609,S-655,59.3,1829.1
agriculture_surface_irrigation,agriculture_surface_irrigation,ÇAKMAK BARAJI SULAMASI 2.MERHAL KISMI,5723302.0,2183022.3,0,0.863652,S-655,249.2,1257.3
agriculture_surface_irrigation,agriculture_surface_irrigation,ÇAKMAK BARAJI SULAMASI 2.MERHAL KISMI,5713020.6,2182512.8,1,0.316362,S-655,2428.5,3864.7
agriculture_surface_irrigation,agriculture_surface_irrigation,ÇAKMAK BARAJI SULAMASI 2.MERHAL KISMI,5718393.6,2177363.5,0,2.394173,S-656,533.2,1022.2
agriculture_surface_irrigation,agriculture_surface_irrigation,ÇAKMAK BARAJI SULAMASI 2.MERHAL KISMI,5719385.9,2180475.4,1,0.072618,S-656,114.1,2383.0
agriculture_surface_irrigation,agriculture_surface_irrigation,ÇAKMAK BARAJI SULAMASI 2.MERHAL KISMI,5722476.8,2180510.6,0,0.647119,S-656,239.0,1710.2
agriculture_surface_irrigation,agriculture_surface_irrigation,BUZAĞACI GÖLETİ SULAMASI,5754505.0,2180029.6,0,0.203247,S-660,1283.3,1363.1
agriculture_surface_irrigation,agriculture_surface_irrigation,ÇIKRIKÇI BARAJI VE SULAMASI,5745740.8,2183064.8,0,0.322471,S-661,286.4,21.9
agriculture_surface_irrigation,agriculture_surface_irrigation,ÇIKRIKÇI BARAJI VE SULAMASI,5745740.8,2183064.8,0,1.007722,S-662,350.2,1306.5
agriculture_surface_irrigation,agriculture_surface_irrigation,ÇIKRIKÇI BARAJI VE SULAMASI,5746923.5,2183379.3,0,2.428410,S-662,494.2,1340.8
agriculture_surface_irrigation,agriculture_surface_irrigation,İNANLI GÖLETİ SULAMASI,5777637.3,2179009.2,0,0.033123,S-666,37.5,926.4
agriculture_surface_irrigation,agriculture_surface_irrigation,İNANLI GÖLETİ SULAMASI,5777637.3,2179009.2,1,0.529969,S-667,107.1,1839.4
agriculture_surface_irrigation,agriculture_surface_irrigation,ÇAKMAK BARAJI SULAMASI 2.MERHAL KISMI,5717387.9,2172609.5,0,0.159101,S-671,140.7,370.3
agriculture_surface_irrigation,agriculture_surface_irrigation,ÇAKMAK BARAJI SULAMASI 2.MERHAL KISMI,5718393.6,2177363.5,0,0.877864,S-671,546.9,531.8
agriculture_surface_irrigation,agriculture_surface_irrigation,ÇAKMAK BARAJI SULAMASI 2.MERHAL KISMI,5716619.2,2179644.5,0,0.132062,S-671,250.3,75.6
agriculture_surface_irrigation,agriculture_surface_irrigation,BUZAĞACI GÖLETİ SULAMASI,5754505.0,2180029.6,0,1.178831,S-677,866.0,4469.7
agriculture_surface_irrigation,agriculture_surface_irrigation,ÇAKMAK BARAJI SULAMASI 2.MERHAL KISMI,5717387.9,2172609.5,0,0.517079,S-678,205.6,390.8
agriculture_surface_irrigation,agriculture_surface_irrigation,DEĞİRMENCİ SULAMASI,5711855.2,2177993.0,1,1.086981,S-679,1777.9,1155.4
agriculture_surface_irrigation,agriculture_surface_irrigation,ÇAKMAK BARAJI SULAMASI 1.MERHALE KISMI,5711304.3,2179300.7,0,0.369525,S-679,2283.6,922.3
agriculture_surface_irrigation,agriculture_surface_irrigation,ÇAKMAK BARAJI SULAMASI 2.MERHAL KISMI,5713408.9,2176186.7,1,0.236759,S-679,512.8,2511.4
agriculture_surface_irrigation,agriculture_surface_irrigation,ÇAKMAK BARAJI SULAMASI 2.MERHAL KISMI,5713797.0,2176873.8,1,0.007292,S-679,625.5,1446.8
agriculture_surface_irrigation,agriculture_surface_irrigation,ÇAKMAK BARAJI SULAMASI 2.MERHAL KISMI,5710544.9,2173214.0,0,0.987238,S-679,768.0,2195.7
agriculture_surface_irrigation,agriculture_surface_irrigation,ÇAKMAK BARAJI SULAMASI 2.MERHAL KISMI,5713955.5,2177642.0,1,0.108038,S-679,606.3,763.4
agriculture_surface_irrigation,agriculture_surface_irrigation,ÇAKMAK BARAJI SULAMASI 2.MERHAL KISMI,5714103.2,2178045.2,1,0.115815,S-679,719.5,422.5
agriculture_surface_irrigation,agriculture_surface_irrigation,ÇAKMAK BARAJI SULAMASI 2.MERHAL KISMI,5717387.9,2172609.5,0,3.261576,S-679,347.9,1528.5
agriculture_surface_irrigation,agriculture_surface_irrigation,ÇIKRIKÇI BARAJI VE SULAMASI,5745740.8,2183064.8,0,0.564324,S-680,364.8,367.3
agriculture_surface_irrigation,agriculture_surface_irrigation,HAYRABOLU SULAMASI,5749462.6,2159471.2,0,1.162106,S-681,262.6,757.0
agriculture_surface_irrigation,agriculture_surface_irrigation,HAYRABOLU SULAMASI YENİLEMESİ,5749647.7,2159044.6,0,1.163876,S-681,262.6,757.0
agriculture_surface_irrigation,agriculture_surface_irrigation,ÇIKRIKÇI BARAJI VE SULAMASI,5746923.5,2183379.3,0,0.159240,S-681,353.3,3869.4
agriculture_surface_irrigation,agriculture_surface_irrigation,ÇAKMAK BARAJI SULAMASI 2.MERHAL KISMI,5718393.6,2177363.5,0,0.079806,S-683,97.2,2585.9
agriculture_surface_irrigation,agriculture_surface_irrigation,ÇAKMAK BARAJI SULAMASI 2.MERHAL KISMI,5722476.8,2180510.6,0,1.294238,S-683,179.5,1415.2
agriculture_surface_irrigation,agriculture_surface_irrigation,BALABANLI GÖLETİ SULAMASI,5787473.2,2176410.6,0,0.251315,S-685,159.3,660.3
agriculture_surface_irrigation,agriculture_surface_irrigation,BALABANLI GÖLETİ SULAMASI,5787473.2,2176410.6,0,0.125658,S-686,110.8,390.3
agriculture_surface_irrigation,agriculture_surface_irrigation,ÇAKMAK BARAJI SULAMASI 2.MERHAL KISMI,5722119.3,2176230.6,0,0.493250,S-694,111.2,818.5
agriculture_surface_irrigation,agriculture_surface_irrigation,ÇAKMAK BARAJI SULAMASI 2.MERHAL KISMI,5718393.6,2177363.5,0,5.187375,S-694,797.7,2345.0
agriculture_surface_irrigation,agriculture_surface_irrigation,ÇAKMAK BARAJI SULAMASI 2.MERHAL KISMI,5722476.8,2180510.6,0,0.202225,S-694,177.5,692.0
agriculture_surface_irrigation,agriculture_surface_irrigation,BALABANLI GÖLETİ SULAMASI,5787473.2,2176410.6,0,0.586402,S-696,148.8,1793.3
agriculture_surface_irrigation,agriculture_surface_irrigation,BAŞAĞIL GÖLETİ SULAMASI,5721550.9,2175653.6,0,0.071887,S-697,446.7,2826.0
agriculture_surface_irrigation,agriculture_surface_irrigation,ÇAKMAK BARAJI SULAMASI 2.MERHAL KISMI,5723825.8,2176492.4,1,0.150150,S-697,132.0,411.3
agriculture_surface_irrigation,agriculture_surface_irrigation,ÇAKMAK BARAJI SULAMASI 2.MERHAL KISMI,5722119.3,2176230.6,1,1.397542,S-697,254.4,1825.5
agriculture_surface_irrigation,agriculture_surface_irrigation,ÇAKMAK BARAJI SULAMASI 2.MERHAL KISMI,5722476.8,2180510.6,0,0.808899,S-697,205.5,2460.7
agriculture_surface_irrigation,agriculture_surface_irrigation,BALABANLI GÖLETİ SULAMASI,5787473.2,2176410.6,0,0.209429,S-698,122.4,361.2
agriculture_surface_irrigation,agriculture_surface_irrigation,ÇAKMAK BARAJI SULAMASI 2.MERHAL KISMI,5722119.3,2176230.6,0,0.041104,S-699,128.7,2489.2
agriculture_surface_irrigation,agriculture_surface_irrigation,BALABANLI GÖLETİ SULAMASI,5787473.2,2176410.6,1,0.712059,S-700,105.9,3323.0
agriculture_surface_irrigation,agriculture_surface_irrigation,ÇAKMAK BARAJI SULAMASI 2.MERHAL KISMI,5717387.9,2172609.5,0,4.176408,S-703,538.0,2635.7
agriculture_surface_irrigation,agriculture_surface_irrigation,ÇAKMAK BARAJI SULAMASI 2.MERHAL KISMI,5718393.6,2177363.5,1,6.903200,S-703,709.3,2855.7
agriculture_surface_irrigation,agriculture_surface_irrigation,ÇAKMAK BARAJI SULAMASI 2.MERHAL KISMI,5717387.9,2172609.5,0,8.352815,S-704,635.6,1091.6
agriculture_surface_irrigation,agriculture_surface_irrigation,DEĞİRMENCİ SULAMASI,5711855.2,2177993.0,0,0.854056,S-706,2042.5,262.7
agriculture_surface_irrigation,agriculture_surface_irrigation,ÇAKMAK BARAJI SULAMASI 1.MERHALE KISMI,5703926.3,2172535.6,0,2.611059,S-706,1600.1,1366.7
agriculture_surface_irrigation,agriculture_surface_irrigation,ÇAKMAK BARAJI SULAMASI 2.MERHAL KISMI,5712486.3,2175188.5,1,0.553753,S-706,337.8,684.2
agriculture_surface_irrigation,agriculture_surface_irrigation,ÇAKMAK BARAJI SULAMASI 2.MERHAL KISMI,5710544.9,2173214.0,0,0.987238,S-706,658.1,664.2
agriculture_surface_irrigation,agriculture_surface_irrigation,ÇAKMAK BARAJI SULAMASI 2.MERHAL KISMI,5717387.9,2172609.5,0,1.153484,S-706,210.3,1188.8
agriculture_surface_irrigation,agriculture_surface_irrigation,BAYRAMŞAH GÖLETİ  SULAMASI YENİLEMESİ,5757254.5,2171078.9,0,0.041595,S-707,187.5,172.9
agriculture_surface_irrigation,agriculture_surface_irrigation,HAYRABOLU SULAMASI,5749462.6,2159471.2,0,2.925301,S-708,278.6,1539.8
agriculture_surface_irrigation,agriculture_surface_irrigation,HAYRABOLU SULAMASI YENİLEMESİ,5749647.7,2159044.6,0,2.929757,S-708,278.6,1539.8
agriculture_surface_irrigation,agriculture_surface_irrigation,HAYRABOLU SULAMASI,5749462.6,2159471.2,0,1.642977,S-709,417.3,197.5
agriculture_surface_irrigation,agriculture_surface_irrigation,HAYRABOLU SULAMASI YENİLEMESİ,5749647.7,2159044.6,0,1.645480,S-709,417.3,197.5
agriculture_surface_irrigation,agriculture_surface_irrigation,ÇAKMAK BARAJI SULAMASI 2.MERHAL KISMI,5718393.6,2177363.5,0,0.598543,S-710,736.6,0.0
agriculture_surface_irrigation,agriculture_surface_irrigation,ÇAKMAK BARAJI SULAMASI 1.MERHALE KISMI,5703926.3,2172535.6,0,8.716920,S-714,1478.7,3028.9
agriculture_surface_irrigation,agriculture_surface_irrigation,ÇAKMAK BARAJI SULAMASI 2.MERHAL KISMI,5710688.8,2172347.4,1,0.281566,S-714,118.6,2476.5
agriculture_surface_irrigation,agriculture_surface_irrigation,ÇAKMAK BARAJI SULAMASI 2.MERHAL KISMI,5710529.6,2172912.6,1,0.012120,S-714,86.6,1904.6
agriculture_surface_irrigation,agriculture_surface_irrigation,ÇAKMAK BARAJI SULAMASI 2.MERHAL KISMI,5710861.1,2173395.6,1,0.038442,S-714,1.4,1292.9
agriculture_surface_irrigation,agriculture_surface_irrigation,ÇAKMAK BARAJI SULAMASI 2.MERHAL KISMI,5709143.4,2167289.9,0,1.885081,S-714,300.9,1935.5
agriculture_surface_irrigation,agriculture_surface_irrigation,ÇAKMAK BARAJI SULAMASI 2.MERHAL KISMI,5711208.7,2173827.9,1,0.057998,S-714,440.4,878.1
agriculture_surface_irrigation,agriculture_surface_irrigation,ÇAKMAK BARAJI SULAMASI 2.MERHAL KISMI,5710544.9,2173214.0,1,3.396097,S-714,392.0,3453.2
agriculture_surface_irrigation,agriculture_surface_irrigation,ÇAKMAK BARAJI SULAMASI 2.MERHAL KISMI,5717387.9,2172609.5,0,0.198877,S-714,220.5,116.5
agriculture_surface_irrigation,agriculture_surface_irrigation,ÇAKMAK BARAJI SULAMASI 2.MERHAL KISMI,5701131.7,2172768.2,0,0.485987,S-714,2261.1,5310.8
agriculture_surface_irrigation,agriculture_surface_irrigation,BAYRAMŞAH GÖLETİ  SULAMASI YENİLEMESİ,5757254.5,2171078.9,0,0.332761,S-716,398.3,698.4
agriculture_surface_irrigation,agriculture_surface_irrigation,GAZİMEHMET GÖLETİ SULAMASI,5730236.1,2171776.9,1,1.942773,S-717,190.0,2750.6
agriculture_surface_irrigation,agriculture_surface_irrigation,SİPAHİ GÖLETİ SULAMASI,5731561.2,2170666.4,1,0.066450,S-717,46.1,438.4
agriculture_surface_irrigation,agriculture_surface_irrigation,SİPAHİ GÖLETİ SULAMASI,5729747.6,2170466.1,1,1.117691,S-717,1204.1,1870.4
agriculture_surface_irrigation,agriculture_surface_irrigation,SİPAHİ GÖLETİ SULAMASI,5729717.5,2171630.6,1,0.188062,S-717,244.8,2675.7
agriculture_surface_irrigation,agriculture_surface_irrigation,SİPAHİ GÖLETİ SULAMASI,5728477.1,2172232.1,1,0.229684,S-717,695.6,4819.0
agriculture_surface_irrigation,agriculture_surface_irrigation,KIRKLARELİ KADIKÖY GÖLETİ SULAMASI,5739225.6,2244533.6,0,0.349592,S-72,394.7,717.6
agriculture_surface_irrigation,agriculture_surface_irrigation,BAYRAMŞAH GÖLETİ  SULAMASI YENİLEMESİ,5757254.5,2171078.9,0,0.332761,S-721,359.7,404.3
agriculture_surface_irrigation,agriculture_surface_irrigation,BAYRAMŞAH GÖLETİ SULAMASI,5756983.3,2171056.6,0,0.040044,S-721,87.5,118.6
agriculture_surface_irrigation,agriculture_surface_irrigation,BAŞAĞIL GÖLETİ SULAMASI,5721550.9,2175653.6,1,0.539151,S-723,242.1,6860.1
agriculture_surface_irrigation,agriculture_surface_irrigation,BAŞAĞIL GÖLETİ SULAMASI,5721032.3,2175624.4,1,0.596632,S-723,201.7,6890.9
agriculture_surface_irrigation,agriculture_surface_irrigation,ÇAKMAK BARAJI SULAMASI 2.MERHAL KISMI,5722119.3,2176230.6,0,0.164417,S-723,225.8,7526.1
agriculture_surface_irrigation,agriculture_surface_irrigation,ÇAKMAK BARAJI SULAMASI 2.MERHAL KISMI,5717387.9,2172609.5,0,1.630788,S-723,1132.1,3520.3
agriculture_surface_irrigation,agriculture_surface_irrigation,ÇAKMAK BARAJI SULAMASI 2.MERHAL KISMI,5718393.6,2177363.5,0,0.837961,S-723,674.5,6792.5
agriculture_surface_irrigation,agriculture_surface_irrigation,HAYRABOLU SULAMASI,5749462.6,2159471.2,0,0.280508,S-724,143.0,301.8
agriculture_surface_irrigation,agriculture_surface_irrigation,HAYRABOLU SULAMASI YENİLEMESİ,5749647.7,2159044.6,0,0.280936,S-724,143.0,301.8
agriculture_surface_irrigation,agriculture_surface_irrigation,BAYRAMŞAH GÖLETİ  SULAMASI YENİLEMESİ,5757254.5,2171078.9,1,0.831902,S-725,160.8,11528.1
agriculture_surface_irrigation,agriculture_surface_irrigation,BAYRAMŞAH GÖLETİ SULAMASI,5756983.3,2171056.6,1,1.081200,S-725,122.1,11362.0
agriculture_surface_irrigation,agriculture_surface_irrigation,HAYRABOLU SULAMASI,5749462.6,2159471.2,0,1.562832,S-726,294.8,1121.4
agriculture_surface_irrigation,agriculture_surface_irrigation,HAYRABOLU SULAMASI YENİLEMESİ,5749647.7,2159044.6,0,1.565213,S-726,294.8,1121.4
agriculture_surface_irrigation,agriculture_surface_irrigation,HAYRABOLU SULAMASI,5749462.6,2159471.2,0,1.081961,S-727,367.5,1658.4
agriculture_surface_irrigation,agriculture_surface_irrigation,HAYRABOLU SULAMASI YENİLEMESİ,5749647.7,2159044.6,0,1.083609,S-727,367.5,1658.4
agriculture_surface_irrigation,agriculture_surface_irrigation,ELMALI GÖLETİ SULAMASI,5728961.7,2167093.0,0,0.083113,S-728,53.0,301.8
agriculture_surface_irrigation,agriculture_surface_irrigation,ÇAKMAK BARAJI SULAMASI 2.MERHAL KISMI,5717387.9,2172609.5,1,13.284954,S-728,476.0,11260.9
agriculture_surface_irrigation,agriculture_surface_irrigation,ÇAKMAK BARAJI SULAMASI 2.MERHAL KISMI,5718393.6,2177363.5,0,0.119709,S-728,840.6,15628.8
agriculture_surface_irrigation,agriculture_surface_irrigation,ÇÖPKÖY GÖLETİ SULAMASI,5727306.5,2168188.5,1,0.172369,S-728,120.2,1618.6
agriculture_surface_irrigation,agriculture_surface_irrigation,ÇÖPKÖY GÖLETİ SULAMASI,5726120.4,2169276.4,1,0.771376,S-728,149.2,3677.8
agriculture_surface_irrigation,agriculture_surface_irrigation,ÇÖPKÖY GÖLETİ SULAMASI,5722502.4,2170151.3,1,7.758062,S-728,309.4,8292.4
agriculture_surface_irrigation,agriculture_surface_irrigation,BÜLBÜLDERE SULAMASI,5717433.9,2166540.4,0,0.044012,S-730,1100.7,813.9
agriculture_surface_irrigation,agriculture_surface_irrigation,BÜLBÜLDERE SULAMASI,5714867.4,2168166.6,0,0.166405,S-730,546.6,3242.3
agriculture_surface_irrigation,agriculture_surface_irrigation,ÇAKMAK BARAJI SULAMASI 2.MERHAL KISMI,5709143.4,2167289.9,0,0.040108,S-730,142.5,10664.7
agriculture_surface_irrigation,agriculture_surface_irrigation,ÇAKMAK BARAJI SULAMASI 2.MERHAL KISMI,5717387.9,2172609.5,0,9.426749,S-730,636.2,4255.8
agriculture_surface_irrigation,agriculture_surface_irrigation,HAYRABOLU SULAMASI,5749462.6,2159471.2,0,0.040073,S-731,17.7,166.4
agriculture_surface_irrigation,agriculture_surface_irrigation,HAYRABOLU SULAMASI YENİLEMESİ,5749647.7,2159044.6,0,0.040134,S-731,17.7,166.4
agriculture_surface_irrigation,agriculture_surface_irrigation,HAYRABOLU SULAMASI,5749462.6,2159471.2,0,2.324212,S-732,333.2,766.2
agriculture_surface_irrigation,agriculture_surface_irrigation,HAYRABOLU SULAMASI YENİLEMESİ,5749647.7,2159044.6,0,2.327752,S-732,333.2,766.2
agriculture_surface_irrigation,agriculture_surface_irrigation,HAYRABOLU SULAMASI,5749462.6,2159471.2,0,1.923486,S-735,365.0,850.1
agriculture_surface_irrigation,agriculture_surface_irrigation,HAYRABOLU SULAMASI YENİLEMESİ,5749647.7,2159044.6,0,1.926416,S-735,365.0,850.1
agriculture_surface_irrigation,agriculture_surface_irrigation,GAZİMEHMET GÖLETİ SULAMASI,5730236.1,2171776.9,0,0.158594,S-737,147.4,136.3
agriculture_surface_irrigation,agriculture_surface_irrigation,GAZİMEHMET GÖLETİ SULAMASI,5730236.1,2171776.9,0,0.079297,S-739,54.1,1835.4
agriculture_surface_irrigation,agriculture_surface_irrigation,ÇAKMAK BARAJI SULAMASI 1.MERHALE KISMI,5703926.3,2172535.6,0,0.562382,S-740,624.2,247.9
agriculture_surface_irrigation,agriculture_surface_irrigation,ÇAKMAK BARAJI SULAMASI 2.MERHAL KISMI,5709143.4,2167289.9,0,2.486703,S-740,424.1,1817.4
agriculture_surface_irrigation,agriculture_surface_irrigation,ÇAKMAK BARAJI SULAMASI 2.MERHAL KISMI,5710544.9,2173214.0,0,0.197448,S-740,257.4,503.2
agriculture_surface_irrigation,agriculture_surface_irrigation,ÇAKMAK BARAJI SULAMASI 1.MERHALE KISMI,5703926.3,2172535.6,0,7.110114,S-742,1224.8,221.3
agriculture_surface_irrigation,agriculture_surface_irrigation,ÇAKMAK BARAJI SULAMASI 2.MERHAL KISMI,5706980.6,2168957.0,1,0.145314,S-742,182.5,2110.3
agriculture_surface_irrigation,agriculture_surface_irrigation,ÇAKMAK BARAJI SULAMASI 2.MERHAL KISMI,5709143.4,2167289.9,0,0.681838,S-742,251.1,2288.1
agriculture_surface_irrigation,agriculture_surface_irrigation,ÇAKMAK BARAJI SULAMASI 2.MERHAL KISMI,5710544.9,2173214.0,0,0.078979,S-742,115.0,1483.7
agriculture_surface_irrigation,agriculture_surface_irrigation,ÇAKMAK BARAJI SULAMASI 2.MERHAL KISMI,5701131.7,2172768.2,0,0.526486,S-742,2302.1,0.0
agriculture_surface_irrigation,agriculture_surface_irrigation,ÇİFTLİKKÖY GÖLETİ SULAMASI,5706362.9,2170293.8,1,0.467907,S-742,191.2,342.5
agriculture_surface_irrigation,agriculture_surface_irrigation,BAYRAMŞAH GÖLETİ  SULAMASI YENİLEMESİ,5757254.5,2171078.9,0,0.707117,S-743,375.6,1583.5
agriculture_surface_irrigation,agriculture_surface_irrigation,BAYRAMŞAH GÖLETİ SULAMASI,5756983.3,2171056.6,0,0.280311,S-743,255.2,2302.2
agriculture_surface_irrigation,agriculture_surface_irrigation,AYDINLAR GÖLETİ SULAMASI,5739240.3,2168428.6,1,1.091075,S-746,75.8,2434.8
agriculture_surface_irrigation,agriculture_surface_irrigation,BAYRAMŞAH GÖLETİ  SULAMASI YENİLEMESİ,5757254.5,2171078.9,0,0.166380,S-747,129.6,685.9
agriculture_surface_irrigation,agriculture_surface_irrigation,HAYRABOLU SULAMASI,5749462.6,2159471.2,0,4.367916,S-748,278.8,2443.4
agriculture_surface_irrigation,agriculture_surface_irrigation,HAYRABOLU SULAMASI YENİLEMESİ,5749647.7,2159044.6,0,4.374569,S-748,278.8,2443.4
agriculture_surface_irrigation,agriculture_surface_irrigation,HAYRABOLU SULAMASI,5749462.6,2159471.2,0,0.881598,S-749,171.4,628.0
agriculture_surface_irrigation,agriculture_surface_irrigation,HAYRABOLU SULAMASI YENİLEMESİ,5749647.7,2159044.6,0,0.882941,S-749,171.4,628.0
agriculture_surface_irrigation,agriculture_surface_irrigation,ÇAKMAK BARAJI SULAMASI 1.MERHALE KISMI,5703926.3,2172535.6,0,2.450378,S-750,1010.8,96.0
agriculture_surface_irrigation,agriculture_surface_irrigation,ÇAKMAK BARAJI SULAMASI 2.MERHAL KISMI,5701131.7,2172768.2,0,0.080998,S-750,635.6,0.0
agriculture_surface_irrigation,agriculture_surface_irrigation,KIRKKAVAK SULAMASI,5721744.8,2167995.6,0,0.078453,S-754,61.4,160.8
agriculture_surface_irrigation,agriculture_surface_irrigation,ÇAKMAK BARAJI SULAMASI 2.MERHAL KISMI,5717387.9,2172609.5,0,1.272810,S-754,569.1,3535.3
agriculture_surface_irrigation,agriculture_surface_irrigation,ÇAKMAK BARAJI SULAMASI 1.MERHALE KISMI,5703926.3,2172535.6,0,4.137524,S-755,1225.7,292.4
agriculture_surface_irrigation,agriculture_surface_irrigation,ÇAKMAK BARAJI SULAMASI 2.MERHAL KISMI,5701131.7,2172768.2,1,2.753927,S-755,1681.5,0.0
agriculture_surface_irrigation,agriculture_surface_irrigation,ÇAKMAK BARAJI SULAMASI 1.MERHALE KISMI,5703926.3,2172535.6,0,3.575142,S-756,725.9,1621.5
agriculture_surface_irrigation,agriculture_surface_irrigation,ÇAKMAK BARAJI SULAMASI 2.MERHAL KISMI,5706919.1,2157432.4,0,0.120146,S-756,420.8,3721.9
agriculture_surface_irrigation,agriculture_surface_irrigation,ÇAKMAK BARAJI SULAMASI 2.MERHAL KISMI,5705745.0,2166953.9,1,0.154316,S-756,150.0,2588.5
agriculture_surface_irrigation,agriculture_surface_irrigation,ÇAKMAK BARAJI SULAMASI 2.MERHAL KISMI,5705952.3,2167553.6,1,0.029046,S-756,164.8,1934.9
agriculture_surface_irrigation,agriculture_surface_irrigation,ÇAKMAK BARAJI SULAMASI 2.MERHAL KISMI,5706050.8,2167973.2,1,0.008452,S-756,324.8,1580.3
agriculture_surface_irrigation,agriculture_surface_irrigation,ÇAKMAK BARAJI SULAMASI 2.MERHAL KISMI,5709143.4,2167289.9,0,1.564216,S-756,329.7,2666.9
agriculture_surface_irrigation,agriculture_surface_irrigation,HAYRABOLU SULAMASI,5749462.6,2159471.2,0,1.522760,S-758,333.2,347.8
agriculture_surface_irrigation,agriculture_surface_irrigation,HAYRABOLU SULAMASI YENİLEMESİ,5749647.7,2159044.6,0,1.525079,S-758,333.2,347.8
agriculture_surface_irrigation,agriculture_surface_irrigation,BAYRAMŞAH GÖLETİ  SULAMASI YENİLEMESİ,5758715.0,2166623.7,0,0.040689,S-759,141.4,6929.3
agriculture_surface_irrigation,agriculture_surface_irrigation,KURUDERE GÖLETİ SULAMASI,5770162.8,2240786.2,1,2.628389,S-76,374.4,3356.0
agriculture_surface_irrigation,agriculture_surface_irrigation,KURUDERE GÖLETİ SULAMASI,5769942.0,2243188.4,1,0.042206,S-76,104.5,605.7
agriculture_surface_irrigation,agriculture_surface_irrigation,ÇAYIRDERE BARAJI SULAMASI,5769980.0,2236296.5,1,0.005903,S-76,113.6,8323.8
agriculture_surface_irrigation,agriculture_surface_irrigation,ÇAYIRDERE BARAJI SULAMASI,5769841.1,2236265.6,1,0.039916,S-76,0.4,8439.7
agriculture_surface_irrigation,agriculture_surface_irrigation,ÇAYIRDERE BARAJI SULAMASI,5768379.7,2235971.3,0,0.510444,S-76,399.7,8381.2
agriculture_surface_irrigation,agriculture_surface_irrigation,BÜLBÜLDERE GÖLETİ SULAMASI,5712349.8,2168413.4,1,2.070255,S-760,204.9,7473.1
agriculture_surface_irrigation,agriculture_surface_irrigation,BÜLBÜLDERE SULAMASI,5717433.9,2166540.4,1,0.440121,S-760,1076.5,178.5
agriculture_surface_irrigation,agriculture_surface_irrigation,BÜLBÜLDERE SULAMASI,5714867.4,2168166.6,1,0.457614,S-760,447.8,4567.2
agriculture_surface_irrigation,agriculture_surface_irrigation,ÇAKMAK BARAJI SULAMASI 2.MERHAL KISMI,5709143.4,2167289.9,0,8.462812,S-760,637.5,10386.3
agriculture_surface_irrigation,agriculture_surface_irrigation,ÇAKMAK BARAJI SULAMASI 2.MERHAL KISMI,5710544.9,2173214.0,0,0.236937,S-760,263.6,13416.3
agriculture_surface_irrigation,agriculture_surface_irrigation,KIRKKAVAK SULAMASI,5721744.8,2167995.6,1,0.470716,S-761,549.3,75.8
agriculture_surface_irrigation,agriculture_surface_irrigation,HAYRABOLU SULAMASI,5749462.6,2159471.2,0,2.043704,S-763,243.7,1149.1
agriculture_surface_irrigation,agriculture_surface_irrigation,HAYRABOLU SULAMASI YENİLEMESİ,5749647.7,2159044.6,0,2.046817,S-763,243.7,1149.1
agriculture_surface_irrigation,agriculture_surface_irrigation,ÇAKMAK BARAJI SULAMASI 2.MERHAL KISMI,5709143.4,2167289.9,0,3.008108,S-765,434.9,1085.1
agriculture_surface_irrigation,agriculture_surface_irrigation,BEYKONAK GÖLETİ SULAMASI,5722637.2,2164526.2,1,0.595489,S-766,62.8,2007.7
agriculture_surface_irrigation,agriculture_surface_irrigation,ÇAKMAK BARAJI SULAMASI 2.MERHAL KISMI,5717387.9,2172609.5,0,0.198877,S-766,94.9,8815.3
agriculture_surface_irrigation,agriculture_surface_irrigation,HAYRABOLU SULAMASI,5749462.6,2159471.2,0,1.642977,S-767,390.0,814.3
agriculture_surface_irrigation,agriculture_surface_irrigation,HAYRABOLU SULAMASI YENİLEMESİ,5749647.7,2159044.6,0,1.645480,S-767,390.0,814.3
agriculture_surface_irrigation,agriculture_surface_irrigation,YAĞMURCA GÖLETİ SULAMASI,5727930.5,2165105.7,0,0.040273,S-768,123.7,297.5
agriculture_surface_irrigation,agriculture_surface_irrigation,ELMALI GÖLETİ SULAMASI,5728961.7,2167093.0,1,0.415567,S-770,81.6,1624.7
agriculture_surface_irrigation,agriculture_surface_irrigation,BAYRAMŞAH GÖLETİ  SULAMASI YENİLEMESİ,5758715.0,2166623.7,1,1.302063,S-772,229.3,2607.6
agriculture_surface_irrigation,agriculture_surface_irrigation,YAĞMURCA GÖLETİ SULAMASI,5727930.5,2165105.7,0,0.563822,S-773,264.3,444.9
agriculture_surface_irrigation,agriculture_surface_irrigation,KAVACIK GÖLETİ EK SULAMASI,5712040.1,2163112.7,1,0.597160,S-775,413.3,1109.0
agriculture_surface_irrigation,agriculture_surface_irrigation,KAVACIK GÖLETİ EK SULAMASI,5711322.0,2163457.2,1,0.188277,S-775,215.7,1959.3
agriculture_surface_irrigation,agriculture_surface_irrigation,KAVACIK GÖLETİ EK SULAMASI,5710956.8,2163588.2,1,0.069935,S-775,200.7,2213.9
agriculture_surface_irrigation,agriculture_surface_irrigation,SALARLI GÖLETİ SULAMASI,5708377.9,2164884.0,1,0.494069,S-775,132.7,5931.3
agriculture_surface_irrigation,agriculture_surface_irrigation,ÇAKMAK BARAJI SULAMASI 2.MERHAL KISMI,5706919.1,2157432.4,0,8.290040,S-775,1022.7,3374.1
agriculture_surface_irrigation,agriculture_surface_irrigation,ÇAKMAK BARAJI SULAMASI 2.MERHAL KISMI,5709143.4,2167289.9,1,9.866596,S-775,863.9,4785.8
agriculture_surface_irrigation,agriculture_surface_irrigation,HAYRABOLU SULAMASI,5749462.6,2159471.2,0,4.247698,S-776,430.2,2393.4
agriculture_surface_irrigation,agriculture_surface_irrigation,HAYRABOLU SULAMASI YENİLEMESİ,5749647.7,2159044.6,0,4.254168,S-776,430.2,2393.4
agriculture_surface_irrigation,agriculture_surface_irrigation,HAYRABOLU SULAMASI,5749462.6,2159471.2,0,1.162106,S-777,481.0,76.4
agriculture_surface_irrigation,agriculture_surface_irrigation,HAYRABOLU SULAMASI YENİLEMESİ,5749647.7,2159044.6,0,1.163876,S-777,481.0,76.4
agriculture_surface_irrigation,agriculture_surface_irrigation,ÇAKMAK BARAJI SULAMASI 2.MERHAL KISMI,5706919.1,2157432.4,0,0.120146,S-779,159.1,199.8
agriculture_surface_irrigation,agriculture_surface_irrigation,ÇAKMAK BARAJI SULAMASI 2.MERHAL KISMI,5706919.1,2157432.4,0,0.240291,S-780,401.7,5.9
agriculture_surface_irrigation,agriculture_surface_irrigation,KURTBEY GÖLETİ SULAMASI,5703275.9,2161267.3,1,1.196471,S-781,170.0,3267.5
agriculture_surface_irrigation,agriculture_surface_irrigation,ÇAKMAK BARAJI SULAMASI 1.MERHALE KISMI,5703926.3,2172535.6,1,9.319472,S-781,947.5,496.3
agriculture_surface_irrigation,agriculture_surface_irrigation,ÇAKMAK BARAJI SULAMASI 2.MERHAL KISMI,5703703.6,2164131.3,1,0.009143,S-781,33.9,2036.1
agriculture_surface_irrigation,agriculture_surface_irrigation,ÇAKMAK BARAJI SULAMASI 2.MERHAL KISMI,5703878.3,2164498.6,1,0.012618,S-781,140.8,1668.9
agriculture_surface_irrigation,agriculture_surface_irrigation,ÇAKMAK BARAJI SULAMASI 2.MERHAL KISMI,5704068.4,2165032.0,1,0.010941,S-781,344.2,1230.0
agriculture_surface_irrigation,agriculture_surface_irrigation,ÇAKMAK BARAJI SULAMASI 2.MERHAL KISMI,5706919.1,2157432.4,0,1.001213,S-781,509.2,1639.3
agriculture_surface_irrigation,agriculture_surface_irrigation,KURTBEY GÖLETİ SULAMASI,5703275.9,2161267.3,0,1.076823,S-784,129.5,3246.7
agriculture_surface_irrigation,agriculture_surface_irrigation,ÇAKMAK BARAJI SULAMASI 2.MERHAL KISMI,5706919.1,2157432.4,0,4.966014,S-784,551.2,1300.0
agriculture_surface_irrigation,agriculture_surface_irrigation,KARABÜRÇEK GÖLETİ SULAMASI,5727609.2,2162404.9,1,0.213043,S-786,101.5,875.7
agriculture_surface_irrigation,agriculture_surface_irrigation,KARABÜRÇEK GÖLETİ SULAMASI,5728096.1,2164043.6,1,0.770824,S-786,158.2,2621.9
agriculture_surface_irrigation,agriculture_surface_irrigation,YAĞMURCA GÖLETİ SULAMASI,5727930.5,2165105.7,1,1.208189,S-786,470.9,3477.4
agriculture_surface_irrigation,agriculture_surface_irrigation,KARABÜRÇEK GÖLETİ SULAMASI,5728096.1,2164043.6,0,0.243418,S-787,180.7,1027.7
agriculture_surface_irrigation,agriculture_surface_irrigation,YAĞMURCA GÖLETİ SULAMASI,5727930.5,2165105.7,0,0.120819,S-787,80.2,1265.9
agriculture_surface_irrigation,agriculture_surface_irrigation,HAYRABOLU SULAMASI,5749462.6,2159471.2,0,2.083776,S-788,286.0,1123.1
agriculture_surface_irrigation,agriculture_surface_irrigation,HAYRABOLU SULAMASI YENİLEMESİ,5749647.7,2159044.6,0,2.086950,S-788,286.0,1123.1
agriculture_surface_irrigation,agriculture_surface_irrigation,HASKÖY GÖLETİ SULAMASI,5739215.5,2160591.3,1,1.702267,S-792,160.6,7020.6
agriculture_surface_irrigation,agriculture_surface_irrigation,HAYRABOLU SULAMASI,5749462.6,2159471.2,0,0.801452,S-793,259.1,3897.7
agriculture_surface_irrigation,agriculture_surface_irrigation,HAYRABOLU SULAMASI YENİLEMESİ,5749647.7,2159044.6,0,0.802673,S-793,259.1,3897.7
agriculture_surface_irrigation,agriculture_surface_irrigation,BIYIKALİ GÖLETİ SULAMASI,5772792.5,2161140.1,1,1.352258,S-797,169.3,1289.1
agriculture_surface_irrigation,agriculture_surface_irrigation,BIYIKALİ GÖLETİ SULAMASI YENİLEMESİ,5772792.5,2161140.1,1,1.352258,S-797,169.3,1289.1
agriculture_surface_irrigation,agriculture_surface_irrigation,OSMANLI-4 GÖLETİ SULAMASI,5772476.1,2162355.1,0,0.118507,S-797,451.6,391.2
agriculture_surface_irrigation,agriculture_surface_irrigation,OSMANLI-4 GÖLETİ SULAMASI,5771773.0,2162531.6,1,0.330979,S-797,468.6,1231.6
agriculture_surface_irrigation,agriculture_surface_irrigation,YENİCE(PINARHİSAR) GÖLETİ SULAMASI,5776482.7,2239601.6,1,0.639692,S-80,349.1,4815.4
agriculture_surface_irrigation,agriculture_surface_irrigation,HAYRABOLU SULAMASI,5749462.6,2159471.2,0,3.125664,S-800,303.7,1547.6
agriculture_surface_irrigation,agriculture_surface_irrigation,HAYRABOLU SULAMASI YENİLEMESİ,5749647.7,2159044.6,0,3.130426,S-800,303.7,1547.6
agriculture_surface_irrigation,agriculture_surface_irrigation,BIYIKALİ GÖLETİ SULAMASI,5772792.5,2161140.1,0,0.079545,S-801,53.0,1827.1
agriculture_surface_irrigation,agriculture_surface_irrigation,BIYIKALİ GÖLETİ SULAMASI YENİLEMESİ,5772792.5,2161140.1,0,0.079545,S-801,53.0,1827.1
agriculture_surface_irrigation,agriculture_surface_irrigation,OSMANLI -3 GÖLETİ SULAMASI,5772838.2,2162059.8,1,0.087592,S-801,68.3,1367.6
agriculture_surface_irrigation,agriculture_surface_irrigation,OSMANLI -3 GÖLETİ SULAMASI,5773357.3,2161912.0,1,0.449160,S-801,275.5,979.0
agriculture_surface_irrigation,agriculture_surface_irrigation,OSMANLI-4 GÖLETİ SULAMASI,5773177.1,2162525.5,1,0.171482,S-801,176.3,716.9
agriculture_surface_irrigation,agriculture_surface_irrigation,OSMANLI-4 GÖLETİ SULAMASI,5772476.1,2162355.1,1,0.316019,S-801,559.5,1383.1
agriculture_surface_irrigation,agriculture_surface_irrigation,OSMANLI-4 GÖLETİ SULAMASI,5771773.0,2162531.6,0,0.073551,S-801,972.6,1242.5
agriculture_surface_irrigation,agriculture_surface_irrigation,KAVACIK GÖLETİ EK SULAMASI,5713012.1,2162896.4,1,0.072735,S-803,77.3,610.9
agriculture_surface_irrigation,agriculture_surface_irrigation,KAVACIK GÖLETİ EK SULAMASI,5712611.2,2162892.0,1,0.027851,S-803,233.9,1004.8
agriculture_surface_irrigation,agriculture_surface_irrigation,KAVACIK GÖLETİ EK SULAMASI,5712740.8,2162851.0,1,0.054038,S-803,113.9,954.1
agriculture_surface_irrigation,agriculture_surface_irrigation,KAVACIK GÖLETİ EK SULAMASI,5713269.3,2163146.0,1,0.022912,S-803,18.2,215.3
agriculture_surface_irrigation,agriculture_surface_irrigation,KAVACIK GÖLETİ EK SULAMASI,5712403.2,2163315.7,1,0.071038,S-803,688.2,954.1
agriculture_surface_irrigation,agriculture_surface_irrigation,KAVACIK GÖLETİ EK SULAMASI,5712040.1,2163112.7,0,0.079621,S-803,272.0,1072.6
agriculture_surface_irrigation,agriculture_surface_irrigation,KAVACIK GÖLETİ SULAMASI,5713012.0,2162896.4,1,0.072735,S-803,77.3,611.0
agriculture_surface_irrigation,agriculture_surface_irrigation,KAVACIK GÖLETİ SULAMASI,5712611.1,2162892.0,1,0.027851,S-803,234.0,1004.9
agriculture_surface_irrigation,agriculture_surface_irrigation,KAVACIK GÖLETİ SULAMASI,5712740.8,2162851.0,1,0.054038,S-803,113.9,954.1
agriculture_surface_irrigation,agriculture_surface_irrigation,KAVACIK GÖLETİ SULAMASI,5713269.5,2163146.0,1,0.022936,S-803,18.0,215.3
agriculture_surface_irrigation,agriculture_surface_irrigation,KAVACIK GÖLETİ SULAMASI,5712402.6,2163315.9,1,0.070539,S-803,688.7,954.1
agriculture_surface_irrigation,agriculture_surface_irrigation,ÇAKMAK BARAJI SULAMASI 2.MERHAL KISMI,5706919.1,2157432.4,0,0.040049,S-803,35.4,1269.2
agriculture_surface_irrigation,agriculture_surface_irrigation,ÇAKMAK BARAJI SULAMASI 2.MERHAL KISMI,5709143.4,2167289.9,0,0.120324,S-803,712.2,715.1
agriculture_surface_irrigation,agriculture_surface_irrigation,KURTBEY GÖLETİ SULAMASI,5703275.9,2161267.3,0,0.438706,S-804,129.7,1926.3
agriculture_surface_irrigation,agriculture_surface_irrigation,ÇAKMAK BARAJI SULAMASI 1.MERHALE KISMI,5699430.0,2157964.7,0,2.176692,S-804,991.8,299.2
agriculture_surface_irrigation,agriculture_surface_irrigation,ÇAKMAK BARAJI SULAMASI 1.MERHALE KISMI,5703926.3,2172535.6,0,1.687146,S-804,908.6,116.5
agriculture_surface_irrigation,agriculture_surface_irrigation,ÇAKMAK BARAJI SULAMASI 2.MERHAL KISMI,5702039.9,2160523.8,1,1.233240,S-804,380.5,2468.4
agriculture_surface_irrigation,agriculture_surface_irrigation,DEREKÖY HASANPINAR GÖLETİ SULAMASI,5718770.3,2161802.6,0,0.721128,S-806,213.0,2682.6
agriculture_surface_irrigation,agriculture_surface_irrigation,DEREKÖY HASANPINAR GÖLETİ SULAMASI,5718770.3,2161802.6,1,1.041629,S-807,167.4,1002.7
agriculture_surface_irrigation,agriculture_surface_irrigation,KURTBEY GÖLETİ SULAMASI,5703275.9,2161267.3,0,0.598235,S-808,125.0,1424.1
agriculture_surface_irrigation,agriculture_surface_irrigation,ÇAKMAK BARAJI SULAMASI 2.MERHAL KISMI,5706919.1,2157432.4,0,1.962377,S-808,444.9,1475.3
agriculture_surface_irrigation,agriculture_surface_irrigation,ÇAKMAK BARAJI SULAMASI 2.MERHAL KISMI,5706919.1,2157432.4,0,5.847081,S-809,928.1,221.8
agriculture_surface_irrigation,agriculture_surface_irrigation,ÇAKMAK BARAJI SULAMASI 2.MERHAL KISMI,5706919.1,2157432.4,0,8.450234,S-810,1107.9,395.6
agriculture_surface_irrigation,agriculture_surface_irrigation,ÇAKMAK BARAJI SULAMASI 2.MERHAL KISMI,5706919.1,2157432.4,0,0.280340,S-812,264.2,4380.1
agriculture_surface_irrigation,agriculture_surface_irrigation,HAYRABOLU SULAMASI,5749462.6,2159471.2,0,8.615614,S-813,409.2,6775.3
agriculture_surface_irrigation,agriculture_surface_irrigation,HAYRABOLU SULAMASI YENİLEMESİ,5749647.7,2159044.6,0,8.628738,S-813,409.2,6775.3
agriculture_surface_irrigation,agriculture_surface_irrigation,KURTBEY GÖLETİ SULAMASI,5703275.9,2161267.3,0,0.079765,S-814,123.7,212.1
agriculture_surface_irrigation,agriculture_surface_irrigation,AHMEDİKLİ GÖLETİ SULAMASI,5765518.4,2157108.2,1,0.789836,S-815,413.6,6001.1
agriculture_surface_irrigation,agriculture_surface_irrigation,FERHADANLI GÖLETİ SULAMASI,5766916.4,2155380.8,1,4.186244,S-815,281.7,3171.7
agriculture_surface_irrigation,agriculture_surface_irrigation,BIYIKALİ GÖLETİ SULAMASI,5772792.5,2161140.1,0,0.039772,S-816,17.7,2245.6
agriculture_surface_irrigation,agriculture_surface_irrigation,BIYIKALİ GÖLETİ SULAMASI YENİLEMESİ,5772792.5,2161140.1,0,0.039772,S-816,17.7,2245.6
agriculture_surface_irrigation,agriculture_surface_irrigation,OSMANLI-1 GÖLETİ SULAMASI,5774945.1,2160096.5,1,0.416985,S-816,221.6,1604.3
agriculture_surface_irrigation,agriculture_surface_irrigation,OSMANLI-2 GÖLETİ SULAMASI,5774237.9,2161117.2,1,0.703148,S-816,214.5,1215.8
agriculture_surface_irrigation,agriculture_surface_irrigation,BIYIKALİ GÖLETİ SULAMASI,5772792.5,2161140.1,0,0.477268,S-817,71.7,1102.1
agriculture_surface_irrigation,agriculture_surface_irrigation,BIYIKALİ GÖLETİ SULAMASI YENİLEMESİ,5772792.5,2161140.1,0,0.477268,S-817,71.7,1102.1
agriculture_surface_irrigation,agriculture_surface_irrigation,OSMANLI -3 GÖLETİ SULAMASI,5773357.3,2161912.0,0,0.204164,S-817,354.5,1074.3
agriculture_surface_irrigation,agriculture_surface_irrigation,OSMANLI-2 GÖLETİ SULAMASI,5774237.9,2161117.2,0,0.307627,S-817,335.4,695.6
agriculture_surface_irrigation,agriculture_surface_irrigation,KURTBEY GÖLETİ SULAMASI,5703275.9,2161267.3,0,0.358941,S-818,194.5,352.9
agriculture_surface_irrigation,agriculture_surface_irrigation,ÇAKMAK BARAJI SULAMASI 2.MERHAL KISMI,5706919.1,2157432.4,0,0.120146,S-818,744.2,449.3
agriculture_surface_irrigation,agriculture_surface_irrigation,KURTBEY GÖLETİ SULAMASI,5703275.9,2161267.3,0,0.478588,S-819,317.6,380.3
agriculture_surface_irrigation,agriculture_surface_irrigation,ÇAKMAK BARAJI SULAMASI 1.MERHALE KISMI,5699430.0,2157964.7,0,0.197881,S-819,1178.8,1095.0
agriculture_surface_irrigation,agriculture_surface_irrigation,ÇAKMAK BARAJI SULAMASI 2.MERHAL KISMI,5702039.9,2160523.8,0,1.113895,S-819,312.1,1011.5
agriculture_surface_irrigation,agriculture_surface_irrigation,ÇAKMAK BARAJI SULAMASI 2.MERHAL KISMI,5706919.1,2157432.4,0,0.080097,S-819,657.7,245.7
agriculture_surface_irrigation,agriculture_surface_irrigation,HAYRABOLU SULAMASI,5749462.6,2159471.2,0,3.085592,S-821,509.7,370.2
agriculture_surface_irrigation,agriculture_surface_irrigation,HAYRABOLU SULAMASI YENİLEMESİ,5749647.7,2159044.6,0,3.090292,S-821,509.7,370.2
agriculture_surface_irrigation,agriculture_surface_irrigation,HAYRABOLU SULAMASI,5749462.6,2159471.2,0,0.040073,S-822,37.5,133.2
agriculture_surface_irrigation,agriculture_surface_irrigation,HAYRABOLU SULAMASI YENİLEMESİ,5749647.7,2159044.6,0,0.040134,S-822,37.5,133.2
agriculture_surface_irrigation,agriculture_surface_irrigation,HAYRABOLU SULAMASI,5749462.6,2159471.2,0,0.921670,S-824,379.7,129.0
agriculture_surface_irrigation,agriculture_surface_irrigation,HAYRABOLU SULAMASI YENİLEMESİ,5749647.7,2159044.6,0,0.923074,S-824,379.7,129.0
agriculture_surface_irrigation,agriculture_surface_irrigation,HAYRABOLU SULAMASI,5749462.6,2159471.2,0,0.440799,S-825,117.6,445.5
agriculture_surface_irrigation,agriculture_surface_irrigation,HAYRABOLU SULAMASI YENİLEMESİ,5749647.7,2159044.6,0,0.441470,S-825,117.6,445.5
agriculture_surface_irrigation,agriculture_surface_irrigation,EMİRYAKUP GÖLETİ SULAMASI,5756081.7,2160134.1,1,0.900607,S-826,164.4,1092.9
agriculture_surface_irrigation,agriculture_surface_irrigation,ÇAKMAK BARAJI SULAMASI 1.MERHALE KISMI,5699430.0,2157964.7,0,2.612031,S-827,1030.0,421.5
agriculture_surface_irrigation,agriculture_surface_irrigation,ÇAKMAK BARAJI SULAMASI 2.MERHAL KISMI,5702039.9,2160523.8,0,0.596729,S-827,208.8,269.5
agriculture_surface_irrigation,agriculture_surface_irrigation,KURTBEY GÖLETİ SULAMASI,5703275.9,2161267.3,0,0.199412,S-828,646.5,359.9
agriculture_surface_irrigation,agriculture_surface_irrigation,ÇAKMAK BARAJI SULAMASI 2.MERHAL KISMI,5702039.9,2160523.8,0,0.318256,S-828,161.9,363.4
agriculture_surface_irrigation,agriculture_surface_irrigation,HAYRABOLU SULAMASI,5749462.6,2159471.2,0,3.446245,S-830,291.6,7502.7
agriculture_surface_irrigation,agriculture_surface_irrigation,HAYRABOLU SULAMASI YENİLEMESİ,5749647.7,2159044.6,0,3.451495,S-830,291.6,7502.7
agriculture_surface_irrigation,agriculture_surface_irrigation,BIYIKALİ GÖLETİ SULAMASI,5772792.5,2161140.1,0,0.039772,S-831,35.4,424.3
agriculture_surface_irrigation,agriculture_surface_irrigation,BIYIKALİ GÖLETİ SULAMASI YENİLEMESİ,5772792.5,2161140.1,0,0.039772,S-831,35.4,424.3
agriculture_surface_irrigation,agriculture_surface_irrigation,OSMANLI-1 GÖLETİ SULAMASI,5774945.1,2160096.5,0,0.166794,S-831,169.0,141.4
agriculture_surface_irrigation,agriculture_surface_irrigation,KURTBEY GÖLETİ SULAMASI,5703275.9,2161267.3,1,1.196471,S-832,382.6,2547.0
agriculture_surface_irrigation,agriculture_surface_irrigation,ÇAKMAK BARAJI SULAMASI 2.MERHAL KISMI,5702039.9,2160523.8,0,0.198910,S-832,97.5,3286.4
agriculture_surface_irrigation,agriculture_surface_irrigation,ÇAKMAK BARAJI SULAMASI 2.MERHAL KISMI,5706919.1,2157432.4,0,7.288828,S-832,807.1,587.4
agriculture_surface_irrigation,agriculture_surface_irrigation,HAYRABOLU SULAMASI,5749462.6,2159471.2,0,4.888860,S-833,430.7,1952.2
agriculture_surface_irrigation,agriculture_surface_irrigation,HAYRABOLU SULAMASI YENİLEMESİ,5749647.7,2159044.6,0,4.896307,S-833,430.7,1952.2
agriculture_surface_irrigation,agriculture_surface_irrigation,KURTBEY GÖLETİ SULAMASI,5703275.9,2161267.3,0,0.239294,S-836,674.8,438.7
agriculture_surface_irrigation,agriculture_surface_irrigation,ÇAKMAK BARAJI SULAMASI 1.MERHALE KISMI,5699430.0,2157964.7,0,2.216268,S-836,709.6,1316.0
agriculture_surface_irrigation,agriculture_surface_irrigation,ÇAKMAK BARAJI SULAMASI 2.MERHAL KISMI,5702039.9,2160523.8,0,0.278474,S-836,145.3,288.3
agriculture_surface_irrigation,agriculture_surface_irrigation,ÇAKMAK BARAJI SULAMASI 2.MERHAL KISMI,5706919.1,2157432.4,0,0.600728,S-836,329.1,994.1
agriculture_surface_irrigation,agriculture_surface_irrigation,BIYIKALİ GÖLETİ SULAMASI,5772792.5,2161140.1,0,0.954535,S-838,118.9,1471.7
agriculture_surface_irrigation,agriculture_surface_irrigation,BIYIKALİ GÖLETİ SULAMASI YENİLEMESİ,5772792.5,2161140.1,0,0.954535,S-838,118.9,1471.7
agriculture_surface_irrigation,agriculture_surface_irrigation,OSMANLI-1 GÖLETİ SULAMASI,5774945.1,2160096.5,1,0.416985,S-838,419.0,1142.4
agriculture_surface_irrigation,agriculture_surface_irrigation,BIYIKALİ GÖLETİ SULAMASI,5772792.5,2161140.1,0,0.039772,S-839,53.0,2101.3
agriculture_surface_irrigation,agriculture_surface_irrigation,BIYIKALİ GÖLETİ SULAMASI YENİLEMESİ,5772792.5,2161140.1,0,0.039772,S-839,53.0,2101.3
agriculture_surface_irrigation,agriculture_surface_irrigation,KAVAKAYAZMA GÖLETİ SULAMASI,5702886.8,2155036.6,1,0.778796,S-842,204.7,6885.4
agriculture_surface_irrigation,agriculture_surface_irrigation,KAVAKAYAZMA GÖLETİ SULAMASI,5703041.9,2155825.3,1,1.353249,S-842,293.1,7429.3
agriculture_surface_irrigation,agriculture_surface_irrigation,ÇAKMAK BARAJI SULAMASI 2.MERHAL KISMI,5706919.1,2157432.4,1,24.309442,S-842,835.1,4095.2
agriculture_surface_irrigation,agriculture_surface_irrigation,ÇAKMAK BARAJI SULAMASI 2.MERHAL KISMI,5706569.1,2157618.4,1,0.000674,S-842,975.7,1483.5
agriculture_surface_irrigation,agriculture_surface_irrigation,ALTINYAZI-KARASAZ SULAMASI,5697793.8,2148220.8,0,2.515484,S-843,244.2,4220.2
agriculture_surface_irrigation,agriculture_surface_irrigation,ÇAKMAK BARAJI SULAMASI 1.MERHALE KISMI,5699430.0,2157964.7,1,6.965415,S-843,1106.9,2668.5
agriculture_surface_irrigation,agriculture_surface_irrigation,ÇAKMAK BARAJI SULAMASI 2.MERHAL KISMI,5706919.1,2157432.4,0,1.481795,S-843,321.2,1660.3
agriculture_surface_irrigation,agriculture_surface_irrigation,HAYRABOLU SULAMASI,5749462.6,2159471.2,0,0.400726,S-849,194.8,252.6
agriculture_surface_irrigation,agriculture_surface_irrigation,HAYRABOLU SULAMASI YENİLEMESİ,5749647.7,2159044.6,0,0.401337,S-849,194.8,252.6
agriculture_surface_irrigation,agriculture_surface_irrigation,KURUDERE GÖLETİ SULAMASI,5770162.8,2240786.2,0,0.238944,S-85,569.1,2504.9
agriculture_surface_irrigation,agriculture_surface_irrigation,HAYRABOLU SULAMASI,5749462.6,2159471.2,0,0.200363,S-850,136.0,247.0
agriculture_surface_irrigation,agriculture_surface_irrigation,HAYRABOLU SULAMASI YENİLEMESİ,5749647.7,2159044.6,0,0.200668,S-850,136.0,247.0
agriculture_surface_irrigation,agriculture_surface_irrigation,ALIÇ REGÜLATÖRÜ SULAMASI,5713537.4,2153785.5,0,0.040682,S-852,62.5,1035.5
agriculture_surface_irrigation,agriculture_surface_irrigation,ÇAKMAK BARAJI SULAMASI 2.MERHAL KISMI,5706919.1,2157432.4,0,3.283977,S-852,696.6,286.8
agriculture_surface_irrigation,agriculture_surface_irrigation,HAYRABOLU SULAMASI,5749462.6,2159471.2,0,0.440799,S-853,434.3,4.5
agriculture_surface_irrigation,agriculture_surface_irrigation,HAYRABOLU SULAMASI YENİLEMESİ,5749647.7,2159044.6,0,0.441470,S-853,434.3,4.5
agriculture_surface_irrigation,agriculture_surface_irrigation,HAYRABOLU SULAMASI,5749462.6,2159471.2,0,0.881598,S-854,283.5,356.0
agriculture_surface_irrigation,agriculture_surface_irrigation,HAYRABOLU SULAMASI YENİLEMESİ,5749647.7,2159044.6,0,0.882941,S-854,283.5,356.0
agriculture_surface_irrigation,agriculture_surface_irrigation,HAYRABOLU SULAMASI,5749462.6,2159471.2,0,0.320581,S-855,130.5,386.8
agriculture_surface_irrigation,agriculture_surface_irrigation,HAYRABOLU SULAMASI YENİLEMESİ,5749647.7,2159044.6,0,0.321069,S-855,130.5,386.8
agriculture_surface_irrigation,agriculture_surface_irrigation,HAYRABOLU SULAMASI,5749462.6,2159471.2,0,1.322397,S-856,170.5,1121.4
agriculture_surface_irrigation,agriculture_surface_irrigation,HAYRABOLU SULAMASI YENİLEMESİ,5749647.7,2159044.6,0,1.324411,S-856,170.5,1121.4
agriculture_surface_irrigation,agriculture_surface_irrigation,ALTINYAZI-KARASAZ SULAMASI,5697793.8,2148220.8,0,5.709750,S-858,386.3,2506.2
agriculture_surface_irrigation,agriculture_surface_irrigation,ÇAKMAK BARAJI SULAMASI 2.MERHAL KISMI,5706919.1,2157432.4,0,2.563104,S-858,711.7,955.2
agriculture_surface_irrigation,agriculture_surface_irrigation,ÇAKMAK BARAJI SULAMASI 2.MERHAL KISMI,5706919.1,2157432.4,0,1.161407,S-859,629.9,19.7
agriculture_surface_irrigation,agriculture_surface_irrigation,YENİCE(PINARHİSAR) GÖLETİ SULAMASI,5776482.7,2239601.6,0,0.042646,S-86,737.5,3583.3
agriculture_surface_irrigation,agriculture_surface_irrigation,HAYRABOLU SULAMASI,5749462.6,2159471.2,0,1.723123,S-860,206.5,5165.5
agriculture_surface_irrigation,agriculture_surface_irrigation,HAYRABOLU SULAMASI YENİLEMESİ,5749647.7,2159044.6,0,1.725748,S-860,206.5,5165.5
agriculture_surface_irrigation,agriculture_surface_irrigation,HAYRABOLU SULAMASI,5749462.6,2159471.2,0,5.890675,S-861,247.3,5130.5
agriculture_surface_irrigation,agriculture_surface_irrigation,HAYRABOLU SULAMASI YENİLEMESİ,5749647.7,2159044.6,0,5.899648,S-861,247.3,5130.5
agriculture_surface_irrigation,agriculture_surface_irrigation,ALIÇ REGÜLATÖRÜ SULAMASI,5713537.4,2153785.5,0,0.122047,S-864,95.6,199.2
agriculture_surface_irrigation,agriculture_surface_irrigation,ÇAKMAK BARAJI SULAMASI 2.MERHAL KISMI,5706919.1,2157432.4,0,0.160194,S-864,173.7,243.6
agriculture_surface_irrigation,agriculture_surface_irrigation,ALIÇ REGÜLATÖRÜ SULAMASI,5713143.0,2153628.8,0,0.112776,S-865,148.4,319.0
agriculture_surface_irrigation,agriculture_surface_irrigation,ALIÇ REGÜLATÖRÜ SULAMASI,5713537.4,2153785.5,0,0.040682,S-865,88.4,156.1
agriculture_surface_irrigation,agriculture_surface_irrigation,ALTINYAZI-KARASAZ SULAMASI,5697793.8,2148220.8,0,3.473764,S-865,224.4,10946.3
agriculture_surface_irrigation,agriculture_surface_irrigation,ÇAKMAK BARAJI SULAMASI 2.MERHAL KISMI,5713139.7,2153636.8,0,0.115075,S-865,148.4,319.0
agriculture_surface_irrigation,agriculture_surface_irrigation,ÇAKMAK BARAJI SULAMASI 2.MERHAL KISMI,5709621.7,2153094.3,1,3.457324,S-865,229.9,4364.9
agriculture_surface_irrigation,agriculture_surface_irrigation,ÇAKMAK BARAJI SULAMASI 2.MERHAL KISMI,5706919.1,2157432.4,0,13.776685,S-865,949.2,4626.1
agriculture_surface_irrigation,agriculture_surface_irrigation,ALTINYAZI-KARASAZ SULAMASI,5697793.8,2148220.8,0,0.878423,S-868,182.8,6421.4
agriculture_surface_irrigation,agriculture_surface_irrigation,ÇAKMAK BARAJI SULAMASI 2.MERHAL KISMI,5706919.1,2157432.4,0,13.376200,S-868,676.4,2586.2
agriculture_surface_irrigation,agriculture_surface_irrigation,FERHADANLI GÖLETİ SULAMASI,5766916.4,2155380.8,0,0.574583,S-869,92.0,3986.8
agriculture_surface_irrigation,agriculture_surface_irrigation,HAYRABOLU SULAMASI,5749462.6,2159471.2,0,0.120218,S-870,121.4,2837.8
agriculture_surface_irrigation,agriculture_surface_irrigation,HAYRABOLU SULAMASI YENİLEMESİ,5749647.7,2159044.6,0,0.120401,S-870,121.4,2837.8
agriculture_surface_irrigation,agriculture_surface_irrigation,HARMANLI GÖLETİ  SULAMASI,5718673.7,2153240.1,1,0.676841,S-871,78.2,1238.5
agriculture_surface_irrigation,agriculture_surface_irrigation,ÇAKMAK BARAJI SULAMASI 2.MERHAL KISMI,5706919.1,2157432.4,0,0.160194,S-871,72.9,2185.8
agriculture_surface_irrigation,agriculture_surface_irrigation,HAYRABOLU SULAMASI,5749462.6,2159471.2,0,0.681235,S-873,204.9,491.0
agriculture_surface_irrigation,agriculture_surface_irrigation,HAYRABOLU SULAMASI YENİLEMESİ,5749647.7,2159044.6,0,0.682272,S-873,204.9,491.0
agriculture_surface_irrigation,agriculture_surface_irrigation,FERHADANLI GÖLETİ SULAMASI,5766916.4,2155380.8,0,0.246250,S-874,97.5,212.5
agriculture_surface_irrigation,agriculture_surface_irrigation,ÇAKMAK BARAJI SULAMASI 2.MERHAL KISMI,5706919.1,2157432.4,0,0.440534,S-876,134.1,1152.5
agriculture_surface_irrigation,agriculture_surface_irrigation,HAYRABOLU SULAMASI,5749462.6,2159471.2,0,0.681235,S-878,323.1,117.7
agriculture_surface_irrigation,agriculture_surface_irrigation,HAYRABOLU SULAMASI YENİLEMESİ,5749647.7,2159044.6,0,0.682272,S-878,323.1,117.7
agriculture_surface_irrigation,agriculture_surface_irrigation,DEDECİK BARAJI SULAMASI,5759453.6,2151505.2,0,0.237940,S-882,150.4,263.7
agriculture_surface_irrigation,agriculture_surface_irrigation,HAYRABOLU SULAMASI,5749462.6,2159471.2,0,0.561017,S-888,292.2,5202.0
agriculture_surface_irrigation,agriculture_surface_irrigation,HAYRABOLU SULAMASI YENİLEMESİ,5749647.7,2159044.6,0,0.682272,S-888,285.2,5102.0
agriculture_surface_irrigation,agriculture_surface_irrigation,ÇAKMAK BARAJI SULAMASI 2.MERHAL KISMI,5706919.1,2157432.4,0,0.280340,S-890,374.3,2.5
agriculture_surface_irrigation,agriculture_surface_irrigation,ALIÇ REGÜLATÖRÜ SULAMASI,5713143.0,2153628.8,1,1.127756,S-891,198.8,2795.4
agriculture_surface_irrigation,agriculture_surface_irrigation,ALIÇ REGÜLATÖRÜ SULAMASI,5713537.4,2153785.5,1,1.383201,S-891,160.5,2553.4
agriculture_surface_irrigation,agriculture_surface_irrigation,ÇAKMAK BARAJI SULAMASI 2.MERHAL KISMI,5713139.7,2153636.8,1,1.112392,S-891,191.4,2848.4
agriculture_surface_irrigation,agriculture_surface_irrigation,ÇAKMAK BARAJI SULAMASI 2.MERHAL KISMI,5706919.1,2157432.4,0,3.844656,S-891,538.5,2586.3
agriculture_surface_irrigation,agriculture_surface_irrigation,ÇAKMAK BARAJI SULAMASI 2.MERHAL KISMI,5706919.1,2157432.4,0,0.120146,S-892,148.6,221.4
agriculture_surface_irrigation,agriculture_surface_irrigation,HARMANLI GÖLETİ  SULAMASI,5718673.7,2153240.1,0,0.037602,S-893,162.5,183.2
agriculture_surface_irrigation,agriculture_surface_irrigation,ÇAKMAK BARAJI SULAMASI 2.MERHAL KISMI,5706919.1,2157432.4,0,0.040049,S-893,162.5,183.2
agriculture_surface_irrigation,agriculture_surface_irrigation,GAZİHALİL GÖLETİ  SULAMASI YENİLEMESİ,5716169.1,2152045.5,1,0.756337,S-894,226.2,1094.0
agriculture_surface_irrigation,agriculture_surface_irrigation,GAZİHALİL GÖLETİ SULAMASI,5716412.5,2152078.4,1,0.308977,S-894,159.9,869.9
agriculture_surface_irrigation,agriculture_surface_irrigation,ÇAKMAK BARAJI SULAMASI 2.MERHAL KISMI,5706919.1,2157432.4,0,1.682037,S-894,229.5,1642.1
agriculture_surface_irrigation,agriculture_surface_irrigation,HARMANLI GÖLETİ  SULAMASI,5718673.7,2153240.1,0,0.188011,S-895,106.8,1275.4
agriculture_surface_irrigation,agriculture_surface_irrigation,ÇAKMAK BARAJI SULAMASI 2.MERHAL KISMI,5706919.1,2157432.4,0,0.200243,S-895,106.8,1275.4
agriculture_surface_irrigation,agriculture_surface_irrigation,DEDECİK BARAJI SULAMASI,5759453.6,2151505.2,1,3.529437,S-896,169.7,3907.7
agriculture_surface_irrigation,agriculture_surface_irrigation,HAYRABOLU SULAMASI YENİLEMESİ,5749647.7,2159044.6,0,0.040134,S-896,17.7,8641.2
agriculture_surface_irrigation,agriculture_surface_irrigation,İBRİBEY SULAMASI,5753806.0,2149779.5,0,0.040970,S-896,17.7,8641.2
agriculture_surface_irrigation,agriculture_surface_irrigation,HAYRABOLU SULAMASI,5749462.6,2159471.2,0,4.488134,S-900,339.3,1954.7
agriculture_surface_irrigation,agriculture_surface_irrigation,HAYRABOLU SULAMASI YENİLEMESİ,5749647.7,2159044.6,0,4.494970,S-900,339.3,1954.7
agriculture_surface_irrigation,agriculture_surface_irrigation,ALTINYAZI-KARASAZ SULAMASI,5697793.8,2148220.8,0,1.876631,S-901,285.0,630.6
agriculture_surface_irrigation,agriculture_surface_irrigation,ÇAKMAK BARAJI SULAMASI 2.MERHAL KISMI,5706919.1,2157432.4,0,0.640776,S-901,670.3,53.1
agriculture_surface_irrigation,agriculture_surface_irrigation,ALTINYAZI-KARASAZ SULAMASI,5697793.8,2148220.8,0,0.279498,S-903,85.4,455.8
agriculture_surface_irrigation,agriculture_surface_irrigation,KÜÇÜKALTIAĞAÇ GÖLETİ SULAMASI,5696332.3,2150306.5,0,0.122970,S-903,721.1,508.2
agriculture_surface_irrigation,agriculture_surface_irrigation,ALTINYAZI-KARASAZ SULAMASI,5697793.8,2148220.8,0,2.994624,S-904,343.7,1312.4
agriculture_surface_irrigation,agriculture_surface_irrigation,ÇAKMAK BARAJI SULAMASI 2.MERHAL KISMI,5706919.1,2157432.4,0,0.400485,S-904,905.4,592.5
agriculture_surface_irrigation,agriculture_surface_irrigation,İNECİK 1 BARAJI SULAMASI,5763696.8,2150162.8,0,1.295074,S-905,134.2,7904.2
agriculture_surface_irrigation,agriculture_surface_irrigation,ALTINYAZI-KARASAZ SULAMASI,5697793.8,2148220.8,0,1.038136,S-906,446.8,411.1
agriculture_surface_irrigation,agriculture_surface_irrigation,ALTINYAZI-KARASAZ SULAMASI,5697793.8,2148220.8,0,3.753262,S-907,547.9,885.2
agriculture_surface_irrigation,agriculture_surface_irrigation,ALTINYAZI-KARASAZ SULAMASI,5697793.8,2148220.8,0,4.911183,S-908,239.3,5758.6
agriculture_surface_irrigation,agriculture_surface_irrigation,İPSALA KARAAĞAÇ SULAMASI,5703391.8,2147890.8,0,4.288218,S-908,877.3,6097.5
agriculture_surface_irrigation,agriculture_surface_irrigation,ALTINYAZI-KARASAZ SULAMASI,5697793.8,2148220.8,0,4.511900,S-910,491.5,1459.1
agriculture_surface_irrigation,agriculture_surface_irrigation,KÜÇÜKALTIAĞAÇ GÖLETİ SULAMASI,5696332.3,2150306.5,1,0.532872,S-910,1105.7,1060.7
agriculture_surface_irrigation,agriculture_surface_irrigation,HAYRABOLU SULAMASI,5749462.6,2159471.2,0,0.360654,S-911,148.0,4878.7
agriculture_surface_irrigation,agriculture_surface_irrigation,HAYRABOLU SULAMASI YENİLEMESİ,5749647.7,2159044.6,0,3.612030,S-911,336.6,2934.3
agriculture_surface_irrigation,agriculture_surface_irrigation,İBRİBEY SULAMASI,5753806.0,2149779.5,1,3.195693,S-911,365.1,2648.3
agriculture_surface_irrigation,agriculture_surface_irrigation,ALTINTAŞ GÖLETİ SULAMASI,5720412.5,2147392.9,1,0.673166,S-912,258.4,437.3
agriculture_surface_irrigation,agriculture_surface_irrigation,ALTINYAZI-KARASAZ SULAMASI,5697793.8,2148220.8,0,3.034552,S-913,328.9,1565.3
agriculture_surface_irrigation,agriculture_surface_irrigation,İPSALA KARAAĞAÇ SULAMASI,5703391.8,2147890.8,0,0.436763,S-913,531.7,2395.5
agriculture_surface_irrigation,agriculture_surface_irrigation,DEDECİK BARAJI SULAMASI,5759453.6,2151505.2,0,1.070728,S-914,125.0,2204.3
agriculture_surface_irrigation,agriculture_surface_irrigation,HAYRABOLU SULAMASI YENİLEMESİ,5749647.7,2159044.6,0,0.561871,S-914,278.7,3429.6
agriculture_surface_irrigation,agriculture_surface_irrigation,İBRİBEY SULAMASI,5753806.0,2149779.5,0,0.573586,S-914,278.7,3429.6
agriculture_surface_irrigation,agriculture_surface_irrigation,HAYRABOLU SULAMASI,5749462.6,2159471.2,1,11.019971,S-916,448.4,4634.0
agriculture_surface_irrigation,agriculture_surface_irrigation,HAYRABOLU SULAMASI YENİLEMESİ,5749647.7,2159044.6,1,11.036757,S-916,448.4,4634.0
agriculture_surface_irrigation,agriculture_surface_irrigation,HAYRABOLU SULAMASI,5749462.6,2159471.2,0,2.163922,S-917,287.1,1121.3
agriculture_surface_irrigation,agriculture_surface_irrigation,HAYRABOLU SULAMASI YENİLEMESİ,5749647.7,2159044.6,0,2.167218,S-917,287.1,1121.3
agriculture_surface_irrigation,agriculture_surface_irrigation,DEDECİK BARAJI SULAMASI,5759453.6,2151505.2,0,1.903517,S-918,239.3,5634.5
agriculture_surface_irrigation,agriculture_surface_irrigation,İNECİK 1 BARAJI SULAMASI,5763696.8,2150162.8,1,4.395403,S-918,380.0,3049.4
agriculture_surface_irrigation,agriculture_surface_irrigation,İNECİK 1 BARAJI SULAMASI,5763696.8,2150162.8,0,0.353202,S-922,126.4,579.2
agriculture_surface_irrigation,agriculture_surface_irrigation,HAYRABOLU SULAMASI,5749462.6,2159471.2,0,0.240436,S-924,331.5,0.0
agriculture_surface_irrigation,agriculture_surface_irrigation,HAYRABOLU SULAMASI YENİLEMESİ,5749647.7,2159044.6,0,0.321069,S-924,407.0,0.0
agriculture_surface_irrigation,agriculture_surface_irrigation,İBRİBEY SULAMASI,5753806.0,2149779.5,0,0.081941,S-924,633.2,0.0
agriculture_surface_irrigation,agriculture_surface_irrigation,HAYRABOLU SULAMASI,5749462.6,2159471.2,0,1.282324,S-925,247.2,730.3
agriculture_surface_irrigation,agriculture_surface_irrigation,HAYRABOLU SULAMASI YENİLEMESİ,5749647.7,2159044.6,0,1.284277,S-925,247.2,730.3
agriculture_surface_irrigation,agriculture_surface_irrigation,ALTINYAZI-KARASAZ SULAMASI,5697793.8,2148220.8,0,2.635269,S-928,492.0,471.8
agriculture_surface_irrigation,agriculture_surface_irrigation,KÜÇÜKALTIAĞAÇ GÖLETİ SULAMASI,5696332.3,2150306.5,0,0.368911,S-928,1463.3,0.0
agriculture_surface_irrigation,agriculture_surface_irrigation,HAYRABOLU SULAMASI,5749462.6,2159471.2,0,0.721307,S-929,243.3,3833.1
agriculture_surface_irrigation,agriculture_surface_irrigation,HAYRABOLU SULAMASI YENİLEMESİ,5749647.7,2159044.6,0,0.722406,S-929,243.3,3833.1
agriculture_surface_irrigation,agriculture_surface_irrigation,İNECİK 2 BARAJI  SULAMASI,5769237.5,2146516.1,1,2.336369,S-930,205.1,2017.1
agriculture_surface_irrigation,agriculture_surface_irrigation,ALTINYAZI-KARASAZ SULAMASI,5697793.8,2148220.8,0,0.359355,S-931,137.3,330.2
agriculture_surface_irrigation,agriculture_surface_irrigation,ALTINTAŞ GÖLETİ SULAMASI,5720412.5,2147392.9,0,0.106289,S-935,12.5,2535.7
agriculture_surface_irrigation,agriculture_surface_irrigation,ALTINYAZI-KARASAZ SULAMASI,5697793.8,2148220.8,0,0.239570,S-937,167.9,324.3
agriculture_surface_irrigation,agriculture_surface_irrigation,ALTINYAZI-KARASAZ SULAMASI,5697793.8,2148220.8,0,1.996416,S-938,288.1,4609.5
agriculture_surface_irrigation,agriculture_surface_irrigation,ALTINYAZI-KARASAZ SULAMASI,5697793.8,2148220.8,1,17.927816,S-939,872.6,3462.5
agriculture_surface_irrigation,agriculture_surface_irrigation,KORUCUKOY BARAJI SULAMASI,5700518.4,2134592.9,0,0.120237,S-939,795.5,6817.6
agriculture_surface_irrigation,agriculture_surface_irrigation,KIRKLARELİ ERİKLİCE GÖLETİ SULAMASI,5739472.2,2234629.9,0,0.036390,S-94,1083.5,7173.9
agriculture_surface_irrigation,agriculture_surface_irrigation,İNECİK 2 BARAJI  SULAMASI,5769237.5,2146516.1,0,0.158398,S-940,104.8,2759.6
agriculture_surface_irrigation,agriculture_surface_irrigation,ALTINTAŞ GÖLETİ SULAMASI,5720412.5,2147392.9,0,0.141719,S-941,218.5,4244.8
agriculture_surface_irrigation,agriculture_surface_irrigation,ALTINYAZI-KARASAZ SULAMASI,5697793.8,2148220.8,0,1.317635,S-946,625.0,8761.7
agriculture_surface_irrigation,agriculture_surface_irrigation,İPSALA KARAAĞAÇ SULAMASI,5703391.8,2147890.8,1,5.757329,S-946,538.8,6121.0
agriculture_surface_irrigation,agriculture_surface_irrigation,İPSALA KARAAĞAÇ SULAMASI,5704846.9,2147053.0,1,0.000310,S-946,1323.1,3576.0
agriculture_surface_irrigation,agriculture_surface_irrigation,İNECİK 2 BARAJI  SULAMASI,5769237.5,2146516.1,0,0.158398,S-953,123.7,2009.4
agriculture_surface_irrigation,agriculture_surface_irrigation,HAYRABOLU SULAMASI,5749462.6,2159471.2,0,0.761380,S-956,303.6,942.2
agriculture_surface_irrigation,agriculture_surface_irrigation,HAYRABOLU SULAMASI YENİLEMESİ,5749647.7,2159044.6,0,0.762540,S-956,303.6,942.2
agriculture_surface_irrigation,agriculture_surface_irrigation,HAYRABOLU SULAMASI,5749462.6,2159471.2,0,0.561017,S-958,151.5,4329.9
agriculture_surface_irrigation,agriculture_surface_irrigation,HAYRABOLU SULAMASI YENİLEMESİ,5749647.7,2159044.6,0,0.561871,S-958,151.5,4329.9
agriculture_surface_irrigation,agriculture_surface_irrigation,LALACIK GÖLETİ SULAMASI,5711594.5,2142627.6,0,0.258977,S-961,203.8,458.9
agriculture_surface_irrigation,agriculture_surface_irrigation,LALACIK GÖLETİ SULAMASI,5711594.5,2142627.6,1,0.302139,S-964,210.0,2104.2
agriculture_surface_irrigation,agriculture_surface_irrigation,MALTEPE GÖLETİ SULAMASI,5713451.0,2141999.6,1,0.230229,S-964,714.2,150.7
agriculture_surface_irrigation,agriculture_surface_irrigation,GÖNENCE GÖLETİ SULAMASI,5738445.0,2141655.6,0,0.233385,S-966,370.8,587.3
agriculture_surface_irrigation,agriculture_surface_irrigation,LALACIK GÖLETİ SULAMASI,5711594.5,2142627.6,0,0.172651,S-967,159.8,1991.9
agriculture_surface_irrigation,agriculture_surface_irrigation,LALACIK GÖLETİ SULAMASI,5711594.5,2142627.6,0,0.258977,S-968,182.2,1345.1
agriculture_surface_irrigation,agriculture_surface_irrigation,GÖNENCE GÖLETİ SULAMASI,5738445.0,2141655.6,0,0.233385,S-969,231.2,864.0
agriculture_surface_irrigation,agriculture_surface_irrigation,GÖNENCE GÖLETİ SULAMASI,5738445.0,2141655.6,1,1.400311,S-971,371.8,4362.2
agriculture_surface_irrigation,agriculture_surface_irrigation,ALTINYAZI-KARASAZ SULAMASI,5697793.8,2148220.8,0,0.958280,S-972,381.2,161.2
agriculture_surface_irrigation,agriculture_surface_irrigation,KORUCUKOY BARAJI SULAMASI,5700518.4,2134592.9,0,0.320632,S-972,1176.9,291.2
agriculture_surface_irrigation,agriculture_surface_irrigation,SULTANKÖY SULAMASI,5693880.7,2140699.7,1,0.013319,S-972,1489.2,631.7
agriculture_surface_irrigation,agriculture_surface_irrigation,GÖNENCE GÖLETİ SULAMASI,5739708.3,2139532.1,1,0.032980,S-973,29.2,265.3
agriculture_surface_irrigation,agriculture_surface_irrigation,GÖNENCE GÖLETİ SULAMASI,5738445.0,2141655.6,0,0.972438,S-973,164.8,2219.0
agriculture_surface_irrigation,agriculture_surface_irrigation,ALTINYAZI-KARASAZ SULAMASI,5697793.8,2148220.8,0,2.635269,S-974,1140.0,26.6
agriculture_surface_irrigation,agriculture_surface_irrigation,ALTINYAZI-KARASAZ SULAMASI,5697793.8,2148220.8,0,0.199642,S-975,166.2,254.6
agriculture_surface_irrigation,agriculture_surface_irrigation,KORUCUKOY BARAJI SULAMASI,5700518.4,2134592.9,0,0.040079,S-975,654.1,141.4
agriculture_surface_irrigation,agriculture_surface_irrigation,ALTINYAZI-KARASAZ SULAMASI,5697793.8,2148220.8,0,0.838495,S-976,364.2,236.3
agriculture_surface_irrigation,agriculture_surface_irrigation,KORUCUKOY BARAJI SULAMASI,5700518.4,2134592.9,0,1.843636,S-976,1529.5,362.5
agriculture_surface_irrigation,agriculture_surface_irrigation,SULTANKÖY SULAMASI,5690741.9,2126851.5,1,2.040618,S-976,1553.8,362.5
agriculture_surface_irrigation,agriculture_surface_irrigation,ALTINYAZI-KARASAZ SULAMASI,5697793.8,2148220.8,0,4.951112,S-982,576.5,16385.0
agriculture_surface_irrigation,agriculture_surface_irrigation,KORUCUKOY BARAJI SULAMASI,5700518.4,2134592.9,1,21.121658,S-982,1051.5,5028.4
agriculture_surface_irrigation,agriculture_surface_irrigation,SULTANKÖY SULAMASI,5699613.9,2146041.4,1,2.502803,S-982,232.7,13888.3
agriculture_surface_irrigation,agriculture_surface_irrigation,YAYLAKÖY GÖLETİ SULAMASI,5729811.8,2137210.8,1,0.641269,S-987,351.7,2014.4
agriculture_surface_irrigation,agriculture_surface_irrigation,YAYLAKÖY GÖLETİ SULAMASI,5729811.8,2137210.8,0,0.150887,S-988,362.9,255.4
agriculture_surface_irrigation,agriculture_surface_irrigation,YAYLAKÖY GÖLETİ SULAMASI,5729811.8,2137210.8,0,0.113165,S-989,378.9,4740.1
industrial_firm,wood_paper,Aksakal Orman Ürünleri San.Tic.Ltd.Şti.,5755275.8,2231148.5,1,0.000000,S-150,1797.6,2620.6
industrial_firm,metal,Ardöksan Döküm Sn.Tic.A.Ş.,5756078.3,2231771.4,1,0.000000,S-150,1396.1,1350.7
industrial_firm,metal,Asist Alüminyum Profil San.Tic.A.Ş,5755698.0,2231450.6,1,0.000000,S-150,1604.2,1521.4
industrial_firm,food,Ateşoğlu Süt San.Tic.Ltd.Şti.,5755885.9,2231238.3,1,0.000000,S-150,1848.4,1521.4
industrial_firm,chemical,Biyoteknik Kimya San.Tic.A.Ş.,5755811.1,2231157.3,1,0.000000,S-150,1912.2,1521.4
industrial_firm,machinery_auto,Ceta Makine San.Tic.A.Ş.,5755949.0,2231756.8,1,0.000000,S-150,1370.0,1521.4
industrial_firm,agriculture_industry,Dönmez Çiftliği Yetkin Tarım Uygulamaları,5755702.1,2231103.1,1,0.000000,S-150,1940.8,1767.1
industrial_firm,machinery_auto,Els Elektrik Proje İnş.Taah.San.Tic.Ltd.Şti.,5755195.7,2231113.8,1,0.000000,S-150,1776.2,3755.3
industrial_firm,chemical,Fidan Kimya Teknolojileri San.Tic.Ltd.Şti.,5755740.6,2231045.7,1,0.000000,S-150,2005.9,1767.1
industrial_firm,unclassified,Herbaşlar Düğ.Teks.Aks.Mak. ve Elek.San.Tic.Ltd.Şti.,5755882.9,2231044.3,1,0.000000,S-150,2037.0,1521.4
industrial_firm,unclassified,Kadri Özdil Profil San.Tic.A.Ş.,5755995.0,2231488.9,1,0.000000,S-150,1637.6,1521.4
industrial_firm,machinery_auto,Klaas Parlar Otomotiv Makine San.Tic.A.Ş.,5755237.0,2231053.9,1,0.000000,S-150,1846.9,3755.3
industrial_firm,textile,Migiboy Tekstil San.ve Dış Tic.A.Ş.,5755828.2,2231658.7,1,0.000000,S-150,1426.5,1521.4
industrial_firm,alcohol_beverage,Rags Alkollü İçkiler San.Tic.Ltd.Şti.,5755841.8,2231354.6,1,0.000000,S-150,1725.1,1521.4
industrial_firm,food,Sanset Gıda Turizm San.Tic.A.Ş.,5754754.5,2231019.6,1,0.000000,S-150,1532.4,3896.7
industrial_firm,food,Saray Bisküvi ve Gıda San.A.Ş.,5755491.1,2231028.1,1,0.000000,S-150,1975.7,1767.1
industrial_firm,unclassified,Tatsan Helva San.Tic.Ltd.Şti.,5755837.3,2230992.4,1,0.000000,S-150,2079.2,1521.4
industrial_firm,wood_paper,Yusufoğulları Orman Ürünleri San.Tic.Ltd.Şti.,5755350.1,2231023.5,1,0.000000,S-150,1942.2,2620.6
industrial_firm,metal,Üçler Metal San.Tic.Ltd.Şti.,5756109.7,2231582.4,1,0.000000,S-150,1585.1,1350.7
industrial_firm,wood_paper,AVC Basım veAmbalaj San.Tic.Ltd.,5756177.6,2231465.3,1,0.000000,S-154,1686.4,2807.4
industrial_firm,unclassified,Balkanlar Ağaç San.Tic.A.Ş.,5756188.9,2231205.1,1,0.000000,S-154,1706.3,2807.4
industrial_firm,metal,Bozkurtlar Metal San.Tic.Ltd.Şti.,5756018.5,2231139.6,1,0.000000,S-154,1886.5,2807.4
industrial_firm,metal,Efe Alüminyum San.Tic.Ltd.Şti.,5756068.5,2231094.3,1,0.000000,S-154,1847.9,2807.4
industrial_firm,unclassified,Ekin Endüstriyel Isıtma Soğutma San.Tic.Ltd.Şti.,5755925.8,2230987.9,1,0.000000,S-154,2013.2,2807.4
industrial_firm,unclassified,Engin Resistans Gülten Engin,5756009.0,2231051.8,1,0.000000,S-154,1916.0,2807.4
industrial_firm,machinery_auto,Ersan Makine End.Tesis.İm.Tic.Mon.San.Tic.Ltd.Şti.,5755924.9,2231079.6,1,0.000000,S-154,1990.9,2807.4
industrial_firm,unclassified,Güleray Terlik Tic.Ltd.Şti.,5756051.5,2231172.7,1,0.000000,S-154,1847.3,2807.4
industrial_firm,food,İntergel Gıda Şekerleme San.Tic.Ltd.Şti.,5756089.4,2231336.9,1,0.000000,S-154,1784.4,2807.4
industrial_firm,unclassified,Abay Tahıllı Ür.İmalat İth.İht.ve Paz.San.A.Ş.,5755571.6,2230644.8,1,0.000000,S-184,1699.7,0.0
industrial_firm,textile,Akıntek Tekstil Ürünleri San.Tic.Ltd.Şti.,5755488.3,2230603.0,1,0.000000,S-184,1624.2,0.0
industrial_firm,unclassified,Altınboğa Gaz Aletleri San.Tic.Ltd.Şti.,5755455.1,2230877.1,1,0.000000,S-184,1860.8,0.0
industrial_firm,agriculture_industry,Armatek Tarım San.Tic.Ltd.Şti.,5755625.7,2230755.7,1,0.000000,S-184,1823.0,0.0
industrial_firm,pharma_cosmetic,Arven İlaç San.Tic.A.Ş.,5755776.7,2230506.1,1,0.000000,S-184,1693.4,0.0
industrial_firm,textile,Aypateks Tekstil San.Tic.Ltd.Şti.,5755721.9,2230901.9,1,0.000000,S-184,1997.4,0.0
industrial_firm,pharma_cosmetic,Farma-Tek İlaç San.Tic.A.Ş.,5755725.2,2230338.8,1,0.000000,S-184,1529.7,0.0
industrial_firm,agriculture_industry,Fides İç ve Dış Tic.A.Ş.,5755385.3,2230981.1,1,0.000000,S-184,1934.1,0.0
industrial_firm,textile,Kale İplik San.ve Dış Tic.A.Ş.,5755370.3,2230261.6,1,0.000000,S-184,1266.9,0.0
industrial_firm,unclassified,Kırklareli Üzüm Üret.Tar.Bağ.İç ve Dış Tic.A.Ş.,5755581.4,2230818.1,1,0.000000,S-184,1858.3,0.0
industrial_firm,energy_waste,Kırklareligaz Enerji Üretim A.Ş.,5755198.0,2228735.4,1,0.000000,S-184,513.2,428.9
industrial_firm,textile,Ro-Yal Çorap Tekstil San.Tic.Ltd.Şti.,5755409.6,2230803.0,1,0.000000,S-184,1775.2,0.0
industrial_firm,unclassified,Yalkim Yalıtım Ürünleri San.Tic.A.Ş.,5755620.6,2230855.9,1,0.000000,S-184,1909.5,0.0
industrial_firm,machinery_auto,Yüzüak Makine İthalat İhracat San.Tic.Ltd.Şti.,5755558.7,2230758.9,1,0.000000,S-184,1795.2,0.0
industrial_firm,energy_waste,Zeus Enerji San.Tic.Ltd.Şti.,5755026.0,2229455.2,1,0.000000,S-184,403.3,0.0
industrial_firm,textile,ABK YATIRIM TEKSTİL DIŞ TİC. A.Ş.,5816278.1,2202334.8,1,0.000000,S-425,1157.6,2617.1
industrial_firm,machinery_auto|metal|plastic_rubber,ACT METAL PLASTİK OTOMOTİV SAN. VE TİC. LTD. ŞTİ.,5814968.4,2201215.6,1,0.000000,S-425,155.9,3779.7
industrial_firm,food,ADKOTURK GIDA SAN. VE TİC. LTD. ŞTİ.,5815637.5,2199658.7,1,0.000000,S-425,1209.9,4982.0
industrial_firm,textile,AKBAŞ TEKSTİL SAN. TİC. A.Ş.,5816301.6,2201994.6,1,0.000000,S-425,1172.9,2617.1
industrial_firm,textile,AKHAN TEKSTİL SAN. VE TİC. A.Ş.,5815834.3,2202550.2,1,0.000000,S-425,697.8,2105.0
industrial_firm,textile,ALMODO ALTUNLAR TEKSTİL SAN. TİC. A.Ş.,5815344.0,2201894.2,1,0.000000,S-425,301.6,2677.4
industrial_firm,unclassified,ALTAN GÜREL,5816092.5,2202311.7,1,0.000000,S-425,970.8,2617.1
industrial_firm,textile,ALTIN İPLİK VE ÇORAP SAN.A.Ş.,5815447.0,2199850.3,1,0.000000,S-425,961.6,4982.0
industrial_firm,chemical|textile,ALİM BOYA APRE TEKSTİL SAN. TİC. LTD. ŞTİ.,5816345.4,2202300.4,1,0.000000,S-425,1218.8,2617.1
industrial_firm,wood_paper,ARMASAN AMBALAJ A.Ş.,5814995.2,2200946.0,1,0.000000,S-425,257.7,4080.4
industrial_firm,metal,ARÇELİK A.Ş.,5815400.6,2201330.5,1,0.000000,S-425,538.2,3637.1
industrial_firm,metal,ARÇELİK A.Ş.,5815200.0,2201364.1,1,0.000000,S-425,337.5,3610.5
industrial_firm,textile,AS EMPRİME TEKSTİL SAN. TİC. LTD. ŞTİ.,5816218.3,2202250.4,1,0.000000,S-425,1086.7,2617.1
industrial_firm,unclassified,BEKS ÇORAP İÇGİYİM SAN. VE TİC. A.Ş.,5815700.8,2200337.4,1,0.000000,S-425,1056.8,4430.3
industrial_firm,wood_paper,BEST ORMAN ÜRÜNLERİ SAN.TİC.LTD.ŞTİ.,5816188.5,2202490.6,1,0.000000,S-425,1055.5,2105.0
industrial_firm,wood_paper,BMCOLOR MATBAA MÜREKKEPLERİ SAN. VE TİC. LTD. ŞTİ.,5815171.6,2201020.8,1,0.000000,S-425,386.1,3832.8
industrial_firm,textile,BONY TEKSTİL İŞLETMELERİ SAN.VE TİC.A.Ş.,5815433.8,2202560.4,1,0.000000,S-425,297.6,2105.0
industrial_firm,chemical,BOYTEK REÇİNE BOYA KİMYA SAN. TİC.A.Ş.,5816277.1,2201623.7,1,0.000000,S-425,1250.1,2617.1
industrial_firm,chemical,BOYTEKS BOYA SAN. ve TİC. LTD. ŞTİ.,5815932.0,2201717.1,1,0.000000,S-425,898.8,2617.1
industrial_firm,pharma_cosmetic,BİLİM İLAÇ SAN. TİC. A.Ş.,5816122.8,2201855.8,1,0.000000,S-425,1024.8,2617.1
industrial_firm,chemical|textile,BİRLİK ÖRME BOYA SAN. VE TİC. A.Ş.,5815041.2,2201680.7,1,0.000000,S-425,113.4,3066.8
industrial_firm,chemical,DEKOR BOYA SAN. LTD. ŞTİ.,5816577.3,2202084.1,1,0.000000,S-425,1440.8,2617.1
industrial_firm,unclassified,DEVA HOLDİNG A.Ş.,5816047.6,2200974.2,1,0.000000,S-425,1239.6,3637.1
industrial_firm,unclassified,DEVA HOLDİNG A.Ş.,5815595.9,2201235.3,1,0.000000,S-425,740.5,3637.1
industrial_firm,chemical|plastic_rubber,DOĞAN KİMYA PLASTİK İMALAT TUR. SAN. VE TİC. LTD. ŞTİ.,5816056.4,2202334.6,1,0.000000,S-425,939.8,2617.1
industrial_firm,unclassified,EGELİ ZIMPARA MAMULLERİ SAN. TİC. A.Ş.,5816368.7,2202623.5,1,0.000000,S-425,1210.3,1784.3
industrial_firm,unclassified,EGESAN AŞINDIRICI TAŞLAR SAN. TİC. A.Ş.,5816318.0,2201814.5,1,0.000000,S-425,1223.8,2617.1
industrial_firm,machinery_auto,ELKON ELEVATÖR KONVEYÖR VE MAKİNA SAN.TİC.A.Ş.,5815262.0,2202518.5,1,0.000000,S-425,142.4,2105.0
industrial_firm,plastic_rubber|textile,ELPA ELASTİKİ İPLİKLER SAN.VE İHRACAT A.Ş.,5816581.3,2202183.5,1,0.000000,S-425,1444.6,2617.1
industrial_firm,chemical|textile,ELİT TEKSTİL BOYA APRE SAN. VE TİC. A.Ş.,5816380.8,2202280.5,1,0.000000,S-425,1251.5,2617.1
industrial_firm,chemical,EMATEKS BOYA KİMYA TEKS. İNŞ. SAN. TİC. LTD. ŞTİ.,5816384.9,2202176.8,1,0.000000,S-425,1248.1,2617.1
industrial_firm,chemical|textile,EMRE TEKSTİL KİMYA SAN.VE TİC.LTD.ŞTİ.,5816326.9,2202191.2,1,0.000000,S-425,1190.6,2617.1
industrial_firm,chemical|textile,EMRE TEKSTİL KİMYA SAN.VE TİC.LTD.ŞTİ.,5816521.5,2202419.6,1,0.000000,S-425,1394.1,2105.0
industrial_firm,textile,ENESLER ÖRME TEKSTİL SAN. VE TİC. A.Ş.,5816402.9,2202438.2,1,0.000000,S-425,1274.1,2105.0
industrial_firm,unclassified,EREN RAF SAN. VE TİC. A.Ş.,5816197.8,2201337.7,1,0.000000,S-425,1296.3,2943.9
industrial_firm,textile,ERİM TEKSTİL SAN. VE TİC. A.Ş.,5816231.4,2202352.0,1,0.000000,S-425,1114.7,2617.1
industrial_firm,unclassified,ESSELTE LEİTZ BÜRO MALZEMELERİ SAN. TİC. A.Ş.,5816100.9,2202082.1,1,0.000000,S-425,965.0,2617.1
industrial_firm,pharma_cosmetic,EXELTİS İLAÇ SANAYİİ VE TİC. A.Ş.,5816524.9,2201763.5,1,0.000000,S-425,1436.9,2617.1
industrial_firm,unclassified,HSE MAK. İNŞ. TAAH. MÜH. MİM. TAŞ. İŞ SAĞ. VE GÜV. SAN. VE DIŞ TİC. LTD. ŞTİ.,5816450.6,2202138.9,1,0.000000,S-425,1313.1,2617.1
industrial_firm,textile,HYOSUNG İSTANBUL TEKSTİL LTD. ŞTİ.,5815545.3,2199483.9,1,0.000000,S-425,1209.1,5042.4
industrial_firm,unclassified,HÜPPE İNŞAAT MALZ.SAN.VE TİC.A.Ş.,5815968.4,2202408.4,1,0.000000,S-425,850.0,2105.0
industrial_firm,food,KADİR EMANET,5815188.4,2201929.3,1,0.000000,S-425,150.9,2773.2
industrial_firm,food,KLÜBER LUBRICATION YAĞLAMA ÜRÜNLERİ SAN. VE TİC. A. Ş.,5815086.1,2200784.1,1,0.000000,S-425,380.9,4088.8
industrial_firm,pharma_cosmetic,KOPAŞ KOZMETİK PAZ. VE SAN. A. Ş.,5816217.7,2201847.2,1,0.000000,S-425,1118.5,2617.1
industrial_firm,pharma_cosmetic,KOPAŞ KOZMETİK PAZ. VE SAN. A. Ş.,5815994.3,2201694.3,1,0.000000,S-425,964.6,2617.1
industrial_firm,chemical|pharma_cosmetic,KOÇAK FARMA İLAÇ VE KİMYA SAN. A.Ş.,5815922.8,2200635.9,1,0.000000,S-425,1223.1,4088.8
industrial_firm,metal,MAGNEZYUM VE METAL TOZLARI ENDÜSTRİ VE TİC. A.Ş.,5816086.2,2201335.9,1,0.000000,S-425,1195.9,2943.9
industrial_firm,unclassified,MEFA ENDÜSTRİ,5814697.7,2198557.0,1,0.000000,S-425,805.7,6561.6
industrial_firm,food|textile,MET İPLİK SAN. TİC. A.Ş.,5816417.2,2201946.7,1,0.000000,S-425,1293.9,2617.1
industrial_firm,machinery_auto|textile,MYT TEKSTİL MAKİNALARI SERVİSİ SAN. VE TİC. LTD. ŞTİ. - ÇERKEZKÖY ŞUBESİ,5816024.3,2201581.0,1,0.000000,S-425,1043.1,2677.4
industrial_firm,textile,OTTOMAN HALI SAN. TİC. A.Ş.,5815613.0,2200592.1,1,0.000000,S-425,926.6,4430.3
industrial_firm,chemical,PAKSEL KİMYA SAN. TİC.A.Ş.,5816166.9,2201647.5,1,0.000000,S-425,1140.0,2617.1
industrial_firm,chemical,PAKSEL KİMYA SAN. TİC.A.Ş.,5816116.3,2201660.6,1,0.000000,S-425,1088.8,2617.1
industrial_firm,unclassified,PALBEN TURİZM LTD. ŞTİ.,5814845.3,2200826.9,1,0.000000,S-425,145.9,4149.2
industrial_firm,alcohol_beverage|food,PARK GIDA ALKOLLÜ VE ALKOLSÜZ İÇECEKLER SAN. VE TİC. A.Ş.,5815955.2,2201602.2,1,0.000000,S-425,972.4,2677.4
industrial_firm,pharma_cosmetic,PHARMACTİVE İLAÇ SAN. VE TİC. A.Ş.,5815535.2,2200160.5,1,0.000000,S-425,972.6,4430.3
industrial_firm,chemical|plastic_rubber,POLİMER KAUÇUK SAN. VE PAZARLAMA A.Ş.,5815726.6,2201740.0,1,0.000000,S-425,705.6,2677.4
industrial_firm,chemical|plastic_rubber,POLİMER KAUÇUK SAN. VE PAZARLAMA A.Ş.,5815542.4,2201742.7,1,0.000000,S-425,543.2,2943.9
industrial_firm,chemical|plastic_rubber,POLİMER KAUÇUK SAN. VE PAZARLAMA A.Ş.,5815693.4,2201440.0,1,0.000000,S-425,798.1,3004.2
industrial_firm,wood_paper,POŞETSAN AMBALAJ SAN. VE TİC. A.Ş.,5816199.8,2202055.4,1,0.000000,S-425,1065.5,2617.1
industrial_firm,unclassified,PROVEL TÜKETİM ÜRÜNLERİ SAN. VE TİC. A.Ş.,5815188.9,2202557.7,1,0.000000,S-425,59.4,2105.0
industrial_firm,plastic_rubber,PİLKAPEN PLASTİK KAPI VE PENCERE SAN. TİC. A.Ş.,5816316.8,2202322.0,1,0.000000,S-425,1193.6,2617.1
industrial_firm,pharma_cosmetic,RECORDATİ İLAÇ SAN. VE TİC. A.Ş.,5815343.2,2200412.0,1,0.000000,S-425,693.3,4430.3
industrial_firm,food|mining_stone,SAMET KALIP VE MADENİ EŞYA SAN.VE TİC.A.Ş.,5815067.9,2201122.4,1,0.000000,S-425,258.5,3832.8
industrial_firm,food|mining_stone,SAMET KALIP VE MADENİ EŞYA SAN.VE TİC.A.Ş.,5814907.6,2201092.8,1,0.000000,S-425,117.9,3832.8
industrial_firm,wood_paper,SAREKS AMBALAJ SAN. VE TİC. A.Ş.,5815709.0,2199958.6,1,0.000000,S-425,1189.1,4982.0
industrial_firm,textile,SATEKS TEKSTİL SAN. VE DIŞ TİC. A.Ş.,5815714.5,2202552.7,1,0.000000,S-425,578.1,2105.0
industrial_firm,chemical|mining_stone,SETAŞ KİMYA SAN. VE TİC. A. Ş.,5815981.4,2201367.4,1,0.000000,S-425,1088.0,2943.9
industrial_firm,chemical|mining_stone,SETAŞ KİMYA SAN. VE TİC. A.Ş.,5815877.1,2202614.6,1,0.000000,S-425,729.8,1919.6
industrial_firm,textile,SİTEKS TEKSTİL SAN. VE TİC. LTD. ŞTİ.,5815607.7,2202507.6,1,0.000000,S-425,477.0,2105.0
industrial_firm,unclassified,TECTONE TEKNOLOJİ SAN. TİC. A.Ş.,5815038.6,2201350.1,1,0.000000,S-425,176.1,3624.5
industrial_firm,unclassified,TEKA TEKNİK MUTFAK ALETLERİ SAN. VE TİC. A.Ş.,5815059.1,2201536.0,1,0.000000,S-425,171.6,3428.2
industrial_firm,metal,TEKNOMETAL OTOMAT METAL SAN. VE TİC. LTD. ŞTİ.,5815852.5,2202415.0,1,0.000000,S-425,735.5,2105.0
industrial_firm,leather,TEKNOPLAST SUNİ DERİ SAN. VE DIŞ TİC. LTD. ŞTİ.,5816261.5,2201511.9,1,0.000000,S-425,1285.1,2677.4
industrial_firm,food|metal,TELESET ELEKTROMEKANİK SAN.VE TİC. A.Ş.,5815190.7,2201149.2,1,0.000000,S-425,378.4,3637.1
industrial_firm,mining_stone|textile,TEMTAŞ TEKSTİL SAN. TİC. A.Ş.,5815827.9,2201980.5,1,0.000000,S-425,708.0,2617.1
industrial_firm,machinery_auto,TOPALOĞULLARI MAKİNA SAN. VE TİC. A.Ş.,5815071.1,2200669.4,1,0.000000,S-425,383.6,4398.4
industrial_firm,machinery_auto,TRELLEBORG ÇERKEZKÖY OTOMOTİV SAN. VE TİC.A.Ş.,5816179.2,2201517.3,1,0.000000,S-425,1209.6,2677.4
industrial_firm,chemical|textile,TURNALAR TEKSTİL BOYA APRE SAN. TİC. LTD. ŞTİ.,5816022.7,2201866.2,1,0.000000,S-425,925.8,2617.1
industrial_firm,textile,UNİTEKS TEKSTİL VE TİC. A.Ş.,5815312.2,2200229.9,1,0.000000,S-425,745.9,4430.3
industrial_firm,plastic_rubber,UZAY KALIP VE PLASTİK SAN. TİC. LTD. ŞTİ.,5816496.7,2202242.2,1,0.000000,S-425,1363.2,2617.1
industrial_firm,plastic_rubber,UZAY KALIP VE PLASTİK SAN. TİC. LTD. ŞTİ.,5816461.9,2202259.1,1,0.000000,S-425,1330.0,2617.1
industrial_firm,mining_stone|textile,UZUNLAR İPLİK KUMAŞ ÇAMAŞIR İMALAT TİC. SAN. LTD. ŞTİ,5815775.8,2201209.4,1,0.000000,S-425,922.2,3637.1
industrial_firm,energy_waste,UĞUR ENERJİ ÜRETİM TİC. VE SAN. A.Ş.,5815266.5,2200114.1,1,0.000000,S-425,730.6,4982.0
industrial_firm,textile,UĞURTEKS TEKSTİL ÜRÜNLERİ TİC.VE SAN. A.Ş.,5815430.1,2202064.4,1,0.000000,S-425,301.6,2617.1
industrial_firm,pharma_cosmetic,VEM İLAÇ SAN. VE TİC. A.Ş.,5815643.0,2199752.1,1,0.000000,S-425,1179.2,4982.0
industrial_firm,chemical|food,VİRA TİCARET VE KİMYA SAN.LTD.ŞTİ.,5814975.7,2200744.5,1,0.000000,S-425,288.3,4330.3
industrial_firm,textile,YALÇIN TEKSTİL  SAN. TİC. A. Ş.,5815804.8,2201432.2,1,0.000000,S-425,901.4,3004.2
industrial_firm,metal|plastic_rubber,YKK METAL VE PLASTİK ÜRÜNLERİ SAN.  TİC. A. Ş.,5815920.1,2201139.8,1,0.000000,S-425,1075.9,3637.1
industrial_firm,unclassified,YÜ-CE TIBBİ GEREÇ. İTH. İHR. MÜM. SAN. VE TİC. A.Ş.,5815326.7,2202527.9,1,0.000000,S-425,198.3,2105.0
industrial_firm,textile,ÖZCANLAR ÖRME TEKSTİL SAN.VE TİC. A.Ş.,5815242.8,2202326.5,1,0.000000,S-425,155.3,2407.3
industrial_firm,chemical,ÖZEN MENSUCAT BOYA TERBİYE İŞLETMELERİ A.Ş.,5815422.9,2199327.1,1,0.000000,S-425,1175.1,5852.0
industrial_firm,machinery_auto,ÖZNUR KABLO SAN. TİC. A.Ş.,5816459.3,2201426.9,1,0.000000,S-425,1500.1,2677.4
industrial_firm,textile,ÖZTEKS FABRİCS KUMAŞÇILIK SAN. VE TİC. LTD. ŞTİ.,5815985.4,2202514.1,1,0.000000,S-425,851.1,2105.0
industrial_firm,food,İREKS GIDA SAN. A.Ş.,5815409.7,2202348.2,1,0.000000,S-425,322.2,2385.7
industrial_firm,unclassified,ŞAFAK TÜL SAN. VE TİC. A.Ş.,5816569.8,2202640.9,1,0.000000,S-425,1404.2,1784.3
industrial_firm,unclassified,ŞARK MENSUCAT FABRİKASI A.Ş.,5815719.0,2202318.9,1,0.000000,S-425,609.1,2617.1
industrial_firm,chemical,ŞEVKAT BOYA EMPRİME BASKI SAN. TİC. LTD. ŞTİ.,5816020.1,2202582.8,1,0.000000,S-425,876.2,1919.6
industrial_firm,unclassified,3M SAN. VE TİC.A.Ş.,5816488.5,2200174.1,1,0.000000,S-443,1075.4,2798.2
industrial_firm,plastic_rubber,A.SCHULMAN PLASTİK SAN. VE TİC. A.Ş.,5817542.3,2200891.6,1,0.000000,S-443,322.2,1828.2
industrial_firm,metal,ADEM ÇELİK,5817713.2,2201685.5,1,0.000000,S-443,445.7,989.3
industrial_firm,metal,AKKON ÇELİK YAPI SİSTEMLERİ SAN. VE TİC.  A. Ş.,5818012.3,2202107.7,1,0.000000,S-443,100.2,327.6
industrial_firm,chemical,AKRİPOL KİMYA SAN. TİC. LTD. ŞTİ.,5817881.0,2201745.6,1,0.000000,S-443,272.5,608.2
industrial_firm,metal,ALTEK DÖKÜM HADDE MAMULLERİ SAN. VE TİC. A.Ş.,5817655.7,2200640.0,1,0.000000,S-443,119.0,2034.3
industrial_firm,metal|wood_paper,ALTINSARAY MOBİLYA VE DAY. TÜK. MAL. TUR. OTELCİLİK SAN. VE TİC. LTD. ŞTİ.,5817956.7,2202217.9,1,0.000000,S-443,158.8,247.9
industrial_firm,textile,ALTINYILDIZ TEKSTİL VE KONFEKSİYON A.Ş.,5816950.5,2199493.5,1,0.000000,S-443,384.0,3659.0
industrial_firm,metal,ALÇİN ALÜMİNYUM ÇİNKO HADDECİLİK TİC. VE SAN. A.Ş.,5816331.2,2200408.7,1,0.000000,S-443,1293.4,2712.8
industrial_firm,chemical,ARGON KİMYA SAN. VE TİC. A.Ş.,5816390.6,2199747.2,1,0.000000,S-443,958.9,4161.3
industrial_firm,textile,ARI TEKSTİL TİC. VE SAN. LTD.ŞTİ.,5817230.4,2202405.5,1,0.000000,S-443,907.1,19.5
industrial_firm,unclassified,ART TEK MİMARLIK DEKORASYON MÜHEN. SAN.TİC.A.Ş.,5817233.0,2202095.1,1,0.000000,S-443,879.5,340.3
industrial_firm,chemical|pharma_cosmetic,ATAK FARMA KOZMETİK VE KİMYA A.Ş.,5817364.3,2201400.3,1,0.000000,S-443,667.1,1366.1
industrial_firm,food|textile,ATT TEKSTİL SANAYİ VE TİCARET A.Ş.,5816966.2,2203204.2,1,0.000000,S-443,1406.8,0.0
industrial_firm,mining_stone|plastic_rubber,AVCI MERMER VE PVC PLASTİK DOĞRAMA İNŞAAT VE MÜTEAHHİTLİK,5817934.1,2201977.5,1,0.000000,S-443,178.4,457.8
industrial_firm,metal,BALKAN ÇELİK DÖVME SAN. İNŞ. VE TİC. LTD. ŞTİ.,5816023.7,2199264.2,1,0.000000,S-443,909.6,4161.3
industrial_firm,agriculture_industry|food,BAREL MAK. END. MALZ. İNŞ. NAKL. GIDA HAYVANCILIK TEKS. SAN. VE TİC. LTD. ŞTİ.,5817912.0,2201670.6,1,0.000000,S-443,250.5,785.4
industrial_firm,unclassified,BARSAN GLOBAL LOJİSTİK A.Ş.,5816629.4,2199104.2,1,0.000000,S-443,301.7,4161.3
industrial_firm,unclassified,BARSAN GLOBAL LOJİSTİK A.Ş.,5816597.1,2199216.9,1,0.000000,S-443,403.8,4161.3
industrial_firm,wood_paper,BASAŞ AMBALAJ VE YALITIM SAN. A.Ş.,5817253.5,2200700.5,1,0.000000,S-443,517.0,2180.0
industrial_firm,machinery_auto,BAŞOĞLU KABLO VE PROFİL SAN. VE TİC. A.Ş.,5817753.7,2202069.9,1,0.000000,S-443,358.8,365.4
industrial_firm,unclassified,BEKS ÇORAP İÇGİYİM SAN. VE TİC. A.Ş.,5816775.1,2201208.9,1,0.000000,S-443,1150.1,1888.5
industrial_firm,textile,BEZCİ TEKSTİL SAN. A.Ş.,5818003.0,2202330.8,1,0.000000,S-443,134.5,94.2
industrial_firm,textile,BONDİ TEKSTİL SANAYİ VE TİC.LTD.ŞTİ.,5817341.9,2202109.0,1,0.000000,S-443,770.6,326.4
industrial_firm,chemical|mining_stone,BOTAŞ NEHİR BOYA EMPRİME SAN. TİC. A.Ş.,5815816.3,2199616.6,1,0.000000,S-443,1261.1,4161.3
industrial_firm,chemical|mining_stone,BOTAŞ NEHİR BOYA EMPRİME SAN. TİC. A.Ş.,5815872.9,2199747.9,1,0.000000,S-443,1295.1,4161.3
industrial_firm,textile,BROSS TEKSTİL SAN.VE TİC. A.Ş.,5817337.1,2202301.4,1,0.000000,S-443,783.7,247.9
industrial_firm,unclassified,BSH EV ALETLERİ SAN. VE TİC. A.Ş.,5817284.0,2198886.3,1,0.000000,S-443,264.4,3838.8
industrial_firm,unclassified,BSH EV ALETLERİ SAN. VE TİC. A.Ş.,5816562.5,2198516.6,1,0.000000,S-443,159.4,4694.2
industrial_firm,textile,BUYRUK TEKSTİL VE KONFEKSİYON TİC. LTD. ŞTİ.,5816723.2,2201697.6,1,0.000000,S-443,1372.9,1366.1
industrial_firm,chemical,BİOLAB ENDÜSTRİYEL KİMYA SAN. VE TİC. A.Ş.,5817716.4,2201607.0,1,0.000000,S-443,413.7,989.3
industrial_firm,machinery_auto,CEYLANLAR PERFORE SAÇ MAKİNE NAKLİYE İTHALAT İHRACAT SAN. VE TİC. LTD. ŞTİ.,5817830.8,2201980.9,1,0.000000,S-443,281.7,454.5
industrial_firm,plastic_rubber,COKO-WERK PLASTİK İMALAT SAN. LTD. ŞTİ.,5817252.1,2201347.6,1,0.000000,S-443,752.2,1572.1
industrial_firm,plastic_rubber,COKO-WERK PLASTİK İMALAT SAN. LTD. ŞTİ.,5817303.5,2201309.3,1,0.000000,S-443,688.8,1572.1
industrial_firm,pharma_cosmetic,COSMESA KOZMETİK SAN. VE TİC. A.Ş.,5817970.3,2201665.8,1,0.000000,S-443,192.2,790.2
industrial_firm,unclassified,Cumhur Fırat FIÇICIOĞLU,5817976.9,2201540.5,1,0.000000,S-443,145.6,989.3
industrial_firm,alcohol_beverage,DOLUCA BAĞCILIK VE ŞARAPÇILIK  A.Ş.,5816291.6,2199570.7,1,0.000000,S-443,871.3,4161.3
industrial_firm,food,DİNARSU İMALAT VE TİCARET TÜRK A.Ş.,5816543.0,2199759.0,1,0.000000,S-443,864.3,3672.4
industrial_firm,wood_paper,DİZAYNPAK BASKI VE AMBALAJ TEKNOLOJİLERİ A.Ş.,5816920.9,2201869.7,1,0.000000,S-443,1195.3,472.9
industrial_firm,chemical,EKSOY KİMYA SAN. VE TİC. A.Ş.,5817525.8,2201681.0,1,0.000000,S-443,617.8,989.3
industrial_firm,plastic_rubber,EKİNPLAS PLASTİK TEKNOLOJİLERİ SAN. VE TİC. LTD. ŞTİ.,5817514.1,2201487.7,1,0.000000,S-443,560.4,1220.3
industrial_firm,chemical|textile,ELVAN TEKSTİL BOYA APRE SAN. VE TİC. A. Ş.,5817765.0,2202221.9,1,0.000000,S-443,349.2,247.9
industrial_firm,chemical,EMATEKS BOYA KİMYA TEKS. İNŞ. SAN. TİC. LTD. ŞTİ.,5816774.9,2199457.0,1,0.000000,S-443,484.0,3863.8
industrial_firm,unclassified,EOC BELGIUM TÜRKİYE TEKİRDAĞ ŞUBESİ,5817695.5,2201551.1,1,0.000000,S-443,412.6,1135.0
industrial_firm,unclassified,ERKA SİSTEM MÜH. OTOMASYON SAN. VE TİC. LTD. ŞTİ.,5817914.3,2201553.7,1,0.000000,S-443,209.0,989.3
industrial_firm,food|wood_paper,ETİMAG ETİKET MATBAACILIK AMBALAJ.SAN.VE TİC.A.Ş.,5817218.1,2202716.7,1,0.000000,S-443,964.5,0.0
industrial_firm,unclassified,Efkan SADİOĞLU,5817836.2,2201636.2,1,0.000000,S-443,313.8,989.3
industrial_firm,plastic_rubber,FAREL PLASTİK ELEK. VE ELEKTR. İMALAT SAN. A.Ş.,5817321.6,2200406.1,1,0.000000,S-443,353.5,2350.7
industrial_firm,unclassified,FLAMMASSTEK TEKNİK MONTAJ SAN. TİC. A.Ş.,5817410.7,2200316.8,1,0.000000,S-443,240.3,2436.0
industrial_firm,unclassified,FİBERTEX NONWOVENS TEKS. SAN. VE İHR. A.Ş.,5817101.7,2200333.3,1,0.000000,S-443,544.3,2436.0
industrial_firm,textile,FİL MAN MADE TEKNİK TEKSTİL SAN.TİC. A.Ş.,5816815.1,2202684.9,1,0.000000,S-443,1347.7,0.0
industrial_firm,unclassified,GAMMA PAK STRERİLİZASYON SAN. VE TİC. A.Ş.,5817332.6,2202652.6,1,0.000000,S-443,836.5,0.0
industrial_firm,energy_waste,GAZİOĞLU SOLAR ENERJİ SAN. VE TİC. A.Ş.,5816468.9,2200401.0,1,0.000000,S-443,1160.6,2712.8
industrial_firm,unclassified,GENMAR İÇ VE DIŞ TİC. A.Ş.,5816009.5,2199498.8,1,0.000000,S-443,1035.0,4161.3
industrial_firm,plastic_rubber,GEORG FİSCHER HAKAN PLASTİK BORU VE PROFİL SAN.TİC. A.Ş.,5816972.4,2202332.9,1,0.000000,S-443,1149.3,247.9
industrial_firm,plastic_rubber,GEORG FİSCHER HAKAN PLASTİK BORU VE PROFİL SAN.TİC. A.Ş.,5817175.9,2202265.2,1,0.000000,S-443,939.8,247.9
industrial_firm,textile,GÖKÇAĞ KUMAŞCILIK SAN. VE TİC.A.Ş.,5816670.9,2201557.9,1,0.000000,S-443,1366.3,1572.1
industrial_firm,chemical|textile,GÜLÇEK TEKSTİL BOYA APRE ÖRME İNŞ.SAN.VE TİC.LTD.ŞTİ.,5817733.4,2201071.6,1,0.000000,S-443,197.8,1572.1
industrial_firm,metal|plastic_rubber,GÜRÖZ PLASTİK VE METAL SAN. TİC. PAZL. LTD. ŞTİ.,5817785.9,2201658.8,1,0.000000,S-443,368.8,989.3
industrial_firm,unclassified,GÜVEN BOBİNAJ SAN. VE TİC. LTD. ŞTİ.,5817833.2,2201692.6,1,0.000000,S-443,329.3,763.4
industrial_firm,wood_paper,HALLEY DUVAR KAĞITLARI VE AMBALAJ SAN. VE TİC. A.Ş.,5817445.8,2201366.3,1,0.000000,S-443,578.8,1366.1
industrial_firm,unclassified,HATTAT TRAKTÖR SAN. VE TİC. A.Ş.,5816789.4,2200717.3,1,0.000000,S-443,956.7,2265.3
industrial_firm,unclassified,HEMA ENDÜSTRİ A.Ş.,5816525.0,2200748.0,1,0.000000,S-443,1217.1,2265.3
industrial_firm,unclassified,HEMA ENDÜSTRİ A.Ş.,5816916.7,2200392.9,1,0.000000,S-443,737.1,2627.4
industrial_firm,chemical|textile,HENATEKS BOYA VE APRE SAN. TİC. A.Ş.,5816714.2,2200968.7,1,0.000000,S-443,1115.4,2034.3
industrial_firm,pharma_cosmetic,HUNCA KOZMETİK SAN.A.Ş.,5817194.1,2202568.0,1,0.000000,S-443,954.2,0.0
industrial_firm,plastic_rubber,JEFLEKS PLASTİK KAUÇUK SAN. VE TİC. A.Ş.,5817462.5,2201697.3,1,0.000000,S-443,683.0,989.3
industrial_firm,chemical|food,JOTUN BOYA SAN. VE TİC. A.Ş.,5817490.1,2201135.9,1,0.000000,S-443,447.7,1572.1
industrial_firm,unclassified,KARDEŞLER YAPI SAN. VE TİC.LTD.ŞTİ.,5817565.7,2201630.4,1,0.000000,S-443,564.5,1135.0
industrial_firm,textile,KIVANÇ TEKSTİL SAN. VE TİC. A.Ş.,5818216.7,2201043.6,1,0.000000,S-443,229.9,1466.1
industrial_firm,wood_paper,KONİKA KAĞIT BOBİN AMBALAJ SAN. TİC. LTD. ŞTİ.,5815837.4,2199275.9,1,0.000000,S-443,1087.6,4161.3
industrial_firm,machinery_auto,LANG YÜZER OTOMOTİV SAN. TİC.A.Ş.,5817728.5,2202289.1,1,0.000000,S-443,397.2,247.9
industrial_firm,food,LİDER HAZIR YEMEK İŞL.SOS.HİZ.TAŞE.HİZ.SAN.TİC.LTD. ŞTİ.,5817898.8,2201623.0,1,0.000000,S-443,253.0,989.3
industrial_firm,plastic_rubber,MALİ PLASTİK A.Ş.,5817783.2,2201436.0,1,0.000000,S-443,288.8,1135.0
industrial_firm,leather,MEGA TEKNOLOJİK ÜRÜNLER DERİ SAN. TİC. LTD. ŞTİ.,5817998.1,2201637.7,1,0.000000,S-443,164.4,818.4
industrial_firm,wood_paper,MERT SARP MOBİLYA EKİPMANLARI SAN. VE TİC. A.Ş.,5816654.9,2202366.5,1,0.000000,S-443,1468.5,247.9
industrial_firm,metal,MES ELEKTROMEKANİK DÖKÜM SAN. VE TİC. A.Ş.,5818275.1,2201369.0,1,0.000000,S-443,168.4,1064.3
industrial_firm,unclassified,MGT FİLTRE SAN. VE TİC. A.Ş.,5817549.0,2202388.1,1,0.000000,S-443,588.5,36.9
industrial_firm,textile,MODERN HALI PAZ. A.Ş.,5816100.0,2200098.4,1,0.000000,S-443,1409.9,4161.3
industrial_firm,plastic_rubber,MTN PLASTİK SAN. VE TİC. LTD. ŞTİ.,5817959.4,2202589.9,1,0.000000,S-443,242.7,0.0
industrial_firm,textile,MUSSAN İPLİK SAN. VE TİC. A.Ş.,5816963.4,2202010.2,1,0.000000,S-443,1149.1,425.2
industrial_firm,plastic_rubber,Mustafa TOPTAL (TOPDAL PLASTİK VE KALIP SANAYİ),5817147.0,2200461.8,1,0.000000,S-443,536.7,2350.7
industrial_firm,chemical|food|plastic_rubber,NAMLI PLASTİK KİMYA VE GIDA SAN. TİC. LTD. ŞTİ.,5816990.3,2202829.2,1,0.000000,S-443,1216.3,0.0
industrial_firm,chemical|leather,NAPA GRUP SUNİ DERİ KİMYA SAN. VE TİC. A.Ş.,5817758.6,2201322.1,1,0.000000,S-443,279.1,1366.1
industrial_firm,textile,NURTEKS HALI SAN. TİC. A.Ş.,5815864.0,2199434.7,1,0.000000,S-443,1126.8,4161.3
industrial_firm,food,OKTAV GIDA SANAYİ TİC. LTD. ŞTİ.,5817936.1,2201498.8,1,0.000000,S-443,176.7,989.3
industrial_firm,unclassified,ONUR BAĞLANTI ELEMANLARI İMALAT SAN. VE TİC.LTD.ŞTİ.,5817396.4,2201747.8,1,0.000000,S-443,746.5,608.2
industrial_firm,chemical|textile,ORDU TEKSTİL BOYA APRE KASAR SAN . VE TİC. A.Ş.,5816396.7,2199869.3,1,0.000000,S-443,1043.3,3863.8
industrial_firm,unclassified,ORHAN ÖZKAN (ÖZKARTAY YANGIN MALZEMELERİ),5817861.8,2201639.3,1,0.000000,S-443,293.1,989.3
industrial_firm,unclassified,PAS SOUTH EAST EUROPA SAN. VE TİC. LTD. ŞTİ.,5817950.5,2201914.9,1,0.000000,S-443,168.9,472.9
industrial_firm,wood_paper,"PEHLİVANOĞLU KAĞIT, KAĞIT MAMÜLLERİ VE AMBALAJ SAN. TİC. A.Ş.",5815978.0,2199875.1,1,0.000000,S-443,1307.2,4161.3
industrial_firm,chemical|plastic_rubber,POLİMER KAUÇUK SAN. VE PAZARLAMA A.Ş.,5817072.7,2201275.2,1,0.000000,S-443,887.7,1572.1
industrial_firm,chemical|plastic_rubber,POLİMER KAUÇUK SAN. VE PAZARLAMA A.Ş.,5817338.8,2200873.6,1,0.000000,S-443,495.9,1948.9
industrial_firm,unclassified,POLİZA ENDÜSTRİ A.Ş.,5816450.5,2200066.5,1,0.000000,S-443,1080.6,2993.9
industrial_firm,unclassified,PRETTL ENDÜSTRİ SİSTEMLERİ SAN. TİC. LTD. ŞTİ.,5817395.9,2201258.9,1,0.000000,S-443,583.6,1572.1
industrial_firm,unclassified,PRUVA AJANS BASIM YAYIN AMB.SAN. TİC. A.Ş.,5817900.5,2202778.7,1,0.000000,S-443,425.7,0.0
industrial_firm,machinery_auto,PUTZMEİSTER MAKİNA SAN.VE TİC.A.Ş.,5818154.6,2200873.0,1,0.000000,S-443,245.3,1647.1
industrial_firm,pharma_cosmetic,ROMPHARM İLAÇ SAN. VE TİC. LTD. ŞTİ.,5816902.6,2201214.6,1,0.000000,S-443,1035.1,1572.1
industrial_firm,chemical|textile,ROTER TEKSTİL BOYACILIK SAN. VE TİC.A.Ş.,5817288.1,2202552.9,1,0.000000,S-443,859.0,0.0
industrial_firm,unclassified,SANİFOAM SÜNGER SAN. VE TİC.A.Ş.,5817358.1,2201598.8,1,0.000000,S-443,743.0,1135.0
industrial_firm,metal,SARBAK METAL TİC. VE SAN. A.Ş.,5817586.5,2200394.6,1,0.000000,S-443,101.2,2265.3
industrial_firm,metal|plastic_rubber,SCHNEE METAL PLASTİK SAN. TİC. LTD. ŞTİ.,5816136.7,2199837.6,1,0.000000,S-443,1175.9,4161.3
industrial_firm,mining_stone,SCHOTT ORİM CAM SAN. TİC. A.Ş.,5817366.3,2200515.4,1,0.000000,S-443,345.7,2265.3
industrial_firm,mining_stone,SCHOTT ORİM CAM SAN. TİC. A.Ş.,5817453.1,2200479.4,1,0.000000,S-443,251.8,2265.3
industrial_firm,chemical|textile,SEG BOYA KİMYA TEKSTİL İNŞAAT SAN. VE TİC. LTD. ŞTİ,5816264.1,2199405.4,1,0.000000,S-443,775.2,4161.3
industrial_firm,unclassified,SEHA VİNÇ İMALAT SAN. VE TİC. LTD. ŞTİ.,5817607.8,2202167.6,1,0.000000,S-443,504.7,267.8
industrial_firm,unclassified,SENAPA STAMPA AMB. SAN. VE TİC. A.Ş.,5816822.3,2202086.8,1,0.000000,S-443,1290.2,348.5
industrial_firm,plastic_rubber,SENTEK KAUÇUK SANAYİ LTD. ŞTİ.,5817371.4,2202735.1,1,0.000000,S-443,826.5,0.0
industrial_firm,textile,SÜEDSER TEKSTİL SAN. TİC. A.Ş.,5817027.4,2200708.7,1,0.000000,S-443,728.0,2180.0
industrial_firm,unclassified,SİNAN SİFİL,5817831.0,2201520.7,1,0.000000,S-443,280.4,1135.0
industrial_firm,chemical|mining_stone,SİNTAŞ BOYA VE KİMYA SAN.LTD.ŞTİ.,5817475.7,2201830.6,1,0.000000,S-443,650.4,472.9
industrial_firm,chemical|mining_stone,SİNTAŞ BOYA VE KİMYA SAN.LTD.ŞTİ.,5817591.7,2201770.1,1,0.000000,S-443,549.9,608.2
industrial_firm,energy_waste,SİVRİOĞLU AKARYAKIT OTOM. İNŞ. TİC. LTD. ŞTİ.,5817842.0,2202155.0,1,0.000000,S-443,270.5,280.4
industrial_firm,chemical|textile,TANTEKS BOYA APRE TEKSTİL SAN. TİC. LTD. ŞTİ.,5815928.7,2199272.8,1,0.000000,S-443,1000.9,4161.3
industrial_firm,machinery_auto,TECHNOCAST OTOMOTİV SAN. VE TİC. A.Ş.,5817296.1,2200787.0,1,0.000000,S-443,506.9,1948.9
industrial_firm,machinery_auto,TECHNOCAST OTOMOTİV SAN. VE TİC. A.Ş.,5817676.8,2201698.8,1,0.000000,S-443,481.1,608.2
industrial_firm,unclassified,TEKNOGON TEŞHİR ELEMANLARI SAN. A.Ş.,5816451.3,2199111.5,1,0.000000,S-443,456.8,4161.3
industrial_firm,food|pharma_cosmetic,TEKNOVET İLAÇ SAN. VE TİC. A.Ş.,5817597.6,2202266.7,1,0.000000,S-443,520.9,247.9
industrial_firm,machinery_auto,TEKOTO OTOMOTİV TİC. LTD. ŞTİ.,5816730.7,2201290.1,1,0.000000,S-443,1219.9,1572.1
industrial_firm,unclassified,TEVERPAN MDF LEVHA SAN. VE TİC. A. Ş.,5816664.2,2202613.1,1,0.000000,S-443,1485.2,0.0
industrial_firm,unclassified,TRİSTONE FLOWTECH İST. OTOM. SAN. VE TİC. LTD. ŞTİ.,5817465.8,2200945.9,1,0.000000,S-443,414.5,1828.2
industrial_firm,wood_paper,TULİPACK AMBALAJ SAN. TİC. A.Ş.,5816888.0,2201931.5,1,0.000000,S-443,1224.9,472.9
industrial_firm,chemical|textile,TÜBAŞ TEKSTİL ÜRÜNLERİ BOYAMA SAN. VE TİC. A.Ş.,5817006.7,2202093.8,1,0.000000,S-443,1105.8,341.6
industrial_firm,chemical,ULKAR KİMYA SAN. TİC. .A.Ş.,5816967.8,2202534.9,1,0.000000,S-443,1174.8,0.0
industrial_firm,food,UMEKS GIDA İNŞAAT SAN. VE TİC. LTD. ŞTİ,5817234.3,2201149.6,1,0.000000,S-443,697.3,1572.1
industrial_firm,metal,UZUNER ALÜMİNYUM METAL VE İNŞ. SAN. TİC. LTD. ŞTİ.,5815737.3,2199286.4,1,0.000000,S-443,1178.9,4483.8
industrial_firm,mining_stone,VASTAŞ VALF ARMATÜR SAN. TİC. A.Ş.,5816825.5,2201773.4,1,0.000000,S-443,1300.8,472.9
industrial_firm,unclassified,VESTON BEYAZ EŞYA İMALAT SAN. TİC. LTD. ŞTİ.,5816494.5,2199217.2,1,0.000000,S-443,477.8,4161.3
industrial_firm,mining_stone|plastic_rubber|wood_paper,VETAŞ PLASTİK VE AMBALAJ SAN. A.Ş.,5817407.0,2202074.1,1,0.000000,S-443,705.5,361.3
industrial_firm,mining_stone,YAPITAŞ YAPI SAN. VE TİC. A.Ş.,5818112.7,2202522.7,1,0.000000,S-443,100.8,0.0
industrial_firm,food,YÜNSA YÜNLÜ SAN.VE TİC.A.Ş.,5817082.1,2201820.2,1,0.000000,S-443,1040.1,472.9
industrial_firm,textile,ÖRNEK TEKSTİL TİC. VE SAN. A.Ş.,5817116.4,2200993.9,1,0.000000,S-443,748.5,1948.9
industrial_firm,textile,ÖZCANLAR TEKSTİL SAN. VE TİC. A.Ş.,5816536.2,2198859.3,1,0.000000,S-443,281.5,4483.8
industrial_firm,unclassified,ÖZEL ELEKTROLİTİK BAKIR MAMÜLLERİ SAN. DIŞ. TİC. A.Ş.,5817525.1,2202036.3,1,0.000000,S-443,587.4,399.1
industrial_firm,textile,İNTEKS ULUSLARARASI TEKSTİL SAN. VE İHRACAT A.Ş.,5817590.2,2201328.6,1,0.000000,S-443,430.6,1366.1
industrial_firm,chemical,İSTANBUL TERBİYE BOYA SAN. VE TİC. A.Ş.,5815747.6,2199453.9,1,0.000000,S-443,1239.4,4161.3
industrial_firm,unclassified,ŞABAN AÇIKGÖZ İNŞAAT MALZEMELERİ SAN. VE TİC. A.Ş.,5818051.0,2202542.5,1,0.000000,S-443,145.9,0.0
industrial_firm,unclassified,Bogazici Sigara A.Ş.,5773506.1,2196575.5,1,0.000000,S-451,257.5,6891.6
industrial_firm,wood_paper,Koknar Kagit A.Ş.,5774518.3,2197702.3,1,0.000000,S-451,219.0,5266.3
industrial_firm,textile,Sarteks Tekstil LTD. ŞTİ.,5774395.9,2197619.4,1,0.000000,S-451,203.7,5482.7
industrial_firm,metal,Alugen Aluminyum San. Tic. A.Ş.,5803956.2,2195363.0,1,0.000000,S-478,2126.5,6635.2
industrial_firm,food|machinery_auto,Athos Elektrik Sistemleri Sanayi ve Ticaret Ltd. Şti.,5803544.9,2195130.4,1,0.000000,S-478,2306.2,6635.2
industrial_firm,food|plastic_rubber,Eurotec Mühendislik Plastikleri Sanayi ve Ticaret A.Ş.,5803796.8,2195372.1,1,0.000000,S-478,2250.0,6635.2
industrial_firm,unclassified,Federal Power Corporation İlhan İLKER,5804104.1,2195427.3,1,0.000000,S-478,2067.0,6529.1
industrial_firm,food,Fuar Ticaret - Erol EROĞLU,5803717.7,2195276.8,1,0.000000,S-478,2250.0,6635.2
industrial_firm,food|wood_paper,LİLA KAĞIT SANAYİ VE TİCARET A.Ş.,5799746.2,2186508.6,1,0.000000,S-478,1768.5,17738.8
industrial_firm,food|wood_paper,LİLA KAĞIT SANAYİ VE TİCARET A.Ş.,5799601.3,2186353.3,1,0.000000,S-478,1836.1,17738.8
industrial_firm,food|wood_paper,LİLA KAĞIT SANAYİ VE TİCARET A.Ş.,5799754.1,2186266.4,1,0.000000,S-478,1662.4,17738.8
industrial_firm,food|wood_paper,LİLA KAĞIT SANAYİ VE TİCARET A.Ş.,5799441.8,2186568.5,1,0.000000,S-478,2067.8,17738.8
industrial_firm,unclassified,Meriç Boru ve Ek Parçaları San. Tic. Ltd. Şti.,5804187.3,2195320.6,1,0.000000,S-478,1932.7,6541.2
industrial_firm,textile,Mito Tekstil San. ve Tic. Ltd. Şti.,5803709.1,2195078.1,1,0.000000,S-478,2140.1,6635.2
industrial_firm,food,Polyplex Europa Polyester Film Sanayi ve Ticaret A.Ş.,5804420.1,2195605.2,1,0.000000,S-478,1917.1,5311.6
industrial_firm,food,Polyplex Europa Polyester Film Sanayi ve Ticaret A.Ş.,5804306.1,2195495.2,1,0.000000,S-478,1974.1,6217.0
industrial_firm,unclassified,Teksan Jeneratör San. ve Tic. Koll. Şti.,5803702.2,2194829.1,1,0.000000,S-478,2003.2,6957.7
industrial_firm,unclassified,Teksan Jeneratör San. ve Tic. Koll. Şti.,5804214.8,2195175.0,1,0.000000,S-478,1810.4,6624.7
industrial_firm,unclassified,YEŞİL KUNDURA SAN. A.Ş.,5800054.5,2186506.7,1,0.000000,S-478,1501.2,17738.8
industrial_firm,food|textile,Özköse Ticaret Halil Köse,5803599.0,2195080.1,1,0.000000,S-478,2233.5,6635.2
industrial_firm,unclassified,ŞANLI YAPI ELEMANLANLARI SAN VE TİC.A.Ş.,5799396.1,2186722.4,1,0.000000,S-478,2178.0,17738.8
industrial_firm,textile,Akin Tekstil A.Ş.,5775079.8,2195586.0,1,0.000000,S-483,294.0,6295.7
industrial_firm,food,3M Serbest Bölge Sanayi ve Ticaret Ltd. Şti.,5803758.7,2195943.3,1,0.000000,S-491,1725.4,1148.9
industrial_firm,food|machinery_auto,A.B.A. Otomotiv Ahmet Bulut,5803527.3,2195490.9,1,0.000000,S-491,2027.3,2366.4
industrial_firm,machinery_auto,Akkaya EPS EPP Makine San A.Ş.,5803926.6,2195863.3,1,0.000000,S-491,1826.4,1148.9
industrial_firm,machinery_auto,Akkaya EPS EPP Makine San A.Ş.,5803882.2,2195827.2,1,0.000000,S-491,1855.0,1148.9
industrial_firm,unclassified,Altona Cosmetics Technology San. ve Tic. A.Ş.,5803298.0,2195276.9,1,0.000000,S-491,2108.7,3001.0
industrial_firm,unclassified,Altona Cosmetics Technology San. ve Tic. A.Ş.,5803280.0,2195250.3,1,0.000000,S-491,2121.1,3001.0
industrial_firm,agriculture_industry|food,Altun Besicilik San. ve Tic. Ltd. Şti.,5803374.8,2195263.7,1,0.000000,S-491,2162.7,3001.0
industrial_firm,unclassified,Amor'e Design Home Textile Koll. Şti.,5803111.8,2195266.8,1,0.000000,S-491,2021.1,3001.0
industrial_firm,food,Aran Dış Ticaret - Ahmet ARMUTÇUOĞLU,5803491.1,2195374.3,1,0.000000,S-491,2115.8,2426.7
industrial_firm,agriculture_industry,BBCA Depolama Sistemleri Tarım İnş. San. Tic. A.Ş.,5804179.2,2195864.2,1,0.000000,S-491,1885.5,1148.9
industrial_firm,textile,Bekaert Tekstil San. ve Tic. A.Ş,5803128.9,2195048.9,1,0.000000,S-491,2222.0,3001.0
industrial_firm,food,Bes Dış Ticaret Koll. Şti.Birol ÇAKIR ve Ortağı,5803943.5,2195797.7,1,0.000000,S-491,1894.0,1148.9
industrial_firm,textile,Bilkont Dış Tic. Ve Tekstil San. A.Ş.,5802959.2,2195115.7,1,0.000000,S-491,2090.0,3001.0
industrial_firm,textile,Ce-Ze Tekstil Dış Tic. Paz. Koll. Şti. Celal ÖZEN ve Ortakları,5803713.0,2195459.7,1,0.000000,S-491,2142.4,2366.4
industrial_firm,chemical,Constab Middle East Polimer A.Ş.,5803494.2,2195273.6,1,0.000000,S-491,2208.6,2426.7
industrial_firm,food,DK Dış Ticaret - Fuat ÇÖLLÜ,5803554.0,2195240.4,1,0.000000,S-491,2263.8,2426.7
industrial_firm,unclassified,DTB Denizcilik San. ve Tic. Ltd. Şti. ASB Şubesi,5803447.4,2195420.8,1,0.000000,S-491,2055.2,2426.7
industrial_firm,metal,De Metalurji Koll. Şti. İsmail DEMİRKAYA ve Ortağı,5803314.6,2195201.6,1,0.000000,S-491,2180.8,3001.0
industrial_firm,chemical|textile,Denge Kimya Koll. Şti. Halil AKSOY ve Ortağı,5803751.0,2195503.7,1,0.000000,S-491,2124.0,2366.4
industrial_firm,food|machinery_auto,EAE Elektrik Asansör Endüstrisi İnşaat Sanayi ve Ticaret A.Ş. ASB Şubesi,5803268.5,2195161.9,1,0.000000,S-491,2190.2,3001.0
industrial_firm,unclassified,EPTA İstanbul Soğutma Sistemleri Sanayi ve Tic. Ltd. Şti.,5803275.3,2195433.2,1,0.000000,S-491,1966.9,3001.0
industrial_firm,machinery_auto,EYS Makina İnşaat ve Yapı Malzemeleri San. ve Tic. Ltd. Şti. ASB Şubesi,5803785.0,2195835.4,1,0.000000,S-491,1835.2,1148.9
industrial_firm,metal,Ege Metalurji San. Tic. Ltd. Şti.,5803750.8,2195418.1,1,0.000000,S-491,2197.4,2366.4
industrial_firm,food|machinery_auto,Elit Makine Sanayi Ve Ticaret Kollektif Şirketi Cevat Taşkan Ve Ünal Aykun,5803626.5,2195581.5,1,0.000000,S-491,1993.6,2366.4
industrial_firm,food|machinery_auto,Elit Makine Sanayi Ve Ticaret Kollektif Şirketi Cevat Taşkan Ve Ünal Aykun,5803564.9,2195655.4,1,0.000000,S-491,1899.0,2366.4
industrial_firm,food|machinery_auto,Elit Makine Sanayi Ve Ticaret Kollektif Şirketi Cevat Taşkan Ve Ünal Aykun,5804043.4,2195885.2,1,0.000000,S-491,1828.8,1148.9
industrial_firm,unclassified,Elpa Dış Tic. A.Ş. ASB Şubesi,5804060.2,2195626.0,1,0.000000,S-491,2085.1,1148.9
industrial_firm,unclassified,Ercan ÖZSİVRİ - Boru Mil Sanayi,5803444.2,2195359.8,1,0.000000,S-491,2109.5,2426.7
industrial_firm,food|plastic_rubber,Eurotec Mühendislik Plastikleri Sanayi ve Ticaret A.Ş.,5803665.0,2195536.8,1,0.000000,S-491,2051.5,2366.4
industrial_firm,unclassified,Flammastek Tekik Montaj San. Ve Tic. A.Ş. ASB Şubesi,5803510.8,2195705.7,1,0.000000,S-491,1828.8,2366.4
industrial_firm,unclassified,Flokontrol Endüstriyel Otomasyon San. Tic. Koll. Şti.,5803625.1,2195371.8,1,0.000000,S-491,2177.5,2366.4
industrial_firm,energy_waste|machinery_auto,GTS Otomotiv Nakliye Petrol Ürünleri Mak. San. Ve Tic. Koll. Şti. Deniz GÜLSEREN ve Ortağı,5803584.8,2195457.2,1,0.000000,S-491,2083.1,2366.4
industrial_firm,food,Giza Dış Ticaret ve Sanayi Koll. Şti. Sezayi ŞENYUVA ve Ortağı,5803471.6,2195160.3,1,0.000000,S-491,2303.0,3001.0
industrial_firm,machinery_auto,Huzur Makine Ali YILMAZ ve Bülent YILMAZ Koll. Şti.,5803327.3,2195306.2,1,0.000000,S-491,2100.7,3001.0
industrial_firm,machinery_auto,Huzur Makine Ali YILMAZ ve Bülent YILMAZ Koll. Şti.,5803852.2,2195908.8,1,0.000000,S-491,1770.0,1148.9
industrial_firm,unclassified,Jurgen BURGER,5803516.5,2195399.5,1,0.000000,S-491,2104.2,2426.7
industrial_firm,wood_paper,Korozo Ambalaj San. Tic. A.Ş.,5803473.1,2195886.9,1,0.000000,S-491,1652.4,2366.4
industrial_firm,food|machinery_auto|wood_paper,Matset Matbaa Makina ve Malzemeleri San. ve Tic. A.Ş. ASB Şubesi,5803586.2,2195267.3,1,0.000000,S-491,2253.6,2426.7
industrial_firm,textile,Mega Carpets Halı Tekstil Koll. Şti.,5803158.2,2195316.0,1,0.000000,S-491,2001.3,3001.0
industrial_firm,unclassified,Meghmani Dyes and İntermediates LTD. ASB Şubesi,5803456.3,2195229.5,1,0.000000,S-491,2233.9,2426.7
industrial_firm,unclassified,Netlog Yatırım A.Ş.,5804238.6,2195735.8,1,0.000000,S-491,2025.9,1148.9
industrial_firm,machinery_auto,Netplast Makina San. ve Dış Tic. Ltd. Şti.,5803665.1,2195730.4,1,0.000000,S-491,1886.6,2366.4
industrial_firm,plastic_rubber,Pikasan Plastik Kauçuk San. A.Ş. ASB Şubesi,5803605.2,2195785.6,1,0.000000,S-491,1807.7,2366.4
industrial_firm,food|wood_paper,Roteks Pet Ambalaj San. Ve Tic. Ltd. Şti.,5803483.2,2195442.2,1,0.000000,S-491,2051.2,2426.7
industrial_firm,wood_paper,Serenay Ambalaj San. Tic. Ltd. Şti.,5803427.9,2195314.6,1,0.000000,S-491,2144.4,2426.7
industrial_firm,machinery_auto,T Makina Dış Tic. Koll. Şti.,5803525.4,2195208.2,1,0.000000,S-491,2281.1,2426.7
industrial_firm,unclassified,T-Max Machines & Equipment Koll. Şti.Semih DOĞAN ve Ortakları,5803742.8,2195799.9,1,0.000000,S-491,1867.2,1148.9
industrial_firm,unclassified,TSK Test Sistemleri Sanayi Ltd. Şti.ASB Şubesi,5803396.4,2195284.8,1,0.000000,S-491,2157.9,3001.0
industrial_firm,unclassified,Teksis Dış Tic. A.Ş.,5803616.9,2195290.5,1,0.000000,S-491,2246.7,2426.7
industrial_firm,metal,Volkaner Metal San. Tic. A.Ş.,5803425.1,2195133.2,1,0.000000,S-491,2298.8,3001.0
industrial_firm,metal,Volkaner Metal San. Tic. A.Ş.,5803362.5,2195146.6,1,0.000000,S-491,2253.0,3001.0
industrial_firm,metal,Volkaner Metal San. Tic. A.Ş.,5803424.7,2195199.7,1,0.000000,S-491,2243.8,3001.0
industrial_firm,pharma_cosmetic,World Medicine Europe İlaç San. Ltd. Şti.,5803416.2,2195540.2,1,0.000000,S-491,1933.9,2426.7
industrial_firm,food,Youngone (İstanbul) Apparel Sanayi ve Ticaret Ltd. Şti.,5803659.4,2195335.7,1,0.000000,S-491,2225.3,2366.4
industrial_firm,energy_waste|textile,İki A Enerji Sistemleri Tekstil Tic. Ltd. Şti.,5803562.8,2195340.9,1,0.000000,S-491,2177.3,2426.7
industrial_firm,textile,ABA TEKSTİL,5815178.7,2198667.8,1,0.000000,S-496,743.6,0.0
industrial_firm,machinery_auto,ARDIÇ ELEKTRİK SAN.VE TİC. AŞ.,5815314.6,2198421.7,1,0.000000,S-496,507.1,0.0
industrial_firm,metal|mining_stone,BORTAŞ BORU DEMİR SAN. TİC. LTD. ŞTİ,5814469.8,2197866.8,1,0.000000,S-496,709.7,233.2
industrial_firm,unclassified,ELKON ELEVATÖR KONVAYÖR A.Ş (ELKON4),5814669.8,2198007.6,1,0.000000,S-496,537.6,72.9
industrial_firm,machinery_auto|metal,ELKON ÇELİK MAKİNE ÜRETİM SAN.VE TİC. LTD ŞTİ. (ELKON2),5814477.9,2197776.8,1,0.000000,S-496,687.6,233.2
industrial_firm,machinery_auto,ELKON İNŞAAT MAKİNALARI A.Ş (ELKON3),5814534.0,2198060.2,1,0.000000,S-496,682.7,72.9
industrial_firm,wood_paper,EREN KAĞIT,5815371.0,2198543.4,1,0.000000,S-496,638.3,0.0
industrial_firm,unclassified,GENCO LOJİSTİK VE DIŞ TİC LTD.,5814795.0,2198666.3,1,0.000000,S-496,850.8,0.0
industrial_firm,mining_stone,GRAND BETON,5814483.9,2198092.4,1,0.000000,S-496,740.2,72.9
industrial_firm,metal,MESEK METAL SAN.VE TİC. AŞ.,5814818.6,2197853.4,1,0.000000,S-496,368.9,81.9
industrial_firm,plastic_rubber,SEM-KA PLASTİK VAKUM LTD. ŞTİ.,5815217.9,2198074.5,1,0.000000,S-496,149.6,0.0
industrial_firm,energy_waste,ÇEVRESAN GERİ KAZANIM,5815160.8,2197870.2,1,0.000000,S-496,27.8,72.9
industrial_firm,wood_paper,ACARLAR AHŞAP AMB. SAN. VE TİC. LTD. ŞTİ.,5813950.4,2193628.2,1,0.000000,S-501,1803.6,3309.2
industrial_firm,metal,ADM ZAMAK DÖKÜM METAL SAN. VE TİC. LTD. ŞTİ.,5814197.2,2194418.0,1,0.000000,S-501,1313.6,3273.8
industrial_firm,food,AHMET UYUMAZ,5814126.9,2194143.9,1,0.000000,S-501,1460.7,3309.2
industrial_firm,food,ALKENİZ TÜTÜN VE TÜTÜN MAM. İTH. İHR. SAN. T.C. A.Ş.,5813436.4,2192913.0,1,0.000000,S-501,2362.6,3309.2
industrial_firm,food|metal|plastic_rubber,ALTUN METAL PLASTİK AMB. SAN. TİC. LTD. ŞTİ.,5813423.0,2192973.2,1,0.000000,S-501,2301.3,3309.2
industrial_firm,metal,ALYILDIZ METAL VE NAKL. SAN. TİC. LTD. ŞTİ.,5814188.8,2194187.5,1,0.000000,S-501,1469.1,3309.2
industrial_firm,unclassified,APK HIRDAVAT TİCARİ VE SINAİ ÜR. SAN. İÇ ve Dış TİC. LTD. ŞTİ.,5813733.5,2193841.9,1,0.000000,S-501,1521.9,3309.2
industrial_firm,plastic_rubber,ARSLAN SUNGER VE PLASTİK SAN. TİC. LTD. ŞTİ.,5813587.9,2193949.3,1,0.000000,S-501,1372.9,3309.2
industrial_firm,unclassified,ART İSTANBUL TEKS. SAN. TİC. LTD. ŞTİ.,5814128.5,2193922.2,1,0.000000,S-501,1637.6,3309.2
industrial_firm,unclassified,ARTEK MAKARON ÜR. SAN. VE DİŞ TİC. LTD. ŞTİ.,5813371.5,2192786.2,1,0.000000,S-501,2483.1,3309.2
industrial_firm,metal,ARZULAR METAL DÖKÜM SAN. TİC. LTD. ŞTİ.,5813702.3,2193799.5,1,0.000000,S-501,1551.0,3309.2
industrial_firm,metal,ASA KAYNAK VE METAL ALAŞIMLARI SAN. VE TİC. A.Ş.,5814012.7,2193713.2,1,0.000000,S-501,1755.4,3309.2
industrial_firm,metal,ASA KAYNAK VE METAL ALAŞIMLARI SAN. VE TİC. A.Ş.,5813916.7,2193769.1,1,0.000000,S-501,1661.9,3309.2
industrial_firm,plastic_rubber,AVA PLASTİK SAN. VE TİC. LTD. ŞTİ.,5812637.6,2195196.7,1,0.000000,S-501,140.8,3931.6
industrial_firm,plastic_rubber,AVA PLASTİK SAN. VE TİC. LTD. ŞTİ.,5812516.9,2195224.4,1,0.000000,S-501,165.2,3937.0
industrial_firm,metal,BAYRAM METAL ALÜMİNYUM VE ZAMAK ANLŞ. SAN. VE TİC. LTD. ŞTİ.,5814289.4,2194529.3,1,0.000000,S-501,1317.0,3273.8
industrial_firm,pharma_cosmetic,BELİNO KOZMETİK SAN. DIŞ. TİC. LTD. ŞTİ.,5814618.2,2194038.2,1,0.000000,S-501,1880.6,3273.8
industrial_firm,unclassified,BES REKLAM ÜR. SAN. VE TİC. A.Ş.,5813775.9,2193887.2,1,0.000000,S-501,1495.9,3309.2
industrial_firm,food|metal,BOR BİLET ALÜMİNYUM SAN. VE TİC. LTD. ŞTİ.,5814315.5,2194132.7,1,0.000000,S-501,1596.5,3309.2
industrial_firm,unclassified,BRASSAN BAKIR ÜRÜNLERİ,5814538.5,2197290.2,1,0.000000,S-501,356.7,566.4
industrial_firm,metal,BİLGİÇ METAL,5814267.6,2197049.7,1,0.000000,S-501,337.2,1300.2
industrial_firm,unclassified,DERBY KONVEYÖR BANT SAN. VE TİC. A.Ş.,5814816.7,2193778.8,1,0.000000,S-501,2202.2,3273.8
industrial_firm,unclassified,DERBY KONVEYÖR BANT SAN. VE TİC. A.Ş.,5814748.0,2193787.4,1,0.000000,S-501,2146.6,3273.8
industrial_firm,unclassified,DERBY KONVEYÖR BANT SAN. VE TİC. A.Ş.,5814920.2,2193892.8,1,0.000000,S-501,2204.9,3273.8
industrial_firm,plastic_rubber,DERBY V KAYIŞI LASTİK SAN. LTD. ŞTİ.,5814869.4,2193756.7,1,0.000000,S-501,2255.8,3273.8
industrial_firm,plastic_rubber,DEVA PLASTİK PVC GRANÜL SAN. VE TİC. LTD. ŞTİ.,5814080.0,2194408.5,1,0.000000,S-501,1234.9,3282.0
industrial_firm,alcohol_beverage,DOĞUSAN TEKS. ÇADIR BIRANDA İNŞ. OTO. SAN. VE TİC. LTD. ŞTİ.,5813949.2,2193891.3,1,0.000000,S-501,1568.6,3309.2
industrial_firm,unclassified,EGEMEN NAKLİYAT SAN. TİC. LTD. ŞTİ.,5813699.7,2193618.0,1,0.000000,S-501,1722.4,3309.2
industrial_firm,wood_paper,EKMEN AHŞAP AMBJ SAN TİC LTD ŞTİ.,5814249.6,2197248.4,1,0.000000,S-501,535.9,1318.2
industrial_firm,unclassified,ELBA BANT SAN. VE TİC. A.Ş.,5814565.6,2193920.7,1,0.000000,S-501,1923.2,3283.5
industrial_firm,unclassified,ELBA BANT SAN. VE TİC. A.Ş.,5814414.7,2193944.3,1,0.000000,S-501,1801.1,3309.2
industrial_firm,machinery_auto,EMEK İNOVATİF ELEK. VE ELEKTRONİK TEK. SAN. VE TİC. A.Ş.,5814014.5,2194005.5,1,0.000000,S-501,1504.6,3309.2
industrial_firm,energy_waste|metal|plastic_rubber,EMRE METAL VE PLASTİK GERİ DÖNÜŞÜM,5813405.7,2193727.3,1,0.000000,S-501,1550.6,3309.2
industrial_firm,metal,EMİROĞLU ALÜMİNYUM PROFİL SAN. VE TİC. LTD. ŞTİ.,5814358.8,2194238.4,1,0.000000,S-501,1553.9,3273.8
industrial_firm,energy_waste|mining_stone,ERENLER GERİ DÖNÜŞÜM CAM TOP. AYR. İŞL. İNŞ. OTO NAKL.,5813476.8,2193890.5,1,0.000000,S-501,1402.1,3309.2
industrial_firm,unclassified,ERKA HURDACILIK,5814222.7,2197165.7,1,0.000000,S-501,453.4,1330.3
industrial_firm,wood_paper,ERSAN AMBALAJ VE YALITIM SAN. VE TİC. A.Ş.,5814387.1,2194315.1,1,0.000000,S-501,1524.9,3273.8
industrial_firm,metal,ERSAŞ ALÜMİNYUM SAN. İÇ ve DİŞ TİC. LTD. ŞTİ.,5813207.5,2192793.9,1,0.000000,S-501,2468.7,3309.2
industrial_firm,chemical,FIRAT KİMYEVİ,5814294.6,2197475.1,1,0.000000,S-501,658.0,570.2
industrial_firm,metal|plastic_rubber,FORMÜL PLASTİK VE METAL SANAYi A.Ş.,5814928.2,2194307.3,1,0.000000,S-501,1976.0,3273.8
industrial_firm,metal,GÖKSEL METAL,5814423.1,2197433.4,1,0.000000,S-501,540.7,566.4
industrial_firm,metal,GÜLCAN METAL SAN VE TİC. LTD. ŞTİ.,5813348.0,2193643.5,1,0.000000,S-501,1627.0,3309.2
industrial_firm,chemical,GÜLHAN KİMYEVİ MAD. SAN. VE TİC. A.Ş.,5813632.1,2193696.7,1,0.000000,S-501,1627.7,3309.2
industrial_firm,unclassified,HİDROMEKANİK MAK. SAN. VE TİC. A.Ş.,5814323.0,2193401.6,1,0.000000,S-501,2180.0,3309.2
industrial_firm,unclassified,KALE KİLİT VE KALIP SAN. A.Ş.,5813871.8,2196845.4,1,0.000000,S-501,357.4,1436.4
industrial_firm,unclassified,KARBOSAN ZIMPARA TAŞI SAN. A.Ş.,5814694.2,2194500.9,1,0.000000,S-501,1677.5,3273.8
industrial_firm,pharma_cosmetic,KIRMIZIGÜL KOZMETİK VE TURZ. SAN. TİC. LTD. ŞTİ.,5813157.6,2192889.6,1,0.000000,S-501,2372.9,3339.1
industrial_firm,textile,KORAT TEKSTİL SAN. VE PAZ. A.Ş.,5814254.7,2193258.1,1,0.000000,S-501,2270.8,3309.2
industrial_firm,unclassified,KÖSENLİ ENTEGRE TESİSLERİ,5814204.0,2197249.9,1,0.000000,S-501,538.5,1330.3
industrial_firm,unclassified,MAJESTY VALF SAN. VE TİC. LTD. ŞTİ.,5814666.1,2194176.8,1,0.000000,S-501,1829.4,3273.8
industrial_firm,textile,MBT ENDÜSTRİYEL TEKSTİL ÜRN. SAN. VE TİC. LTD. ŞTİ.,5814439.2,2193737.6,1,0.000000,S-501,1972.8,3309.2
industrial_firm,machinery_auto,METSAN MAKİNA VE YEDEK SAN. VE TİC. LTD. ŞTİ.,5813533.5,2193571.2,1,0.000000,S-501,1726.3,3309.2
industrial_firm,plastic_rubber,MURAT PLASTİK,5814270.1,2197199.4,1,0.000000,S-501,486.9,1297.7
industrial_firm,textile,MİLKAY TEKNİK TEKSTİL SAN. A.Ş.,5814374.0,2193569.5,1,0.000000,S-501,2067.4,3309.2
industrial_firm,unclassified,NADİR ÖZTÜRK,5814148.1,2194123.7,1,0.000000,S-501,1489.9,3309.2
industrial_firm,pharma_cosmetic,NEVA KOZMETİK SAN. VE TİC. A.Ş.,5813607.2,2192907.0,1,0.000000,S-501,2392.6,3309.2
industrial_firm,leather,PALA SUNİ DERİ,5814195.2,2197203.4,1,0.000000,S-501,492.7,1330.3
industrial_firm,plastic_rubber,PANDORA PLASTİK SAN. VE TİC. A.Ş.,5814434.5,2194123.6,1,0.000000,S-501,1687.6,3273.8
industrial_firm,wood_paper,PAPİRUS KAĞIT SAN. VE TİC. A.Ş.,5814437.6,2194463.8,1,0.000000,S-501,1476.2,3273.8
industrial_firm,unclassified,PEK AĞAÇ ÜRÜNLERİ AMB. YAPI MALZ. SAN. TİC. A.Ş.,5812443.2,2195244.6,1,0.000000,S-501,203.1,4003.3
industrial_firm,machinery_auto|mining_stone|plastic_rubber,PEKTAŞ KABLO VE PVC GRANÜL SAN. VE TİC. LTD. ŞTİ.,5814078.5,2193567.4,1,0.000000,S-501,1915.0,3309.2
industrial_firm,plastic_rubber,POLİKUR PLASTİK VE SÜNGER SAN. TİC. A.Ş.,5813579.0,2193141.3,1,0.000000,S-501,2157.1,3309.2
industrial_firm,unclassified,POLİYA POLİESTER SAN. VE TİC. LTD. ŞTİ,5814115.5,2196993.6,1,0.000000,S-501,306.4,1330.3
industrial_firm,chemical,PROMER YAPIŞTIRICI POLİMER MADDELER VE KİMYA SAN. TİC. A.Ş.,5813091.4,2192994.1,1,0.000000,S-501,2268.4,3405.3
industrial_firm,unclassified,RAMAZANOĞLU OTO. YAN SAN.,5813544.6,2192866.4,1,0.000000,S-501,2422.6,3309.2
industrial_firm,chemical|metal,ROYAL YÜZEY KAPLAMA VE TOZ BOYA SAN. A.Ş.,5814494.5,2194208.0,1,0.000000,S-501,1676.0,3273.8
industrial_firm,chemical,RÜZGAR KİMYA KOZM. VE ELEKT. SAN. TİC. LTD. ŞTİ.,5813567.0,2193731.6,1,0.000000,S-501,1577.2,3309.2
industrial_firm,energy_waste,SALĞAR GERİ DÖNÜŞÜM,5814296.8,2197218.6,1,0.000000,S-501,488.2,637.1
industrial_firm,metal|mining_stone,SARAY DÖKÜM VE MADENİ AKSAM SAN. TURZ. A.Ş.,5814696.9,2193362.5,1,0.000000,S-501,2426.6,3309.2
industrial_firm,metal|mining_stone,SARAY DÖKÜM VE MADENİ AKSAM SAN. TURZ. A.Ş.,5814861.0,2194202.0,1,0.000000,S-501,1973.7,3273.8
industrial_firm,food|plastic_rubber,SELVİ PLASTİK AMB. PALET SAN. TİC.,5814241.1,2194295.5,1,0.000000,S-501,1429.1,3273.8
industrial_firm,plastic_rubber,SEMA KALIP PLASTİK,5814406.6,2194399.2,1,0.000000,S-501,1488.3,3273.8
industrial_firm,energy_waste,TARHAN GERİ DÖNÜŞÜM,5814458.2,2197372.2,1,0.000000,S-501,471.1,566.4
industrial_firm,unclassified,TEK YAPI DEKARASYON MALZ LTD ŞTİ,5814149.6,2197205.0,1,0.000000,S-501,500.3,1330.3
industrial_firm,unclassified,TEKİNOĞLU HURDA LTD ŞTİ,5814189.9,2197141.8,1,0.000000,S-501,431.9,1330.3
industrial_firm,unclassified,TEVERPAN MDF LEHVA SAN. VE TİC. A.Ş.,5813732.4,2194028.9,1,0.000000,S-501,1348.6,3309.2
industrial_firm,unclassified,TEVERPAN MDF LEHVA SAN. VE TİC. A.Ş.,5813962.6,2194195.9,1,0.000000,S-501,1318.5,3309.2
industrial_firm,chemical|metal,TUNA ALÜMİNYUM METAL KİMYA İNŞ. SAN. VE DIŞ. TİC. A.Ş.,5814284.8,2193036.9,1,0.000000,S-501,2481.4,3309.2
industrial_firm,food,TURAN BEZİR YAĞLARI SAN. TİC. A.Ş.,5813467.2,2193504.3,1,0.000000,S-501,1780.3,3309.2
industrial_firm,unclassified,TURAN NALBANTOĞLU,5813429.1,2192838.3,1,0.000000,S-501,2436.2,3309.2
industrial_firm,chemical|energy_waste,Teknikkimya Atık Yönetimi Geri Dönüşüm Ve Mühendislik Hizmetleri San. Tic. Ltd. Şti,5814332.1,2197135.2,1,0.000000,S-501,417.8,637.1
industrial_firm,unclassified,TİS DUYAR SU TEKN. SAN. VE TİC. A.Ş.,5813455.6,2193631.6,1,0.000000,S-501,1652.8,3309.2
industrial_firm,plastic_rubber,YAVUZLAR PLASTİK,5814623.4,2197326.7,1,0.000000,S-501,340.1,470.7
industrial_firm,energy_waste|food,YAĞMUR GERİ DÖNÜŞÜM PALET ORM. ÜR. PLAS. SAN. TİC. LTD. ŞTİ.,5814079.2,2194014.9,1,0.000000,S-501,1533.5,3309.2
industrial_firm,energy_waste,YURT GERİ DÖNÜŞÜM,5814405.5,2197362.5,1,0.000000,S-501,499.9,571.3
industrial_firm,machinery_auto,YÜCEKUR MAKİNA SAN. TİC. A.Ş.,5814904.8,2193736.8,1,0.000000,S-501,2295.4,3273.8
industrial_firm,plastic_rubber,ÇALIŞKANOĞLU PLASTİK,5814034.5,2194054.8,1,0.000000,S-501,1475.1,3309.2
industrial_firm,energy_waste,ÇERKEZKÖY GERİ DÖNÜŞÜM,5814417.1,2197117.8,1,0.000000,S-501,333.8,637.1
industrial_firm,unclassified,ÇOBANOĞLU RAMAT,5814212.2,2197106.0,1,0.000000,S-501,394.3,1330.3
industrial_firm,metal,ÖZER METAL SAN. A.Ş.,5814783.1,2193586.6,1,0.000000,S-501,2314.0,3309.2
industrial_firm,leather|textile,ÖZTEKS DERİ TEKSTİL SAN. VE TİC. A.Ş.,5814438.8,2194061.2,1,0.000000,S-501,1734.3,3273.8
industrial_firm,unclassified,İMSAN PRES SAN. VE TİC. LTD. ŞTİ.,5813441.6,2193780.5,1,0.000000,S-501,1503.7,3309.2
industrial_firm,unclassified,İSTANBUL MENSUCAT SAN. A.Ş.,5813171.4,2193181.7,1,0.000000,S-501,2080.8,3325.3
industrial_firm,food,Ak Gida A.Ş.,5772968.0,2196093.3,1,0.000000,S-503,574.3,970.0
industrial_firm,unclassified,Ak NiŞasta A.Ş.,5773311.8,2196000.4,1,0.000000,S-503,260.9,934.6
industrial_firm,chemical,Aksus Kimya A.Ş.,5773247.1,2196134.0,1,0.000000,S-503,340.4,347.5
industrial_firm,alcohol_beverage,Anadolu EFES Biracilik A.Ş.,5773129.3,2195821.0,1,0.000000,S-503,303.3,1030.3
industrial_firm,chemical,Koray Kimya LTD. ŞTİ.,5772917.4,2195964.1,1,0.000000,S-503,555.3,1030.3
industrial_firm,unclassified,Lesaffre Mayacilik A.Ş.,5773456.0,2196367.2,1,0.000000,S-503,209.5,201.8
industrial_firm,machinery_auto,Ardiç Elektrik San. ve Tic. Ltd. Şti,5811687.7,2195305.2,1,0.000000,S-508,292.1,1020.0
industrial_firm,plastic_rubber|wood_paper,BORAY PLASTİK VE AMBALAJ SANAYİ LTD.ŞTİ,5812009.9,2195326.4,1,0.000000,S-508,275.9,270.7
industrial_firm,pharma_cosmetic,CAREX BİTKİSEL ÜRÜNLER VE KOZMETİK SAN.TİC.LTD.ŞTİ.,5811954.8,2195284.5,1,0.000000,S-508,328.0,534.5
industrial_firm,unclassified,ERAK GİYİM SAN. VE TİC. A.Ş.,5811685.2,2195209.4,1,0.000000,S-508,385.0,1020.0
industrial_firm,unclassified,ERAK GİYİM SAN. VE TİC. A.Ş.,5811821.7,2195185.5,1,0.000000,S-508,435.2,884.6
industrial_firm,plastic_rubber|wood_paper,GÜVEN PLASTİK AMBALAJ- SERPİL ŞAHİN,5811986.1,2195304.8,1,0.000000,S-508,307.7,503.2
industrial_firm,machinery_auto,MEGATEK ELEKTRONİK ELEKTRİK SAN.TİC.A.Ş.,5811732.7,2195360.6,1,0.000000,S-508,251.9,889.4
industrial_firm,unclassified,Merger Ayakkabı,5812147.5,2195340.8,1,0.000000,S-508,200.7,270.7
industrial_firm,machinery_auto,MİKRON MAKİNA VE KALIP SAN.TİC.LTD.ŞTİ.,5811850.5,2195335.3,1,0.000000,S-508,290.6,551.8
industrial_firm,mining_stone,MARMARA CAM SAN. TİC. A.Ş.,5786933.0,2193510.6,1,0.000000,S-512,1001.4,2917.8
industrial_firm,unclassified,ARKTEK Kaynak,5811222.8,2194519.7,1,0.000000,S-514,296.9,1448.5
industrial_firm,pharma_cosmetic,AİRSEL KOZMETİK SAN.TİC.LTD.ŞTİ.,5811554.6,2195206.3,1,0.000000,S-514,270.7,770.0
industrial_firm,unclassified,CEVHER-BENİSSİMO GİYİM SAN. VE TİC. LTD. ŞTİ,5811571.6,2194915.3,1,0.000000,S-514,309.2,895.0
industrial_firm,unclassified,ERAK GİYİM SAN. VE TİC. A.Ş.,5811652.9,2195150.8,1,0.000000,S-514,365.4,781.7
industrial_firm,unclassified,Eksan ADR Test A.Ş.,5811507.6,2194795.1,1,0.000000,S-514,327.0,910.8
industrial_firm,textile,NEVZAT TRİKO VE KONFEKSİYON ENTEGRE TESİSLERİ SAN. VE TİC. A.Ş.,5811309.1,2194689.7,1,0.000000,S-514,261.8,1107.1
industrial_firm,wood_paper,RKM ROLİK KAĞIT MASURA NAK. SAN. TİC. LTD. ŞTİ.,5811332.2,2194768.3,1,0.000000,S-514,221.9,1053.7
industrial_firm,chemical|textile,"""NUR TEKSTİL BOYA APRE SAN. TİC. A.Ş.",5790307.5,2191246.2,1,0.000000,S-524,65.9,5372.1
industrial_firm,textile,AKMAN TEKSTİL TİC. SAN. A.Ş.,5790350.7,2191462.5,1,0.000000,S-524,239.6,5105.7
industrial_firm,chemical|textile,ALTOTEKS TEKSTİL GİYİM BOYA APRE SAN. TİC. A.Ş.,5790438.8,2191451.9,1,0.000000,S-524,168.4,5076.9
industrial_firm,unclassified,ARFEN İNŞAAT TAAH.SAN.VE TİC.LTD.ŞTİ.,5790400.1,2191258.8,1,0.000000,S-524,46.3,5299.2
industrial_firm,plastic_rubber|wood_paper,AYDIN PLASTİK AMBALAJ SAN. VE TİC. LTD. ŞTİ.,5789044.8,2191711.1,1,0.000000,S-524,1339.4,5609.3
industrial_firm,chemical|textile,BOYTEKS BOYA TEKSTİL SAN. TİC. A.Ş.,5790793.3,2191847.4,1,0.000000,S-524,91.3,4488.0
industrial_firm,textile,BİLKONT DIŞ TİC. TEKSTİL SAN. A.Ş.,5788295.6,2191528.9,1,0.000000,S-524,1961.1,5609.3
industrial_firm,chemical|textile,DATA BOYA VE APRE SAN. A.Ş,5788695.6,2191542.1,1,0.000000,S-524,1583.1,5609.3
industrial_firm,textile,DMF Tekstil Ve İnşaat CUMA ÖZTÜRK,5789681.2,2191460.8,1,0.000000,S-524,670.0,5513.6
industrial_firm,unclassified,DMS DİLMENLER MAK. TEKS. SAN. TİC. A.Ş.,5790094.8,2191204.8,1,0.000000,S-524,184.7,5513.6
industrial_firm,textile,ECESOY TEKSTİL SAN. TİC. LTD. ŞTİ.,5790295.9,2191059.5,1,0.000000,S-524,58.4,5538.6
industrial_firm,chemical,ERCA GRUP KİMYA SAN. TİC. A.Ş.,5790244.1,2191557.5,1,0.000000,S-524,373.6,5311.8
industrial_firm,textile,FELİN TEKSTİL FANTAZİ KUMAŞ İMA. SAN. TİC. LTD. ŞTİ.,5789873.4,2191072.6,1,0.000000,S-524,319.8,5609.3
industrial_firm,chemical|textile,HALİS TEKSTİL BOYA APRE SAN.VE TİC.LTD.ŞTİ.,5790296.8,2191490.9,1,0.000000,S-524,292.8,5311.8
industrial_firm,chemical|textile,MEGAM TEKSTİL ve BOYA SAN. TİC.LTD. ŞTİ.,5789975.3,2191195.2,1,0.000000,S-524,280.0,5609.3
industrial_firm,textile,MEGAPOL TÜL PERDE TEKSTİL SAN. DIŞ TİC. LTD. ŞTİ,5788431.2,2191748.3,1,0.000000,S-524,1904.2,5609.3
industrial_firm,agriculture_industry,PROMAR TARIM VE TEKS. ÜRÜNLERİ PAZ A.Ş.,5790442.5,2192273.8,1,0.000000,S-524,640.8,4434.6
industrial_firm,textile,SALVİN TEKSTİL SAN. TİC. A.Ş.,5789033.1,2191448.4,1,0.000000,S-524,1234.0,5609.3
industrial_firm,metal,SİSTEM ALÜMİNYUM SAN. TİC. A.Ş.,5788582.9,2191882.8,1,0.000000,S-524,1825.4,5609.3
industrial_firm,chemical|metal|textile,TANRIVERDİ DOKUMA APRE VE BOYA SAN. A.Ş.,5789349.9,2191514.7,1,0.000000,S-524,976.6,5609.3
industrial_firm,textile,TURBO TEKSTİL SAN. TİC. A.Ş.,5790448.5,2191048.5,1,0.000000,S-524,163.4,5347.1
industrial_firm,plastic_rubber|wood_paper,ZÜMRÜT STİL KAĞIT VE PLASTİK ÜR. İNŞ. SAN. TİC LTD. ŞTİ.,5789928.0,2191367.7,1,0.000000,S-524,417.5,5513.6
industrial_firm,textile,ÇALIŞKAN TEKSTİL SAN. TİC. A.Ş.,5790538.2,2191466.2,1,0.000000,S-524,108.2,4999.7
industrial_firm,chemical,İLTEKS BOYA VE KİMYEVİ MAD. TİC. A.Ş.,5790226.8,2191505.8,1,0.000000,S-524,334.4,5311.8
industrial_firm,textile,AGİMEZ İNŞAAT TEKSTİL DEKORASYON SAN. TİC. LTD. ŞT,5783849.5,2191741.9,1,0.000000,S-525,1266.3,2682.4
industrial_firm,energy_waste|food|machinery_auto,DELTA ENERJİ ELEKTRİK ÜRETİM TİCARET A.Ş.,5783085.0,2192133.3,1,0.000000,S-525,683.4,3479.9
industrial_firm,unclassified,MENGERLER TİC. TÜRK. A.Ş.,5782591.9,2191892.3,1,0.000000,S-525,658.0,4008.5
industrial_firm,wood_paper,MONDİ KALE NOBEL AMBALAJ SAN A.Ş.,5783036.1,2191690.7,1,0.000000,S-525,1022.8,4008.5
industrial_firm,unclassified,SOLMAZER MUTFAK EŞYALARI SAN. TİC. LTD. ŞTİ.,5781682.7,2191121.4,1,0.000000,S-525,615.0,5791.6
industrial_firm,metal,TRAKYA DÖKÜM SAN.VE TİC.A.Ş.,5782526.6,2191502.8,1,0.000000,S-525,994.9,5182.0
industrial_firm,metal,TRAKYA DÖKÜM SAN.VE TİC.A.Ş.,5784702.9,2192243.2,1,0.000000,S-525,1318.2,2193.5
industrial_firm,machinery_auto|textile,TÜP MERSERİZE TEKSTİL ELEKTRİK üretim SAN. TİC. A.Ş.,5781788.0,2191447.5,1,0.000000,S-525,417.6,5557.4
industrial_firm,food,UZELLİ KASET SAN. VE TİC. A.Ş.,5782409.2,2191779.1,1,0.000000,S-525,758.4,4058.5
industrial_firm,unclassified,ÖLÇÜSAN ÖLÇÜ ALETKLERİ SAN. VE LTD. ŞTİ.,5782661.2,2191880.3,1,0.000000,S-525,686.6,4008.5
industrial_firm,metal,ALTEK DÖKÜM HADDE MAMÜLLERİ SAN VE TİC A.Ş.,5811624.3,2192539.2,1,0.000000,S-538,1177.9,0.0
industrial_firm,textile,ANADOLU İPLİK VE TEKSTİL FABR. SAN. A.Ş.,5812923.6,2192610.7,1,0.000000,S-538,2304.1,0.0
industrial_firm,mining_stone,ATALAY MADENİ EŞYA SAN VE TİC.A.Ş.,5811970.4,2192442.5,1,0.000000,S-538,1512.1,0.0
industrial_firm,energy_waste|mining_stone,BESTAŞ BİODİZEL ENERJİ SAN VE TİC.A.Ş.,5811879.2,2192563.1,1,0.000000,S-538,1369.4,0.0
industrial_firm,unclassified,FAYTEKS TEKS.TUR. OTOMATİV SANAYİ VE DIŞ TİC.A.Ş.,5811596.6,2191986.9,1,0.000000,S-538,1576.1,0.0
industrial_firm,energy_waste|machinery_auto,GLOBAL ENERJİ ELEKTRİK ÜRETİMİ A.Ş.,5812025.1,2192217.8,1,0.000000,S-538,1691.5,0.0
industrial_firm,machinery_auto|mining_stone,GÜRTAŞ ELEKTRİK MALZ. SAN. VE TİC. LTD. ŞTİ,5812443.7,2192224.4,1,0.000000,S-538,2027.5,0.0
industrial_firm,textile,METEMTEKS SENTETİK İPLİK SAN VE TİC.A.Ş.,5811733.5,2192499.1,1,0.000000,S-538,1287.8,0.0
industrial_firm,mining_stone,MORE MADENCİLİK VE CEVHER SAN VE TİC. A.Ş. -,5812225.7,2192120.6,1,0.000000,S-538,1908.6,0.0
industrial_firm,unclassified,REFORM SPORT SİSTEMLERİ VE İNŞ.SAN TİC.LTD.ŞTİ.,5812317.7,2192222.3,1,0.000000,S-538,1923.0,0.0
industrial_firm,textile,SERTA TEKSTİL ÜR. SAN. VE PAZ. LTD. ŞTİ.,5812813.2,2192720.9,1,0.000000,S-538,2167.0,0.0
industrial_firm,textile,YILDIZ TEKSTİL,5812766.3,2192340.9,1,0.000000,S-538,2255.4,0.0
industrial_firm,textile,ÖZ AKTEKS TEKSTİL SAN VE TİC. LTD. ŞTİ,5811722.8,2191966.7,1,0.000000,S-538,1665.3,0.0
industrial_firm,textile,ÖZ AKTEKS TEKSTİL SAN VE TİC. LTD. ŞTİ,5811442.2,2192295.2,1,0.000000,S-538,1234.6,0.0
industrial_firm,metal,ÖZEN ALÜMİNYUM SAN. VE TİC. A.Ş.,5812744.8,2192459.3,1,0.000000,S-538,2187.7,0.0
industrial_firm,machinery_auto,ÜNAL KABLO SAN VE TİC.LTD.ŞTİ.,5811938.2,2192082.5,1,0.000000,S-538,1718.7,0.0
industrial_firm,leather,(Alpaka Deri San. Ve Tic. Ltd. Şti.) - (Özşen Deri San. Ve Tic. Ltd. Şti.),5804121.7,2184636.4,1,0.000000,S-545,24.9,13180.8
industrial_firm,textile,AKERLER TEKSTİL TİC. VE SAN LTD. ŞTİ,5809524.4,2191106.5,1,0.000000,S-545,711.9,2857.4
industrial_firm,metal,ANTİK DANTEL SAN VE TİC. A.Ş.,5808916.9,2191079.8,1,0.000000,S-545,109.4,2857.4
industrial_firm,food,AS YAPI GRUP ISI YLT. İNŞ. GIDA TEKS. İTH. İHR. SAN. TİC.,5809117.2,2190757.2,1,0.000000,S-545,466.7,2892.8
industrial_firm,food|metal,AYGÜN ALÜMİNYUM SAN VE TİC.A.Ş.,5807244.4,2187591.8,1,0.000000,S-545,487.7,8749.7
industrial_firm,metal,AYSAÇ MÜHENDİSLİK SAÇ METAL DEMİR SAN TİC.LTD.ŞTİ.,5808660.8,2189120.9,1,0.000000,S-545,913.1,6431.2
industrial_firm,leather,Akgöl Deri San. Ve Tic. Ltd. Şti.,5804023.9,2184343.3,1,0.000000,S-545,163.1,13457.2
industrial_firm,leather,Alpaka Deri San. Ve Tic. Ltd. Şti.,5804201.7,2184782.6,1,0.000000,S-545,21.8,13020.9
industrial_firm,leather,As Erdoğan Deri San. Ve Tic. Ltd. Şti.,5804276.1,2184889.3,1,0.000000,S-545,44.7,12892.8
industrial_firm,leather,As Erdoğan Deri San. Ve Tic. Ltd. Şti.,5804327.4,2184873.2,1,0.000000,S-545,3.0,12867.9
industrial_firm,leather,Asdersan Deri San. Ve Tic. Ltd. Şti.,5803965.7,2184250.0,1,0.000000,S-545,155.2,13607.8
industrial_firm,leather,Aslan Deri San. Ve Tic. Ltd. Şti.,5803740.1,2184363.6,1,0.000000,S-545,88.7,13643.1
industrial_firm,leather|textile,Aspells Deri Konfeksiyon San. Ve Tic. A.Ş.,5803705.0,2184424.9,1,0.000000,S-545,137.6,13557.8
industrial_firm,leather,Avova Kürk Deri San. Ve Tic. Ltd. Şti.,5803980.9,2184516.9,1,0.000000,S-545,9.9,13364.9
industrial_firm,energy_waste,Ağaoğlu Katı Atıklar Geri Dönüşüm San. Ve Tic. Ltd. Şti.,5804061.9,2184333.5,1,0.000000,S-545,196.9,13437.3
industrial_firm,textile,BAK-AY TEKSTİL SAN VE TİC. A.Ş.,5808742.6,2189959.1,1,0.000000,S-545,625.0,4520.6
industrial_firm,textile,BAK-AY TEKSTİL SAN VE TİC. A.Ş.,5809526.6,2191268.8,1,0.000000,S-545,606.4,1510.7
industrial_firm,mining_stone,BALTAŞ İÇ VE DIŞ TİC. A.Ş.,5811184.0,2191705.8,1,0.000000,S-545,1612.7,453.6
industrial_firm,energy_waste,Balkan Atık Yönetimi San. Ve Tic. Ltd. Şti.,5804157.1,2184508.6,1,0.000000,S-545,140.3,13246.2
industrial_firm,leather,Baykallar Deri San. Tic. A.Ş.,5804106.9,2184877.0,1,0.000000,S-545,155.7,13021.2
industrial_firm,leather,Beyder Deri San. Ve Tic. A.Ş.,5804251.9,2184858.1,1,0.000000,S-545,39.7,12931.9
industrial_firm,leather,Beysa Deri San. Ve Tic. Ltd. Şti.,5804234.6,2184958.6,1,0.000000,S-545,123.1,12873.2
industrial_firm,leather,Birdallar Deri San. Ve Tic. Ltd. Şti.,5804256.4,2184751.4,1,0.000000,S-545,38.9,13004.3
industrial_firm,energy_waste|machinery_auto,CEREN MAKİNA İTH. İHR. PAZ. LTD. ŞTİ. - (MUTLU GERİ DÖNÜŞÜM),5809492.1,2191488.8,1,0.000000,S-545,409.1,1510.7
industrial_firm,alcohol_beverage,COCA-COLA İÇECEK A.Ş.,5807023.7,2187455.9,1,0.000000,S-545,368.1,8845.5
industrial_firm,chemical|textile,DENGE KİMYA VE TEKSTİL SAN VE TİC LTD. ŞTİ,5809665.9,2191673.7,1,0.000000,S-545,421.2,1308.9
industrial_firm,chemical,Dema Kimya San. Tic. Ltd. Şti.,5804056.9,2184497.1,1,0.000000,S-545,77.6,13325.1
industrial_firm,leather,Derimer Deri San. Ve Tic. Ltd. Şti.,5804171.4,2184746.7,1,0.000000,S-545,17.9,13067.6
industrial_firm,leather,Desa Deri San. Ve Tic. A.Ş.,5803939.7,2184335.7,1,0.000000,S-545,102.2,13607.8
industrial_firm,unclassified,Desmo Kürk San. Ve Tic. Ltd. Şti.,5804048.8,2184295.4,1,0.000000,S-545,214.5,13473.4
industrial_firm,textile,DİNATEKS DİNAMİK TEKSTİL SAN. VE TİC. A.Ş.,5809148.3,2191586.3,1,0.000000,S-545,201.2,1574.8
industrial_firm,food|textile,EMATEKS YÜN İPLİK SAN VE TİC. A.Ş. - (İPEK FANTEZİ TEKSTİL),5809412.2,2191774.0,1,0.000000,S-545,162.6,1439.9
industrial_firm,unclassified,EMN DENİM SAN VE TİC.A.Ş.,5808434.4,2190477.6,1,0.000000,S-545,146.9,4430.5
industrial_firm,chemical|textile,EMİN TEKSTİL BOYA APRE SAN. VE TİC. A.Ş.,5808524.3,2190524.7,1,0.000000,S-545,113.6,3646.3
industrial_firm,food,ER-DEM-SAN TURİZM VE TİCARET A.Ş.,5808438.6,2189628.5,1,0.000000,S-545,564.1,5530.2
industrial_firm,unclassified,EROĞLU GİYİM SAN VE TİC A.Ş.,5808398.3,2189066.8,1,0.000000,S-545,681.6,6516.6
industrial_firm,leather|machinery_auto,Eker Deri Ve Makina - Mustafa EKER,5804062.3,2184894.8,1,0.000000,S-545,199.7,13040.0
industrial_firm,leather,Elit Deri San. Ve Tic. Ltd. Şti.,5804303.7,2184753.3,1,0.000000,S-545,71.0,12969.5
industrial_firm,leather|textile,Emelda Deri Konfeksiyon Turizm İnşaat San. Ve Dış Tic. A.Ş,5804159.7,2184940.5,1,0.000000,S-545,163.2,12938.9
industrial_firm,leather,Ensari Deri Kürk San. Ve Tic. A.Ş.,5804016.9,2184386.0,1,0.000000,S-545,127.9,13432.0
industrial_firm,leather,Ensari Deri Kürk San. Ve Tic. A.Ş.,5804056.0,2184360.6,1,0.000000,S-545,173.5,13422.3
industrial_firm,leather,Erzincan Deri San. Ve Tic. Ltd. Şti.,5804120.9,2184477.7,1,0.000000,S-545,136.6,13293.6
industrial_firm,unclassified,Etem ŞEN Paletçilik,5804108.7,2184446.2,1,0.000000,S-545,150.3,13324.5
industrial_firm,plastic_rubber,FENPLAST-PLASTİK ÜRÜNLERİ SAN VE TİC. LTD. ŞTİ.,5810856.5,2191439.2,1,0.000000,S-545,1514.8,456.6
industrial_firm,chemical,Foreks Kimya San. Tic.Ltd.Şti.,5803942.9,2184602.8,1,0.000000,S-545,77.7,13331.0
industrial_firm,unclassified,Gündüz Kürk San. Ve Tic. A.Ş.,5804221.0,2184695.3,1,0.000000,S-545,53.5,13069.0
industrial_firm,machinery_auto,HAS GROUP MAKİNA ENDÜSTRİ SAN A.Ş.,5808896.3,2189901.2,1,0.000000,S-545,779.2,4520.6
industrial_firm,machinery_auto,HAS GROUP MAKİNA ENDÜSTRİ SAN A.Ş.,5808644.3,2189605.4,1,0.000000,S-545,761.0,5530.2
industrial_firm,textile,HAS ÖRME SAN VE TİC. A.Ş.,5808916.8,2191565.1,1,0.000000,S-545,106.6,2108.1
industrial_firm,unclassified,HOBİM BİLGİ HİZMETLERİ A.Ş.,5808904.7,2191425.7,1,0.000000,S-545,161.9,2168.5
industrial_firm,chemical|textile,IŞINBİR TEKSTİL BASKI BOYAMA VE APRE SAN. TİC. A.Ş.,5809221.7,2191664.4,1,0.000000,S-545,123.5,1510.7
industrial_firm,unclassified,KAYALAR BAKIR ALAŞIMLARI SAN. VE TİC. A.Ş.,5808705.6,2189651.9,1,0.000000,S-545,803.4,5530.2
industrial_firm,leather,Kotanoğlu Dericilik-Ali KOTANOĞLU,5804162.1,2184735.0,1,0.000000,S-545,16.2,13082.6
industrial_firm,energy_waste|leather,Koç Kemer Ve Deri Ürünleri Gayrimenkul Kuyumculuk Petrol San. Tic. Ltd. Şti.,5804213.0,2184915.3,1,0.000000,S-545,107.7,12919.0
industrial_firm,unclassified,MARMARA BAĞLANTI ELEMANLARI SAN VE TİC.A.Ş.,5808652.6,2190581.2,1,0.000000,S-545,69.1,3571.3
industrial_firm,textile,MİGİBOY TEKSTİL SAN. VE DIŞ TİC. LTD. ŞTİ.,5806914.8,2187160.0,1,0.000000,S-545,528.8,8916.2
industrial_firm,metal,NUR ALUMİNYUM(ALCAŞ METAL SAN. A.Ş.,5808973.4,2190846.1,1,0.000000,S-545,304.7,2892.8
industrial_firm,textile,NURYILDIZ TEKSTİL SAN. VE TİC. A.Ş.,5809318.8,2190289.0,1,0.000000,S-545,777.0,3536.0
industrial_firm,unclassified,ODE YALITIM SAN. VE TİC. A.Ş.,5808170.5,2189049.7,1,0.000000,S-545,482.4,6577.0
industrial_firm,unclassified,ODE YALITIM SAN. VE TİC. A.Ş.,5808103.2,2189245.9,1,0.000000,S-545,346.0,6431.2
industrial_firm,machinery_auto,PERMAK MAKİNE TİC. VE SAN. A.Ş.,5809041.9,2191344.8,1,0.000000,S-545,299.1,2772.1
industrial_firm,unclassified,PUNTO YAPI VE TİC.A.Ş.,5808981.2,2191726.6,1,0.000000,S-545,91.6,1846.6
industrial_firm,unclassified,Pars Geridönüşüm,5803996.1,2184263.7,1,0.000000,S-545,175.0,13607.8
industrial_firm,leather|textile,Pelle Deri Tekstil San. Ve Tic. A.Ş.,5804149.5,2184846.1,1,0.000000,S-545,103.7,13012.9
industrial_firm,leather,Platin Deri San. Ve Dış Tic. Ltd. Şti.,5803979.6,2184652.9,1,0.000000,S-545,87.2,13269.7
industrial_firm,leather,RG Deri San. Ve Tic. A.Ş.,5803906.7,2184235.8,1,0.000000,S-545,107.5,13668.1
industrial_firm,leather,Reisler Deri San. Ve Tic. Ltd. Şti.,5804027.2,2184534.4,1,0.000000,S-545,30.3,13319.8
industrial_firm,energy_waste|leather,S.S. Yeni Deri Sanayicileri Arıtma Tesisleri Toplu İşyeri Yapı Kooperatifi,5803608.1,2184680.6,1,0.000000,S-545,369.5,13512.7
industrial_firm,energy_waste|plastic_rubber,Saltan Plastik Hammadde Ve Geri Dönüşüm San. Ve Tic. Ltd. Şti.,5804026.3,2184321.7,1,0.000000,S-545,180.0,13470.8
industrial_firm,leather,Simena Kürk Deri İth. İhr. San. Tic. Ltd. Şti.,5804241.1,2184820.6,1,0.000000,S-545,20.9,12966.1
industrial_firm,textile,TANER TRİKO SAN VE TİC.A.Ş.,5808039.3,2188704.0,1,0.000000,S-545,495.1,7089.1
industrial_firm,unclassified,TEKBAU YAPI MALZEMELERİ MAD. SAN. A.Ş.,5807337.7,2188055.2,1,0.000000,S-545,535.6,7909.8
industrial_firm,leather,TNS Deri,5804288.6,2184724.3,1,0.000000,S-545,80.8,13000.6
industrial_firm,textile,TURAN TEKSTİL SAN. TİC. İTH. İHR. VE TİC. LTD. ŞTİ,5809152.6,2191006.9,1,0.000000,S-545,356.1,2857.4
industrial_firm,textile,Tanatar Konfeksiyon San. Ve Tic. A.Ş.,5803979.9,2184456.4,1,0.000000,S-545,52.0,13408.4
industrial_firm,leather,Tekdersan Deri San. Ve Tic. A.Ş.,5804144.2,2184686.3,1,0.000000,S-545,5.6,13129.7
industrial_firm,leather,Undo Deri San. Ve Tic. Ltd. Şti.,5803896.3,2184315.7,1,0.000000,S-545,62.7,13607.8
industrial_firm,leather,Usluer Dericilik San. Tic. Ltd. Şti.,5803858.4,2184303.4,1,0.000000,S-545,38.9,13617.1
industrial_firm,energy_waste|plastic_rubber,Uyan Plastik Geri Dönüşüm,5803930.1,2184628.3,1,0.000000,S-545,104.8,13322.1
industrial_firm,machinery_auto|metal,VATAN KABLO METAL ENDÜSTRİ VE TİC. A.Ş.,5808342.9,2189262.8,1,0.000000,S-545,569.3,6431.2
industrial_firm,textile,YILKA İPLİK TEKSTİL SAN. VE TİC. A.Ş.,5810635.2,2191220.5,1,0.000000,S-545,1482.6,1308.9
industrial_firm,unclassified,Yeniyurt Geridönüşüm Uluslararası Nakliyat Turizm Ve Tic. Ltd. Şti.,5803890.4,2184656.7,1,0.000000,S-545,153.0,13330.0
industrial_firm,leather|textile,Yiğitler Deri Ve Konfeksiyon San. A.Ş.,5803687.1,2184376.2,1,0.000000,S-545,140.6,13643.1
industrial_firm,leather,Yüdem Deri San. Ve Tic. Ltd. Şti.,5804030.2,2184585.8,1,0.000000,S-545,4.0,13281.3
industrial_firm,leather,Yüdem Deri San. Ve Tic. Ltd. Şti.,5803946.0,2184502.1,1,0.000000,S-545,4.3,13400.1
industrial_firm,chemical|food,YİĞİTOĞLU GIDA VE KİMYEVİ MADDELER SAN. VE TİC. LTD. ŞTİ.,5807349.7,2187709.3,1,0.000000,S-545,564.7,8749.7
industrial_firm,plastic_rubber,ZESA PLASTİK SAN VE TİC.A.Ş.,5807910.8,2188454.0,1,0.000000,S-545,517.4,7114.0
industrial_firm,unclassified,ZEYNEP GİYİM SAN. VE TİC. A.Ş.,5809495.0,2191346.8,1,0.000000,S-545,523.5,1510.7
industrial_firm,unclassified,ÇAP İNŞ. SAN VE TİC. A.Ş.,5808763.7,2190909.4,1,0.000000,S-545,171.0,3003.1
industrial_firm,food,ÇAĞRI ELELKTRİK PROJE TAAHHÜT SANAYİ VE TİCARET A.Ş,5809520.9,2191552.9,1,0.000000,S-545,383.9,1458.5
industrial_firm,textile,ÜNİVERSAL TEKSTİL SAN. VE TİC. LTD. ŞTİ.,5808598.3,2190028.8,1,0.000000,S-545,473.4,4554.5
industrial_firm,wood_paper,ÜÇ YILDIZ KAĞIT MASURA SAN. VE TİC. LTD. ŞTİ.,5811024.3,2191489.4,1,0.000000,S-545,1605.1,453.6
industrial_firm,leather,İkon Deri San. Ve Dış Tic. A.Ş.,5803884.5,2184477.7,1,0.000000,S-545,30.6,13460.8
industrial_firm,leather,İnterteks Deri Pazarlama Ve Tic. Ltd. Şti.,5803797.6,2184406.0,1,0.000000,S-545,44.0,13557.8
industrial_firm,textile,KUMAŞ DIŞ TİC. TEKSTİL SAN. VE PAZARLAMA A.Ş.,5794882.0,2189175.7,1,0.000000,S-554,371.0,3687.7
industrial_firm,wood_paper,MODERN KARTON SAN. VE TİC. A.Ş.,5795388.2,2188923.2,1,0.000000,S-554,661.6,3637.7
industrial_firm,wood_paper,MODERN KARTON SAN. VE TİC. A.Ş.,5795038.2,2189311.5,1,0.000000,S-554,201.0,3687.0
industrial_firm,unclassified,ULAŞ NAKLIYAT PAZARLAMA  TİC. VE SANAYİ  A.Ş.,5794925.2,2189674.3,1,0.000000,S-554,35.0,3881.6
industrial_firm,food,UNİLEVER GIDA SAN. VE TİC. A.Ş,5794998.9,2189806.1,1,0.000000,S-554,181.7,3899.9
industrial_firm,unclassified,UNİLEVER SAN. VE TİC. TÜRK  A.Ş,5794745.3,2189777.0,1,0.000000,S-554,89.8,4060.2
industrial_firm,unclassified,UNİLEVER SAN. VE TİC. TÜRK  A.Ş,5794564.1,2189787.4,1,0.000000,S-554,123.9,4160.2
industrial_firm,unclassified,AFŞİN İNŞ. TUR. TEKS. VE YAT. İŞL. A.Ş.,5783146.9,2189201.1,1,0.000000,S-560,91.4,4512.1
industrial_firm,mining_stone,AKG GAZBETON İŞLETMELERİ SAN. TİC A.Ş,5787022.1,2191509.9,1,0.000000,S-560,929.3,0.0
industrial_firm,metal|mining_stone,ASTAŞ ALÜMİNYUM SAN. TİC. A.Ş.,5786810.9,2192204.2,1,0.000000,S-560,917.0,0.0
industrial_firm,textile,ATAHAN TEKSTİL ÜRÜN. SAN. VE TİC. A.Ş.,5782874.9,2188939.9,1,0.000000,S-560,102.1,4878.9
industrial_firm,machinery_auto,AUER ELEKTRİKLİ EV ALATLERİ İMALAT SAN. VE TİC. A.,5783247.2,2190207.3,1,0.000000,S-560,707.1,3770.1
industrial_firm,metal,BURAK ALÜMİNYUM SAN. VE TİC. LTD.ŞTİ.,5783137.6,2189408.1,1,0.000000,S-560,212.4,4319.3
industrial_firm,textile,DENİM KUMAŞÇILIK TİC. VE SAN. LTD.ŞTİ.,5782386.4,2189048.7,1,0.000000,S-560,524.8,5361.8
industrial_firm,machinery_auto,E.G.O. ELEKTRİKLİ ALETLER SAN. A.Ş.,5787340.2,2191788.7,1,0.000000,S-560,1251.0,0.0
industrial_firm,textile,GENÇ RENK TEKSTİL ÜRÜNLERİ SAN. VE TİC. LTD. ŞTİ.,5782242.7,2188723.0,1,0.000000,S-560,393.4,5623.9
industrial_firm,textile,HAMLE TEKSTİL SAN. TİC. A.Ş.,5786769.3,2191772.8,1,0.000000,S-560,685.4,0.0
industrial_firm,unclassified,KALENOBEL A.Ş.,5783414.5,2190402.4,1,0.000000,S-560,702.7,3131.2
industrial_firm,textile,KASAR DUAL TEKSTİL SAN. A.Ş.,5787538.5,2191405.0,1,0.000000,S-560,1455.2,0.0
industrial_firm,textile,MOGUL TEKSTİL SAN. VE TİC A.Ş.,5783322.2,2190497.7,1,0.000000,S-560,834.5,3131.2
industrial_firm,chemical|leather,NAPA GRUP SUNİ DERİ KİMYA SAN.VE TİC. A.Ş.,5785337.6,2191114.2,1,0.000000,S-560,183.6,1158.4
industrial_firm,food|mining_stone,PAŞABAHÇE CAM SANAYİ VE TİCARET A.Ş.,5783222.6,2191009.5,1,0.000000,S-560,1228.1,2899.3
industrial_firm,mining_stone,PREKAST BETON SAN. VE TİC.A.Ş.,5782637.9,2187312.0,1,0.000000,S-560,751.0,6762.1
industrial_firm,plastic_rubber,PİLSAN PLASTİK VE OYUNCAK SANAYI A.Ş.,5785131.1,2191274.1,1,0.000000,S-560,338.1,1404.1
industrial_firm,chemical|textile,SLN BOYA VE APRE SAN. VE TİC. LTD.A.Ş.,5785440.9,2190815.6,1,0.000000,S-560,121.9,1108.4
industrial_firm,textile,TARMAK TEKSTİL SAN. VE TİC. A.Ş.,5784576.2,2190999.2,1,0.000000,S-560,342.0,1897.3
industrial_firm,unclassified,TAÇ MUTFAK EŞYALARI AMB. INŞ. IMR. SAN. VE LTD. ŞTİ.,5785562.0,2191440.3,1,0.000000,S-560,294.1,440.2
industrial_firm,textile,TEKNİK İPLİK TEKSTİL SAN. VE LTD. ŞTİ.,5782291.3,2187140.8,1,0.000000,S-560,611.6,7059.6
industrial_firm,agriculture_industry,TMT ZİRAAT TARIM SANAYİ A.Ş.,5784213.6,2191492.7,1,0.000000,S-560,954.0,1897.3
industrial_firm,mining_stone,ULUCAM SAN. VE LTD. ŞTİ.,5782346.7,2186710.4,1,0.000000,S-560,944.9,7213.6
industrial_firm,textile,VEGA TEKSTİL İNŞ. SAN. VE TİC. LTD.ŞTİ.,5785701.2,2190649.5,1,0.000000,S-560,390.4,1108.4
industrial_firm,chemical|textile,YETEKS BOYAMA VE ÖRME SAN. VE LTD. ŞTİ.,5782436.5,2187393.9,1,0.000000,S-560,536.4,6762.1
industrial_firm,textile,YUNUS TEKSTİL VE ÖRME SAN. TİC.LTD. ŞTİ.,5784750.0,2191043.8,1,0.000000,S-560,282.7,1705.9
industrial_firm,energy_waste|machinery_auto,ZORLU ENERJİ ELEKTRİK ÜRETİM A.Ş.,5785563.2,2190943.0,1,0.000000,S-560,85.0,1015.5
industrial_firm,textile,ZORLUTEKS TEKSTİL TİC. VE SAN. A.Ş.,5785491.6,2191490.0,1,0.000000,S-560,378.1,440.2
industrial_firm,unclassified,ÖNDER HARFİYAT - İSA POLAT,5786485.2,2191578.2,1,0.000000,S-560,388.1,0.0
industrial_firm,chemical|textile,ÜNTEKS BOYA BASKI APRE TEKS. SAN. İÇ VE DIŞ TİC. LTD.,5787319.3,2191568.2,1,0.000000,S-560,1220.6,0.0
industrial_firm,machinery_auto|mining_stone,ŞİŞECAM OTOMOTİV A.Ş.,5784972.4,2191892.3,1,0.000000,S-560,973.5,1404.1
industrial_firm,metal|textile,BAYRAMLAR DOKUMA SAN. VE TİC. A.Ş.,5794035.4,2190392.8,1,0.000000,S-566,323.5,1469.1
industrial_firm,textile,BERZEG TEKSTİL SAN. VE TİC. A.Ş.,5793750.3,2190463.9,1,0.000000,S-566,576.9,1577.4
industrial_firm,unclassified,BOYNER SANAYİ MENSUCAT FABRİKASI A.Ş.,5792894.0,2190867.2,1,0.000000,S-566,1510.3,1577.4
industrial_firm,chemical,DYSTAR KİMYA SAN. VE TİC. LTD. ŞTİ.,5793796.7,2190763.5,1,0.000000,S-566,743.5,967.8
industrial_firm,textile,IŞIL TEKSTİL SAN. VE TİC. LTD. ŞTİ,5793518.5,2190738.0,1,0.000000,S-566,933.1,1577.4
industrial_firm,food,KARADENİZ UN SAN. VE TİC. LTD.ŞTİ.,5793605.0,2190191.3,1,0.000000,S-566,567.4,1758.5
industrial_firm,chemical|food,KARSAN KARADENİZ KİMYA VE GIDA SAN. TİC. LTD. ŞTİ.,5794193.8,2190170.9,1,0.000000,S-566,54.5,1514.1
industrial_firm,energy_waste|machinery_auto,MODERN  ENERJİ  ELEKTRİK ÜRETİM A.Ş.,5794293.7,2190128.3,1,0.000000,S-566,46.3,1473.5
industrial_firm,chemical|textile,PROCHİMİCA TEKSTİL KİMYASALLARI SAN. VE TİC. A.Ş.,5794204.8,2190011.8,1,0.000000,S-566,17.3,1652.4
industrial_firm,unclassified,SEPA  MENSUCAT SAN. VE TİC. A.Ş.,5794126.1,2190316.3,1,0.000000,S-566,205.2,1459.1
industrial_firm,unclassified,SEPA  MENSUCAT SAN. VE TİC. A.Ş.,5793878.8,2190323.6,1,0.000000,S-566,388.6,1577.4
industrial_firm,unclassified,SEPA  MENSUCAT SAN. VE TİC. A.Ş.,5794112.2,2190379.5,1,0.000000,S-566,259.7,1424.2
industrial_firm,unclassified,SEPA  MENSUCAT SAN. VE TİC. A.Ş.,5793868.9,2189912.2,1,0.000000,S-566,243.6,1783.8
industrial_firm,unclassified,UNİLEVER SAN. VE TİC. TÜRK  A.Ş,5794428.5,2190274.7,1,0.000000,S-566,38.0,1274.6
industrial_firm,unclassified,UNİLEVER SAN. VE TİC. TÜRK  A.Ş,5794383.6,2190099.1,1,0.000000,S-566,130.5,1430.6
industrial_firm,textile,ÖRKÜM TEKSTİL SAN VE TİC A.Ş.,5793644.4,2190609.7,1,0.000000,S-566,753.4,1577.4
industrial_firm,textile,ÜÇLER TEKSTİL SAN. VE TİC. A.Ş.,5792992.0,2190659.3,1,0.000000,S-566,1325.2,1577.4
industrial_firm,textile,İNDORAMA İPLİK SAN. VE TİC. A.Ş.,5793715.7,2190132.3,1,0.000000,S-566,442.0,1758.5
industrial_firm,textile,ŞENOVA TEKSTİL İÇ VE DIŞ TİC. SAN. LTD. ŞTİ.,5793821.7,2190671.2,1,0.000000,S-566,671.4,1423.4
industrial_firm,unclassified,CANLAR MEKATRONİK SAN. VE TİC. A.Ş.,5798858.7,2188178.4,1,0.000000,S-571,2198.8,0.0
industrial_firm,chemical|machinery_auto,SIO AUTOMOTİVE TAŞIT YEDEK PARÇA SAN. VE TİC. A.Ş.,5798819.3,2188498.6,1,0.000000,S-571,1921.3,0.0
industrial_firm,chemical|machinery_auto,SIO AUTOMOTİVE TAŞIT YEDEK PARÇA SAN. VE TİC. A.Ş.,5798769.6,2188442.3,1,0.000000,S-571,1993.8,0.0
industrial_firm,textile,İMKA İPLİK TEKSTİL İŞLETMELERİ SAN. VE DIŞ TİC. A.Ş.,5799167.3,2188446.0,1,0.000000,S-571,1846.6,0.0
industrial_firm,machinery_auto,DİSA OTOMOTİV ÜRÜNLERİ SAN. VE TİC.A.Ş.,5791975.5,2190716.8,1,0.000000,S-573,1187.9,0.0
industrial_firm,textile,METROPOL TÜL TEKSTİL SAN VE TİC. LTD. ŞTİ,5791825.3,2190782.3,1,0.000000,S-573,1086.6,0.0
industrial_firm,food|textile,YAŞAM TEKSTİL TİCARET VE SAN. A.Ş.,5792238.5,2190659.4,1,0.000000,S-573,1411.1,0.0
industrial_firm,textile,ABM GLOBAL BASKI TEKSTİL SAN VE DIŞ TİC. LTD. ŞTİ.,5809666.7,2189796.1,1,0.000000,S-575,382.6,3056.2
industrial_firm,textile,AHSEN TEKSTİL SAN. VE TİC. LTD. ŞTİ.,5811427.0,2190771.9,1,0.000000,S-575,809.6,0.8
industrial_firm,unclassified,AKATEKS TEKS. SAN. VE TİC. A.Ş.,5807615.6,2187532.6,1,0.000000,S-575,294.8,6925.8
industrial_firm,unclassified,AKCAN DİŞLİ SAN. VE TİC. LTD. ŞTİ.,5810272.3,2190510.7,1,0.000000,S-575,877.3,2835.4
industrial_firm,textile,AKINLAR TEKSTİL SAN VE TİC. LTD.ŞTİ.,5810785.4,2190597.2,1,0.000000,S-575,1130.7,2835.4
industrial_firm,textile,AKREN İPLİK SAN. VE TİC. A.Ş.,5809889.7,2190265.7,1,0.000000,S-575,645.3,2985.4
industrial_firm,machinery_auto,ALKAN MAKİNA SAN. TESİSLERİ A.Ş.,5813627.2,2191753.8,1,0.000000,S-575,2249.9,0.0
industrial_firm,chemical,ALV KİMYA SAN. İÇ VE DIŞ TİC.A.Ş.,5807380.4,2187386.8,1,0.000000,S-575,393.5,7209.7
industrial_firm,food|metal,ARALSAN ALÜMİNYUM GIDA SAN. VE TİC. A.Ş.,5811259.1,2190829.5,1,0.000000,S-575,969.0,78.8
industrial_firm,chemical|textile,ARBUL BOYA VE TEKSTİL SAN. TİC. LTD. ŞTİ,5812128.7,2191751.3,1,0.000000,S-575,1556.6,0.0
industrial_firm,chemical,ARITEKS BOYACILIK TİC. VE SAN. A.Ş.,5808818.0,2188810.1,1,0.000000,S-575,747.6,5493.6
industrial_firm,chemical|textile,ARMA-DA TEKSTİL KİMYA SAN VE TİC. LTD. ŞTİ,5812203.8,2192004.3,1,0.000000,S-575,1815.7,0.0
industrial_firm,textile,ARTA TEKSTİL SAN. VE TİC. LTD. ŞTİ,5807941.5,2187570.2,1,0.000000,S-575,144.0,6646.7
industrial_firm,textile,ATILIM ÖRME SAN. VE TİC. A.Ş.,5811254.0,2190314.3,1,0.000000,S-575,626.1,454.0
industrial_firm,unclassified,ATLAS ALÜM. SAN. VE TİC. LTD. ŞTİ.,5811110.1,2190101.8,1,0.000000,S-575,579.1,793.7
industrial_firm,textile,AYCAN TEKSTİL SAN VE TİC. A.Ş.,5811435.2,2190659.7,1,0.000000,S-575,724.4,74.3
industrial_firm,textile,AYKA TEKSTİL SAN. VE TİC. A.Ş.,5808248.1,2188202.6,1,0.000000,S-575,270.6,5874.7
industrial_firm,metal,AYPAR METAL SANAYİ VE TİC. A.Ş,5810849.0,2189879.8,1,0.000000,S-575,636.4,2669.0
industrial_firm,textile,Akben Tekstil,5811640.6,2191756.4,1,0.000000,S-575,1597.4,0.0
industrial_firm,unclassified,BAHARİYE MENCUCAT SAN. VE TİC. A.Ş.,5809642.2,2189260.4,1,0.000000,S-575,280.1,3607.9
industrial_firm,food,BARIŞ TİCARET,5811280.6,2189860.8,1,0.000000,S-575,286.6,793.7
industrial_firm,food,BARIŞ TİCARET,5811437.4,2190025.8,1,0.000000,S-575,293.5,502.3
industrial_firm,unclassified,BETA PROCESS ÖZEL KİM. SAN. VE TİC. LRD. ŞTİ.,5813003.7,2192357.3,1,0.000000,S-575,2379.4,0.0
industrial_firm,chemical|textile,BOYKO TEKSTİL BOYA APRE SAN. VE TİC. LTD. ŞTİ,5811047.9,2191447.6,1,0.000000,S-575,1569.4,0.0
industrial_firm,textile,BÜKÜCÜ TEKSTİL SAN VE TİC. A.Ş.,5808806.1,2189219.6,1,0.000000,S-575,992.9,4020.1
industrial_firm,food|plastic_rubber,COŞKUN KAUÇUK LTD.ŞTİ,5811051.9,2190385.8,1,0.000000,S-575,819.9,587.7
industrial_firm,food|plastic_rubber,COŞKUN KAUÇUK LTD.ŞTİ,5811279.4,2190942.3,1,0.000000,S-575,1034.5,0.0
industrial_firm,textile,DARI TEKSTİL SAN. VE TİC. LTD. ŞTİ.,5811413.0,2190727.3,1,0.000000,S-575,787.9,42.2
industrial_firm,food,DETAY GIDA SAN VE TİC.A.Ş.,5808791.0,2189082.7,1,0.000000,S-575,934.3,4176.1
industrial_firm,machinery_auto|textile,DOST TEKSTİL MAKİNE AKSESU VE TİC. LTD. ŞTİ,5810359.9,2189824.6,1,0.000000,S-575,254.4,2835.4
industrial_firm,energy_waste,DOĞA GERİ DÖNÜŞÜM SAN VE TİC. LTD. ŞTİ.,5810823.0,2190051.1,1,0.000000,S-575,724.1,2671.3
industrial_firm,textile,DİKGÖR İPLİK TEKSTİL PAZARLAMA SAN. TİC. LTD. ŞTİ.,5808758.4,2188637.1,1,0.000000,S-575,574.6,5547.7
industrial_firm,unclassified,DİNAPA DİNAMİK PAZARLAMA A.Ş.,5807991.0,2188210.2,1,0.000000,S-575,446.8,6197.1
industrial_firm,plastic_rubber|textile,ELASTEKS ELASTİK İPLİKLER SAN. VE TİC. A.Ş.,5809144.8,2189016.1,1,0.000000,S-575,599.1,4020.1
industrial_firm,metal|mining_stone,ERTAŞ METAL SAN. TİC A.Ş.,5813057.9,2192392.7,1,0.000000,S-575,2434.6,0.0
industrial_firm,unclassified,EST PANEL SİSTEMLERİ SAN. VE TİC. LTD.ŞTİ.,5809717.8,2190341.4,1,0.000000,S-575,773.1,2985.4
industrial_firm,textile,FERMAŞ FERMUAR TEKSTİL SAN. VE TİC. A.Ş.,5809085.0,2188563.9,1,0.000000,S-575,474.6,4573.6
industrial_firm,textile,FERSAN TEKSTİL TİC.VE SAN.LTD.ŞTİ.,5810896.2,2191163.3,1,0.000000,S-575,1461.7,99.4
industrial_firm,chemical|food,FRİMPEKS KİMYA VE ETİKET SAN. TİC. A.Ş.,5811433.8,2190332.6,1,0.000000,S-575,511.8,314.0
industrial_firm,textile,FİBERFLON TEKNİK TEKSTİL SAN. A.Ş.,5808297.7,2188636.5,1,0.000000,S-575,589.5,5803.9
industrial_firm,plastic_rubber,FİMAKS PLASTİK A.Ş.,5810011.1,2190644.1,1,0.000000,S-575,1006.9,2985.4
industrial_firm,textile,GARANTİ İPLİK SAN VE TİC. A.Ş,5811392.5,2190141.8,1,0.000000,S-575,406.1,478.0
industrial_firm,pharma_cosmetic,GELİŞİM KOZMETİK SAN. VE TİC. LTD.ŞTİ,5809684.6,2190361.9,1,0.000000,S-575,805.7,2985.4
industrial_firm,textile,GENEL TEKSTİL SAN. VE TİC. A.Ş.,5810132.0,2190701.9,1,0.000000,S-575,1064.4,2891.0
industrial_firm,unclassified,GLOBAL TEKS.,5811855.1,2191897.4,1,0.000000,S-575,1703.5,0.0
industrial_firm,metal|textile,GÜNPA DOKUMA BRODE SAN. VE DIŞ TİC. A.Ş.,5811406.3,2190865.2,1,0.000000,S-575,891.6,0.0
industrial_firm,chemical|textile,GÜNÖZ TEKSTİL VE KİMYA İŞLETMELERİ SAN. VE TİC. LTD. ŞTİ.,5810480.5,2190529.5,1,0.000000,S-575,938.9,2835.4
industrial_firm,textile,GÜPÜR TEKSTİL SAN. VE TİC. LTD. ŞTİ,5810539.0,2191073.5,1,0.000000,S-575,1478.3,2835.4
industrial_firm,chemical,HAMBOYA BOYACILIK TEKS. SAN. VE TİC. A.Ş.,5810795.8,2190238.1,1,0.000000,S-575,841.2,2739.7
industrial_firm,machinery_auto|metal,HASTEL KAB. ELK. İNŞ. MAKİNE TAH. TİC. VE SAN. LTD. ŞTİ,5811176.2,2190707.9,1,0.000000,S-575,943.8,159.1
industrial_firm,unclassified,HELSEKAM KONF. YAN ÜRÜNLERİ SAN VE TİC .A.Ş.,5809513.6,2189873.1,1,0.000000,S-575,553.3,3056.2
industrial_firm,unclassified,HONBAR HİDROLİK SİLİNDİR ELEMEANLARI İMALAT SAN. TİC. LTD. ŞTİ.,5813854.3,2191805.9,1,0.000000,S-575,2453.1,0.0
industrial_firm,unclassified,HİCRİ ERCİLİ KİM. MAD VE PET. OTO. SAN. TİC. LTD.ŞTİ,5809040.2,2189057.4,1,0.000000,S-575,709.9,4176.1
industrial_firm,metal,KARAMAN KARDEŞLER METAL SAN. VE TİC. LTD. ŞTİ.,5813152.5,2192257.1,1,0.000000,S-575,2357.9,0.0
industrial_firm,mining_stone,KARTAL İNŞ. BETON BORU SAN. VE TİC. LTD. ŞTİ,5808954.5,2188970.0,1,0.000000,S-575,737.3,4176.1
industrial_firm,unclassified,KENT DAYANIKLI TÜKETİM MALLARI SAN. TİC. LTD. ŞTİ,5812296.9,2191896.8,1,0.000000,S-575,1722.6,0.0
industrial_firm,chemical|metal|wood_paper,KONT ALÜMİNYUM AMBALAJ VE KİMYA SAN. LTD.ŞTİ,5811107.9,2191091.0,1,0.000000,S-575,1260.8,0.7
industrial_firm,textile,KOVEKA KONYA VE KAR TEKSTİL SAN. VE DIŞ TİC. A.Ş.,5809024.8,2188641.4,1,0.000000,S-575,567.6,4573.6
industrial_firm,chemical,KOZMO KİMYA SAN. VE DIŞ TİC. LTD. ŞTİ.,5808884.9,2188303.0,1,0.000000,S-575,242.0,5372.9
industrial_firm,food,KURTOĞLU BAKIR KURŞUN SAN. A.Ş.,5809542.6,2190162.5,1,0.000000,S-575,721.5,2985.4
industrial_firm,textile,MA-BA TEKSTİL SAN VE TİC. A.Ş.,5810066.0,2190676.4,1,0.000000,S-575,1038.9,2956.9
industrial_firm,metal,MARMARA SİEGENER GALVANİZ SAN VE TİC.A.Ş.,5810706.0,2189534.2,1,0.000000,S-575,350.7,2488.0
industrial_firm,chemical,MAYKİM MAYA KİMYA SAN. VE TİC. A.Ş.,5810832.0,2190107.3,1,0.000000,S-575,770.2,2704.6
industrial_firm,machinery_auto,MEPESE SAÇ KUTU İML.ELEKT.VE NASA ELEKTRİK,5809550.1,2189837.6,1,0.000000,S-575,503.8,3056.2
industrial_firm,machinery_auto,MEPSAN MÜH. ELEKTRİK SAN VE DIŞ TİC. LTD. ŞTİ,5809830.6,2190134.0,1,0.000000,S-575,537.9,2985.4
industrial_firm,textile,MERTLER ENDÜSTRİ MAD TEKSTİL SAN VE TİC. LTD. ŞTİ,5810979.2,2189432.4,1,0.000000,S-575,251.8,1247.3
industrial_firm,energy_waste,MESS ENTEGRE GERİ KAZANIM VE ENERJİ SAN TİC.A.Ş.,5811360.3,2190911.2,1,0.000000,S-575,956.5,0.0
industrial_firm,textile,NAZ ÖRME KUMAŞ VE TEKSTİL SAN. A.Ş.,5811017.7,2190507.6,1,0.000000,S-575,929.8,484.4
industrial_firm,mining_stone,NUH ÇİMENTO SAN A.Ş.,5810619.6,2189719.5,1,0.000000,S-575,356.9,2669.0
industrial_firm,textile,NURTEKS HALI SAN VE TİC. A.Ş.,5806758.7,2186840.0,1,0.000000,S-575,534.8,8115.6
industrial_firm,textile,NİL ÖRME SAN. VE TİC. A.Ş.,5811544.9,2191133.6,1,0.000000,S-575,1038.7,0.0
industrial_firm,unclassified,ODE YALITIM SAN. VE TİC. A.Ş.,5808495.1,2188316.4,1,0.000000,S-575,229.5,5803.9
industrial_firm,mining_stone,ORTAŞ GRUP İZOLASYON VE İNŞ. SAN. A.Ş.,5810953.7,2190742.7,1,0.000000,S-575,1140.7,159.1
industrial_firm,unclassified,OZANCAN PREFABRİK YAPI BLM.İNŞ.VE MLZ.İTM.İHR.SAN.,5811133.5,2189749.0,1,0.000000,S-575,346.9,997.5
industrial_firm,mining_stone|textile,PEKTAŞ TEKSTİL SAN VE TİC. A.Ş.,5810984.4,2190604.2,1,0.000000,S-575,1021.6,439.7
industrial_firm,food|textile,RAYON TEKSTİL SAN VE ŞİRKET DIŞ TİC. LTD.,5809121.4,2188334.9,1,0.000000,S-575,272.4,5122.6
industrial_firm,food,REN GIDA SAN. VE TİC. A.Ş.,5811088.9,2189982.4,1,0.000000,S-575,511.1,793.7
industrial_firm,textile,ROZA TEKSTİL FERMUAR SAN. VE TİC. A.Ş.,5809041.9,2188391.7,1,0.000000,S-575,333.7,5297.9
industrial_firm,textile,SANAL TÜL TEKSTİL SAN. VE TİC. LTD. ŞTİ.,5812417.8,2192072.2,1,0.000000,S-575,1918.2,0.0
industrial_firm,textile,SANKO TEKSTİL İŞLETMELERİ SAN. VE TİC. A.Ş.,5810126.4,2190199.4,1,0.000000,S-575,561.9,2896.5
industrial_firm,textile,SANKO TEKSTİL İŞLETMELERİ SAN. VE TİC. A.Ş.,5810206.8,2190041.2,1,0.000000,S-575,404.2,2835.4
industrial_firm,textile,SANKO TEKSTİL İŞLETMELERİ SAN. VE TİC. A.Ş.,5810199.8,2190439.2,1,0.000000,S-575,801.8,2835.4
industrial_firm,chemical,SARUHAN KİMYA VE TEML.ÜR.A.Ş.,5810926.9,2191024.8,1,0.000000,S-575,1342.2,159.1
industrial_firm,machinery_auto,SARUHAN MAKİNA VE ELEK EV EŞYALARI SAN. TİC. A.Ş.,5810949.6,2190868.6,1,0.000000,S-575,1220.5,159.1
industrial_firm,food,SEHERBOY TEKS BOY GIDA İNŞ. VE TİC. LTD. ŞTİ.,5810383.9,2190997.8,1,0.000000,S-575,1374.4,2835.4
industrial_firm,unclassified,SELÇUK ALAN,5810471.9,2190762.2,1,0.000000,S-575,1160.1,2835.4
industrial_firm,textile,SERHAS TEKSTİL TURİZM SAN. VE DIŞ TİC. A.Ş.,5811333.3,2191022.0,1,0.000000,S-575,1058.4,0.0
industrial_firm,textile,SERHAS TEKSTİL TURİZM SAN. VE DIŞ TİC. A.Ş.,5811070.2,2191357.8,1,0.000000,S-575,1484.9,0.0
industrial_firm,unclassified,STAR MUTFAK MOB.AKS.SAN VE TİC.A.Ş,5811415.9,2191714.6,1,0.000000,S-575,1623.3,0.0
industrial_firm,textile,SÜPER TEKSTİL SAN VE TİC. A.Ş.,5811763.7,2191707.0,1,0.000000,S-575,1525.4,0.0
industrial_firm,textile,TAMTEKS TEKSTİL KONFEKSİYON İML. VE TİC.A.Ş.,5807140.8,2187033.9,1,0.000000,S-575,355.7,7743.2
industrial_firm,machinery_auto,TANSOY YEDEK PARÇA SAN. VE TİC. LTD. ŞTİ,5810110.4,2190433.4,1,0.000000,S-575,795.9,2912.6
industrial_firm,textile,TAYFURLAR TEKSTİL SAN VE TİC.LTD.ŞTİ.,5808905.5,2188533.2,1,0.000000,S-575,470.7,5372.9
industrial_firm,unclassified,TAYSAL DAYANIKLI TÜK. MAD. PAZ. LTD.ŞTİ. MİYASE SALKAYA,5811122.2,2190047.6,1,0.000000,S-575,530.8,793.7
industrial_firm,unclassified,TEK MENSUCAT TİC. VE SAN. A.Ş.,5810753.1,2190538.5,1,0.000000,S-575,1063.8,2835.4
industrial_firm,metal,TEKNİK ALUMİNYUM SAN. A.Ş.,5809169.1,2189811.8,1,0.000000,S-575,848.6,3056.2
industrial_firm,metal,TEKO ALÜMİNYUM SAN. A.Ş.,5808248.1,2188580.1,1,0.000000,S-575,559.0,5803.9
industrial_firm,unclassified,TURKCELL İLETİŞİM HİZMETLERİ A.Ş.,5808919.5,2189170.9,1,0.000000,S-575,869.8,4020.1
industrial_firm,machinery_auto|plastic_rubber,TÜM PLASTİK VE MAKİNA KALIP SAN VE TİC.LTD.ŞTİ.,5811206.8,2190537.6,1,0.000000,S-575,816.1,159.1
industrial_firm,energy_waste,UGS-UĞUR GERİ DÖNÜŞÜM VE ELYAF SAN.TİC.LTD.ŞTİ,5809872.6,2190160.0,1,0.000000,S-575,547.9,2985.4
industrial_firm,food,UYGUN TUHAFİYE LTD.ŞTİ.,5811262.8,2190253.0,1,0.000000,S-575,576.5,491.1
industrial_firm,mining_stone,VAROL BETON İNŞ. VE MÜH. SAN. VE TİC. A.Ş.,5808382.1,2188783.8,1,0.000000,S-575,708.4,5803.9
industrial_firm,unclassified,VİNTEKS SAN VE TİC.LTD.ŞTİ.,5810014.0,2190038.9,1,0.000000,S-575,402.1,2985.4
industrial_firm,machinery_auto,YAKUT MAKİNE VE ZİNCİR SAN. LTD. ŞTİ.,5810535.8,2189591.3,1,0.000000,S-575,223.8,2608.7
industrial_firm,chemical|textile,YENİ UFUK TEKSTİL BOYA VE APRE SAN. TİC. LTD. ŞTİ.,5808211.8,2188539.6,1,0.000000,S-575,543.0,5803.9
industrial_firm,unclassified,YILTEKS YIKAMA SAN VE TİC. A.Ş.,5809192.1,2188478.9,1,0.000000,S-575,339.0,4573.6
industrial_firm,plastic_rubber,ÖZ EL LASTİK KAYTAN TİC. VE SAN. A.Ş.,5811345.0,2191066.1,1,0.000000,S-575,1085.8,0.0
industrial_firm,machinery_auto|plastic_rubber,ÖZ-MAK PLASTİK MAKİNE SANAYİ VE TİC. LTD. ŞTİ.,5810709.9,2190905.6,1,0.000000,S-575,1371.4,2835.4
industrial_firm,textile,ÖZYURT TEKSTİL SAN. VE TİC. A.Ş,5810792.6,2190338.8,1,0.000000,S-575,919.5,2739.7
industrial_firm,machinery_auto|plastic_rubber,İNAN PLASTİK MAKİNALARI SAN VE TİC. A.Ş.,5810645.5,2190119.1,1,0.000000,S-575,655.2,2739.7
industrial_firm,textile,İPEK TÜL VE KONFEKSİYON A.Ş.,5808652.8,2188725.7,1,0.000000,S-575,648.5,5778.9
industrial_firm,textile,İPKON ASTAR TEKSTİL SAN VE TİC.LTD.ŞTİ.,5811025.6,2190138.4,1,0.000000,S-575,663.2,793.7
industrial_firm,agriculture_industry|food,İSTANBUL TARIM ÜRÜNLERİ VE GIDA SAN TİC. LTD. ŞTİ,5810640.6,2190432.0,1,0.000000,S-575,914.6,2835.4
industrial_firm,unclassified,ŞIK MAKAS GİYİM SAN. VE TİC. A.Ş.,5807752.0,2187876.4,1,0.000000,S-575,440.8,6413.6
industrial_firm,unclassified,AKIN İNŞ. VE İNŞAAT MALZ. TİC. SAN. VE LTD. ŞTİ.,5792939.4,2190453.3,1,0.000000,S-583,1150.4,1040.7
industrial_firm,food|textile,ALFA GRUP TEKSTİL GIDA  İNŞ SAN. VE TİC. LTD. ŞTİ,5793045.8,2190424.9,1,0.000000,S-583,1113.2,1040.7
industrial_firm,textile,BASO TEKSTİL SAN. VE DIŞ TİC. LTD. ŞTİ,5792863.1,2190485.8,1,0.000000,S-583,1194.5,1040.7
industrial_firm,textile,CAVİT ÇİÇEK TEKSTİL SAN. VE TİC. LTD. ŞTİ.,5792522.7,2190962.1,1,0.000000,S-583,1743.6,1040.7
industrial_firm,mining_stone|wood_paper,DENTAŞ AMBALAJ VE KAĞIT SAN A.Ş.,5792483.9,2190442.4,1,0.000000,S-583,1280.7,1101.0
industrial_firm,mining_stone,TESKOL SERAMİK SAĞ.GER.SAN.VE TİC.A.Ş.,5793154.7,2190254.5,1,0.000000,S-583,942.0,973.5
industrial_firm,textile,ÖRKÜM TEKSTİL SAN VE TİC A.Ş.,5793065.3,2189922.4,1,0.000000,S-583,610.3,1040.7
industrial_firm,textile,ÜÇLER TEKSTİL SAN. VE TİC. A.Ş.,5792732.7,2190863.4,1,0.000000,S-583,1591.0,1040.7
industrial_firm,food,İREMNUR TEKS.GIDA ELEKT.HEDİYELİK EŞYA VE İNŞ.SAN.VE TİC.LTD.ŞTİ.,5792627.6,2190559.3,1,0.000000,S-583,1328.9,1040.7
industrial_firm,food|textile,AKEL İNŞ. TAAH. OTO. TEKSTİL KUYUM. GIDA SAN. VE DIŞ TİC. LTD. ŞTİ.,5797875.5,2188211.4,1,0.000000,S-595,1277.0,0.0
industrial_firm,mining_stone,ATILIM BETON ULAŞ TESİSLERİ,5798783.6,2187456.4,1,0.000000,S-595,2291.1,0.0
industrial_firm,chemical,BEYBO BOYA SAN. VE TİC. A.Ş.,5796787.1,2188365.1,1,0.000000,S-595,284.4,19.8
industrial_firm,textile,BOSTAN TEKSTİL SAN. VE TİC. A.Ş.,5798117.6,2188130.1,1,0.000000,S-595,1517.8,0.0
industrial_firm,machinery_auto|textile,BOZBEY TEKSTİL OTO YEDEK PARÇALARI SAN. VE TİC. LTD. ŞTİ.,5798703.5,2187538.6,1,0.000000,S-595,2190.5,0.0
industrial_firm,agriculture_industry|textile,CAN TEKSTİL ENTEGRE TESİSLERİ VE TARIM ÜRÜNLERİ SAN. TİC. A.Ş,5797177.7,2188129.3,1,0.000000,S-595,578.1,0.0
industrial_firm,unclassified,CANLAR MEKATRONİK SAN. VE TİC. A.Ş.,5798792.6,2187893.0,1,0.000000,S-595,2207.6,0.0
industrial_firm,unclassified,CANLAR MEKATRONİK SAN. VE TİC. A.Ş.,5797929.4,2188031.0,1,0.000000,S-595,1334.8,0.0
industrial_firm,machinery_auto|textile,CANLAR TM TEKSTİL MAKİNA  SAN. VE TİC. A.Ş.,5798938.1,2187610.9,1,0.000000,S-595,2399.5,0.0
industrial_firm,wood_paper,DEKMO MOBİLYA SAN. VE TİC. LTD.ŞTİ,5798335.3,2187802.0,1,0.000000,S-595,1769.9,0.0
industrial_firm,textile,EREN TEKSTİL TİC. VE SAN A.Ş,5797786.1,2187901.4,1,0.000000,S-595,1211.9,0.0
industrial_firm,wood_paper,EURASIA STICKS AHŞAP MALZ. SAN. VE TİC. LTD. ŞTİ.,5798430.9,2187888.4,1,0.000000,S-595,1849.5,0.0
industrial_firm,textile,GÜLLE ENTEGRE TEKSTİL İŞLETMELERİ EMLAK DANIŞMANLIĞI SAN. VE TİC. A.Ş.,5798104.3,2187702.1,1,0.000000,S-595,1569.6,0.0
industrial_firm,textile,GÜLLE ENTEGRE TEKSTİL İŞLETMELERİ EMLAK DANIŞMANLIĞI SAN. VE TİC. A.Ş.,5795833.0,2188820.7,1,0.000000,S-595,794.0,398.7
industrial_firm,textile,H.M.S. TEKSTİL SANAYİ  VE  TİC.  A.Ş.,5798464.3,2187953.5,1,0.000000,S-595,1874.6,0.0
industrial_firm,food|mining_stone,KAR-PET AKAR. ÜRÜN MADENİ YAĞ GIDA PET. İNŞ. TUR. NAK. TEKS. İTH. İHR. SAN.TİC. LTD. ŞTİ,5798841.7,2187159.7,1,0.000000,S-595,2450.6,0.0
industrial_firm,food|textile,KISMET TEKSTİL ÜRÜNLERİ SAN. VE TİC. LTD. ŞTİ,5798507.4,2188017.8,1,0.000000,S-595,1912.0,0.0
industrial_firm,alcohol_beverage,KORUMA KLOR ALKOLİ SAN. VE TİC. A.Ş.,5798956.9,2187406.2,1,0.000000,S-595,2471.5,0.0
industrial_firm,chemical|textile,"KUROĞLU TEKSTİL, BOYA, APRE SAN. ve TİC. A.Ş.",5794746.1,2188892.7,1,0.000000,S-595,318.4,3612.2
industrial_firm,pharma_cosmetic,MS PHARMA İLAÇ SAN. VE TİC. A.Ş.,5797546.8,2188360.6,1,0.000000,S-595,970.0,0.0
industrial_firm,unclassified,MUTLUCAN TUZ MAD. İNŞ. TUR PETR. SAN. VE TİC. A.Ş,5797754.2,2188296.4,1,0.000000,S-595,1163.4,0.0
industrial_firm,food|mining_stone|textile,RAN TEKSTİL  TİCARET REMZİ TAŞ,5797723.5,2188425.3,1,0.000000,S-595,1156.7,0.0
industrial_firm,mining_stone,REEL TUZ KİMY. GID. MADEN İNŞ.TAR.ÜR.OTOM.TAŞ.TUR.PAZ.SAN. VE TİC. LTD.ŞTİ.,5798763.3,2187559.4,1,0.000000,S-595,2242.5,0.0
industrial_firm,unclassified,SABAH YATAK SANAYİ VE TİC. A.Ş.,5798306.7,2188258.0,1,0.000000,S-595,1710.1,0.0
industrial_firm,unclassified,TAMSE MODERN TAMBUR VE SEPARATÖR SAN. VE TİC. LTD. ŞTİ,5798931.5,2187358.9,1,0.000000,S-595,2462.1,0.0
industrial_firm,textile,TAYEKS DIŞ TİCARET. VE TEKSTİL SAN.A.Ş.,5794743.1,2189145.6,1,0.000000,S-595,282.5,3687.2
industrial_firm,energy_waste,UGS-UĞUR GERİ DÖNÜŞÜM VE ELYAF SAN. TİC. LTD. ŞTİ.,5798078.4,2187993.9,1,0.000000,S-595,1486.6,0.0
industrial_firm,chemical,VESKİM KİMYEVİ MADDE İTHALAT İHRACAT A.Ş.,5798275.8,2187768.7,1,0.000000,S-595,1718.7,0.0
industrial_firm,machinery_auto,YÜKSEL OTOMOTİV YEDEK PARÇA SAN.VE TİC.AŞ.,5798843.3,2187499.4,1,0.000000,S-595,2335.8,0.0
industrial_firm,food,ZİRVE UNİ TRAK GIDA  TEMİZLİK ÜRÜN. PAZ. SAN. VE TİC. LTD.ŞTİ,5799002.3,2187677.1,1,0.000000,S-595,2448.4,0.0
industrial_firm,food,ZİRVE UNİ TRAK GIDA  TEMİZLİK ÜRÜN. PAZ. SAN. VE TİC. LTD.ŞTİ,5799041.4,2187705.5,1,0.000000,S-595,2481.5,0.0
industrial_firm,wood_paper,ÇAKIRLAR MATBAACILIK AMB. SAN. VE TİC. LTD. ŞTİ.,5798598.3,2186714.4,1,0.000000,S-595,2460.5,0.0
industrial_firm,chemical,ÇIĞIR KİMYA SAN. VE TİC.A.Ş.,5798715.0,2187138.8,1,0.000000,S-595,2344.3,0.0
industrial_firm,food,ÖZ ŞİFA SÜT ÜRÜNLERİ SAN. TİC. LTD. ŞTİ,5794646.8,2188986.2,1,0.000000,S-595,191.4,3612.2
industrial_firm,unclassified,"""TAÇ MUTFAK EŞYALARI AMB. INŞ. IMR.SAN. VE LTD. ŞTİ.""",5782761.9,2186676.1,1,0.000000,S-616,1253.5,1496.8
industrial_firm,machinery_auto,A.C. ELEKTRİK SANAYİ VE DIŞ.TİC.LTD.ŞTİ.,5781850.8,2182945.9,1,0.000000,S-616,162.6,6784.6
industrial_firm,machinery_auto,A.C. ELEKTRİK SANAYİ VE DIŞ.TİC.LTD.ŞTİ.,5781636.0,2180617.1,1,0.000000,S-616,738.1,10513.6
industrial_firm,plastic_rubber,ADALI KAUÇUK SAN. VE TİC.LTD.ŞTİ,5781745.8,2180836.4,1,0.000000,S-616,660.7,10280.8
industrial_firm,machinery_auto,ADALI MAKİNE SAN. TİC.LTD.ŞTİ.,5781840.1,2180919.0,1,0.000000,S-616,678.4,10268.3
industrial_firm,chemical|wood_paper,AKPA KİMYA AMBALAJ SAN.TİC.LTD.ŞTİ,5781668.1,2180963.7,1,0.000000,S-616,516.3,10268.3
industrial_firm,chemical|wood_paper,AKPA KİMYA AMBALAJ SAN.TİC.LTD.ŞTİ,5781713.0,2181097.9,1,0.000000,S-616,476.5,10268.3
industrial_firm,food,ANTALYA GIDA SAN.TİC.A.Ş.,5781975.6,2181096.9,1,0.000000,S-616,721.1,10268.3
industrial_firm,food|textile,BERKE DIŞ TİCARET TEKSTİL SAN. LTD. ŞTİ.,5781785.5,2181675.8,1,0.000000,S-616,473.0,9873.8
industrial_firm,unclassified,DENİMKO TEKS. SAN.TİC.AŞ.,5780756.3,2180338.6,1,0.000000,S-616,472.3,11721.1
industrial_firm,machinery_auto,DENİZ OTOMOTİV İNŞ. SAN.TİC.LTD.ŞTİ,5781741.1,2182869.1,1,0.000000,S-616,153.0,6853.0
industrial_firm,agriculture_industry|food,EKSUN GIDA TARIM SAN. VE TİC. A.Ş.,5781590.1,2180872.3,1,0.000000,S-616,525.2,10365.5
industrial_firm,unclassified,ENGİN TEZYİNAT SAN. VE TİC. LTD. ŞTİ.,5781909.9,2183080.3,1,0.000000,S-616,91.6,6640.4
industrial_firm,unclassified,HÜSEYİN TOKSOYLU,5781868.5,2180963.8,1,0.000000,S-616,677.7,10268.3
industrial_firm,unclassified,KARADENİZ TEZ. TİC.LTD.ŞTİ,5781945.7,2183025.5,1,0.000000,S-616,155.7,6653.9
industrial_firm,unclassified,KARADENİZ TEZ. TİC.LTD.ŞTİ,5780986.3,2180301.3,1,0.000000,S-616,678.0,11721.1
industrial_firm,unclassified,MERCAN BALIKÇILIK MALZ. TİC.LTD.ŞTİ.,5782348.3,2182402.0,1,0.000000,S-616,889.9,6686.6
industrial_firm,metal,OKYANUS ALÜMİNYUM SAN TİC. A.Ş.,5782129.8,2181881.2,1,0.000000,S-616,825.9,9787.2
industrial_firm,food,PROMETA YEM END. TİC.A.Ş.,5781661.4,2180753.0,1,0.000000,S-616,660.0,10399.5
industrial_firm,energy_waste|food,TURAKS PETROL İNŞ. GIDA. TİC. SAN. LTD. ŞTİ.,5782042.7,2182798.2,1,0.000000,S-616,389.6,6686.6
industrial_firm,energy_waste,UĞUR PETROL İNŞ. SAN. TİC. LTD. ŞTİ.,5781854.9,2181521.2,1,0.000000,S-616,542.4,10028.4
industrial_firm,unclassified,ZİRVE TEZYİNAT SAN. TİC. LTD. ŞTİ.,5782088.0,2182546.0,1,0.000000,S-616,614.8,6853.0
industrial_firm,unclassified,İNCİRCİOĞLU VAN.KLİMA İMALAT TUR.SAN.,5782263.1,2182058.6,1,0.000000,S-616,995.6,9787.2
industrial_firm,chemical|leather,(May Asit Kimyevi Maddeler Tic. Ve San. Ltd. Şti.) - (Kutlu Deri San. Ve Tic. Ltd. Şti.),5803582.2,2184354.1,1,0.000000,S-625,116.6,136.4
industrial_firm,food,(Moda Kürk Süet San. Ve Tic. Ltd. Şti.) - (Ece Kürk San. Ve Tic. Ltd. Şti.),5803273.1,2184542.7,1,0.000000,S-625,270.4,376.8
industrial_firm,leather|textile,(Platin Deri San. Ve Dış Tic. Ltd. Şti.)-(Ennur Deri Tekstil San. Ve Tic. Ltd. Şti.),5803184.3,2185054.0,1,0.000000,S-625,786.9,376.8
industrial_firm,leather,Adesan Deri San. Güvenlik Ve Temizlik Hizmetleri Tic. Ltd. Şti.,5803424.7,2184591.9,1,0.000000,S-625,304.4,314.6
industrial_firm,leather,Arpel Deri Giyim San. Ve Tic. Ltd. Şti.,5803123.5,2184950.6,1,0.000000,S-625,704.8,376.8
industrial_firm,unclassified,Bayındır Ağaçpen San. Ve Tic. Ltd. Şti.,5802964.4,2184741.0,1,0.000000,S-625,478.5,828.6
industrial_firm,leather,Berk Deri San. Ve Tic. Ltd. Şti.,5803277.6,2184619.9,1,0.000000,S-625,343.1,376.8
industrial_firm,chemical|food,Berkkim Kimya Tank Sanayi Ve Ticaret Ltd. Şti.,5803349.1,2184653.0,1,0.000000,S-625,365.7,376.8
industrial_firm,leather,Ceylanlar Deri San. Ve Tic. Ltd. Şti.,5803310.5,2184665.9,1,0.000000,S-625,381.9,376.8
industrial_firm,chemical,Clearity Kimya San. Ve Tic. Ltd. Şti.,5803545.2,2184348.3,1,0.000000,S-625,101.5,261.3
industrial_firm,chemical,Dema Kimya San. Tic. Ltd. Şti.,5803277.8,2184911.7,1,0.000000,S-625,629.9,376.8
industrial_firm,chemical,Derbo Kimya San. Ve Tic. Ltd. Şti.,5803203.3,2185087.1,1,0.000000,S-625,815.3,376.8
industrial_firm,food|leather,Derice Kürk Süet Deri İthalat İhracat San. Tic. Ltd. Şti.,5803410.5,2184569.5,1,0.000000,S-625,282.0,328.8
industrial_firm,leather|textile,Derimod Deri Konfeksiyon Pazarlama San. Ve Tic. A.Ş.,5803085.7,2184732.2,1,0.000000,S-625,485.6,828.6
industrial_firm,unclassified,Desmo Kürk San. Ve Tic. Ltd. Şti.,5803446.0,2184603.4,1,0.000000,S-625,315.9,293.3
industrial_firm,unclassified,Desmo Kürk San. Ve Tic. Ltd. Şti.,5803445.4,2184400.4,1,0.000000,S-625,112.9,293.9
industrial_firm,unclassified,Desmo Kürk San. Ve Tic. Ltd. Şti.,5803460.4,2184375.4,1,0.000000,S-625,87.9,278.8
industrial_firm,unclassified,Ece Kürk San. Ve Tic. Ltd. Şti.,5803262.1,2184549.6,1,0.000000,S-625,280.7,376.8
industrial_firm,leather,Ekol Deri San. Ve Tic. Ltd. Şti.,5803400.7,2185036.4,1,0.000000,S-625,748.9,338.6
industrial_firm,unclassified,Ekolgrup Hazır Sıva San. Ve Tic. Ltd. Şti.,5803146.9,2184876.9,1,0.000000,S-625,627.6,376.8
industrial_firm,leather,Erlüks Deri San. Ve Tic. A.Ş.,5803096.1,2184804.4,1,0.000000,S-625,558.1,828.6
industrial_firm,unclassified,Fateks Giyim San. Ve Tic. A.Ş.,5803414.0,2184846.2,1,0.000000,S-625,558.7,325.3
industrial_firm,leather,Fedesa Deri San. Ve Tic. Ltd. Şti.,5803091.3,2184977.7,1,0.000000,S-625,726.7,828.6
industrial_firm,food|leather,Kazlı Deri - Fikret KAYA,5803421.4,2184530.9,1,0.000000,S-625,243.4,317.9
industrial_firm,food|leather,Kübra Deri - Meryem KILIÇ,5803288.6,2184635.2,1,0.000000,S-625,355.5,376.8
industrial_firm,leather,Marmara Deri San. Ve Tic. Ltd. Şti.,5803243.2,2185014.3,1,0.000000,S-625,736.5,376.8
industrial_firm,chemical,May Asit Kimyevi Maddeler Tic. Ve San. Ltd. Şti.,5803511.2,2184340.1,1,0.000000,S-625,71.7,276.8
industrial_firm,leather,Nupa Deri San. Ve Tic. Ltd. Şti.,5803403.5,2184536.1,1,0.000000,S-625,248.6,335.7
industrial_firm,leather,Nupa Deri San. Ve Tic. Ltd. Şti.,5803596.2,2184528.7,1,0.000000,S-625,275.8,276.8
industrial_firm,leather,Olcay Deri San. Ve Tic. Ltd. Şti.,5803172.7,2184911.7,1,0.000000,S-625,652.4,376.8
industrial_firm,leather,Platin Deri San. Ve Dış Tic. Ltd. Şti.,5803224.9,2185108.2,1,0.000000,S-625,832.1,376.8
industrial_firm,leather,Renk Deri San. Ve Tic. A.Ş.,5803556.4,2184503.2,1,0.000000,S-625,235.3,276.8
industrial_firm,food|mining_stone,Rifat Üçleroğlu Genel Gıda İnş. Nak. Maden San. Ve Tic. A.Ş.,5803037.9,2184949.0,1,0.000000,S-625,690.6,828.6
industrial_firm,energy_waste|leather,S.S. Çorlu Deri Sanayicileri Arıtma Tesisleri İşyeri Yapı Kooperatifi,5803413.5,2184491.0,1,0.000000,S-625,203.5,325.8
industrial_firm,leather,Seb Deri San. Ve Tic. Ltd. Şti.,5803495.4,2184650.2,1,0.000000,S-625,364.2,276.8
industrial_firm,leather,TND Deri San. Ve Tic. Ltd. Şti.,5803627.4,2184387.2,1,0.000000,S-625,150.4,106.1
industrial_firm,leather|textile,Toprak Kürk Deri Tekstil İmalat San. Ve Tic. Ltd. Şti.,5803172.4,2185108.2,1,0.000000,S-625,842.4,376.8
industrial_firm,wood_paper,Trakya Kağıt San. Ve Tic. A.Ş.,5803336.6,2184504.1,1,0.000000,S-625,218.2,376.8
industrial_firm,chemical|machinery_auto,Tutmer Kimya Otomotiv San. Ve Tic. A.Ş.,5803492.5,2184446.6,1,0.000000,S-625,161.9,276.8
industrial_firm,leather,Volder Deri San. Ve Tic. Ltd. Şti.,5803509.9,2184400.1,1,0.000000,S-625,122.2,276.8
industrial_firm,leather,Yelmen Deri San. Ve Tic. Ltd. Şti.,5803342.0,2184641.8,1,0.000000,S-625,354.9,376.8
industrial_firm,textile,Yusuf Çanta San. Ve Tic. Ltd. Şti.,5803293.0,2184582.4,1,0.000000,S-625,303.0,376.8
industrial_firm,leather,Yılbay Deri San. Ve Tic. Ltd. Şti.,5803471.8,2184302.1,1,0.000000,S-625,17.3,276.8
industrial_firm,leather|metal,Çelikoğlu Dericilik San. Ve Tic. Ltd. Şti.,5803321.8,2184202.5,1,0.000000,S-625,36.2,447.5
industrial_firm,leather|metal,Çelikoğlu Dericilik San. Ve Tic. Ltd. Şti.,5803374.7,2184916.0,1,0.000000,S-625,628.5,364.6
industrial_firm,leather|metal,Çelikoğlu Dericilik San. Ve Tic. Ltd. Şti.,5803325.6,2184878.8,1,0.000000,S-625,592.5,376.8
industrial_firm,leather|metal,Çelikoğlu Dericilik San. Ve Tic. Ltd. Şti.,5803378.9,2184983.6,1,0.000000,S-625,696.1,360.3
industrial_firm,leather,Çorlu Deri San. Ve Tic. Ltd. Şti.,5803442.4,2184555.0,1,0.000000,S-625,267.5,296.9
industrial_firm,leather|textile,Şen Deri Ve Konfeksiyon San. Tic. Ltd. Şti.,5803213.8,2184595.0,1,0.000000,S-625,341.6,376.8
industrial_firm,leather|textile,Şen Deri Ve Konfeksiyon Şirketi San. Tic. Ltd. Şti.,5803238.6,2184569.3,1,0.000000,S-625,307.8,376.8
industrial_firm,chemical,AKA BOYA KİMYA SAN. TİC. LTD. ŞTİ.,5742371.8,2175553.3,1,0.000000,S-649,1043.8,3714.7
industrial_firm,machinery_auto,ALMERA ELEKTRİK ve ELEKTRONİK ÜRÜNLERİ İMALAT SAN. TİC: LTD. ŞTİ.,5742426.1,2175262.2,1,0.000000,S-649,1282.6,3653.5
industrial_firm,textile,AVDE TEKSTİL TURİZM SAN. VE TİC. LTD. ŞTİ.,5742426.0,2175138.9,1,0.000000,S-649,1369.8,3566.1
industrial_firm,agriculture_industry,Altayoğlu Müh. Tarım Mak. San. ve Tic. Ltd. Şti.,5742140.3,2175307.0,1,0.000000,S-649,1048.9,3483.0
industrial_firm,food,BEYNAK NAKLİYE YAĞ SAN. TİC. LTD. ŞTİ.,5743035.5,2175716.0,1,0.000000,S-649,1488.5,4072.6
industrial_firm,unclassified,DEKTA MÜHENDİSLİK ÇADIR BRANDA İNŞ. SAN. TİC. LTD. ŞTİ.,5742512.7,2175664.9,1,0.000000,S-649,1096.7,3714.7
industrial_firm,machinery_auto,GÜLERAY ELEKTRİK MOTOR SAN. VE TİC. LTD. ŞTİ.,5742633.5,2175803.5,1,0.000000,S-649,1107.5,4072.6
industrial_firm,machinery_auto,Gülen Teknoloji Elektronik İnşaat San. Ve Tic. Ltd. Şti.,5742647.8,2175148.9,1,0.000000,S-649,1519.6,3714.7
industrial_firm,unclassified,KARADENİZ TABLDOT - İSMAİL KISA,5742327.0,2175517.7,1,0.000000,S-649,1033.0,3714.7
industrial_firm,textile,LİDER İPLİK SAN. VE TEKSTİL ÜRÜN. LTD. ŞTİ.,5742797.1,2175683.1,1,0.000000,S-649,1310.5,4072.6
industrial_firm,pharma_cosmetic,MERVE MEDİKAL SAN. TİC. LTD. ŞTİ.,5743056.4,2175572.2,1,0.000000,S-649,1584.9,4072.6
industrial_firm,agriculture_industry|food,OHRE TORNA HAYVANCILIK YAPI İNŞ. TAAH. GIDA SAN. VE TİC. LTD. ŞTİ.,5742431.7,2175608.3,1,0.000000,S-649,1058.6,3714.7
industrial_firm,food,PEKMEZLER YAĞ SABUN VE PAMUK A.Ş.,5742375.3,2175029.1,1,0.000000,S-649,1411.6,3467.2
industrial_firm,leather|textile,SALDER SUNİ DERİ TEKSTİL SAN. TİC. A.Ş.,5742555.5,2175168.7,1,0.000000,S-649,1440.2,3678.8
industrial_firm,machinery_auto,SARAÇ KABLO SAN. TİC. LTD. ŞTİ.,5742385.1,2175287.6,1,0.000000,S-649,1235.7,3642.3
industrial_firm,plastic_rubber,SERT PLASTİK PROFİL SAN. VE TİC. LTD. ŞTİ.,5742320.0,2175313.7,1,0.000000,S-649,1171.2,3614.8
industrial_firm,unclassified,TE-HA REKLAM PROMOSYON İLETİŞİM DANIŞMANLIK VE TİC. LTD. ŞTİ.,5742584.9,2175729.0,1,0.000000,S-649,1118.8,4072.6
industrial_firm,food,ÇINARLI DIŞ TİCARET,5742531.9,2175697.8,1,0.000000,S-649,1097.6,3714.7
industrial_firm,food,ÖZTAN GIDA SAN. VE TİC. LTD. ŞTİ.,5742560.3,2175574.7,1,0.000000,S-649,1184.2,3714.7
industrial_firm,machinery_auto,İDEAL MAKİNE SAN. VE TİC. LTD. ŞTİ.,5742599.0,2175786.1,1,0.000000,S-649,1091.7,4072.6
industrial_firm,unclassified,İMAMOĞLU SOĞUTMA CİHAZLARI SAN. VE TİC. LTD. ŞTİ,5742551.6,2175424.0,1,0.000000,S-649,1264.9,3714.7
industrial_firm,unclassified,ŞENOL SOĞUTMA SAN. VE TİC. LTD. ŞTİ.,5743196.6,2175629.9,1,0.000000,S-649,1671.0,4072.6
industrial_firm,food,FRİGOBLOCK SOĞUTMA SİSTEMLERİ SANAYİ VE TİCARET A.Ş.,5781885.4,2180600.3,1,0.000000,S-663,770.7,0.0
industrial_firm,unclassified,AK ORGANİK ÜR.SSAN.TİC.A.Ş.,5781338.1,2179944.5,1,0.000000,S-665,378.0,826.0
industrial_firm,unclassified,ALACALI İNŞ. TİC. A.Ş.,5781582.4,2180094.3,1,0.000000,S-665,355.8,428.6
industrial_firm,chemical,BOYTEK REÇİNE BOYA SAN.TİC.AŞ.,5781426.2,2180231.5,1,0.000000,S-665,549.5,488.9
industrial_firm,mining_stone,CAM TEZ SÜSLEME SAN.TİC.LTD.ŞTİ,5781383.4,2180021.8,1,0.000000,S-665,416.1,538.3
industrial_firm,agriculture_industry|food,EKSUN GIDA TARIM SAN. VE TİC. A.Ş.,5781576.3,2180254.5,1,0.000000,S-665,501.1,368.2
industrial_firm,wood_paper,METEKSAN MATBAACILIK SAN.TİC.AŞ.,5781825.8,2179445.7,1,0.000000,S-665,286.4,640.2
industrial_firm,wood_paper,MURATLI KARTON KAĞIT SAN.TİC.AŞ.,5780965.2,2179881.3,1,0.000000,S-665,436.3,1252.8
industrial_firm,food,REKA BİTKİSEL YAĞ. SAN. VE TİC. A.Ş.,5781109.6,2179655.8,1,0.000000,S-665,193.3,1230.7
industrial_firm,chemical|textile,TÜBAŞ TEKSTİL BOYAMA SAN.TİC. AŞ.,5781813.9,2180149.3,1,0.000000,S-665,336.8,366.8
industrial_firm,chemical|textile,TÜBAŞ TEKSTİL BOYAMA SAN.TİC. AŞ.,5781599.8,2179981.3,1,0.000000,S-665,246.1,488.9
industrial_firm,energy_waste,ÖZDENLER AKARYAKIT LTD.ŞTİ.,5781358.6,2180069.7,1,0.000000,S-665,467.5,521.9
industrial_firm,unclassified,İNANÇ OTO SAN. TİC. AŞ.,5781610.9,2180512.9,1,0.000000,S-665,728.9,368.2
industrial_firm,food|machinery_auto,ALIN OTOMOTİV SAN. TİC. (AHMET BOZYOKUŞ),5743218.1,2175381.8,1,0.000000,S-711,1447.5,3676.9
industrial_firm,mining_stone,ASTÜRK MADENCİLİK İNŞ. SAN. TİC. LTD. ŞTİ.,5743143.5,2175475.3,1,0.000000,S-711,1560.6,3676.9
industrial_firm,mining_stone,ASTÜRK MADENCİLİK İNŞ. SAN. TİC. LTD. ŞTİ.,5743181.6,2175509.4,1,0.000000,S-711,1580.0,3676.9
industrial_firm,plastic_rubber,BİROL PLASTİK SAN.,5742772.8,2175098.7,1,0.000000,S-711,1408.0,3616.5
industrial_firm,mining_stone,DİZTAŞ ( BİO DİZEL),5742676.8,2175022.8,1,0.000000,S-711,1412.3,3616.5
industrial_firm,agriculture_industry|machinery_auto,ERGEN ZİRAAT MAKİNALARI SAN. VE TİC. LTD. ŞTİ.,5742599.8,2175049.3,1,0.000000,S-711,1461.8,2413.1
industrial_firm,machinery_auto|textile,KOMAS MAKİNE İNŞAAT TEKSTİL SAN. VE TİC. LTD. ŞTİ.,5743134.2,2175564.8,1,0.000000,S-711,1648.0,3676.9
industrial_firm,machinery_auto,KURT MÜHENDİSLİK MAKİNE SAN. ve DAH. Tic. LTD. ŞTİ.,5742811.2,2174962.1,1,0.000000,S-711,1277.7,3616.5
industrial_firm,food,MARMARA GIDA MAD. TİC. SAN. LTD. ŞTİ.,5742927.3,2175235.6,1,0.000000,S-711,1436.0,3616.5
industrial_firm,agriculture_industry|machinery_auto,NALBANTOĞLU ZİRAAT MAKİNELERİ ve TARIM ÜRÜNLERİ TİC. LTD. ŞTİ.,5743044.3,2175212.0,1,0.000000,S-711,1360.6,3616.5
industrial_firm,metal,SARDEMİR ENDÜSTRİYEL TESİSLER İNŞ. SAN. TİC. LTD. ŞTİ.,5743266.9,2175601.8,1,0.000000,S-711,1644.0,3676.9
industrial_firm,food,SEÇKİN PEYNİRCİLİK,5742627.0,2174875.3,1,0.000000,S-711,1287.8,2440.3
industrial_firm,textile,TUTKU ÇORAP ÖRME TEKSTİL SAN. VE TİC. LTD. ŞTİ.,5743264.5,2175477.9,1,0.000000,S-711,1525.2,3676.9
industrial_firm,agriculture_industry,İRFAN EKMEN TARIM SAN. ve TİC. LTD. ŞTİ.,5742930.7,2175106.7,1,0.000000,S-711,1323.7,3616.5
industrial_firm,agriculture_industry|machinery_auto,İRTEM TARIM MAKİNELERİ SAN. VE TİC. LTD. ŞTİ.,5742508.3,2174952.3,1,0.000000,S-711,1364.8,2321.6
industrial_firm,unclassified,ARMOSAN Sıcak Çekme Dikişsiz Boru San. ve Tic.A.Ş.,5711451.6,2237165.5,1,0.000000,S-97,928.4,4566.7
industrial_firm,wood_paper,BERSAN AHŞAP SANAYİ A.Ş.,5711164.5,2236926.0,1,0.000000,S-97,1302.2,4566.7
industrial_firm,mining_stone,BURAK Mermer İnş.Taah.San.Tic.Ltd.Şti.,5711305.5,2236265.6,1,0.000000,S-97,1460.2,6382.3
industrial_firm,machinery_auto|plastic_rubber,Ceysan Plastik Kalıp Makina İnş.San.ve Tic.Ltd.Şti.,5711696.4,2236943.1,1,0.000000,S-97,942.7,4566.7
industrial_firm,metal,DÖVPARSAN Sıcak Dövme ve İşleme Metal San.Tic.Ltd.Şti.,5711440.2,2236286.8,1,0.000000,S-97,1324.4,6382.3
industrial_firm,machinery_auto,EKOMAK Endst. Komprosör ve Makine San.Tic.A.Ş.,5711665.0,2237182.6,1,0.000000,S-97,764.1,4566.7
industrial_firm,machinery_auto,GİSAN MAKİNA San. ve Tic. Ltd. Şti.,5711273.7,2236697.9,1,0.000000,S-97,1386.8,4566.7
industrial_firm,metal,Hilal Alüminyum San.ve Tic.Ltd.Şti.,5711429.5,2236439.3,1,0.000000,S-97,1333.0,6305.5
industrial_firm,unclassified,KAPI SİSTEMLERİ Mümessillik San.ve Tic.Ltd.Şti.,5711541.9,2237296.8,1,0.000000,S-97,775.9,4566.7
industrial_firm,energy_waste,KARTEKS Geri Dönüşüm Enerji San. Ve Dış Tic.Ltd.Şti.,5711154.4,2237401.3,1,0.000000,S-97,986.1,3994.2
industrial_firm,unclassified,KEPSAN Kepenk Profil ve inşaat San. Tic. Ltd. Şti.,5711555.0,2237167.0,1,0.000000,S-97,850.7,4566.7
industrial_firm,unclassified,KOÇAK İnş. Nakliyat Turizm Tic.Ltd.Şti.,5711266.4,2236620.4,1,0.000000,S-97,1451.7,4566.7
industrial_firm,food|machinery_auto|wood_paper,MATSET Matbaa Makina ve Malzemeleri San.ve Tic.A.Ş,5711049.0,2237184.3,1,0.000000,S-97,1214.2,4029.5
industrial_firm,pharma_cosmetic|textile,MEDİTEKS Sağlık Hiz.Tıbbi Mlz.Tekstil Ürünleri San.Dış.Tic.A.Ş.,5711398.1,2237352.6,1,0.000000,S-97,862.3,4029.5
industrial_firm,energy_waste,NANO TECH Enerji Ürünleri Üretim San.ve Tic.A.Ş.,5711140.8,2236724.5,1,0.000000,S-97,1456.5,4566.7
industrial_firm,textile,NEVZAT İPLİK SANAYİ ve DIŞ.TİC.LTD.ŞTİ.,5711396.9,2237055.0,1,0.000000,S-97,1042.5,4566.7
industrial_firm,metal,Nalbantoğlu Metal San.ve Tic.Ltd.Şti.,5711504.0,2237398.9,1,0.000000,S-97,752.3,4566.7
industrial_firm,metal,PAKTEL Mutfak Gereçleri San. ve Tic. Ltd. Şti.,5711319.2,2237065.7,1,0.000000,S-97,1093.9,4566.7
industrial_firm,chemical,PE-RE-JA İLERİ KİMYA San.A.Ş.,5711603.6,2236542.3,1,0.000000,S-97,1158.9,6202.5
industrial_firm,machinery_auto,SANKA Sanayi Kablo A.Ş.,5711745.5,2236821.4,1,0.000000,S-97,996.9,5490.9
industrial_firm,metal,SOLMAZ Alüminyum Doğrama San.ve Tic.Ltd.Şti.,5711087.9,2237291.2,1,0.000000,S-97,1110.8,4009.5
industrial_firm,unclassified,SPB İZOLASYON İnşaat San.ve Tic.LTD.Şti,5711431.1,2236667.4,1,0.000000,S-97,1316.9,4566.7
industrial_firm,machinery_auto|metal,SÖNMEZ Çelik Konstrüksiyon Makine İnşaat inş.Kim.Tur. Taah.DışTi. Ltd.Şti.,5711683.8,2237025.6,1,0.000000,S-97,878.8,4566.7
industrial_firm,plastic_rubber,TP THERMOPLAST Plastik Sanayi ve Tic.A.Ş.,5711429.2,2236575.3,1,0.000000,S-97,1333.3,6169.6
industrial_firm,wood_paper,TÜRKELİ Kağıt İşletmeleri San.Tic.A.Ş.,5711316.1,2236777.2,1,0.000000,S-97,1299.0,4566.7
industrial_firm,machinery_auto|metal,UZMAKSAN Makine San.ve Alüminyum İth.İhr.Ltd.Şti. ( 2 ),5711347.3,2236268.8,1,0.000000,S-97,1418.3,6382.3
industrial_firm,machinery_auto|metal,UZMAKSAN Makine San.ve Alüminyum İth.İhr.Ltd.Şti. (1),5711192.2,2236502.2,1,0.000000,S-97,1570.3,6242.7
industrial_firm,food,YALE Sentetik Yağlar Ltd.Şti,5711121.1,2236818.1,1,0.000000,S-97,1405.8,4566.7
industrial_firm,metal,ÖNMETAL DÖKÜM San. ve Tic. Ltd. Şti.,5711289.8,2237217.1,1,0.000000,S-97,1029.1,4566.7
industrial_firm,unclassified,İDA HİJYEN TEKNOLOJİLERİ VE ÜRETİM SAN.TİC.A.Ş.,5711218.9,2237049.1,1,0.000000,S-97,1182.9,4566.7
industrial_firm,plastic_rubber,İNTER-PLAST Plastik Doğrama Aksesuar San.Tic.Ltd.Şti.,5711321.5,2236987.2,1,0.000000,S-97,1143.8,4566.7
industrial_firm,food|plastic_rubber,İPEK Plastik San. ve Ticaret A.Ş.,5711619.0,2237412.5,1,0.000000,S-97,646.4,4566.7
industrial_firm,chemical|metal,İZ ELOKSAL Boya Alüminyum İnş.San.ve Dış Tic.Ltd.Şti.,5711328.2,2236843.2,1,0.000000,S-97,1241.5,4566.7
industrial_firm,chemical,ŞENKAY Kimyevi ve Endüstriyel Ürünler Üretim Nak. Paz. San. Tic. Ltd. Şti.,5711034.6,2237095.6,1,0.000000,S-97,1289.3,4029.5
industrial_firm,chemical,ALPKİM KİMYA LTD.ŞTİ.,5747711.8,2137648.2,1,0.000000,S-983,1491.3,188.4
industrial_firm,wood_paper,ASTAND TASARIM MOBİLYA SAN. TİC. LTD. ŞTİ.,5747572.3,2137707.8,1,0.000000,S-983,1445.8,188.4
industrial_firm,machinery_auto|metal,AYSAN MAKİNA METAL İŞLEME SANAYİ / ÜLKÜ YAVAŞ,5747616.8,2137256.5,1,0.000000,S-983,1888.8,188.4
industrial_firm,machinery_auto,BATI ISIL İŞLEM MAKİNA SAN. VE TİC. A.Ş,5747551.4,2137842.0,1,0.000000,S-983,1316.8,188.4
industrial_firm,machinery_auto,BAYSAN MAKİNA DİŞLİ  SAN. TİC. LTD. ŞTİ.,5747235.8,2137165.7,1,0.000000,S-983,2047.5,188.4
industrial_firm,machinery_auto,BİLGİLİ MAKİNA SAN. TİC. LTD. ŞTİ.,5747121.9,2136886.6,1,0.000000,S-983,2347.2,188.4
industrial_firm,food|mining_stone,CAMPRO DIŞ TİCARET A.Ş.,5747257.6,2137723.9,1,0.000000,S-983,1509.6,188.4
industrial_firm,unclassified,DENGE DIŞ TİC. LTD. ŞTİ.,5747100.2,2137001.8,1,0.000000,S-983,2243.6,188.4
industrial_firm,unclassified,DOĞAN OTOMATİV MAK. SAN. VE TİC. LTD. ŞTİ.,5747435.5,2137458.2,1,0.000000,S-983,1715.8,188.4
industrial_firm,unclassified,DOĞUŞ TEKNİK KLİMA HAVALANDIRMA SAN. TİC. LTD. ŞTİ.,5747437.6,2137117.3,1,0.000000,S-983,2050.3,188.4
industrial_firm,machinery_auto,DİPAZ MAKİNE TİC. VE SAN. A.Ş.,5747269.1,2137634.9,1,0.000000,S-983,1589.5,188.4
industrial_firm,energy_waste,ECOSAVE ÇEVRE VE ENERJİ A.Ş.,5747579.3,2137617.7,1,0.000000,S-983,1534.0,188.4
industrial_firm,energy_waste,EFENDİLER ENERJİ SAN. VE TİC.LTD.ŞTİ.,5747159.4,2137701.3,1,0.000000,S-983,1567.5,188.4
industrial_firm,agriculture_industry|mining_stone,EKTAŞ TARIM ÜRÜNLERİ END. VE TİC. A.Ş.,5746937.5,2137457.5,1,0.000000,S-983,1882.8,188.4
industrial_firm,plastic_rubber,EKİNLER PLASTİK VE KALIP SAN. TİC. LTD. ŞTİ.,5747563.0,2137101.9,1,0.000000,S-983,2048.0,188.4
industrial_firm,textile,ELMATEKS BRANDA TEKSTİL SAN. LTD. ŞTİ.,5747457.2,2137640.2,1,0.000000,S-983,1533.3,188.4
industrial_firm,machinery_auto,EMFA ELEKTRİK MALZ. FABRİKA A.Ş.,5747442.6,2137801.2,1,0.000000,S-983,1380.1,188.4
industrial_firm,unclassified,ES KA BALIKÇILIK AĞ VE EKİPMANLARI LTD. ŞTİ.,5747028.2,2137573.2,1,0.000000,S-983,1738.9,188.4
industrial_firm,machinery_auto|textile,GÜL OTOMOTİV TEKSTİL SAN. VE TİC. LTD. ŞTİ.,5747495.0,2137380.2,1,0.000000,S-983,1781.5,188.4
industrial_firm,machinery_auto,GÜNAY PANO ELEKTRİK MÜHENDİSLİK TAAHHÜT VE MAKİNA SAN. TİC. LTD. ŞTİ.,5746935.4,2137273.6,1,0.000000,S-983,2049.4,188.4
industrial_firm,unclassified,HAKAN SÜNGER DÖŞEME MALZEMELERİ İMALAT VE PAZARLAMA SANAYİ A.Ş.,5747134.8,2137167.8,1,0.000000,S-983,2075.1,188.4
industrial_firm,machinery_auto|metal,HİS CİVATA VE MAKİNA SAN. VE TİC. LTD.ŞTİ.,5747444.6,2137551.9,1,0.000000,S-983,1622.2,188.4
industrial_firm,wood_paper,KARADENİZ PRES MOBİLYA VE OTO. SAN. TİC. LTD. ŞTİ.,5747395.1,2137297.2,1,0.000000,S-983,1881.7,188.4
industrial_firm,food|wood_paper,KUBALE AHŞAP SANAYİ VE TİCARET LTD.ŞTİ.,5747166.1,2137326.7,1,0.000000,S-983,1914.4,188.4
industrial_firm,food|wood_paper,KUBALE AHŞAP SANAYİ VE TİCARET LTD.ŞTİ.,5747260.8,2137446.4,1,0.000000,S-983,1771.2,188.4
industrial_firm,plastic_rubber|wood_paper,LARPLAST PLASTİK AMBALAJ SAN VE TİC. LTD. ŞTİ.,5747021.1,2137230.1,1,0.000000,S-983,2055.6,188.4
industrial_firm,plastic_rubber|wood_paper,LARPLAST PLASTİK AMBALAJ SAN VE TİC. LTD. ŞTİ.,5747686.3,2137541.2,1,0.000000,S-983,1599.5,188.4
industrial_firm,food,LUBRATEK ENDÜSTRİYEL YAĞLAR SAN. VE TİC. LTD. ŞTİ.,5747579.6,2136954.0,1,0.000000,S-983,2193.4,188.4
industrial_firm,metal|wood_paper,METAL AMBALAJ SAN. VE TİC. LTD. ŞTİ.,5747342.6,2137661.3,1,0.000000,S-983,1541.8,188.4
industrial_firm,machinery_auto,METSAN MAK. YEDEK PARÇA SAN. VE TİC. LTD. ŞTİ.,5747627.0,2137846.8,1,0.000000,S-983,1300.7,188.4
industrial_firm,unclassified,NALOĞLU MANDIRACILIK SAN. VE TİC. LTD. ŞTİ.,5746848.9,2137354.9,1,0.000000,S-983,2014.6,188.4
industrial_firm,textile|wood_paper,NORMEKS AMBALAJ SANAYİ VE TİC. LTD. ŞTİ.,5747525.8,2137450.5,1,0.000000,S-983,1707.2,188.4
industrial_firm,unclassified,NOUVAL GROUP MUTFAK EŞYALARI DIŞ. TİC. LTD. ŞTİ.,5747151.9,2137554.2,1,0.000000,S-983,1706.1,188.4
industrial_firm,unclassified,PERNOSAN DİŞLİ LTD. ŞTİ.,5747203.1,2136990.6,1,0.000000,S-983,2225.0,188.4
industrial_firm,unclassified,POLİMAR POLYESTER VE KOMPOZİT MALZ. SAN. İÇ VE DIŞ TİC. LTD. ŞTİ.,5747483.6,2137229.0,1,0.000000,S-983,1932.5,188.4
industrial_firm,plastic_rubber,SERİNOVA PLASTİK SAN. DIŞ TİC. LTD. ŞTİ.,5747221.8,2137061.3,1,0.000000,S-983,2151.9,188.4
industrial_firm,agriculture_industry|machinery_auto,SULAR TARIM MAKİNELERİ TİC.VE SAN. LTD. ŞTİ.,5747472.3,2136780.7,1,0.000000,S-983,2377.8,188.4
industrial_firm,machinery_auto,TEM TEKNİK ELEKTRİK MALZ. SAN. TİC. AŞ.,5747265.2,2137276.8,1,0.000000,S-983,1932.6,188.4
industrial_firm,unclassified,TENSAFORM MEMBRAN YAPILAR SAN. TİC. A.Ş.,5747664.7,2137473.0,1,0.000000,S-983,1669.1,188.4
industrial_firm,plastic_rubber,TEPSAN TEKİRDAĞ PLASTİK SAN.VE TİC.A.Ş,5747650.3,2137359.0,1,0.000000,S-983,1783.8,188.4
industrial_firm,machinery_auto,UĞURSAN MAKİNE KALIP CNC TAKIM TEZGAHLARI VE BİLGİSAYAR SİSTEMLERİ LTD. ŞTİ.,5747555.2,2137526.8,1,0.000000,S-983,1627.3,188.4
industrial_firm,food|metal,ZENMET METALURJİ SAN VE TİC. A.Ş.,5747490.6,2137309.6,1,0.000000,S-983,1851.8,188.4
industrial_firm,food,ÜNAL PEYNİRCİLİK İTH. İHR. TİC. LTD. ŞTİ.,5746998.6,2136972.1,1,0.000000,S-983,2304.6,188.4
industrial_zone,industrial_zone,Kırklareli OSB,5755403.6,2230424.5,0,1.038457,S-150,1595.8,2368.7
industrial_zone,industrial_zone,Kırklareli OSB,5755403.6,2230424.5,0,0.269230,S-154,1799.9,3004.9
industrial_zone,industrial_zone,Kırklareli OSB,5755403.6,2230424.5,0,0.038461,S-168,1510.1,1351.0
industrial_zone,industrial_zone,Kırklareli OSB,5755403.6,2230424.5,1,2.153837,S-184,1084.8,25.0
industrial_zone,industrial_zone,Kapaklı OSB,5814483.0,2197608.8,0,0.468218,S-425,677.0,7880.7
industrial_zone,industrial_zone,Çerkezköy OSB,5816562.4,2200972.9,0,4.548335,S-425,812.9,3342.9
industrial_zone,industrial_zone,Çerkezköy OSB,5816562.4,2200972.9,1,7.819945,S-443,670.2,2070.9
industrial_zone,industrial_zone,Evrensekiz OSB,5773980.7,2196200.5,0,0.729621,S-451,263.1,6279.7
industrial_zone,industrial_zone,Çerkezköy OSB,5816562.4,2200972.9,0,0.159591,S-471,155.6,2651.9
industrial_zone,industrial_zone,Avrupa Serbest Bölgesi,5803775.0,2195457.6,0,0.730834,S-478,1996.9,6500.5
industrial_zone,industrial_zone,Ergene2 OSB,5796094.7,2188753.1,0,0.606308,S-478,1962.9,17777.9
industrial_zone,industrial_zone,Evrensekiz OSB,5773980.7,2196200.5,0,0.689086,S-483,347.4,6361.5
industrial_zone,industrial_zone,Çerkezköy OSB,5816562.4,2200972.9,0,0.119693,S-485,149.9,282.1
industrial_zone,industrial_zone,Evrensekiz OSB,5773980.7,2196200.5,0,0.040534,S-490,666.4,2378.9
industrial_zone,industrial_zone,Avrupa Serbest Bölgesi,5803775.0,2195457.6,1,1.096250,S-491,1889.5,2022.8
industrial_zone,industrial_zone,Çerkezköy OSB,5816562.4,2200972.9,0,0.119693,S-492,529.8,389.2
industrial_zone,industrial_zone,Kapaklı OSB,5814483.0,2197608.8,1,1.209562,S-496,557.2,72.2
industrial_zone,industrial_zone,Evrensekiz OSB,5773980.7,2196200.5,0,0.081069,S-497,621.5,2575.6
industrial_zone,industrial_zone,Kapaklı OSB,5814483.0,2197608.8,0,1.053490,S-501,361.0,1343.9
industrial_zone,industrial_zone,Veliköy OSB,5813932.3,2193009.9,1,2.783025,S-501,1913.2,3286.0
industrial_zone,industrial_zone,Evrensekiz OSB,5773980.7,2196200.5,1,0.932293,S-503,428.8,655.0
industrial_zone,industrial_zone,Yalıboyu OSB,5811667.9,2195023.8,0,0.188437,S-508,276.5,500.2
industrial_zone,industrial_zone,Ergene1 OSB,5787830.6,2191463.6,0,0.039621,S-509,2101.3,0.0
industrial_zone,industrial_zone,Ergene1 OSB,5787830.6,2191463.6,0,0.118862,S-512,1043.9,3284.8
industrial_zone,industrial_zone,Yalıboyu OSB,5811667.9,2195023.8,1,0.235546,S-514,284.1,1124.7
industrial_zone,industrial_zone,Ergene1 OSB,5787830.6,2191463.6,0,1.901793,S-524,879.9,5391.8
industrial_zone,industrial_zone,Büyükkarıştıran OSB,5783607.6,2190886.6,0,1.998392,S-525,902.5,4020.1
industrial_zone,industrial_zone,Veliköy OSB,5813932.3,2193009.9,0,0.403337,S-538,2112.3,0.0
industrial_zone,industrial_zone,Velimeşe OSB,5809554.5,2189793.0,0,0.559108,S-538,1555.3,0.0
industrial_zone,industrial_zone,Velimeşe OSB,5809554.5,2189793.0,0,4.113435,S-545,465.0,4902.8
industrial_zone,industrial_zone,Çorlu Deri İhtisas ve Karma OSB,5803576.9,2184637.3,1,0.625263,S-545,253.6,13292.7
industrial_zone,industrial_zone,Ergene2 OSB,5796094.7,2188753.1,0,0.929673,S-554,337.9,3739.3
industrial_zone,industrial_zone,Büyükkarıştıran OSB,5783607.6,2190886.6,1,4.150507,S-560,651.9,2886.4
industrial_zone,industrial_zone,Ergene1 OSB,5787830.6,2191463.6,1,3.130034,S-560,953.8,286.6
industrial_zone,industrial_zone,Ergene2 OSB,5796094.7,2188753.1,0,1.414720,S-566,539.0,1615.3
industrial_zone,industrial_zone,Ergene2 OSB,5796094.7,2188753.1,0,0.444626,S-571,2097.0,0.0
industrial_zone,industrial_zone,Ergene2 OSB,5796094.7,2188753.1,0,0.202103,S-573,1212.2,0.0
industrial_zone,industrial_zone,Veliköy OSB,5813932.3,2193009.9,0,0.645339,S-575,2249.4,0.0
industrial_zone,industrial_zone,Velimeşe OSB,5809554.5,2189793.0,1,7.667762,S-575,604.8,3007.3
industrial_zone,industrial_zone,Ergene1 OSB,5787830.6,2191463.6,0,0.316966,S-579,1718.3,0.0
industrial_zone,industrial_zone,Ergene2 OSB,5796094.7,2188753.1,0,0.080841,S-581,75.5,192.0
industrial_zone,industrial_zone,Ergene2 OSB,5796094.7,2188753.1,0,0.929673,S-583,984.9,1186.3
industrial_zone,industrial_zone,Ergene2 OSB,5796094.7,2188753.1,1,3.193225,S-595,1213.1,503.7
industrial_zone,industrial_zone,Muratlı OSB,5781492.6,2180884.5,1,1.267570,S-616,615.9,9073.0
industrial_zone,industrial_zone,Çorlu Deri İhtisas ve Karma OSB,5803576.9,2184637.3,0,0.586184,S-625,337.3,576.8
industrial_zone,industrial_zone,Hayrabolu OSB,5742699.2,2175360.5,1,0.641575,S-649,1273.5,3777.9
industrial_zone,industrial_zone,Muratlı OSB,5781492.6,2180884.5,0,1.037102,S-665,387.4,1041.6
industrial_zone,industrial_zone,Hayrabolu OSB,5742699.2,2175360.5,0,0.342173,S-711,1433.4,3474.0
industrial_zone,industrial_zone,Edirne OSB,5711391.6,2236883.3,1,1.073828,S-97,1120.6,4887.6
industrial_zone,industrial_zone,Malkara OSB,5747311.9,2137261.6,1,0.920593,S-983,1892.7,188.4
urban_corine,urban_discontinuous,Discontinuous urban fabric,5722524.3,2256497.5,0,0.038784,S-10,159.1,18732.0
urban_corine,urban_discontinuous,Discontinuous urban fabric,5724040.3,2234977.4,1,0.159336,S-105,709.2,6523.4
urban_corine,urban_discontinuous,Discontinuous urban fabric,5744495.8,2238120.6,1,0.214639,S-111,1937.6,197.3
urban_corine,industrial_commercial,Industrial or commercial units,5741738.5,2237963.8,1,0.317597,S-111,388.8,1851.7
urban_corine,urban_discontinuous,Discontinuous urban fabric,5778146.7,2237580.7,1,0.289234,S-112,209.6,1463.2
urban_corine,urban_discontinuous,Discontinuous urban fabric,5785196.4,2240066.6,1,0.343600,S-119,1573.2,29.2
urban_corine,urban_discontinuous,Discontinuous urban fabric,5715606.7,2238304.4,1,0.422482,S-120,228.5,4125.0
urban_corine,urban_discontinuous,Discontinuous urban fabric,5715566.2,2234732.8,1,0.297953,S-120,172.0,8079.1
urban_corine,urban_discontinuous,Discontinuous urban fabric,5714942.2,2226404.1,1,0.413212,S-120,147.8,17407.6
urban_corine,urban_discontinuous,Discontinuous urban fabric,5711973.2,2218710.3,0,0.045241,S-120,1355.2,26878.0
urban_corine,urban_discontinuous,Discontinuous urban fabric,5713631.8,2215248.3,1,0.367388,S-120,293.6,30385.1
urban_corine,mineral_extraction,Mineral extraction sites,5713084.0,2228122.8,0,0.131056,S-120,1698.5,15849.6
urban_corine,transport,Road and rail networks and associated land,5715095.0,2214420.2,0,0.306243,S-120,852.3,30980.9
urban_corine,urban_discontinuous,Discontinuous urban fabric,5759722.7,2237417.9,1,1.016291,S-125,313.8,822.5
urban_corine,urban_discontinuous,Discontinuous urban fabric,5759191.2,2236676.3,1,0.044402,S-125,127.3,1758.9
urban_corine,urban_discontinuous,Discontinuous urban fabric,5728786.5,2231743.1,1,0.558655,S-126,191.4,6985.1
urban_corine,urban_discontinuous,Discontinuous urban fabric,5728712.0,2228558.5,1,0.404267,S-126,250.4,10771.1
urban_corine,mineral_extraction,Mineral extraction sites,5774595.0,2236145.8,1,0.314266,S-132,2142.3,583.0
urban_corine,urban_continuous,Continuous urban fabric,5745182.7,2233813.9,0,0.656308,S-135,426.8,2657.6
urban_corine,urban_discontinuous,Discontinuous urban fabric,5744495.8,2238120.6,0,0.042928,S-135,1884.2,0.0
urban_corine,urban_discontinuous,Discontinuous urban fabric,5745061.5,2236064.8,0,0.047772,S-135,1211.0,147.9
urban_corine,urban_discontinuous,Discontinuous urban fabric,5745198.8,2233850.5,0,2.155630,S-135,294.6,2956.6
urban_corine,urban_discontinuous,Discontinuous urban fabric,5743525.8,2231326.8,1,0.580289,S-135,462.5,5884.9
urban_corine,industrial_commercial,Industrial or commercial units,5744023.5,2235953.4,1,0.225034,S-135,360.0,280.8
urban_corine,mineral_extraction,Mineral extraction sites,5737548.6,2233696.5,1,0.040039,S-136,125.2,2359.9
urban_corine,mineral_extraction,Mineral extraction sites,5736966.6,2232978.6,1,0.345575,S-136,134.6,3356.9
urban_corine,urban_discontinuous,Discontinuous urban fabric,5734094.2,2236192.6,1,0.927406,S-138,1290.9,21.2
urban_corine,urban_continuous,Continuous urban fabric,5745182.7,2233813.9,1,1.886886,S-139,269.9,1792.8
urban_corine,urban_discontinuous,Discontinuous urban fabric,5745061.5,2236064.8,1,0.286629,S-139,911.3,0.0
urban_corine,urban_discontinuous,Discontinuous urban fabric,5745198.8,2233850.5,1,2.474982,S-139,556.9,1576.6
urban_corine,urban_discontinuous,Discontinuous urban fabric,5747871.6,2227216.9,1,0.218380,S-142,493.0,9445.0
urban_corine,industrial_commercial,Industrial or commercial units,5747809.2,2233169.4,1,0.637873,S-142,779.3,2234.4
urban_corine,mineral_extraction,Mineral extraction sites,5749771.7,2231726.3,1,0.714301,S-142,657.3,3923.6
urban_corine,urban_discontinuous,Discontinuous urban fabric,5724040.3,2234977.4,0,0.119502,S-145,720.9,294.3
urban_corine,urban_discontinuous,Discontinuous urban fabric,5722959.9,2228795.0,1,0.606770,S-145,215.7,7942.5
urban_corine,urban_discontinuous,Discontinuous urban fabric,5782505.8,2231918.2,0,0.057892,S-148,53.0,3832.2
urban_corine,urban_discontinuous,Discontinuous urban fabric,5760368.5,2229876.0,0,0.084045,S-149,12.5,4641.0
urban_corine,urban_discontinuous,Discontinuous urban fabric,5754954.7,2235187.0,1,0.244232,S-150,1636.5,0.0
urban_corine,industrial_commercial,Industrial or commercial units,5755664.1,2231180.2,1,0.500975,S-150,1694.7,1680.7
urban_corine,urban_discontinuous,Discontinuous urban fabric,5719024.3,2231598.4,1,1.039316,S-151,223.6,2672.8
urban_corine,industrial_commercial,Industrial or commercial units,5718080.1,2230616.5,1,0.974233,S-151,838.3,4066.7
urban_corine,urban_discontinuous,Discontinuous urban fabric,5786650.0,2234850.0,1,0.010000,S-153,1442.7,0.0
urban_corine,urban_discontinuous,Discontinuous urban fabric,5786887.3,2234273.5,1,0.409022,S-153,836.8,0.0
urban_corine,industrial_commercial,Industrial or commercial units,5785311.6,2231313.6,1,0.251432,S-153,1686.4,2941.3
urban_corine,mineral_extraction,Mineral extraction sites,5784935.6,2231559.2,1,0.088137,S-153,2082.5,2379.1
urban_corine,urban_discontinuous,Discontinuous urban fabric,5757621.0,2231295.4,1,0.253623,S-154,359.9,2889.6
urban_corine,urban_discontinuous,Discontinuous urban fabric,5757400.4,2225863.2,1,0.513592,S-154,240.8,9838.7
urban_corine,urban_discontinuous,Discontinuous urban fabric,5755723.6,2218750.7,1,0.224221,S-154,186.1,19595.2
urban_corine,industrial_commercial,Industrial or commercial units,5755664.1,2231180.2,0,0.041748,S-154,1778.4,2807.4
urban_corine,urban_discontinuous,Discontinuous urban fabric,5777963.9,2229003.8,1,0.295326,S-155,199.8,5287.4
urban_corine,urban_discontinuous,Discontinuous urban fabric,5776863.9,2224193.4,1,0.677643,S-155,232.4,11073.1
urban_corine,mineral_extraction,Mineral extraction sites,5778765.3,2227521.8,1,0.776464,S-155,951.0,6806.9
urban_corine,mineral_extraction,Mineral extraction sites,5777550.5,2225307.3,1,0.919569,S-155,584.8,9522.7
urban_corine,urban_discontinuous,Discontinuous urban fabric,5735389.2,2230112.7,1,0.220969,S-160,288.6,2707.1
urban_corine,urban_discontinuous,Discontinuous urban fabric,5745198.8,2233850.5,0,0.199595,S-161,414.9,46.8
urban_corine,industrial_commercial,Industrial or commercial units,5747809.2,2233169.4,1,0.637873,S-161,1370.2,0.0
urban_corine,urban_discontinuous,Discontinuous urban fabric,5782505.8,2231918.2,1,0.231566,S-162,134.1,494.4
urban_corine,mineral_extraction,Mineral extraction sites,5784935.6,2231559.2,1,0.088137,S-162,2128.9,600.5
urban_corine,urban_discontinuous,Discontinuous urban fabric,5753519.5,2230894.4,0,0.127088,S-163,534.5,572.5
urban_corine,industrial_commercial,Industrial or commercial units,5773347.3,2227806.3,1,0.259973,S-165,527.6,5061.7
urban_corine,mineral_extraction,Mineral extraction sites,5773386.1,2232688.7,1,0.277816,S-165,1605.2,0.0
urban_corine,mineral_extraction,Mineral extraction sites,5774196.2,2228680.1,1,1.472194,S-165,553.9,3711.2
urban_corine,industrial_commercial,Industrial or commercial units,5750848.5,2231930.3,1,0.445566,S-166,661.8,0.0
urban_corine,mineral_extraction,Mineral extraction sites,5749771.7,2231726.3,0,0.210088,S-166,1213.9,15.6
urban_corine,urban_discontinuous,Discontinuous urban fabric,5767220.7,2230377.4,1,0.505177,S-167,730.4,1628.7
urban_corine,mineral_extraction,Mineral extraction sites,5766253.0,2231190.2,1,0.225137,S-167,140.7,392.0
urban_corine,urban_discontinuous,Discontinuous urban fabric,5753519.5,2230894.4,1,0.465990,S-168,605.8,864.2
urban_corine,urban_discontinuous,Discontinuous urban fabric,5767220.7,2230377.4,0,0.126294,S-169,863.9,832.8
urban_corine,urban_discontinuous,Discontinuous urban fabric,5712179.4,2231717.4,0,0.038289,S-170,330.0,0.0
urban_corine,mineral_extraction,Mineral extraction sites,5713084.0,2228122.8,0,0.174742,S-170,1578.7,1167.4
urban_corine,urban_discontinuous,Discontinuous urban fabric,5761625.1,2218819.9,1,0.317834,S-171,276.9,14298.9
urban_corine,urban_discontinuous,Discontinuous urban fabric,5761209.2,2214140.3,1,0.387247,S-171,364.7,20102.0
urban_corine,urban_discontinuous,Discontinuous urban fabric,5761225.2,2209566.4,1,0.280695,S-171,235.7,26057.3
urban_corine,industrial_commercial,Industrial or commercial units,5760345.5,2208701.4,1,0.384081,S-171,845.5,26781.7
urban_corine,urban_discontinuous,Discontinuous urban fabric,5760368.5,2229876.0,0,0.084045,S-172,92.3,720.6
urban_corine,mineral_extraction,Mineral extraction sites,5770408.0,2229091.2,1,0.540004,S-175,1292.0,97.2
urban_corine,urban_discontinuous,Discontinuous urban fabric,5760368.5,2229876.0,1,0.168090,S-176,147.4,303.5
urban_corine,urban_discontinuous,Discontinuous urban fabric,5722959.9,2228795.0,0,0.040451,S-177,221.5,1798.2
urban_corine,urban_discontinuous,Discontinuous urban fabric,5735389.2,2230112.7,0,0.110485,S-178,456.3,223.9
urban_corine,urban_discontinuous,Discontinuous urban fabric,5710258.4,2223778.0,1,0.446045,S-179,437.6,7269.2
urban_corine,mineral_extraction,Mineral extraction sites,5713084.0,2228122.8,0,0.305798,S-179,1650.0,1687.2
urban_corine,industrial_commercial,Industrial or commercial units,5718080.1,2230616.5,0,0.202965,S-181,1034.6,0.0
urban_corine,urban_discontinuous,Discontinuous urban fabric,5780712.9,2224419.4,1,0.453722,S-182,375.3,5809.1
urban_corine,urban_discontinuous,Discontinuous urban fabric,5779768.7,2220652.1,1,0.465910,S-182,521.2,10274.4
urban_corine,urban_discontinuous,Discontinuous urban fabric,5779332.3,2215766.9,1,0.641898,S-182,227.3,16922.4
urban_corine,mineral_extraction,Mineral extraction sites,5778765.3,2227521.8,0,0.077646,S-182,1593.1,2883.1
urban_corine,industrial_commercial,Industrial or commercial units,5755664.1,2231180.2,0,0.250487,S-184,1705.5,0.0
urban_corine,urban_discontinuous,Discontinuous urban fabric,5735095.5,2224661.2,1,0.302528,S-185,633.3,5580.8
urban_corine,urban_discontinuous,Discontinuous urban fabric,5733973.5,2224673.7,1,0.548050,S-185,396.6,5435.7
urban_corine,urban_discontinuous,Discontinuous urban fabric,5734336.1,2220286.2,1,0.321829,S-185,440.0,10820.1
urban_corine,urban_discontinuous,Discontinuous urban fabric,5733985.6,2215740.0,1,0.703714,S-185,812.1,16804.1
urban_corine,urban_discontinuous,Discontinuous urban fabric,5733512.5,2210314.6,1,0.280567,S-185,1172.2,23078.0
urban_corine,transport,Road and rail networks and associated land,5733904.2,2211316.8,1,0.305734,S-185,576.2,22252.0
urban_corine,urban_discontinuous,Discontinuous urban fabric,5793204.0,2226760.3,1,2.150993,S-187,525.6,2149.2
urban_corine,industrial_commercial,Industrial or commercial units,5792914.9,2228166.1,1,0.416059,S-187,309.2,1041.0
urban_corine,industrial_commercial,Industrial or commercial units,5792114.0,2227298.2,1,0.343280,S-187,610.4,2290.1
urban_corine,industrial_commercial,Industrial or commercial units,5784750.0,2231150.0,1,0.010000,S-188,1894.2,0.0
urban_corine,industrial_commercial,Industrial or commercial units,5785311.6,2231313.6,0,0.215513,S-188,1856.1,0.0
urban_corine,mineral_extraction,Mineral extraction sites,5784935.6,2231559.2,1,0.088137,S-188,2114.6,0.0
urban_corine,urban_discontinuous,Discontinuous urban fabric,5722959.9,2228795.0,0,0.080903,S-190,297.7,113.4
urban_corine,urban_discontinuous,Discontinuous urban fabric,5722580.2,2222423.4,1,0.442375,S-190,401.4,7189.3
urban_corine,urban_discontinuous,Discontinuous urban fabric,5727367.7,2222656.3,0,0.040089,S-191,755.2,7289.2
urban_corine,industrial_commercial,Industrial or commercial units,5770601.1,2228346.8,0,0.082815,S-196,1395.0,0.0
urban_corine,urban_discontinuous,Discontinuous urban fabric,5771816.9,2227544.7,1,1.863082,S-198,699.0,1397.0
urban_corine,industrial_commercial,Industrial or commercial units,5770601.1,2228346.8,1,0.579705,S-198,1168.5,3098.7
urban_corine,industrial_commercial,Industrial or commercial units,5773347.3,2227806.3,0,0.074278,S-198,678.1,0.0
urban_corine,industrial_commercial,Industrial or commercial units,5770669.1,2227417.2,1,0.345517,S-198,319.0,2914.4
urban_corine,mineral_extraction,Mineral extraction sites,5770408.0,2229091.2,0,0.077143,S-198,1497.2,3103.5
urban_corine,urban_discontinuous,Discontinuous urban fabric,5751980.4,2220296.3,0,0.149648,S-200,309.5,7997.1
urban_corine,urban_discontinuous,Discontinuous urban fabric,5766385.5,2222145.1,1,0.263907,S-209,199.7,4838.1
urban_corine,urban_discontinuous,Discontinuous urban fabric,5766263.8,2217844.1,1,0.412644,S-209,152.0,9805.4
urban_corine,urban_discontinuous,Discontinuous urban fabric,5722524.3,2256497.5,1,0.232702,S-21,109.0,319.3
urban_corine,urban_discontinuous,Discontinuous urban fabric,5727367.7,2222656.3,1,0.440978,S-210,452.4,4039.6
urban_corine,urban_discontinuous,Discontinuous urban fabric,5743116.3,2224226.0,1,1.581442,S-213,524.1,2124.5
urban_corine,industrial_commercial,Industrial or commercial units,5744284.4,2222903.6,1,0.446996,S-213,1799.5,3281.0
urban_corine,mineral_extraction,Mineral extraction sites,5713084.0,2228122.8,1,0.349483,S-214,1262.7,0.0
urban_corine,urban_discontinuous,Discontinuous urban fabric,5719352.1,2225752.1,1,0.006847,S-215,747.8,195.7
urban_corine,urban_discontinuous,Discontinuous urban fabric,5719024.4,2225515.3,1,0.266330,S-215,303.0,966.5
urban_corine,urban_discontinuous,Discontinuous urban fabric,5718588.1,2222541.2,1,0.279766,S-215,441.7,4877.1
urban_corine,urban_discontinuous,Discontinuous urban fabric,5717280.1,2220363.4,1,0.206564,S-215,654.5,8184.1
urban_corine,urban_discontinuous,Discontinuous urban fabric,5789749.6,2225505.6,1,0.324626,S-217,333.8,777.9
urban_corine,urban_discontinuous,Discontinuous urban fabric,5747871.6,2227216.9,0,0.124789,S-218,566.8,105.2
urban_corine,industrial_commercial,Industrial or commercial units,5746231.0,2223751.5,1,0.294144,S-219,1047.4,2695.2
urban_corine,urban_discontinuous,Discontinuous urban fabric,5793204.0,2226760.3,0,0.121754,S-221,565.1,601.9
urban_corine,urban_discontinuous,Discontinuous urban fabric,5731226.9,2220144.7,1,0.506732,S-222,173.8,5810.2
urban_corine,urban_discontinuous,Discontinuous urban fabric,5798372.8,2225789.7,1,0.296344,S-223,1258.4,0.0
urban_corine,urban_discontinuous,Discontinuous urban fabric,5754455.9,2212689.9,0,0.110786,S-224,209.5,13351.0
urban_corine,urban_discontinuous,Discontinuous urban fabric,5793204.0,2226760.3,0,0.649356,S-225,1119.7,1994.2
urban_corine,urban_discontinuous,Discontinuous urban fabric,5711973.2,2218710.3,1,0.271444,S-229,1115.9,5813.5
urban_corine,urban_discontinuous,Discontinuous urban fabric,5734972.3,2255317.2,1,0.381719,S-23,313.0,1021.9
urban_corine,industrial_commercial,Industrial or commercial units,5756938.4,2210254.1,0,0.120020,S-230,840.3,15623.9
urban_corine,urban_discontinuous,Discontinuous urban fabric,5801269.4,2224543.4,1,0.415962,S-233,954.7,0.0
urban_corine,urban_discontinuous,Discontinuous urban fabric,5809134.8,2222540.6,1,0.240504,S-236,429.5,1750.7
urban_corine,mineral_extraction,Mineral extraction sites,5808976.6,2223545.0,1,0.329391,S-236,1179.1,1290.4
urban_corine,urban_discontinuous,Discontinuous urban fabric,5812382.8,2222471.2,1,0.872242,S-237,525.4,178.5
urban_corine,urban_discontinuous,Discontinuous urban fabric,5772410.0,2206666.1,0,0.120851,S-239,115.9,19163.8
urban_corine,urban_discontinuous,Discontinuous urban fabric,5795397.5,2220834.2,1,0.556780,S-240,1951.6,1034.0
urban_corine,urban_continuous,Continuous urban fabric,5808740.9,2215586.7,1,0.255025,S-241,619.2,14116.6
urban_corine,urban_discontinuous,Discontinuous urban fabric,5808570.1,2215708.8,1,1.344440,S-241,549.6,14003.9
urban_corine,industrial_commercial,Industrial or commercial units,5809651.9,2217386.0,1,0.593336,S-241,691.5,11116.0
urban_corine,urban_discontinuous,Discontinuous urban fabric,5795397.5,2220834.2,0,0.074237,S-243,1923.9,0.0
urban_corine,urban_discontinuous,Discontinuous urban fabric,5751980.4,2220296.3,1,0.199530,S-251,267.6,2460.0
urban_corine,urban_discontinuous,Discontinuous urban fabric,5717280.1,2220363.4,0,0.123939,S-254,792.8,1455.2
urban_corine,transport,Road and rail networks and associated land,5715095.0,2214420.2,0,0.306243,S-254,725.9,8841.0
urban_corine,urban_discontinuous,Discontinuous urban fabric,5803365.1,2222422.3,1,0.845101,S-255,1019.5,0.0
urban_corine,urban_discontinuous,Discontinuous urban fabric,5808570.1,2215708.8,0,1.107186,S-256,714.2,7807.5
urban_corine,mineral_extraction,Mineral extraction sites,5807232.2,2219163.3,1,0.451589,S-256,337.3,3014.7
urban_corine,urban_discontinuous,Discontinuous urban fabric,5788040.8,2218804.1,1,0.289837,S-261,91.2,2143.3
urban_corine,urban_discontinuous,Discontinuous urban fabric,5804013.6,2218082.0,0,0.083028,S-263,2374.0,229.8
urban_corine,urban_discontinuous,Discontinuous urban fabric,5824492.6,2217607.1,1,0.297998,S-265,1087.5,3296.2
urban_corine,urban_discontinuous,Discontinuous urban fabric,5823648.5,2217445.4,1,0.365639,S-265,352.0,3629.4
urban_corine,urban_discontinuous,Discontinuous urban fabric,5747056.7,2219237.2,1,0.244026,S-267,310.9,1350.2
urban_corine,mineral_extraction,Mineral extraction sites,5817547.3,2216898.1,1,0.251915,S-268,83.6,4266.8
urban_corine,urban_discontinuous,Discontinuous urban fabric,5798994.3,2215492.4,1,0.376068,S-271,308.5,5638.7
urban_corine,urban_discontinuous,Discontinuous urban fabric,5772866.6,2217558.3,0,0.166524,S-275,268.9,1912.3
urban_corine,urban_discontinuous,Discontinuous urban fabric,5813574.8,2213087.3,0,0.276696,S-276,372.0,8246.4
urban_corine,transport,Road and rail networks and associated land,5728758.4,2212062.0,1,0.422564,S-280,732.2,8250.7
urban_corine,mineral_extraction,Mineral extraction sites,5821141.3,2219229.7,1,0.326559,S-282,858.3,0.0
urban_corine,urban_discontinuous,Discontinuous urban fabric,5749142.2,2216125.9,1,0.445781,S-284,283.5,2178.7
urban_corine,urban_discontinuous,Discontinuous urban fabric,5706613.1,2220707.8,1,0.341108,S-285,2095.8,0.0
urban_corine,urban_discontinuous,Discontinuous urban fabric,5789302.5,2216165.2,1,0.321193,S-287,112.8,2009.4
urban_corine,urban_discontinuous,Discontinuous urban fabric,5772866.6,2217558.3,1,0.291416,S-291,439.0,721.2
urban_corine,urban_discontinuous,Discontinuous urban fabric,5771101.7,2214758.3,1,0.646113,S-291,312.1,4492.1
urban_corine,urban_discontinuous,Discontinuous urban fabric,5785944.8,2211979.7,1,0.467486,S-292,152.8,6725.8
urban_corine,urban_discontinuous,Discontinuous urban fabric,5804013.6,2218082.0,1,0.415141,S-293,2270.8,0.0
urban_corine,urban_discontinuous,Discontinuous urban fabric,5717784.5,2216528.4,1,0.464556,S-294,497.0,833.6
urban_corine,urban_discontinuous,Discontinuous urban fabric,5717145.4,2210494.9,1,0.552618,S-294,705.4,8680.4
urban_corine,urban_discontinuous,Discontinuous urban fabric,5717012.6,2206090.7,1,0.898324,S-294,604.5,13042.1
urban_corine,transport,Road and rail networks and associated land,5715095.0,2214420.2,0,0.382804,S-294,808.5,3794.5
urban_corine,urban_discontinuous,Discontinuous urban fabric,5727304.1,2215789.4,1,0.308504,S-296,250.9,1624.8
urban_corine,transport,Road and rail networks and associated land,5728758.4,2212062.0,0,0.281709,S-296,1280.7,5641.3
urban_corine,urban_discontinuous,Discontinuous urban fabric,5722268.5,2218773.8,1,0.255831,S-297,531.9,1405.4
urban_corine,urban_discontinuous,Discontinuous urban fabric,5723383.3,2215229.4,1,0.248982,S-297,309.0,5527.4
urban_corine,transport,Road and rail networks and associated land,5723450.0,2213300.0,1,0.030869,S-297,1202.2,8365.1
urban_corine,transport,Road and rail networks and associated land,5723750.0,2213100.0,1,0.030869,S-297,968.4,8365.1
urban_corine,transport,Road and rail networks and associated land,5724000.0,2212950.0,1,0.020000,S-297,782.8,8681.5
urban_corine,transport,Road and rail networks and associated land,5724254.2,2212796.2,1,0.031997,S-297,633.2,8777.3
urban_corine,transport,Road and rail networks and associated land,5724920.2,2212494.2,1,0.128650,S-297,131.2,9471.2
urban_corine,urban_discontinuous,Discontinuous urban fabric,5739286.5,2215189.0,1,0.276839,S-298,165.1,1879.1
urban_corine,urban_discontinuous,Discontinuous urban fabric,5794071.0,2217134.6,1,0.450885,S-300,1257.0,0.0
urban_corine,urban_discontinuous,Discontinuous urban fabric,5790835.0,2210714.4,1,0.595378,S-300,155.1,6878.7
urban_corine,urban_discontinuous,Discontinuous urban fabric,5787786.2,2207163.3,0,0.036901,S-300,600.3,12053.1
urban_corine,urban_discontinuous,Discontinuous urban fabric,5785862.6,2203438.7,0,0.037514,S-300,620.7,16007.2
urban_corine,transport,Road and rail networks and associated land,5786065.2,2201122.2,1,0.144024,S-300,269.2,18900.0
urban_corine,transport,Road and rail networks and associated land,5735950.0,2210650.0,1,0.010000,S-301,138.1,6343.3
urban_corine,transport,Road and rail networks and associated land,5736181.7,2210369.1,1,0.074526,S-301,411.6,6528.6
urban_corine,urban_discontinuous,Discontinuous urban fabric,5702892.1,2212150.3,1,0.095027,S-304,2475.9,4472.4
urban_corine,urban_discontinuous,Discontinuous urban fabric,5703899.8,2209985.3,1,0.373632,S-304,1801.9,6520.5
urban_corine,urban_discontinuous,Discontinuous urban fabric,5703119.0,2206041.3,1,0.043778,S-304,2466.6,9837.7
urban_corine,industrial_commercial,Industrial or commercial units,5703010.7,2208223.5,1,0.127305,S-304,2398.5,8634.5
urban_corine,transport,Road and rail networks and associated land,5702145.1,2215391.8,1,0.482110,S-304,954.3,291.3
urban_corine,urban_discontinuous,Discontinuous urban fabric,5805940.5,2213239.1,1,0.900044,S-306,521.0,3187.3
urban_corine,urban_discontinuous,Discontinuous urban fabric,5787786.2,2207163.3,1,0.369013,S-307,292.4,10424.9
urban_corine,urban_discontinuous,Discontinuous urban fabric,5709922.1,2210608.9,1,0.639714,S-308,146.1,6381.9
urban_corine,transport,Road and rail networks and associated land,5715095.0,2214420.2,1,0.459365,S-308,678.8,683.8
urban_corine,urban_discontinuous,Discontinuous urban fabric,5766209.8,2215197.2,1,0.244240,S-309,337.8,603.9
urban_corine,urban_discontinuous,Discontinuous urban fabric,5737884.0,2250684.1,1,0.266880,S-31,2099.5,0.0
urban_corine,urban_discontinuous,Discontinuous urban fabric,5717012.6,2206090.7,0,0.285830,S-311,272.9,10608.8
urban_corine,transport,Road and rail networks and associated land,5715095.0,2214420.2,0,0.344524,S-311,530.9,1412.6
urban_corine,urban_discontinuous,Discontinuous urban fabric,5799168.6,2213495.7,1,0.340344,S-312,90.9,3267.6
urban_corine,urban_discontinuous,Discontinuous urban fabric,5795759.1,2211448.5,1,0.386968,S-314,652.2,4027.7
urban_corine,urban_discontinuous,Discontinuous urban fabric,5790796.2,2204554.6,1,0.398239,S-314,486.7,13202.5
urban_corine,urban_discontinuous,Discontinuous urban fabric,5808570.1,2215708.8,0,0.593135,S-315,494.9,522.0
urban_corine,urban_discontinuous,Discontinuous urban fabric,5807083.4,2210244.8,1,0.309507,S-315,285.2,6398.8
urban_corine,transport,Road and rail networks and associated land,5738715.6,2208265.0,1,0.498112,S-320,425.9,7056.3
urban_corine,transport,Road and rail networks and associated land,5740102.5,2208005.2,1,0.055696,S-320,1561.0,6698.8
urban_corine,urban_discontinuous,Discontinuous urban fabric,5722670.0,2211733.3,1,0.495189,S-321,294.3,3152.1
urban_corine,urban_discontinuous,Discontinuous urban fabric,5724385.4,2207010.2,0,0.162172,S-321,960.7,8783.7
urban_corine,urban_discontinuous,Discontinuous urban fabric,5724405.2,2202636.5,1,0.934207,S-321,244.7,14287.7
urban_corine,urban_discontinuous,Discontinuous urban fabric,5725095.6,2200581.2,1,0.193606,S-321,327.7,16826.4
urban_corine,transport,Road and rail networks and associated land,5715095.0,2214420.2,0,0.076561,S-321,837.5,510.4
urban_corine,transport,Road and rail networks and associated land,5722214.5,2213904.3,1,0.315686,S-321,644.5,724.5
urban_corine,urban_discontinuous,Discontinuous urban fabric,5744951.6,2211401.5,1,0.272877,S-322,226.0,3523.9
urban_corine,transport,Road and rail networks and associated land,5744556.0,2207398.5,1,0.233636,S-322,483.9,8616.0
urban_corine,transport,Road and rail networks and associated land,5707910.9,2215412.7,1,0.080629,S-323,1239.3,0.0
urban_corine,transport,Road and rail networks and associated land,5708391.4,2215090.3,1,0.039365,S-323,1005.6,0.0
urban_corine,urban_discontinuous,Discontinuous urban fabric,5765611.0,2210804.2,1,0.513837,S-324,442.9,3618.7
urban_corine,urban_discontinuous,Discontinuous urban fabric,5765107.4,2207266.0,1,0.310512,S-324,428.9,8187.8
urban_corine,urban_discontinuous,Discontinuous urban fabric,5799168.6,2213495.7,0,0.097241,S-328,124.8,239.9
urban_corine,urban_discontinuous,Discontinuous urban fabric,5751697.4,2253916.7,0,0.037815,S-33,2484.5,0.0
urban_corine,urban_discontinuous,Discontinuous urban fabric,5758584.1,2251859.2,1,0.217420,S-33,1594.6,3946.7
urban_corine,urban_discontinuous,Discontinuous urban fabric,5785782.8,2199034.0,1,0.455406,S-330,155.8,18594.0
urban_corine,transport,Road and rail networks and associated land,5786065.2,2201122.2,0,0.048008,S-330,565.0,16117.9
urban_corine,transport,Road and rail networks and associated land,5787050.0,2201050.0,1,0.050000,S-330,151.0,15931.7
urban_corine,transport,Road and rail networks and associated land,5787657.6,2200909.0,1,0.062646,S-330,423.8,15825.6
urban_corine,transport,Road and rail networks and associated land,5788100.0,2200750.0,1,0.020000,S-330,848.7,15428.1
urban_corine,transport,Road and rail networks and associated land,5788300.0,2200650.0,1,0.020000,S-330,1064.3,15428.1
urban_corine,urban_discontinuous,Discontinuous urban fabric,5813574.8,2213087.3,0,0.079056,S-333,12.5,5268.6
urban_corine,urban_discontinuous,Discontinuous urban fabric,5754455.9,2212689.9,1,0.147714,S-335,321.6,452.2
urban_corine,urban_discontinuous,Discontinuous urban fabric,5737905.1,2209640.0,1,0.467697,S-336,182.3,3803.5
urban_corine,transport,Road and rail networks and associated land,5736757.1,2209648.7,1,0.153309,S-336,981.1,3832.4
urban_corine,transport,Road and rail networks and associated land,5737150.0,2209150.0,1,0.010000,S-336,612.5,4376.0
urban_corine,transport,Road and rail networks and associated land,5737277.6,2208977.6,1,0.026562,S-336,509.9,4558.7
urban_corine,transport,Road and rail networks and associated land,5737605.0,2208734.8,1,0.053129,S-336,173.3,4884.2
urban_corine,transport,Road and rail networks and associated land,5737900.0,2208550.0,1,0.020000,S-336,137.5,4996.7
urban_corine,urban_discontinuous,Discontinuous urban fabric,5772410.0,2206666.1,1,0.443120,S-339,228.7,7012.6
urban_corine,transport,Road and rail networks and associated land,5733904.2,2211316.8,1,0.305734,S-340,623.0,927.8
urban_corine,urban_discontinuous,Discontinuous urban fabric,5813574.8,2213087.3,1,0.474336,S-341,437.9,331.6
urban_corine,urban_discontinuous,Discontinuous urban fabric,5811014.6,2208668.5,1,0.945495,S-341,287.5,6520.4
urban_corine,urban_discontinuous,Discontinuous urban fabric,5778281.4,2208713.7,0,0.087562,S-342,1670.9,2928.5
urban_corine,transport,Road and rail networks and associated land,5774233.6,2204654.4,1,0.196410,S-342,1570.5,9837.8
urban_corine,transport,Road and rail networks and associated land,5775500.0,2204450.0,1,0.020000,S-342,63.7,9044.0
urban_corine,transport,Road and rail networks and associated land,5776648.7,2204089.9,0,0.065251,S-342,241.0,9144.0
urban_corine,urban_discontinuous,Discontinuous urban fabric,5724385.4,2207010.2,1,0.405429,S-344,888.6,5707.3
urban_corine,urban_discontinuous,Discontinuous urban fabric,5755376.9,2210091.8,1,0.334216,S-345,335.2,2005.2
urban_corine,industrial_commercial,Industrial or commercial units,5756938.4,2210254.1,1,0.160026,S-345,940.7,1413.0
urban_corine,transport,Road and rail networks and associated land,5752989.6,2207211.4,0,0.127756,S-345,1227.4,5223.2
urban_corine,urban_discontinuous,Discontinuous urban fabric,5742059.4,2208824.1,1,0.528821,S-346,249.6,2991.6
urban_corine,mineral_extraction,Mineral extraction sites,5741250.9,2206716.8,1,0.234869,S-346,1338.9,4681.7
urban_corine,transport,Road and rail networks and associated land,5740500.0,2207850.0,1,0.020000,S-346,1651.2,3081.7
urban_corine,transport,Road and rail networks and associated land,5740700.0,2207750.0,1,0.020000,S-346,1537.6,3081.7
urban_corine,transport,Road and rail networks and associated land,5741774.1,2207295.1,1,0.575106,S-346,659.5,4704.4
urban_corine,urban_discontinuous,Discontinuous urban fabric,5750175.5,2203189.9,1,0.586562,S-347,320.1,9362.4
urban_corine,urban_discontinuous,Discontinuous urban fabric,5748100.7,2196547.2,1,0.817022,S-347,266.7,17886.4
urban_corine,urban_discontinuous,Discontinuous urban fabric,5747147.1,2193000.7,1,0.913306,S-347,272.5,22045.2
urban_corine,urban_discontinuous,Discontinuous urban fabric,5746283.7,2192013.2,1,0.160821,S-347,341.8,23450.7
urban_corine,industrial_commercial,Industrial or commercial units,5747130.6,2192334.5,1,0.361641,S-347,198.1,22768.6
urban_corine,transport,Road and rail networks and associated land,5752989.6,2207211.4,1,0.425854,S-347,564.8,4570.5
urban_corine,urban_discontinuous,Discontinuous urban fabric,5731348.8,2211093.6,1,0.442429,S-349,402.6,2943.2
urban_corine,transport,Road and rail networks and associated land,5728758.4,2212062.0,0,0.211282,S-349,356.5,2152.9
urban_corine,urban_discontinuous,Discontinuous urban fabric,5799765.5,2209128.2,1,0.612399,S-350,250.1,2620.9
urban_corine,urban_discontinuous,Discontinuous urban fabric,5747293.4,2206216.5,1,0.353511,S-352,240.4,5065.8
urban_corine,urban_discontinuous,Discontinuous urban fabric,5747247.4,2201125.1,0,0.122858,S-352,372.1,11059.9
urban_corine,transport,Road and rail networks and associated land,5746350.0,2207550.0,1,0.030000,S-352,837.5,3432.8
urban_corine,transport,Road and rail networks and associated land,5747763.1,2207550.9,1,0.347217,S-352,316.1,3237.1
urban_corine,urban_discontinuous,Discontinuous urban fabric,5758362.8,2203629.2,1,0.709599,S-353,158.4,7546.6
urban_corine,industrial_commercial,Industrial or commercial units,5760345.5,2208701.4,0,0.042676,S-353,1000.8,1285.0
urban_corine,transport,Road and rail networks and associated land,5758319.1,2207390.0,1,0.211430,S-353,396.1,3398.4
urban_corine,transport,Road and rail networks and associated land,5760000.0,2207050.0,1,0.020000,S-353,1352.0,3312.8
urban_corine,urban_discontinuous,Discontinuous urban fabric,5813145.2,2207169.5,0,0.432026,S-355,592.5,5292.7
urban_corine,urban_discontinuous,Discontinuous urban fabric,5709485.4,2209325.4,1,0.402915,S-358,518.0,538.7
urban_corine,urban_discontinuous,Discontinuous urban fabric,5710372.0,2204409.3,1,0.750800,S-358,396.2,6482.9
urban_corine,urban_discontinuous,Discontinuous urban fabric,5733462.9,2198215.3,0,0.039669,S-359,1349.2,13752.9
urban_corine,urban_discontinuous,Discontinuous urban fabric,5735110.0,2197428.1,1,0.603737,S-359,264.9,15032.7
urban_corine,urban_discontinuous,Discontinuous urban fabric,5769620.3,2204542.4,1,0.501040,S-361,201.7,5805.6
urban_corine,industrial_commercial,Industrial or commercial units,5767476.2,2198759.1,1,0.299323,S-361,525.4,12963.9
urban_corine,transport,Road and rail networks and associated land,5769377.9,2206623.6,1,0.147216,S-361,409.6,3516.5
urban_corine,transport,Road and rail networks and associated land,5768500.0,2206450.0,1,0.040000,S-361,1220.3,3858.7
urban_corine,transport,Road and rail networks and associated land,5770621.9,2206257.3,1,0.105822,S-361,726.9,3648.4
urban_corine,urban_discontinuous,Discontinuous urban fabric,5781372.5,2208782.2,1,1.281628,S-362,417.0,868.5
urban_corine,urban_discontinuous,Discontinuous urban fabric,5765107.4,2207266.0,0,0.138005,S-364,461.4,3517.3
urban_corine,transport,Road and rail networks and associated land,5765745.6,2205500.3,1,0.534060,S-364,762.2,4326.3
urban_corine,industrial_commercial,Industrial or commercial units,5719278.5,2205504.1,0,0.170145,S-366,1157.9,4026.8
urban_corine,urban_discontinuous,Discontinuous urban fabric,5797517.5,2207072.8,1,0.596146,S-369,214.3,3087.3
urban_corine,urban_discontinuous,Discontinuous urban fabric,5778281.4,2208713.7,1,0.481591,S-370,1288.3,81.8
urban_corine,urban_discontinuous,Discontinuous urban fabric,5806114.3,2206690.3,0,0.036033,S-371,487.5,1903.2
urban_corine,urban_discontinuous,Discontinuous urban fabric,5811014.6,2208668.5,0,0.246651,S-374,450.0,259.2
urban_corine,urban_discontinuous,Discontinuous urban fabric,5808009.3,2204818.5,0,0.141826,S-374,357.6,5204.9
urban_corine,urban_discontinuous,Discontinuous urban fabric,5811014.6,2208668.5,0,0.123325,S-375,205.6,168.7
urban_corine,urban_discontinuous,Discontinuous urban fabric,5737903.3,2206414.6,1,0.357710,S-376,472.0,2129.5
urban_corine,urban_discontinuous,Discontinuous urban fabric,5737742.5,2203918.4,1,0.302366,S-376,314.0,5261.6
urban_corine,urban_discontinuous,Discontinuous urban fabric,5741396.3,2198217.7,0,0.234167,S-376,2046.7,11543.3
urban_corine,urban_discontinuous,Discontinuous urban fabric,5739475.1,2192379.1,1,0.450723,S-376,389.0,19918.8
urban_corine,industrial_commercial,Industrial or commercial units,5737330.2,2199913.7,1,0.336401,S-376,139.9,10606.4
urban_corine,industrial_commercial,Industrial or commercial units,5738594.1,2199349.6,1,0.421857,S-376,1157.5,11412.1
urban_corine,transport,Road and rail networks and associated land,5758319.1,2207390.0,0,0.181226,S-378,406.9,405.8
urban_corine,transport,Road and rail networks and associated land,5752989.6,2207211.4,0,0.255513,S-378,861.5,971.2
urban_corine,urban_discontinuous,Discontinuous urban fabric,5811014.6,2208668.5,0,0.123325,S-380,282.0,697.2
urban_corine,urban_discontinuous,Discontinuous urban fabric,5813145.2,2207169.5,1,0.504030,S-381,531.6,1014.3
urban_corine,urban_discontinuous,Discontinuous urban fabric,5732333.0,2204867.1,1,0.478161,S-382,428.3,3229.3
urban_corine,urban_discontinuous,Discontinuous urban fabric,5733462.9,2198215.3,1,0.238011,S-382,1191.1,10842.4
urban_corine,urban_discontinuous,Discontinuous urban fabric,5731816.0,2195810.6,1,0.258046,S-382,215.7,13543.5
urban_corine,urban_discontinuous,Discontinuous urban fabric,5732186.2,2189514.5,0,0.042182,S-382,487.5,20673.9
urban_corine,industrial_commercial,Industrial or commercial units,5763289.3,2203441.9,1,0.880243,S-383,291.5,6704.3
urban_corine,industrial_commercial,Industrial or commercial units,5761880.3,2201790.7,0,0.122264,S-383,1078.5,8439.8
urban_corine,transport,Road and rail networks and associated land,5760200.0,2206950.0,1,0.020000,S-383,1407.7,1463.9
urban_corine,transport,Road and rail networks and associated land,5760729.7,2206546.0,1,0.134727,S-383,783.3,1763.6
urban_corine,transport,Road and rail networks and associated land,5761767.8,2205864.5,1,0.175353,S-383,216.7,2650.4
urban_corine,urban_discontinuous,Discontinuous urban fabric,5753696.9,2204965.5,1,0.985433,S-385,508.9,3302.3
urban_corine,urban_discontinuous,Discontinuous urban fabric,5749182.8,2193133.7,1,0.609380,S-385,695.9,18266.1
urban_corine,mineral_extraction,Mineral extraction sites,5752712.1,2199410.1,1,0.290608,S-385,400.5,9762.0
urban_corine,transport,Road and rail networks and associated land,5752989.6,2207211.4,0,0.298098,S-385,656.6,1051.2
urban_corine,urban_discontinuous,Discontinuous urban fabric,5806114.3,2206690.3,1,0.396360,S-387,351.2,1464.5
urban_corine,urban_discontinuous,Discontinuous urban fabric,5819299.2,2206255.7,0,0.075762,S-389,399.3,414.3
urban_corine,urban_discontinuous,Discontinuous urban fabric,5826448.6,2205878.6,1,0.559041,S-392,806.4,2004.0
urban_corine,urban_discontinuous,Discontinuous urban fabric,5741539.8,2205014.0,1,0.421033,S-395,821.5,2240.9
urban_corine,mineral_extraction,Mineral extraction sites,5741250.9,2206716.8,0,0.156579,S-395,1145.2,970.9
urban_corine,urban_discontinuous,Discontinuous urban fabric,5772410.0,2206666.1,0,0.201418,S-396,262.3,357.7
urban_corine,urban_discontinuous,Discontinuous urban fabric,5770179.2,2196948.1,1,0.231669,S-396,1593.1,12610.6
urban_corine,industrial_commercial,Industrial or commercial units,5769123.7,2197585.7,1,0.303656,S-396,480.6,12277.2
urban_corine,transport,Road and rail networks and associated land,5770621.9,2206257.3,0,0.070548,S-396,583.2,1255.9
urban_corine,transport,Road and rail networks and associated land,5771627.0,2205646.7,1,0.118148,S-396,76.3,1323.5
urban_corine,transport,Road and rail networks and associated land,5772150.0,2205300.0,1,0.030869,S-396,562.6,1827.1
urban_corine,transport,Road and rail networks and associated land,5772450.0,2205100.0,1,0.030869,S-396,888.3,1827.1
urban_corine,transport,Road and rail networks and associated land,5772700.0,2204950.0,1,0.020000,S-396,1170.1,1827.1
urban_corine,transport,Road and rail networks and associated land,5772950.0,2204850.0,1,0.030000,S-396,1438.9,1827.1
urban_corine,transport,Road and rail networks and associated land,5774233.6,2204654.4,0,0.039282,S-396,1818.7,1827.1
urban_corine,transport,Road and rail networks and associated land,5776648.7,2204089.9,1,0.163126,S-397,194.8,3012.0
urban_corine,transport,Road and rail networks and associated land,5776648.7,2204089.9,0,0.032625,S-398,697.5,4212.7
urban_corine,transport,Road and rail networks and associated land,5777950.0,2203850.0,1,0.030000,S-398,478.6,4212.7
urban_corine,transport,Road and rail networks and associated land,5778200.0,2203750.0,1,0.020000,S-398,269.8,4212.7
urban_corine,transport,Road and rail networks and associated land,5778400.0,2203650.0,1,0.020000,S-398,88.4,4017.0
urban_corine,transport,Road and rail networks and associated land,5778600.0,2203550.0,1,0.020000,S-398,72.9,3881.7
urban_corine,transport,Road and rail networks and associated land,5764300.0,2205750.0,1,0.040000,S-399,107.5,632.8
urban_corine,transport,Road and rail networks and associated land,5763273.9,2205577.4,1,0.189026,S-399,1113.6,944.7
urban_corine,transport,Road and rail networks and associated land,5765745.6,2205500.3,0,0.035604,S-399,308.7,668.2
urban_corine,urban_discontinuous,Discontinuous urban fabric,5741216.1,2246486.8,1,0.237742,S-40,440.6,7869.8
urban_corine,construction,Construction sites,5820776.3,2202071.0,0,0.114893,S-401,729.8,5178.0
urban_corine,urban_continuous,Continuous urban fabric,5818612.1,2200216.9,0,1.043624,S-401,363.5,6807.0
urban_corine,urban_discontinuous,Discontinuous urban fabric,5819299.2,2206255.7,1,0.378808,S-401,598.0,338.0
urban_corine,urban_discontinuous,Discontinuous urban fabric,5816568.9,2204672.8,0,0.402356,S-401,1939.0,1614.9
urban_corine,urban_discontinuous,Discontinuous urban fabric,5819828.4,2200416.4,1,1.602614,S-401,230.1,5836.7
urban_corine,industrial_commercial,Industrial or commercial units,5816546.9,2200949.9,0,0.118535,S-401,658.6,5929.3
urban_corine,urban_discontinuous,Discontinuous urban fabric,5717012.6,2206090.7,0,0.612494,S-404,405.6,429.0
urban_corine,urban_discontinuous,Discontinuous urban fabric,5744937.2,2202023.0,1,0.227917,S-405,158.6,4296.7
urban_corine,industrial_commercial,Industrial or commercial units,5745289.4,2203695.5,1,0.330549,S-405,282.5,2699.2
urban_corine,transport,Road and rail networks and associated land,5744556.0,2207398.5,0,0.166883,S-405,1260.7,0.0
urban_corine,transport,Road and rail networks and associated land,5765745.6,2205500.3,0,0.106812,S-408,652.4,0.0
urban_corine,urban_discontinuous,Discontinuous urban fabric,5727898.5,2205089.9,1,0.540313,S-409,477.1,649.0
urban_corine,urban_discontinuous,Discontinuous urban fabric,5728096.5,2202279.2,1,0.268971,S-409,254.3,3701.7
urban_corine,urban_discontinuous,Discontinuous urban fabric,5751697.4,2253916.7,1,0.189075,S-41,2372.4,0.0
urban_corine,mineral_extraction,Mineral extraction sites,5750887.0,2251911.9,1,0.057471,S-41,1216.6,0.0
urban_corine,mineral_extraction,Mineral extraction sites,5750336.6,2251369.0,1,0.895691,S-41,1696.0,21.0
urban_corine,urban_continuous,Continuous urban fabric,5764033.8,2200340.3,0,0.766790,S-410,1124.4,5257.4
urban_corine,urban_discontinuous,Discontinuous urban fabric,5764092.7,2200119.1,0,1.478633,S-410,744.3,4723.6
urban_corine,industrial_commercial,Industrial or commercial units,5763289.3,2203441.9,0,0.459257,S-410,482.8,2639.3
urban_corine,industrial_commercial,Industrial or commercial units,5764311.8,2202398.0,1,0.883537,S-410,484.4,3809.0
urban_corine,transport,Road and rail networks and associated land,5765745.6,2205500.3,0,0.391644,S-410,1035.5,1352.9
urban_corine,urban_discontinuous,Discontinuous urban fabric,5717012.6,2206090.7,0,0.326663,S-411,398.0,800.7
urban_corine,industrial_commercial,Industrial or commercial units,5719278.5,2205504.1,1,0.382826,S-411,920.0,340.1
urban_corine,urban_discontinuous,Discontinuous urban fabric,5804035.4,2203143.4,1,0.353165,S-412,278.5,2655.1
urban_corine,urban_discontinuous,Discontinuous urban fabric,5747247.4,2201125.1,1,0.491430,S-415,214.8,4932.1
urban_corine,urban_discontinuous,Discontinuous urban fabric,5808009.3,2204818.5,1,0.531849,S-417,409.5,841.2
urban_corine,urban_discontinuous,Discontinuous urban fabric,5758584.1,2251859.2,0,0.043484,S-42,1876.0,0.0
urban_corine,urban_discontinuous,Discontinuous urban fabric,5796636.2,2200343.9,1,0.890182,S-421,300.3,7201.2
urban_corine,urban_continuous,Continuous urban fabric,5764033.8,2200340.3,0,0.282502,S-422,1618.4,6396.1
urban_corine,urban_discontinuous,Discontinuous urban fabric,5764092.7,2200119.1,1,1.867747,S-422,1260.4,7400.9
urban_corine,dump_site,Dump sites,5764013.8,2197400.1,1,0.254280,S-422,936.6,9194.4
urban_corine,industrial_commercial,Industrial or commercial units,5765842.3,2200502.7,1,0.769638,S-422,924.0,5560.9
urban_corine,industrial_commercial,Industrial or commercial units,5767476.2,2198759.1,0,0.085521,S-422,761.3,6203.8
urban_corine,transport,Road and rail networks and associated land,5765745.6,2205500.3,0,0.035604,S-422,1507.5,0.0
urban_corine,transport,Road and rail networks and associated land,5765871.9,2202449.2,1,0.158459,S-422,1322.4,2355.0
urban_corine,transport,Road and rail networks and associated land,5766150.0,2201500.0,1,0.040000,S-422,1035.8,4081.0
urban_corine,transport,Road and rail networks and associated land,5766250.0,2201200.0,1,0.020000,S-422,882.6,4266.4
urban_corine,transport,Road and rail networks and associated land,5766350.0,2201000.0,1,0.020000,S-422,751.0,4593.1
urban_corine,transport,Road and rail networks and associated land,5766450.0,2200800.0,1,0.020000,S-422,592.9,4778.5
urban_corine,transport,Road and rail networks and associated land,5766550.0,2200350.0,1,0.070000,S-422,287.8,5317.4
urban_corine,transport,Road and rail networks and associated land,5766342.2,2199794.4,1,0.053540,S-422,142.9,5954.2
urban_corine,transport,Road and rail networks and associated land,5778800.0,2203450.0,1,0.020000,S-423,282.8,2815.1
urban_corine,transport,Road and rail networks and associated land,5778950.0,2203350.0,1,0.010000,S-423,107.5,2797.4
urban_corine,transport,Road and rail networks and associated land,5779100.0,2203250.0,1,0.020000,S-423,35.4,2729.7
urban_corine,transport,Road and rail networks and associated land,5779250.0,2203150.0,1,0.010000,S-423,212.9,2712.1
urban_corine,transport,Road and rail networks and associated land,5779400.0,2203050.0,1,0.020000,S-423,392.5,2712.1
urban_corine,transport,Road and rail networks and associated land,5779550.0,2202950.0,1,0.010000,S-423,572.5,2712.1
urban_corine,urban_discontinuous,Discontinuous urban fabric,5717012.6,2206090.7,0,0.163332,S-424,551.5,116.5
urban_corine,urban_continuous,Continuous urban fabric,5816171.8,2204493.8,1,0.973999,S-425,597.2,38.5
urban_corine,urban_discontinuous,Discontinuous urban fabric,5816568.9,2204672.8,1,4.627089,S-425,1193.9,209.9
urban_corine,urban_discontinuous,Discontinuous urban fabric,5814410.8,2200270.9,1,1.653304,S-425,311.5,4905.1
urban_corine,industrial_commercial,Industrial or commercial units,5816546.9,2200949.9,0,4.662369,S-425,814.6,3307.8
urban_corine,industrial_commercial,Industrial or commercial units,5812287.9,2195329.8,0,0.133613,S-425,196.0,10461.4
urban_corine,urban_discontinuous,Discontinuous urban fabric,5785862.6,2203438.7,1,0.600223,S-426,325.1,1062.5
urban_corine,transport,Road and rail networks and associated land,5781694.5,2202173.3,0,0.107789,S-429,1697.4,3802.4
urban_corine,transport,Road and rail networks and associated land,5783102.5,2201905.2,1,0.055693,S-429,1380.0,4022.1
urban_corine,urban_discontinuous,Discontinuous urban fabric,5717119.5,2248744.8,0,0.085385,S-43,930.1,88.4
urban_corine,urban_discontinuous,Discontinuous urban fabric,5819828.4,2200416.4,0,0.841372,S-433,352.2,9331.1
urban_corine,urban_discontinuous,Discontinuous urban fabric,5821561.8,2198748.3,1,0.384349,S-433,980.1,7977.1
urban_corine,urban_discontinuous,Discontinuous urban fabric,5786474.1,2195114.5,1,0.471627,S-435,235.2,10268.4
urban_corine,transport,Road and rail networks and associated land,5788450.0,2200550.0,1,0.010000,S-435,1127.6,4102.4
urban_corine,transport,Road and rail networks and associated land,5788600.0,2200450.0,1,0.020000,S-435,947.5,4102.4
urban_corine,transport,Road and rail networks and associated land,5788900.0,2200250.0,1,0.046257,S-435,587.6,4102.4
urban_corine,transport,Road and rail networks and associated land,5789250.0,2200000.0,1,0.030869,S-435,159.1,4102.4
urban_corine,transport,Road and rail networks and associated land,5789500.0,2199850.0,1,0.020000,S-435,123.7,4031.7
urban_corine,transport,Road and rail networks and associated land,5789750.0,2199750.0,1,0.030000,S-435,371.2,3925.6
urban_corine,transport,Road and rail networks and associated land,5790408.3,2199615.0,1,0.098684,S-435,940.2,3678.1
urban_corine,industrial_commercial,Industrial or commercial units,5741335.6,2200422.9,1,0.222162,S-437,949.7,2655.8
urban_corine,urban_discontinuous,Discontinuous urban fabric,5755178.8,2196718.3,1,0.802829,S-439,394.0,7749.5
urban_corine,urban_discontinuous,Discontinuous urban fabric,5717135.1,2201236.2,1,0.278159,S-441,488.3,1847.2
urban_corine,mineral_extraction,Mineral extraction sites,5784393.5,2201596.4,1,0.262377,S-442,355.0,1813.2
urban_corine,transport,Road and rail networks and associated land,5783500.0,2201750.0,1,0.020000,S-442,1237.6,1883.9
urban_corine,transport,Road and rail networks and associated land,5783700.0,2201650.0,1,0.020000,S-442,1014.4,1883.9
urban_corine,transport,Road and rail networks and associated land,5784008.6,2201519.9,1,0.045493,S-442,679.6,1883.9
urban_corine,transport,Road and rail networks and associated land,5784300.0,2201350.0,1,0.020000,S-442,348.7,1883.9
urban_corine,transport,Road and rail networks and associated land,5784550.0,2201250.0,1,0.030000,S-442,87.5,1896.4
urban_corine,transport,Road and rail networks and associated land,5784950.0,2201150.0,1,0.050000,S-442,296.3,1646.8
urban_corine,urban_continuous,Continuous urban fabric,5818612.1,2200216.9,1,1.123903,S-443,416.7,2359.4
urban_corine,urban_discontinuous,Discontinuous urban fabric,5816568.9,2204672.8,0,0.321884,S-443,1641.8,0.0
urban_corine,industrial_commercial,Industrial or commercial units,5816546.9,2200949.9,1,6.835506,S-443,706.6,2133.2
urban_corine,urban_discontinuous,Discontinuous urban fabric,5830910.9,2202593.3,1,0.465501,S-444,301.3,734.9
urban_corine,urban_discontinuous,Discontinuous urban fabric,5728096.5,2202279.2,1,0.268971,S-445,262.6,350.1
urban_corine,construction,Construction sites,5820776.3,2202071.0,1,0.536169,S-447,513.5,235.1
urban_corine,urban_discontinuous,Discontinuous urban fabric,5819828.4,2200416.4,0,0.120196,S-447,139.8,2706.0
urban_corine,industrial_commercial,Industrial or commercial units,5820587.4,2200960.5,1,0.639513,S-447,391.2,1636.1
urban_corine,urban_discontinuous,Discontinuous urban fabric,5781553.6,2200319.5,1,0.307575,S-448,1868.2,55.2
urban_corine,transport,Road and rail networks and associated land,5780072.1,2202631.5,1,0.161884,S-448,719.8,290.0
urban_corine,transport,Road and rail networks and associated land,5781694.5,2202173.3,1,0.143719,S-448,981.3,0.0
urban_corine,urban_discontinuous,Discontinuous urban fabric,5775588.7,2199855.7,1,1.244407,S-451,423.7,2079.7
urban_corine,industrial_commercial,Industrial or commercial units,5773290.3,2196061.3,0,0.132012,S-451,200.1,6830.5
urban_corine,urban_discontinuous,Discontinuous urban fabric,5793334.1,2201237.9,1,0.939119,S-452,562.7,1353.4
urban_corine,industrial_commercial,Industrial or commercial units,5793351.7,2199892.6,1,0.215874,S-452,276.6,2328.9
urban_corine,urban_discontinuous,Discontinuous urban fabric,5800954.2,2199043.5,1,0.813188,S-455,546.2,4107.2
urban_corine,urban_discontinuous,Discontinuous urban fabric,5801345.5,2198023.9,1,0.697905,S-455,310.4,4575.4
urban_corine,urban_continuous,Continuous urban fabric,5764033.8,2200340.3,1,1.331794,S-456,985.3,993.4
urban_corine,urban_discontinuous,Discontinuous urban fabric,5764092.7,2200119.1,0,1.400810,S-456,897.6,1582.1
urban_corine,urban_discontinuous,Discontinuous urban fabric,5763059.9,2195017.6,1,0.678072,S-456,680.7,7945.7
urban_corine,industrial_commercial,Industrial or commercial units,5761880.3,2201790.7,1,0.163018,S-456,1167.4,231.1
urban_corine,industrial_commercial,Industrial or commercial units,5762613.0,2200264.5,1,0.411584,S-456,257.8,1383.8
urban_corine,urban_discontinuous,Discontinuous urban fabric,5814410.8,2200270.9,0,0.036740,S-461,652.2,187.5
urban_corine,urban_discontinuous,Discontinuous urban fabric,5811181.7,2198716.5,0,0.040979,S-461,833.9,1955.0
urban_corine,urban_discontinuous,Discontinuous urban fabric,5725095.6,2200581.2,0,0.038721,S-462,462.5,297.9
urban_corine,urban_discontinuous,Discontinuous urban fabric,5722093.3,2199464.9,1,0.276476,S-463,794.9,1243.6
urban_corine,urban_discontinuous,Discontinuous urban fabric,5791968.1,2197498.5,1,0.795140,S-467,789.5,3057.4
urban_corine,industrial_commercial,Industrial or commercial units,5793351.7,2199892.6,0,0.107937,S-467,128.0,474.1
urban_corine,transport,Road and rail networks and associated land,5791000.0,2199450.0,1,0.020000,S-467,853.9,1766.7
urban_corine,transport,Road and rail networks and associated land,5791350.0,2199300.0,1,0.045767,S-467,476.0,1766.7
urban_corine,transport,Road and rail networks and associated land,5792421.4,2198985.5,1,0.295117,S-467,409.9,1978.2
urban_corine,industrial_commercial,Industrial or commercial units,5793351.7,2199892.6,0,0.143916,S-468,172.4,827.6
urban_corine,transport,Road and rail networks and associated land,5793795.6,2198867.1,1,0.072001,S-468,508.4,113.4
urban_corine,transport,Road and rail networks and associated land,5794150.0,2198650.0,1,0.010000,S-468,922.8,53.0
urban_corine,transport,Road and rail networks and associated land,5794250.0,2198550.0,1,0.010000,S-468,1056.7,53.0
urban_corine,transport,Road and rail networks and associated land,5794350.0,2198450.0,1,0.010000,S-468,1192.3,53.0
urban_corine,transport,Road and rail networks and associated land,5792421.4,2198985.5,0,0.073779,S-468,485.9,0.0
urban_corine,transport,Road and rail networks and associated land,5794550.0,2198300.0,1,0.030869,S-468,1440.6,53.0
urban_corine,transport,Road and rail networks and associated land,5794750.0,2198150.0,1,0.010000,S-468,1689.4,53.0
urban_corine,transport,Road and rail networks and associated land,5794900.0,2198050.0,1,0.020000,S-468,1869.6,53.0
urban_corine,transport,Road and rail networks and associated land,5795100.0,2197950.0,1,0.020000,S-468,2092.3,53.0
urban_corine,urban_discontinuous,Discontinuous urban fabric,5819828.4,2200416.4,0,0.080131,S-469,212.5,237.5
urban_corine,urban_discontinuous,Discontinuous urban fabric,5819828.4,2200416.4,0,0.080131,S-470,90.3,92.7
urban_corine,urban_continuous,Continuous urban fabric,5818612.1,2200216.9,0,0.762648,S-471,331.8,956.5
urban_corine,urban_discontinuous,Discontinuous urban fabric,5819828.4,2200416.4,0,0.641046,S-471,436.8,368.3
urban_corine,urban_discontinuous,Discontinuous urban fabric,5818203.5,2199201.1,1,0.413723,S-471,180.8,1791.4
urban_corine,industrial_commercial,Industrial or commercial units,5816546.9,2200949.9,0,0.158046,S-471,155.6,2651.9
urban_corine,urban_discontinuous,Discontinuous urban fabric,5741396.3,2198217.7,1,2.224585,S-472,1227.8,0.0
urban_corine,industrial_commercial,Industrial or commercial units,5741335.6,2200422.9,0,0.148108,S-472,880.3,0.0
urban_corine,industrial_commercial,Industrial or commercial units,5740786.7,2197805.7,0,0.039211,S-472,1790.3,0.0
urban_corine,urban_discontinuous,Discontinuous urban fabric,5714350.0,2195942.7,1,0.006404,S-474,341.0,6577.8
urban_corine,urban_discontinuous,Discontinuous urban fabric,5713820.9,2195594.5,1,0.686058,S-474,885.4,6049.6
urban_corine,urban_discontinuous,Discontinuous urban fabric,5741396.3,2198217.7,0,0.234167,S-475,439.1,533.5
urban_corine,urban_discontinuous,Discontinuous urban fabric,5800751.3,2186867.7,1,0.810685,S-478,1094.0,16536.4
urban_corine,urban_discontinuous,Discontinuous urban fabric,5802621.0,2185014.3,0,1.575948,S-478,902.9,17219.6
urban_corine,industrial_commercial,Industrial or commercial units,5803884.8,2195333.1,1,0.911830,S-478,1939.4,6260.8
urban_corine,industrial_commercial,Industrial or commercial units,5798638.3,2187513.1,0,0.880611,S-478,1980.7,17653.1
urban_corine,industrial_commercial,Industrial or commercial units,5801601.8,2185806.6,1,0.673830,S-478,286.8,17405.1
urban_corine,transport,Road and rail networks and associated land,5802026.0,2195656.5,0,0.311940,S-478,1256.5,6910.7
urban_corine,transport,Road and rail networks and associated land,5806445.2,2193273.1,1,0.226923,S-478,853.5,6359.8
urban_corine,urban_discontinuous,Discontinuous urban fabric,5734419.1,2247604.2,1,0.489917,S-48,217.7,1709.9
urban_corine,urban_discontinuous,Discontinuous urban fabric,5811181.7,2198716.5,1,0.778602,S-480,364.5,212.7
urban_corine,urban_discontinuous,Discontinuous urban fabric,5809933.2,2194362.9,1,1.651138,S-480,257.0,5197.0
urban_corine,transport,Road and rail networks and associated land,5796610.5,2197660.3,1,0.342831,S-481,1267.3,1824.1
urban_corine,transport,Road and rail networks and associated land,5798100.0,2197350.0,1,0.020000,S-481,123.7,1672.3
urban_corine,transport,Road and rail networks and associated land,5798350.0,2197200.0,1,0.030869,S-481,387.5,1971.9
urban_corine,transport,Road and rail networks and associated land,5798600.0,2197050.0,1,0.020000,S-481,640.6,2059.4
urban_corine,transport,Road and rail networks and associated land,5802026.0,2195656.5,0,0.038993,S-481,961.3,2059.4
urban_corine,urban_continuous,Continuous urban fabric,5741537.3,2198266.3,1,0.334785,S-482,1047.0,731.0
urban_corine,urban_discontinuous,Discontinuous urban fabric,5741396.3,2198217.7,0,1.912363,S-482,776.7,1031.8
urban_corine,industrial_commercial,Industrial or commercial units,5743102.9,2198101.8,1,0.465822,S-482,462.8,1032.3
urban_corine,industrial_commercial,Industrial or commercial units,5740786.7,2197805.7,1,0.548960,S-482,1743.5,752.5
urban_corine,urban_discontinuous,Discontinuous urban fabric,5780249.1,2196435.6,1,0.225976,S-483,1919.4,974.8
urban_corine,industrial_commercial,Industrial or commercial units,5775105.8,2195565.0,1,0.359453,S-483,258.0,6197.7
urban_corine,urban_discontinuous,Discontinuous urban fabric,5816948.5,2197462.4,0,0.240914,S-485,362.8,747.1
urban_corine,industrial_commercial,Industrial or commercial units,5816546.9,2200949.9,0,0.118535,S-485,149.9,282.1
urban_corine,industrial_commercial,Industrial or commercial units,5758315.4,2196596.9,1,0.414756,S-488,349.2,1940.1
urban_corine,urban_discontinuous,Discontinuous urban fabric,5727401.7,2198328.3,1,0.434186,S-489,315.6,2309.4
urban_corine,construction,Construction sites,5803819.2,2196027.8,1,0.617915,S-491,1647.0,1521.3
urban_corine,urban_discontinuous,Discontinuous urban fabric,5801345.5,2198023.9,0,0.034895,S-491,833.1,2799.2
urban_corine,industrial_commercial,Industrial or commercial units,5803884.8,2195333.1,0,0.594672,S-491,2055.5,2351.6
urban_corine,transport,Road and rail networks and associated land,5802026.0,2195656.5,1,0.740858,S-491,1077.7,3752.8
urban_corine,urban_discontinuous,Discontinuous urban fabric,5816948.5,2197462.4,0,0.401524,S-492,308.9,522.5
urban_corine,industrial_commercial,Industrial or commercial units,5816546.9,2200949.9,0,0.079023,S-492,635.3,488.0
urban_corine,urban_discontinuous,Discontinuous urban fabric,5781553.6,2200319.5,0,0.192234,S-493,1912.9,0.0
urban_corine,urban_discontinuous,Discontinuous urban fabric,5816948.5,2197462.4,0,0.722743,S-494,394.7,2304.2
urban_corine,industrial_commercial,Industrial or commercial units,5816546.9,2200949.9,0,0.039512,S-496,835.6,0.0
urban_corine,urban_discontinuous,Discontinuous urban fabric,5780249.1,2196435.6,0,0.180781,S-499,1822.9,1748.2
urban_corine,urban_discontinuous,Discontinuous urban fabric,5781608.5,2192764.1,0,0.313961,S-499,548.6,5559.0
urban_corine,industrial_commercial,Industrial or commercial units,5779281.1,2193471.9,0,0.081777,S-499,769.2,6969.4
urban_corine,industrial_commercial,Industrial or commercial units,5780943.7,2192003.3,0,0.143416,S-499,482.1,6449.1
urban_corine,transport,Road and rail networks and associated land,5802026.0,2195656.5,0,0.350933,S-500,460.0,886.1
urban_corine,urban_discontinuous,Discontinuous urban fabric,5814805.2,2196955.8,1,0.013497,S-501,59.4,541.4
urban_corine,urban_discontinuous,Discontinuous urban fabric,5814950.0,2196800.0,1,0.020000,S-501,253.1,712.1
urban_corine,urban_discontinuous,Discontinuous urban fabric,5814472.6,2196214.4,1,1.334183,S-501,441.2,1551.6
urban_corine,urban_discontinuous,Discontinuous urban fabric,5813736.0,2195407.1,1,0.034460,S-501,398.9,2649.6
urban_corine,industrial_commercial,Industrial or commercial units,5812287.9,2195329.8,1,0.222689,S-501,185.7,3419.4
urban_corine,industrial_commercial,Industrial or commercial units,5814274.4,2193734.1,1,1.251350,S-501,1863.2,3303.3
urban_corine,industrial_commercial,Industrial or commercial units,5813056.2,2192703.3,1,0.102277,S-501,2163.6,3367.5
urban_corine,urban_discontinuous,Discontinuous urban fabric,5816948.5,2197462.4,1,0.803048,S-502,402.7,2477.5
urban_corine,industrial_commercial,Industrial or commercial units,5773290.3,2196061.3,1,0.462043,S-503,306.7,868.2
urban_corine,urban_discontinuous,Discontinuous urban fabric,5727047.2,2194911.0,1,0.487118,S-504,372.0,1396.2
urban_corine,urban_discontinuous,Discontinuous urban fabric,5741396.3,2198217.7,0,0.858612,S-506,1094.4,0.0
urban_corine,industrial_commercial,Industrial or commercial units,5740786.7,2197805.7,0,0.078423,S-506,2005.3,0.0
urban_corine,industrial_commercial,Industrial or commercial units,5812287.9,2195329.8,0,0.178151,S-508,276.5,500.2
urban_corine,industrial_commercial,Industrial or commercial units,5786732.6,2191293.4,0,0.039424,S-509,2101.3,0.0
urban_corine,urban_discontinuous,Discontinuous urban fabric,5741058.0,2193858.7,1,0.544047,S-510,490.2,2297.2
urban_corine,urban_discontinuous,Discontinuous urban fabric,5763059.9,2195017.6,0,0.339036,S-511,934.3,2334.1
urban_corine,urban_discontinuous,Discontinuous urban fabric,5766289.9,2193839.2,0,0.042375,S-511,1631.0,857.8
urban_corine,urban_discontinuous,Discontinuous urban fabric,5786474.1,2195114.5,0,0.085750,S-512,383.0,2882.0
urban_corine,mineral_extraction,Mineral extraction sites,5787410.9,2194102.2,1,0.476377,S-512,549.0,2153.0
urban_corine,urban_discontinuous,Discontinuous urban fabric,5809933.2,2194362.9,0,0.412784,S-514,273.1,2250.1
urban_corine,industrial_commercial,Industrial or commercial units,5812287.9,2195329.8,1,0.222689,S-514,335.4,1053.3
urban_corine,urban_discontinuous,Discontinuous urban fabric,5766289.9,2193839.2,1,0.211877,S-516,1383.3,4906.8
urban_corine,urban_discontinuous,Discontinuous urban fabric,5729316.4,2193017.4,0,0.102738,S-517,503.5,3026.6
urban_corine,urban_discontinuous,Discontinuous urban fabric,5719111.1,2197720.4,1,0.248083,S-520,254.6,1413.3
urban_corine,urban_discontinuous,Discontinuous urban fabric,5718492.1,2197254.4,1,0.236533,S-520,372.5,1545.5
urban_corine,urban_discontinuous,Discontinuous urban fabric,5719728.0,2196385.7,1,0.257093,S-520,446.7,2963.5
urban_corine,urban_discontinuous,Discontinuous urban fabric,5729316.4,2193017.4,1,0.136984,S-522,525.9,2143.2
urban_corine,urban_discontinuous,Discontinuous urban fabric,5769062.0,2192350.0,0,0.226361,S-523,401.1,246.4
urban_corine,urban_discontinuous,Discontinuous urban fabric,5790722.6,2190489.6,0,0.330060,S-524,308.2,5701.9
urban_corine,industrial_commercial,Industrial or commercial units,5789963.1,2191345.4,1,0.803242,S-524,470.4,5470.9
urban_corine,industrial_commercial,Industrial or commercial units,5792474.2,2191000.1,1,0.035413,S-524,1692.0,4102.9
urban_corine,industrial_commercial,Industrial or commercial units,5786732.6,2191293.4,0,0.394243,S-524,1822.8,5599.7
urban_corine,urban_discontinuous,Discontinuous urban fabric,5781608.5,2192764.1,1,0.902639,S-525,443.2,4614.8
urban_corine,industrial_commercial,Industrial or commercial units,5784514.8,2192098.2,1,0.495477,S-525,1099.5,2464.0
urban_corine,industrial_commercial,Industrial or commercial units,5780943.7,2192003.3,1,0.286832,S-525,322.3,5860.3
urban_corine,industrial_commercial,Industrial or commercial units,5782299.8,2191645.4,1,0.884038,S-525,673.3,4817.4
urban_corine,industrial_commercial,Industrial or commercial units,5779281.1,2193471.9,1,0.408884,S-528,578.5,342.6
urban_corine,mineral_extraction,Mineral extraction sites,5752725.0,2191799.9,1,0.288999,S-532,565.9,2256.3
urban_corine,industrial_commercial,Industrial or commercial units,5761091.6,2193521.6,1,0.338993,S-534,402.2,1477.1
urban_corine,urban_discontinuous,Discontinuous urban fabric,5754927.4,2192090.8,1,0.467305,S-537,1099.0,4458.8
urban_corine,urban_discontinuous,Discontinuous urban fabric,5756106.8,2187193.4,1,0.274534,S-537,1471.1,197.9
urban_corine,industrial_commercial,Industrial or commercial units,5813056.2,2192703.3,1,0.102277,S-538,2234.9,0.0
urban_corine,industrial_commercial,Industrial or commercial units,5811881.5,2191997.5,1,0.228516,S-538,1613.6,0.0
urban_corine,urban_discontinuous,Discontinuous urban fabric,5750122.2,2242938.8,1,0.247385,S-54,2267.6,6858.3
urban_corine,urban_discontinuous,Discontinuous urban fabric,5759229.1,2191382.3,0,0.040734,S-540,1143.0,62.5
urban_corine,urban_discontinuous,Discontinuous urban fabric,5722439.5,2193580.3,1,0.317239,S-543,294.7,515.4
urban_corine,urban_discontinuous,Discontinuous urban fabric,5806950.0,2189130.5,1,0.623770,S-545,499.0,7319.4
urban_corine,urban_discontinuous,Discontinuous urban fabric,5802621.0,2185014.3,0,0.565725,S-545,1186.9,12706.7
urban_corine,industrial_commercial,Industrial or commercial units,5811881.5,2191997.5,0,0.028564,S-545,1543.6,453.6
urban_corine,industrial_commercial,Industrial or commercial units,5809317.1,2189715.3,0,3.138664,S-545,657.9,4014.6
urban_corine,industrial_commercial,Industrial or commercial units,5803968.9,2183897.4,0,0.783600,S-545,248.9,13262.9
urban_corine,mineral_extraction,Mineral extraction sites,5805888.4,2185573.9,1,0.252337,S-545,415.1,11075.3
urban_corine,transport,Road and rail networks and associated land,5807500.0,2192850.0,1,0.040000,S-545,1739.7,1947.8
urban_corine,transport,Road and rail networks and associated land,5807850.0,2192750.0,1,0.030000,S-545,1414.2,1930.1
urban_corine,transport,Road and rail networks and associated land,5808100.0,2192650.0,1,0.020000,S-545,1167.9,1877.1
urban_corine,transport,Road and rail networks and associated land,5808556.0,2192410.9,1,0.083917,S-545,702.8,1781.4
urban_corine,transport,Road and rail networks and associated land,5813758.1,2191546.4,1,0.511610,S-545,680.2,983.7
urban_corine,urban_discontinuous,Discontinuous urban fabric,5773706.6,2191419.4,1,0.603686,S-549,437.6,3306.1
urban_corine,urban_discontinuous,Discontinuous urban fabric,5772160.6,2190721.8,1,0.490436,S-549,696.0,1907.5
urban_corine,urban_discontinuous,Discontinuous urban fabric,5769062.0,2192350.0,1,0.452722,S-550,553.2,159.4
urban_corine,urban_discontinuous,Discontinuous urban fabric,5717761.3,2190648.6,0,0.152267,S-553,104.6,2413.5
urban_corine,urban_discontinuous,Discontinuous urban fabric,5796433.0,2189404.1,1,0.946930,S-554,687.3,2542.9
urban_corine,industrial_commercial,Industrial or commercial units,5797825.8,2189510.6,0,0.036606,S-554,1583.2,2044.2
urban_corine,industrial_commercial,Industrial or commercial units,5795046.6,2189041.9,1,0.769981,S-554,358.5,3715.1
urban_corine,urban_discontinuous,Discontinuous urban fabric,5734572.3,2191776.5,1,0.460228,S-555,239.9,467.0
urban_corine,urban_discontinuous,Discontinuous urban fabric,5747147.1,2193000.7,0,0.038054,S-556,523.5,1107.1
urban_corine,urban_discontinuous,Discontinuous urban fabric,5748099.7,2190469.5,0,0.362559,S-556,882.8,1994.7
urban_corine,urban_discontinuous,Discontinuous urban fabric,5749182.8,2193133.7,0,0.043527,S-557,866.9,782.8
urban_corine,industrial_commercial,Industrial or commercial units,5797825.8,2189510.6,1,0.366063,S-559,1347.6,503.0
urban_corine,urban_discontinuous,Discontinuous urban fabric,5717119.5,2248744.8,1,0.170771,S-56,905.7,1733.9
urban_corine,industrial_commercial,Industrial or commercial units,5784514.8,2192098.2,0,0.454187,S-560,1080.7,1179.8
urban_corine,industrial_commercial,Industrial or commercial units,5786732.6,2191293.4,1,2.680855,S-560,713.2,472.0
urban_corine,industrial_commercial,Industrial or commercial units,5783135.4,2190055.8,1,1.257110,S-560,666.9,3686.3
urban_corine,industrial_commercial,Industrial or commercial units,5782420.4,2187420.6,1,0.232341,S-560,493.4,6687.6
urban_corine,urban_discontinuous,Discontinuous urban fabric,5746283.7,2192013.2,0,0.064329,S-561,450.8,353.0
urban_corine,urban_discontinuous,Discontinuous urban fabric,5775942.0,2190156.1,1,0.526845,S-565,465.1,3316.4
urban_corine,industrial_commercial,Industrial or commercial units,5792956.8,2190305.2,0,0.081870,S-566,1340.3,1668.0
urban_corine,industrial_commercial,Industrial or commercial units,5793936.8,2190256.2,1,0.630329,S-566,350.9,1589.2
urban_corine,urban_discontinuous,Discontinuous urban fabric,5759229.1,2191382.3,1,0.488805,S-567,706.4,35.4
urban_corine,urban_discontinuous,Discontinuous urban fabric,5744191.9,2189604.5,0,0.169776,S-568,769.1,663.4
urban_corine,urban_discontinuous,Discontinuous urban fabric,5717761.3,2190648.6,1,0.342601,S-569,77.1,1066.0
urban_corine,urban_discontinuous,Discontinuous urban fabric,5718787.3,2188926.2,0,0.161615,S-569,1738.4,838.2
urban_corine,urban_discontinuous,Discontinuous urban fabric,5717761.3,2190648.6,0,0.038067,S-570,35.4,17.7
urban_corine,urban_discontinuous,Discontinuous urban fabric,5718787.3,2188926.2,1,0.888885,S-570,1571.2,937.0
urban_corine,industrial_commercial,Industrial or commercial units,5798638.3,2187513.1,0,0.268012,S-571,2005.1,0.0
urban_corine,urban_discontinuous,Discontinuous urban fabric,5790722.6,2190489.6,1,0.990179,S-573,354.7,202.5
urban_corine,industrial_commercial,Industrial or commercial units,5792099.3,2190690.1,1,0.350486,S-573,1227.0,0.0
urban_corine,industrial_commercial,Industrial or commercial units,5811881.5,2191997.5,1,0.228516,S-575,1640.7,0.0
urban_corine,industrial_commercial,Industrial or commercial units,5813843.9,2192045.9,1,0.119569,S-575,2264.2,0.0
urban_corine,industrial_commercial,Industrial or commercial units,5809317.1,2189715.3,1,4.949432,S-575,667.7,3577.7
urban_corine,industrial_commercial,Industrial or commercial units,5806285.6,2185728.4,1,0.288623,S-575,282.0,9462.4
urban_corine,industrial_commercial,Industrial or commercial units,5803968.9,2183897.4,0,0.041242,S-575,17.7,11478.4
urban_corine,mineral_extraction,Mineral extraction sites,5805888.4,2185573.9,1,0.252337,S-575,461.9,9939.5
urban_corine,transport,Road and rail networks and associated land,5813758.1,2191546.4,0,0.153483,S-575,2304.0,0.0
urban_corine,urban_discontinuous,Discontinuous urban fabric,5790722.6,2190489.6,0,0.082515,S-576,214.6,69.2
urban_corine,urban_discontinuous,Discontinuous urban fabric,5740102.6,2189179.2,1,0.463772,S-577,898.4,2606.2
urban_corine,urban_discontinuous,Discontinuous urban fabric,5744191.9,2189604.5,1,1.103543,S-578,533.0,17765.1
urban_corine,urban_discontinuous,Discontinuous urban fabric,5752025.6,2184560.3,1,0.206859,S-578,1427.1,5898.1
urban_corine,urban_discontinuous,Discontinuous urban fabric,5752939.2,2179661.0,1,0.300431,S-578,314.1,61.0
urban_corine,urban_discontinuous,Discontinuous urban fabric,5786262.4,2186101.3,0,0.187255,S-579,855.4,3786.3
urban_corine,industrial_commercial,Industrial or commercial units,5786732.6,2191293.4,0,0.157697,S-579,1840.5,0.0
urban_corine,urban_discontinuous,Discontinuous urban fabric,5725151.9,2244756.0,0,0.123008,S-58,2276.3,1761.4
urban_corine,urban_discontinuous,Discontinuous urban fabric,5793985.0,2188430.3,0,0.272975,S-583,520.8,338.4
urban_corine,urban_discontinuous,Discontinuous urban fabric,5791837.4,2186414.2,1,0.536301,S-583,745.7,4971.2
urban_corine,industrial_commercial,Industrial or commercial units,5792099.3,2190690.1,0,0.087621,S-583,1372.0,1070.9
urban_corine,industrial_commercial,Industrial or commercial units,5792956.8,2190305.2,1,0.286546,S-583,981.4,1037.1
urban_corine,urban_discontinuous,Discontinuous urban fabric,5748099.7,2190469.5,1,0.402843,S-584,921.3,10550.8
urban_corine,urban_discontinuous,Discontinuous urban fabric,5752716.5,2188317.4,1,0.296843,S-584,514.6,5159.7
urban_corine,urban_discontinuous,Discontinuous urban fabric,5752025.6,2184560.3,0,0.041372,S-584,1609.1,1760.7
urban_corine,urban_discontinuous,Discontinuous urban fabric,5732186.2,2189514.5,1,0.295273,S-586,444.8,2476.0
urban_corine,urban_discontinuous,Discontinuous urban fabric,5744191.9,2189604.5,0,0.381996,S-588,781.7,0.0
urban_corine,urban_discontinuous,Discontinuous urban fabric,5725863.0,2186372.7,1,0.286453,S-591,489.3,8295.5
urban_corine,urban_discontinuous,Discontinuous urban fabric,5735762.0,2187451.0,1,0.430344,S-592,777.5,627.5
urban_corine,urban_discontinuous,Discontinuous urban fabric,5796433.0,2189404.1,0,0.452879,S-595,898.2,132.6
urban_corine,urban_discontinuous,Discontinuous urban fabric,5793985.0,2188430.3,1,0.467957,S-595,520.5,2999.1
urban_corine,industrial_commercial,Industrial or commercial units,5797825.8,2189510.6,0,0.256244,S-595,1435.9,32.8
urban_corine,industrial_commercial,Industrial or commercial units,5795046.6,2189041.9,0,0.692983,S-595,346.6,2811.2
urban_corine,industrial_commercial,Industrial or commercial units,5798638.3,2187513.1,1,1.569784,S-595,1340.4,3.0
urban_corine,urban_discontinuous,Discontinuous urban fabric,5740102.6,2189179.2,0,0.077295,S-597,1020.5,0.0
urban_corine,urban_discontinuous,Discontinuous urban fabric,5735762.0,2187451.0,0,0.215172,S-600,626.8,3054.1
urban_corine,urban_discontinuous,Discontinuous urban fabric,5738534.3,2186199.6,1,0.365669,S-606,928.1,0.0
urban_corine,urban_discontinuous,Discontinuous urban fabric,5742337.7,2186572.5,1,0.362568,S-607,634.2,2577.4
urban_corine,urban_discontinuous,Discontinuous urban fabric,5743887.2,2184964.8,1,0.258960,S-607,789.4,176.4
urban_corine,urban_discontinuous,Discontinuous urban fabric,5747924.3,2184010.6,1,0.502448,S-609,632.9,1562.5
urban_corine,urban_discontinuous,Discontinuous urban fabric,5763253.5,2186491.8,1,0.552325,S-612,344.1,3344.1
urban_corine,urban_discontinuous,Discontinuous urban fabric,5729649.4,2186247.8,1,1.254902,S-614,770.9,3533.7
urban_corine,urban_discontinuous,Discontinuous urban fabric,5731096.6,2184662.2,1,0.224916,S-614,820.4,2167.5
urban_corine,construction,Construction sites,5809065.4,2182578.8,1,0.259596,S-615,2096.2,5443.5
urban_corine,urban_continuous,Continuous urban fabric,5806257.9,2182262.9,1,2.663422,S-615,1389.9,7349.6
urban_corine,urban_discontinuous,Discontinuous urban fabric,5812137.7,2183806.0,1,1.461776,S-615,1662.1,19.2
urban_corine,urban_discontinuous,Discontinuous urban fabric,5806837.0,2182001.5,1,4.974326,S-615,1457.0,6263.8
urban_corine,industrial_commercial,Industrial or commercial units,5810346.5,2181351.4,1,0.397533,S-615,2156.3,5828.7
urban_corine,urban_discontinuous,Discontinuous urban fabric,5783713.5,2183904.4,1,0.641142,S-616,623.8,3647.0
urban_corine,urban_discontinuous,Discontinuous urban fabric,5780439.5,2182941.6,1,0.464186,S-616,607.3,7801.0
urban_corine,industrial_commercial,Industrial or commercial units,5781882.8,2182882.5,1,0.095435,S-616,230.1,6806.8
urban_corine,industrial_commercial,Industrial or commercial units,5781956.2,2182017.0,1,0.302255,S-616,693.8,9173.1
urban_corine,industrial_commercial,Industrial or commercial units,5781279.7,2180190.1,0,0.286100,S-616,565.7,10966.6
urban_corine,urban_discontinuous,Discontinuous urban fabric,5786262.4,2186101.3,1,0.280882,S-617,555.1,1122.2
urban_corine,urban_discontinuous,Discontinuous urban fabric,5712001.4,2249644.7,1,0.464380,S-62,1739.9,0.0
urban_corine,urban_discontinuous,Discontinuous urban fabric,5714364.7,2245022.2,1,0.326698,S-62,1577.1,3688.1
urban_corine,urban_discontinuous,Discontinuous urban fabric,5726412.4,2183500.7,1,0.443584,S-622,694.1,902.8
urban_corine,urban_discontinuous,Discontinuous urban fabric,5777929.2,2180888.9,1,0.273663,S-623,335.7,370.3
urban_corine,urban_discontinuous,Discontinuous urban fabric,5802621.0,2185014.3,1,2.101264,S-625,553.0,1285.9
urban_corine,industrial_commercial,Industrial or commercial units,5803968.9,2183897.4,0,0.948569,S-625,345.6,751.3
urban_corine,urban_discontinuous,Discontinuous urban fabric,5768932.4,2183622.4,1,0.423801,S-626,348.5,743.5
urban_corine,urban_discontinuous,Discontinuous urban fabric,5757415.8,2183053.8,1,0.736958,S-629,216.5,2016.5
urban_corine,urban_discontinuous,Discontinuous urban fabric,5762873.0,2249544.9,1,0.085279,S-63,2440.4,0.0
urban_corine,urban_continuous,Continuous urban fabric,5806257.9,2182262.9,0,0.766743,S-630,1335.2,601.8
urban_corine,urban_discontinuous,Discontinuous urban fabric,5806837.0,2182001.5,0,2.331716,S-630,1324.1,929.8
urban_corine,industrial_commercial,Industrial or commercial units,5803968.9,2183897.4,1,2.144591,S-630,305.3,1408.3
urban_corine,urban_discontinuous,Discontinuous urban fabric,5773906.5,2180991.8,1,0.781419,S-640,152.1,16313.2
urban_corine,urban_discontinuous,Discontinuous urban fabric,5777092.8,2172018.4,1,0.344128,S-640,217.1,5095.5
urban_corine,urban_discontinuous,Discontinuous urban fabric,5722575.2,2179827.8,1,0.792536,S-645,1619.7,1406.1
urban_corine,construction,Construction sites,5742674.2,2175258.8,1,0.415119,S-649,1332.5,3767.6
urban_corine,urban_discontinuous,Discontinuous urban fabric,5733157.2,2181850.8,1,0.377559,S-649,282.1,17634.1
urban_corine,urban_discontinuous,Discontinuous urban fabric,5740065.9,2180215.3,1,1.468462,S-649,530.8,8741.3
urban_corine,urban_discontinuous,Discontinuous urban fabric,5738016.0,2175163.8,1,0.250290,S-649,472.1,0.0
urban_corine,urban_discontinuous,Discontinuous urban fabric,5737508.7,2173102.7,1,0.221398,S-649,2094.3,0.0
urban_corine,urban_discontinuous,Discontinuous urban fabric,5762465.5,2181792.7,1,0.311740,S-650,506.8,21336.2
urban_corine,urban_discontinuous,Discontinuous urban fabric,5769286.9,2178737.7,1,0.240608,S-650,602.2,12306.7
urban_corine,urban_discontinuous,Discontinuous urban fabric,5780889.4,2178051.1,0,0.039282,S-653,1051.9,5532.5
urban_corine,urban_discontinuous,Discontinuous urban fabric,5717110.8,2182840.9,1,0.252331,S-655,2128.6,1672.5
urban_corine,urban_discontinuous,Discontinuous urban fabric,5788219.9,2179688.4,1,0.706745,S-658,331.1,894.7
urban_corine,urban_discontinuous,Discontinuous urban fabric,5795021.7,2178191.1,0,0.285542,S-659,598.8,2713.5
urban_corine,urban_discontinuous,Discontinuous urban fabric,5746642.3,2178726.8,1,0.255156,S-661,1393.1,0.0
urban_corine,urban_discontinuous,Discontinuous urban fabric,5746642.3,2178726.8,1,0.255156,S-662,1284.3,1593.7
urban_corine,urban_discontinuous,Discontinuous urban fabric,5780889.4,2178051.1,0,1.217750,S-665,673.2,2032.8
urban_corine,industrial_commercial,Industrial or commercial units,5781279.7,2180190.1,1,0.613071,S-665,390.4,900.4
urban_corine,industrial_commercial,Industrial or commercial units,5781477.6,2179247.7,1,0.239612,S-665,278.6,902.2
urban_corine,industrial_commercial,Industrial or commercial units,5778097.7,2177848.5,1,0.275742,S-667,139.4,590.4
urban_corine,urban_discontinuous,Discontinuous urban fabric,5780889.4,2178051.1,0,0.510669,S-669,560.8,779.3
urban_corine,urban_discontinuous,Discontinuous urban fabric,5732742.1,2179517.0,1,0.270733,S-672,878.5,519.0
urban_corine,urban_discontinuous,Discontinuous urban fabric,5795021.7,2178191.1,1,0.367125,S-674,737.6,464.9
urban_corine,urban_discontinuous,Discontinuous urban fabric,5728576.5,2179041.4,0,0.074487,S-675,1460.4,3155.6
urban_corine,urban_discontinuous,Discontinuous urban fabric,5755852.0,2174253.9,0,0.132555,S-677,597.2,349.8
urban_corine,mineral_extraction,Mineral extraction sites,5715112.4,2176987.0,1,0.255499,S-679,585.1,1048.7
urban_corine,urban_discontinuous,Discontinuous urban fabric,5747941.9,2175677.2,0,0.037770,S-680,1533.2,0.0
urban_corine,industrial_commercial,Industrial or commercial units,5746898.4,2175904.0,1,0.397819,S-680,1774.3,0.0
urban_corine,urban_continuous,Continuous urban fabric,5747688.5,2175068.0,1,0.432826,S-681,1547.0,1301.8
urban_corine,urban_discontinuous,Discontinuous urban fabric,5747941.9,2175677.2,1,0.226622,S-681,1118.8,1710.0
urban_corine,urban_discontinuous,Discontinuous urban fabric,5748150.0,2175150.0,1,0.030000,S-681,980.6,1295.0
urban_corine,industrial_commercial,Industrial or commercial units,5748654.0,2174786.8,1,0.313254,S-681,488.0,484.4
urban_corine,urban_discontinuous,Discontinuous urban fabric,5758872.5,2178757.2,1,0.359548,S-682,1156.6,5437.9
urban_corine,urban_discontinuous,Discontinuous urban fabric,5728576.5,2179041.4,1,0.186217,S-684,1487.8,286.4
urban_corine,urban_discontinuous,Discontinuous urban fabric,5780889.4,2178051.1,1,1.492725,S-687,661.9,6332.6
urban_corine,urban_discontinuous,Discontinuous urban fabric,5764355.2,2177332.8,1,0.264789,S-692,620.7,11506.5
urban_corine,urban_discontinuous,Discontinuous urban fabric,5769843.0,2170803.4,0,0.040906,S-692,1103.0,561.8
urban_corine,urban_discontinuous,Discontinuous urban fabric,5724532.9,2175743.4,1,0.257490,S-699,266.7,1640.4
urban_corine,urban_discontinuous,Discontinuous urban fabric,5790664.0,2174184.6,1,0.427995,S-700,1238.6,0.0
urban_corine,urban_discontinuous,Discontinuous urban fabric,5732097.5,2175637.0,1,0.438688,S-702,150.3,620.0
urban_corine,urban_discontinuous,Discontinuous urban fabric,5728937.8,2174832.7,0,0.102054,S-702,1610.6,2795.1
urban_corine,urban_discontinuous,Discontinuous urban fabric,5718670.7,2175214.3,1,0.282688,S-703,939.6,1019.7
urban_corine,urban_discontinuous,Discontinuous urban fabric,5758957.3,2175202.0,1,0.242247,S-705,165.1,418.8
urban_corine,urban_discontinuous,Discontinuous urban fabric,5711951.2,2176068.4,1,0.246452,S-706,1329.4,458.1
urban_corine,urban_discontinuous,Discontinuous urban fabric,5712520.0,2172606.7,0,0.275586,S-706,686.9,1076.3
urban_corine,industrial_commercial,Industrial or commercial units,5711022.1,2174119.2,0,0.039195,S-706,598.2,1932.4
urban_corine,urban_discontinuous,Discontinuous urban fabric,5755852.0,2174253.9,1,0.198833,S-707,718.8,1242.1
urban_corine,urban_discontinuous,Discontinuous urban fabric,5755950.0,2173600.0,1,0.020000,S-707,762.6,456.1
urban_corine,urban_discontinuous,Discontinuous urban fabric,5755850.0,2173400.0,1,0.020000,S-707,888.3,456.1
urban_corine,urban_continuous,Continuous urban fabric,5747688.5,2175068.0,1,0.432826,S-708,1282.7,2653.2
urban_corine,urban_discontinuous,Discontinuous urban fabric,5747442.8,2174159.6,1,0.428942,S-708,1251.0,2613.5
urban_corine,industrial_commercial,Industrial or commercial units,5746737.9,2174840.2,0,0.093052,S-708,1943.3,2620.3
urban_corine,industrial_commercial,Industrial or commercial units,5748654.0,2174786.8,0,0.139224,S-708,727.2,2862.3
urban_corine,construction,Construction sites,5742674.2,2175258.8,0,0.249071,S-711,1392.3,3406.4
urban_corine,industrial_commercial,Industrial or commercial units,5746737.9,2174840.2,0,0.093052,S-711,1822.9,5169.3
urban_corine,urban_discontinuous,Discontinuous urban fabric,5779806.2,2171876.0,1,0.596380,S-712,398.3,2534.2
urban_corine,urban_discontinuous,Discontinuous urban fabric,5711650.0,2173450.0,1,0.010000,S-714,88.4,447.5
urban_corine,urban_discontinuous,Discontinuous urban fabric,5712520.0,2172606.7,0,0.629911,S-714,887.8,1754.9
urban_corine,industrial_commercial,Industrial or commercial units,5711022.1,2174119.2,1,0.195973,S-714,663.5,779.8
urban_corine,industrial_commercial,Industrial or commercial units,5710651.6,2171388.5,1,0.530431,S-714,528.9,3281.8
urban_corine,urban_discontinuous,Discontinuous urban fabric,5728937.8,2174832.7,1,0.136072,S-717,1564.6,5119.4
urban_corine,urban_discontinuous,Discontinuous urban fabric,5729887.6,2172536.0,1,0.289850,S-717,431.1,3344.5
urban_corine,urban_discontinuous,Discontinuous urban fabric,5747442.8,2174159.6,0,0.116984,S-718,1218.1,1744.2
urban_corine,industrial_commercial,Industrial or commercial units,5746737.9,2174840.2,1,0.186105,S-718,1812.5,376.8
urban_corine,urban_discontinuous,Discontinuous urban fabric,5786329.1,2172001.9,0,0.049779,S-720,944.8,0.0
urban_corine,urban_discontinuous,Discontinuous urban fabric,5721544.7,2174595.8,1,0.415978,S-723,108.9,5599.7
urban_corine,urban_discontinuous,Discontinuous urban fabric,5724542.5,2170446.6,0,0.080273,S-723,967.4,817.1
urban_corine,urban_discontinuous,Discontinuous urban fabric,5755893.4,2163228.9,1,0.170444,S-725,1276.9,2906.8
urban_corine,urban_discontinuous,Discontinuous urban fabric,5724542.5,2170446.6,1,1.083690,S-728,763.9,5604.5
urban_corine,urban_discontinuous,Discontinuous urban fabric,5712520.0,2172606.7,1,4.094418,S-730,715.5,9226.7
urban_corine,urban_discontinuous,Discontinuous urban fabric,5718293.4,2168126.4,0,0.053627,S-730,312.5,193.6
urban_corine,industrial_commercial,Industrial or commercial units,5712658.5,2170695.4,1,0.470087,S-730,1164.3,7627.6
urban_corine,urban_discontinuous,Discontinuous urban fabric,5786329.1,2172001.9,1,0.199116,S-733,1020.3,0.0
urban_corine,urban_discontinuous,Discontinuous urban fabric,5769843.0,2170803.4,1,1.227169,S-734,608.7,6432.8
urban_corine,urban_discontinuous,Discontinuous urban fabric,5760699.2,2170133.5,1,0.282579,S-738,400.9,859.2
urban_corine,urban_discontinuous,Discontinuous urban fabric,5732481.1,2169979.1,1,0.303296,S-739,127.7,1274.7
urban_corine,urban_discontinuous,Discontinuous urban fabric,5708438.9,2167524.5,1,0.365771,S-740,1367.3,2509.7
urban_corine,urban_discontinuous,Discontinuous urban fabric,5737508.7,2173102.7,1,0.221398,S-741,2159.6,25.0
urban_corine,urban_discontinuous,Discontinuous urban fabric,5706993.6,2169747.8,1,0.224417,S-742,171.6,1170.6
urban_corine,urban_discontinuous,Discontinuous urban fabric,5760699.2,2170133.5,0,0.105967,S-744,407.9,415.8
urban_corine,urban_discontinuous,Discontinuous urban fabric,5737385.7,2168318.5,1,0.271423,S-746,900.7,557.2
urban_corine,urban_discontinuous,Discontinuous urban fabric,5723350.1,2244173.0,1,0.288446,S-75,1270.1,0.0
urban_corine,urban_discontinuous,Discontinuous urban fabric,5743060.0,2169920.7,1,0.307572,S-751,646.9,2872.9
urban_corine,urban_discontinuous,Discontinuous urban fabric,5718293.4,2168126.4,1,0.214506,S-754,135.4,4013.7
urban_corine,urban_discontinuous,Discontinuous urban fabric,5704352.1,2168948.0,1,0.006847,S-755,60.5,796.2
urban_corine,urban_discontinuous,Discontinuous urban fabric,5703950.6,2169162.4,1,0.235924,S-755,126.2,250.4
urban_corine,urban_discontinuous,Discontinuous urban fabric,5708438.9,2167524.5,0,0.036577,S-760,1149.0,11441.8
urban_corine,industrial_commercial,Industrial or commercial units,5713236.4,2168519.8,1,0.457103,S-760,461.3,6464.2
urban_corine,industrial_commercial,Industrial or commercial units,5712991.0,2166853.0,1,0.143166,S-760,1209.9,6254.8
urban_corine,urban_discontinuous,Discontinuous urban fabric,5708438.9,2167524.5,0,0.109731,S-765,1425.6,835.5
urban_corine,urban_discontinuous,Discontinuous urban fabric,5718293.4,2168126.4,0,0.107253,S-766,114.9,8532.2
urban_corine,urban_discontinuous,Discontinuous urban fabric,5752872.3,2166823.0,0,0.103299,S-767,1309.4,0.0
urban_corine,urban_discontinuous,Discontinuous urban fabric,5746039.8,2166680.3,1,0.359155,S-769,2000.4,4503.7
urban_corine,urban_discontinuous,Discontinuous urban fabric,5741215.1,2163566.7,1,0.324112,S-769,1327.0,161.5
urban_corine,urban_discontinuous,Discontinuous urban fabric,5730843.4,2166970.5,1,0.434304,S-770,492.6,8.7
urban_corine,urban_discontinuous,Discontinuous urban fabric,5728919.6,2165510.7,1,0.149475,S-773,187.4,433.1
urban_corine,urban_discontinuous,Discontinuous urban fabric,5728919.6,2165510.7,1,0.149475,S-774,211.9,137.4
urban_corine,urban_discontinuous,Discontinuous urban fabric,5712555.4,2163727.8,0,0.164351,S-775,976.6,1104.1
urban_corine,urban_discontinuous,Discontinuous urban fabric,5752872.3,2166823.0,1,0.154949,S-776,1384.1,121.7
urban_corine,mineral_extraction,Mineral extraction sites,5705942.4,2165443.7,0,0.084882,S-779,53.0,173.7
urban_corine,urban_discontinuous,Discontinuous urban fabric,5730533.5,2241309.4,1,0.289479,S-78,2150.7,3527.6
urban_corine,mineral_extraction,Mineral extraction sites,5705942.4,2165443.7,0,0.042441,S-780,206.2,0.0
urban_corine,urban_discontinuous,Discontinuous urban fabric,5701950.1,2167546.1,1,0.232726,S-781,2062.4,0.0
urban_corine,transport,Road and rail networks and associated land,5783750.0,2162850.0,1,0.010000,S-783,1811.8,0.0
urban_corine,transport,Road and rail networks and associated land,5783598.8,2161329.3,1,0.203943,S-783,2240.0,0.0
urban_corine,mineral_extraction,Mineral extraction sites,5705942.4,2165443.7,1,0.127324,S-784,135.3,276.1
urban_corine,urban_discontinuous,Discontinuous urban fabric,5770250.0,2164850.0,1,0.010000,S-785,1213.3,0.0
urban_corine,urban_discontinuous,Discontinuous urban fabric,5769979.8,2163630.5,0,0.162620,S-785,1094.1,93.7
urban_corine,urban_discontinuous,Discontinuous urban fabric,5727589.5,2162732.5,1,0.316234,S-786,124.6,1181.2
urban_corine,urban_discontinuous,Discontinuous urban fabric,5728919.6,2165510.7,0,0.112106,S-787,207.7,1620.2
urban_corine,urban_discontinuous,Discontinuous urban fabric,5764977.9,2164460.8,1,0.250267,S-789,307.7,864.9
urban_corine,urban_discontinuous,Discontinuous urban fabric,5735072.3,2164634.6,1,0.264693,S-792,165.8,82.9
urban_corine,urban_discontinuous,Discontinuous urban fabric,5738076.8,2162043.0,1,0.451082,S-792,397.3,4900.8
urban_corine,urban_discontinuous,Discontinuous urban fabric,5740604.0,2159402.2,1,0.312165,S-792,294.9,9232.2
urban_corine,urban_discontinuous,Discontinuous urban fabric,5762339.6,2163313.5,1,0.322568,S-794,380.7,2517.7
urban_corine,urban_discontinuous,Discontinuous urban fabric,5762339.6,2163313.5,0,0.080642,S-796,492.0,1015.7
urban_corine,urban_discontinuous,Discontinuous urban fabric,5769979.8,2163630.5,1,0.813099,S-797,578.6,3564.6
urban_corine,urban_discontinuous,Discontinuous urban fabric,5775245.3,2241038.2,1,0.295544,S-80,412.7,2592.6
urban_corine,urban_discontinuous,Discontinuous urban fabric,5747065.4,2161852.0,1,0.274996,S-800,1371.1,2749.6
urban_corine,urban_discontinuous,Discontinuous urban fabric,5719667.6,2163958.7,1,0.333223,S-802,1082.2,379.5
urban_corine,urban_discontinuous,Discontinuous urban fabric,5712555.4,2163727.8,1,0.534142,S-803,831.2,147.9
urban_corine,urban_discontinuous,Discontinuous urban fabric,5764894.3,2160820.8,0,0.097192,S-805,1290.7,8952.6
urban_corine,urban_discontinuous,Discontinuous urban fabric,5769624.1,2160223.9,1,0.239392,S-805,774.8,2773.7
urban_corine,industrial_commercial,Industrial or commercial units,5768569.6,2156666.4,0,0.039520,S-805,2340.7,2496.0
urban_corine,urban_discontinuous,Discontinuous urban fabric,5716408.0,2161642.7,1,0.363196,S-807,182.1,2897.6
urban_corine,urban_discontinuous,Discontinuous urban fabric,5755893.4,2163228.9,0,0.102267,S-811,1188.3,1995.1
urban_corine,urban_discontinuous,Discontinuous urban fabric,5757943.9,2160488.3,1,0.340908,S-811,904.1,0.0
urban_corine,urban_discontinuous,Discontinuous urban fabric,5716408.0,2161642.7,0,0.045399,S-812,237.5,62.5
urban_corine,urban_discontinuous,Discontinuous urban fabric,5751754.8,2163140.5,1,0.347850,S-813,1251.1,3504.6
urban_corine,urban_discontinuous,Discontinuous urban fabric,5752246.1,2161018.9,1,0.244178,S-813,741.7,2993.1
urban_corine,urban_discontinuous,Discontinuous urban fabric,5764894.3,2160820.8,1,0.194385,S-815,1022.4,9917.2
urban_corine,urban_discontinuous,Discontinuous urban fabric,5766921.3,2157335.4,1,0.257412,S-815,1790.2,6314.5
urban_corine,urban_discontinuous,Discontinuous urban fabric,5762375.1,2156817.3,0,0.080654,S-815,1966.5,6318.6
urban_corine,industrial_commercial,Industrial or commercial units,5768569.6,2156666.4,1,0.592799,S-815,1940.2,1251.8
urban_corine,urban_discontinuous,Discontinuous urban fabric,5775119.6,2162269.3,1,0.486415,S-816,1002.2,331.2
urban_corine,urban_discontinuous,Discontinuous urban fabric,5733236.7,2159796.4,1,0.427195,S-829,275.9,435.2
urban_corine,urban_discontinuous,Discontinuous urban fabric,5746960.2,2157036.4,1,0.257881,S-830,451.1,5137.8
urban_corine,industrial_commercial,Industrial or commercial units,5775472.4,2159133.3,1,0.176087,S-831,176.8,169.7
urban_corine,urban_discontinuous,Discontinuous urban fabric,5706258.4,2157714.9,0,0.127628,S-832,1727.7,0.0
urban_corine,urban_discontinuous,Discontinuous urban fabric,5774079.9,2158794.5,1,0.217094,S-834,699.7,0.0
urban_corine,mineral_extraction,Mineral extraction sites,5772867.4,2157548.2,1,0.646784,S-834,1409.0,209.1
urban_corine,urban_discontinuous,Discontinuous urban fabric,5737335.3,2157569.1,1,0.338185,S-835,283.8,3483.0
urban_corine,mineral_extraction,Mineral extraction sites,5772867.4,2157548.2,0,0.114138,S-837,1070.8,0.0
urban_corine,urban_discontinuous,Discontinuous urban fabric,5774079.9,2158794.5,1,0.217094,S-838,776.4,543.8
urban_corine,industrial_commercial,Industrial or commercial units,5775472.4,2159133.3,0,0.070435,S-838,87.9,185.2
urban_corine,mineral_extraction,Mineral extraction sites,5774905.1,2158871.2,1,0.259167,S-838,199.7,289.7
urban_corine,urban_discontinuous,Discontinuous urban fabric,5736315.3,2155549.2,1,0.439011,S-841,500.8,6503.7
urban_corine,urban_discontinuous,Discontinuous urban fabric,5706258.4,2157714.9,1,0.808308,S-842,1127.8,1424.2
urban_corine,urban_discontinuous,Discontinuous urban fabric,5697267.9,2154162.7,1,0.297958,S-843,1344.2,4583.5
urban_corine,urban_discontinuous,Discontinuous urban fabric,5774823.4,2154860.7,1,0.174142,S-844,1766.2,78.0
urban_corine,urban_discontinuous,Discontinuous urban fabric,5743071.6,2156190.5,1,1.049402,S-845,467.7,3533.5
urban_corine,urban_discontinuous,Discontinuous urban fabric,5779998.6,2158229.7,1,0.272577,S-846,2233.3,1452.0
urban_corine,urban_discontinuous,Discontinuous urban fabric,5771087.7,2242050.7,1,0.323357,S-85,245.5,1375.0
urban_corine,urban_discontinuous,Discontinuous urban fabric,5760016.5,2157483.1,1,0.352603,S-851,1236.7,76.6
urban_corine,urban_discontinuous,Discontinuous urban fabric,5762375.1,2156817.3,1,0.604906,S-851,1529.9,0.0
urban_corine,urban_discontinuous,Discontinuous urban fabric,5750657.6,2156181.6,0,0.054314,S-853,451.4,12.5
urban_corine,urban_discontinuous,Discontinuous urban fabric,5750657.6,2156181.6,1,0.244415,S-856,386.1,1961.9
urban_corine,urban_discontinuous,Discontinuous urban fabric,5723783.0,2154431.8,1,0.179633,S-857,1003.8,0.0
urban_corine,urban_discontinuous,Discontinuous urban fabric,5778700.0,2241882.2,1,0.317167,S-86,1174.8,823.6
urban_corine,urban_discontinuous,Discontinuous urban fabric,5747154.2,2155305.0,1,0.277796,S-860,502.0,4115.0
urban_corine,urban_discontinuous,Discontinuous urban fabric,5746641.8,2151481.7,1,0.467519,S-861,610.1,1.4
urban_corine,urban_discontinuous,Discontinuous urban fabric,5720878.6,2155881.9,1,0.374631,S-863,1708.0,1775.4
urban_corine,dump_site,Dump sites,5723449.2,2153811.2,0,0.071005,S-863,979.6,1286.9
urban_corine,mineral_extraction,Mineral extraction sites,5721499.6,2155559.3,1,0.460681,S-863,1184.0,1487.4
urban_corine,urban_discontinuous,Discontinuous urban fabric,5711316.8,2155589.7,1,0.260835,S-865,797.3,819.7
urban_corine,urban_discontinuous,Discontinuous urban fabric,5709826.8,2152601.1,1,0.224987,S-865,680.4,4439.8
urban_corine,urban_discontinuous,Discontinuous urban fabric,5709350.0,2152200.0,1,0.020000,S-865,735.9,4926.7
urban_corine,urban_discontinuous,Discontinuous urban fabric,5704786.3,2151089.8,1,0.469713,S-865,593.7,11626.2
urban_corine,urban_discontinuous,Discontinuous urban fabric,5740301.4,2154567.1,1,0.335856,S-866,579.3,1392.8
urban_corine,urban_discontinuous,Discontinuous urban fabric,5756334.3,2156691.6,1,0.229319,S-867,1662.1,0.0
urban_corine,urban_discontinuous,Discontinuous urban fabric,5701645.8,2152768.7,1,0.252312,S-868,813.5,6039.2
urban_corine,urban_discontinuous,Discontinuous urban fabric,5769809.5,2155307.0,1,1.405311,S-869,673.6,3698.9
urban_corine,urban_discontinuous,Discontinuous urban fabric,5774823.4,2154860.7,0,0.087071,S-869,1760.4,0.0
urban_corine,urban_discontinuous,Discontinuous urban fabric,5773379.4,2153134.3,1,0.221633,S-869,1376.2,0.0
urban_corine,industrial_commercial,Industrial or commercial units,5768569.6,2156666.4,0,0.355679,S-869,2104.5,4145.2
urban_corine,urban_discontinuous,Discontinuous urban fabric,5725151.9,2244756.0,1,0.328021,S-87,2079.3,0.0
urban_corine,urban_discontinuous,Discontinuous urban fabric,5720878.6,2155881.9,0,0.034057,S-871,2102.7,0.0
urban_corine,mineral_extraction,Mineral extraction sites,5719559.5,2153943.3,1,0.323230,S-871,578.9,397.1
urban_corine,urban_discontinuous,Discontinuous urban fabric,5728834.2,2157695.2,1,0.217643,S-872,775.1,0.0
urban_corine,urban_discontinuous,Discontinuous urban fabric,5729027.1,2154963.1,1,0.393421,S-872,1016.2,2160.9
urban_corine,urban_discontinuous,Discontinuous urban fabric,5731730.0,2153837.3,1,0.206940,S-872,296.0,5123.1
urban_corine,urban_discontinuous,Discontinuous urban fabric,5736315.3,2155549.2,0,0.146337,S-875,734.7,1502.6
urban_corine,urban_discontinuous,Discontinuous urban fabric,5738961.5,2150656.0,1,1.068347,S-875,216.1,8966.6
urban_corine,mineral_extraction,Mineral extraction sites,5729491.1,2153060.2,1,0.307443,S-877,725.1,0.0
urban_corine,mineral_extraction,Mineral extraction sites,5727074.7,2152736.0,0,0.842716,S-877,2080.5,0.0
urban_corine,mineral_extraction,Mineral extraction sites,5729102.8,2150761.9,1,0.188643,S-877,2228.5,0.0
urban_corine,urban_discontinuous,Discontinuous urban fabric,5750977.6,2152665.9,1,0.542025,S-878,973.4,0.0
urban_corine,urban_discontinuous,Discontinuous urban fabric,5723783.0,2154431.8,0,0.089816,S-879,1098.4,17.7
urban_corine,dump_site,Dump sites,5723449.2,2153811.2,0,0.035503,S-879,609.6,708.4
urban_corine,mineral_extraction,Mineral extraction sites,5727074.7,2152736.0,0,0.561811,S-879,1161.7,0.0
urban_corine,urban_discontinuous,Discontinuous urban fabric,5730533.5,2241309.4,0,0.180924,S-88,1980.2,88.4
urban_corine,urban_discontinuous,Discontinuous urban fabric,5731730.0,2153837.3,0,0.082776,S-880,282.7,516.1
urban_corine,dump_site,Dump sites,5733644.1,2152888.3,0,0.108706,S-880,565.2,1933.1
urban_corine,mineral_extraction,Mineral extraction sites,5721434.9,2152234.0,1,0.267977,S-881,596.8,973.6
urban_corine,urban_discontinuous,Discontinuous urban fabric,5762429.4,2153001.6,1,0.337317,S-882,620.9,64.3
urban_corine,dump_site,Dump sites,5723449.2,2153811.2,0,0.035503,S-883,877.7,231.1
urban_corine,mineral_extraction,Mineral extraction sites,5721434.9,2152234.0,0,0.076565,S-884,872.5,522.5
urban_corine,dump_site,Dump sites,5723449.2,2153811.2,1,0.106508,S-885,1047.6,745.2
urban_corine,urban_discontinuous,Discontinuous urban fabric,5725568.5,2150273.3,1,0.394161,S-886,1583.0,0.0
urban_corine,mineral_extraction,Mineral extraction sites,5721434.9,2152234.0,0,0.229694,S-887,398.1,25.1
urban_corine,mineral_extraction,Mineral extraction sites,5727074.7,2152736.0,1,1.163751,S-889,1591.9,0.0
urban_corine,construction,Construction sites,5739152.3,2238908.7,0,0.489903,S-89,909.2,3530.7
urban_corine,urban_discontinuous,Discontinuous urban fabric,5715453.8,2153226.0,1,0.232818,S-894,690.7,2193.4
urban_corine,urban_discontinuous,Discontinuous urban fabric,5759304.7,2152671.3,1,0.249176,S-896,243.7,3078.2
urban_corine,urban_discontinuous,Discontinuous urban fabric,5755793.7,2150821.0,1,0.242954,S-896,255.7,8194.2
urban_corine,urban_discontinuous,Discontinuous urban fabric,5732247.8,2152060.5,1,0.258292,S-897,160.9,124.5
urban_corine,mineral_extraction,Mineral extraction sites,5732410.3,2151033.2,1,0.233829,S-897,956.6,0.0
urban_corine,urban_discontinuous,Discontinuous urban fabric,5735767.6,2150822.5,1,0.242804,S-898,216.4,4296.0
urban_corine,urban_discontinuous,Discontinuous urban fabric,5738961.5,2150656.0,0,0.039568,S-898,519.9,7373.0
urban_corine,dump_site,Dump sites,5733644.1,2152888.3,1,0.217413,S-898,618.1,756.0
urban_corine,mineral_extraction,Mineral extraction sites,5737555.5,2150434.7,1,0.304996,S-898,79.1,6818.6
urban_corine,mineral_extraction,Mineral extraction sites,5734122.4,2149672.9,0,0.151790,S-898,1876.8,1479.1
urban_corine,urban_discontinuous,Discontinuous urban fabric,5716838.5,2150159.2,1,0.246975,S-899,1793.9,5179.2
urban_corine,urban_discontinuous,Discontinuous urban fabric,5713877.1,2149965.6,1,0.247112,S-899,1125.7,5030.1
urban_corine,urban_discontinuous,Discontinuous urban fabric,5750977.6,2152665.9,0,0.083388,S-900,1329.5,1895.1
urban_corine,urban_discontinuous,Discontinuous urban fabric,5768471.7,2148071.1,0,0.083890,S-905,477.7,131.1
urban_corine,urban_discontinuous,Discontinuous urban fabric,5703944.2,2147695.8,1,0.203825,S-908,1176.3,6684.1
urban_corine,urban_discontinuous,Discontinuous urban fabric,5753609.4,2148107.2,1,0.440624,S-911,1869.2,4361.5
urban_corine,urban_discontinuous,Discontinuous urban fabric,5721126.7,2151027.6,1,0.346920,S-912,1037.7,4085.5
urban_corine,urban_discontinuous,Discontinuous urban fabric,5719579.7,2149746.5,1,0.258276,S-912,877.8,3395.9
urban_corine,urban_discontinuous,Discontinuous urban fabric,5758165.8,2149186.9,1,0.237277,S-914,1015.9,1015.7
urban_corine,urban_discontinuous,Discontinuous urban fabric,5750739.7,2145802.5,0,0.073597,S-916,1112.4,3773.1
urban_corine,urban_discontinuous,Discontinuous urban fabric,5747205.8,2145519.5,1,0.483966,S-916,572.9,902.7
urban_corine,urban_discontinuous,Discontinuous urban fabric,5750881.1,2144124.1,0,0.078880,S-916,2428.8,2763.5
urban_corine,urban_discontinuous,Discontinuous urban fabric,5762429.4,2153001.6,0,0.048188,S-918,901.6,6238.8
urban_corine,urban_discontinuous,Discontinuous urban fabric,5764181.3,2149265.4,1,0.263318,S-918,389.6,631.4
urban_corine,urban_discontinuous,Discontinuous urban fabric,5734898.9,2147621.2,1,0.236683,S-921,2200.8,2419.2
urban_corine,urban_discontinuous,Discontinuous urban fabric,5737305.5,2145515.7,1,0.262630,S-921,230.6,5866.5
urban_corine,mineral_extraction,Mineral extraction sites,5734122.4,2149672.9,1,0.417422,S-921,1601.0,0.0
urban_corine,mineral_extraction,Mineral extraction sites,5736518.4,2148022.2,1,0.246240,S-921,645.9,2647.8
urban_corine,urban_discontinuous,Discontinuous urban fabric,5752333.3,2146281.4,1,0.407233,S-929,160.4,747.6
urban_corine,urban_discontinuous,Discontinuous urban fabric,5750739.7,2145802.5,1,0.220791,S-929,1012.6,2067.1
urban_corine,urban_discontinuous,Discontinuous urban fabric,5750881.1,2144124.1,1,0.157760,S-929,2264.0,164.9
urban_corine,urban_discontinuous,Discontinuous urban fabric,5754307.2,2144044.2,1,0.318887,S-929,2291.2,0.0
urban_corine,urban_discontinuous,Discontinuous urban fabric,5768471.7,2148071.1,1,0.377505,S-930,322.2,3629.4
urban_corine,urban_discontinuous,Discontinuous urban fabric,5711486.7,2145259.4,1,0.046519,S-933,778.1,728.6
urban_corine,urban_discontinuous,Discontinuous urban fabric,5711473.2,2144785.9,1,0.246138,S-933,470.2,531.2
urban_corine,urban_discontinuous,Discontinuous urban fabric,5756960.0,2142906.4,1,0.216801,S-934,159.0,2292.4
urban_corine,urban_discontinuous,Discontinuous urban fabric,5758505.6,2141071.5,1,0.231038,S-934,540.5,0.0
urban_corine,urban_discontinuous,Discontinuous urban fabric,5697948.0,2143052.1,1,0.006847,S-938,14.5,52.1
urban_corine,urban_discontinuous,Discontinuous urban fabric,5698466.0,2142366.6,1,0.685963,S-938,880.2,0.0
urban_corine,construction,Construction sites,5739152.3,2238908.7,1,1.061457,S-94,760.7,3637.9
urban_corine,urban_discontinuous,Discontinuous urban fabric,5774078.6,2148299.7,1,0.255263,S-940,2017.8,0.0
urban_corine,urban_discontinuous,Discontinuous urban fabric,5727205.6,2145627.4,0,0.035731,S-942,2236.8,0.0
urban_corine,urban_discontinuous,Discontinuous urban fabric,5727205.6,2145627.4,0,0.071462,S-943,2261.2,0.0
urban_corine,urban_discontinuous,Discontinuous urban fabric,5724956.8,2145084.4,1,0.236824,S-943,1216.0,0.0
urban_corine,urban_discontinuous,Discontinuous urban fabric,5703944.2,2147695.8,0,0.033971,S-946,1252.6,4853.8
urban_corine,urban_discontinuous,Discontinuous urban fabric,5700902.3,2147229.8,1,0.238025,S-946,806.0,7036.4
urban_corine,urban_discontinuous,Discontinuous urban fabric,5761505.7,2146868.2,1,0.232724,S-947,655.6,746.4
urban_corine,urban_discontinuous,Discontinuous urban fabric,5763561.3,2144114.4,1,0.260747,S-949,985.5,6653.1
urban_corine,urban_discontinuous,Discontinuous urban fabric,5763874.3,2140352.3,1,0.247448,S-949,97.4,1589.0
urban_corine,urban_discontinuous,Discontinuous urban fabric,5716339.0,2143290.4,1,0.132788,S-950,2412.9,88.4
urban_corine,urban_discontinuous,Discontinuous urban fabric,5727205.6,2145627.4,1,0.393041,S-951,2135.4,55.7
urban_corine,urban_discontinuous,Discontinuous urban fabric,5729862.7,2143831.8,1,0.350533,S-951,123.8,2228.1
urban_corine,urban_discontinuous,Discontinuous urban fabric,5730774.7,2139467.6,1,0.351267,S-951,998.1,7437.2
urban_corine,urban_discontinuous,Discontinuous urban fabric,5745704.5,2143565.0,0,0.038846,S-954,902.3,3341.3
urban_corine,urban_discontinuous,Discontinuous urban fabric,5736728.4,2144604.6,1,0.228181,S-957,545.7,323.7
urban_corine,urban_discontinuous,Discontinuous urban fabric,5738863.3,2144847.6,1,0.423582,S-957,1244.5,1605.6
urban_corine,dump_site,Dump sites,5738450.0,2143357.3,1,0.006404,S-957,230.2,2572.4
urban_corine,dump_site,Dump sites,5736837.2,2142529.3,0,0.362154,S-957,346.6,2317.7
urban_corine,urban_discontinuous,Discontinuous urban fabric,5745704.5,2143565.0,1,0.194232,S-958,840.1,3999.8
urban_corine,urban_discontinuous,Discontinuous urban fabric,5770243.2,2143221.3,1,0.250444,S-962,460.1,8022.5
urban_corine,urban_discontinuous,Discontinuous urban fabric,5771417.5,2138504.7,1,0.268423,S-962,310.5,830.6
urban_corine,urban_discontinuous,Discontinuous urban fabric,5773045.8,2141683.8,1,0.231337,S-963,965.7,835.2
urban_corine,urban_discontinuous,Discontinuous urban fabric,5714307.1,2142278.6,1,0.070000,S-964,846.9,0.0
urban_corine,urban_discontinuous,Discontinuous urban fabric,5714772.6,2141632.9,1,0.207149,S-964,1550.9,0.0
urban_corine,urban_discontinuous,Discontinuous urban fabric,5730549.1,2149363.2,1,0.312435,S-965,789.0,0.0
urban_corine,urban_discontinuous,Discontinuous urban fabric,5731605.2,2146508.0,1,0.246389,S-965,533.7,2631.4
urban_corine,urban_discontinuous,Discontinuous urban fabric,5734287.1,2143767.7,1,0.345145,S-965,1931.1,7867.5
urban_corine,mineral_extraction,Mineral extraction sites,5729102.8,2150761.9,0,0.047161,S-965,2239.7,0.0
urban_corine,mineral_extraction,Mineral extraction sites,5731353.8,2149814.8,1,0.361750,S-965,1593.5,48.6
urban_corine,mineral_extraction,Mineral extraction sites,5730877.4,2146263.3,1,0.251069,S-965,187.1,2893.4
urban_corine,mineral_extraction,Mineral extraction sites,5732627.8,2146979.9,1,2.165314,S-965,1453.2,2469.2
urban_corine,mineral_extraction,Mineral extraction sites,5734917.0,2142012.5,0,0.043065,S-965,747.7,9682.1
urban_corine,mineral_extraction,Mineral extraction sites,5733665.8,2142006.3,1,0.802065,S-965,361.9,9027.5
urban_corine,mineral_extraction,Mineral extraction sites,5732560.1,2141342.4,1,0.067207,S-965,834.4,8762.1
urban_corine,mineral_extraction,Mineral extraction sites,5731941.4,2140994.9,1,0.223602,S-965,1470.7,8762.1
urban_corine,urban_discontinuous,Discontinuous urban fabric,5709968.9,2139654.6,1,0.348183,S-967,1638.1,0.0
urban_corine,urban_discontinuous,Discontinuous urban fabric,5710299.9,2240503.6,1,0.252551,S-97,130.0,763.6
urban_corine,urban_discontinuous,Discontinuous urban fabric,5710664.8,2234969.2,1,0.282472,S-97,1846.6,8601.6
urban_corine,urban_discontinuous,Discontinuous urban fabric,5712179.4,2231717.4,1,0.306308,S-97,202.6,11761.1
urban_corine,industrial_commercial,Industrial or commercial units,5711400.4,2236875.9,1,0.824992,S-97,1186.7,4992.5
urban_corine,urban_discontinuous,Discontinuous urban fabric,5741667.3,2138715.4,1,0.343133,S-970,613.1,3031.2
urban_corine,urban_discontinuous,Discontinuous urban fabric,5743917.4,2135529.8,1,0.633635,S-970,1398.3,0.0
urban_corine,industrial_commercial,Industrial or commercial units,5743157.5,2140719.4,1,0.391204,S-970,1158.7,5145.4
urban_corine,dump_site,Dump sites,5736837.2,2142529.3,1,1.810769,S-971,383.5,3761.8
urban_corine,mineral_extraction,Mineral extraction sites,5734917.0,2142012.5,1,0.344518,S-971,641.6,1939.4
urban_corine,urban_discontinuous,Discontinuous urban fabric,5694253.1,2142383.6,1,0.287073,S-972,1006.8,0.0
urban_corine,urban_discontinuous,Discontinuous urban fabric,5739724.6,2139991.7,1,0.321881,S-973,135.7,686.2
urban_corine,urban_discontinuous,Discontinuous urban fabric,5753842.7,2141534.0,1,0.275991,S-977,1202.9,45.5
urban_corine,urban_discontinuous,Discontinuous urban fabric,5750187.2,2138284.0,0,0.071564,S-977,2333.7,2312.7
urban_corine,urban_discontinuous,Discontinuous urban fabric,5752508.5,2138416.4,1,0.242276,S-977,2102.4,1056.4
urban_corine,urban_discontinuous,Discontinuous urban fabric,5727749.3,2141285.0,1,0.248231,S-978,558.7,32.6
urban_corine,urban_discontinuous,Discontinuous urban fabric,5730774.7,2139467.6,0,0.039030,S-979,972.9,1438.2
urban_corine,mineral_extraction,Mineral extraction sites,5731941.4,2140994.9,0,0.037267,S-979,1775.3,3107.4
urban_corine,urban_discontinuous,Discontinuous urban fabric,5738467.9,2136263.8,1,2.917124,S-981,1727.8,0.0
urban_corine,industrial_commercial,Industrial or commercial units,5737532.1,2136911.4,1,0.106477,S-981,2289.4,115.2
urban_corine,industrial_commercial,Industrial or commercial units,5739928.0,2134709.3,1,0.653661,S-981,2150.5,0.0
urban_corine,urban_discontinuous,Discontinuous urban fabric,5702893.5,2141621.4,1,0.832105,S-982,2036.2,8397.6
urban_corine,urban_discontinuous,Discontinuous urban fabric,5707513.8,2139260.6,1,0.812773,S-982,1719.7,298.4
urban_corine,construction,Construction sites,5747332.5,2137307.9,1,1.016181,S-983,1889.4,188.4
urban_corine,urban_discontinuous,Discontinuous urban fabric,5750187.2,2138284.0,1,0.143127,S-983,2281.7,0.0
urban_corine,urban_discontinuous,Discontinuous urban fabric,5748949.4,2137631.0,1,0.363203,S-983,1809.3,0.0
urban_corine,mineral_extraction,Mineral extraction sites,5727314.3,2138146.4,1,0.572154,S-985,337.6,810.7
urban_corine,urban_discontinuous,Discontinuous urban fabric,5726239.6,2134530.0,1,0.567346,S-986,650.3,2265.5
urban_corine,urban_discontinuous,Discontinuous urban fabric,5725526.1,2131183.3,1,0.306783,S-986,1588.8,0.0
urban_corine,mineral_extraction,Mineral extraction sites,5727314.3,2138146.4,0,0.396106,S-986,629.0,6041.0
urban_corine,mineral_extraction,Mineral extraction sites,5725404.7,2137286.9,1,0.425610,S-986,1176.4,4655.5
urban_corine,mineral_extraction,Mineral extraction sites,5723184.0,2134308.3,1,0.147367,S-986,2299.9,2311.5
urban_corine,mineral_extraction,Mineral extraction sites,5727314.3,2138146.4,0,0.088024,S-987,838.6,605.7
urban_corine,urban_discontinuous,Discontinuous urban fabric,5730028.4,2136361.4,1,0.242548,S-989,821.1,4442.2
urban_corine,urban_discontinuous,Discontinuous urban fabric,5731624.0,2136023.2,1,0.285723,S-989,526.5,3555.2
urban_corine,urban_discontinuous,Discontinuous urban fabric,5729376.1,2131296.4,1,0.271065,S-989,1920.2,122.9
urban_corine,urban_discontinuous,Discontinuous urban fabric,5731282.5,2131041.2,1,0.517233,S-989,2161.4,273.7
urban_corine,industrial_commercial,Industrial or commercial units,5728694.3,2130783.5,1,0.082481,S-989,2376.3,88.4
