reach_id,up_station,down_station,up_seg,down_seg,immediate,n_intervening_stations,d_catchment_km2,d_n_agriculture_groundwater_irrigation,d_km2_agriculture_groundwater_irrigation,d_n_agriculture_surface_irrigation,d_km2_agriculture_surface_irrigation,d_n_industrial_firm,d_km2_industrial_firm,d_n_industrial_zone,d_km2_industrial_zone,d_n_urban_corine,d_km2_urban_corine,d_nfirm_agriculture_industry,d_nfirm_alcohol_beverage,d_nfirm_chemical,d_nfirm_energy_waste,d_nfirm_food,d_nfirm_leather,d_nfirm_machinery_auto,d_nfirm_metal,d_nfirm_mining_stone,d_nfirm_pharma_cosmetic,d_nfirm_plastic_rubber,d_nfirm_textile,d_nfirm_unclassified,d_nfirm_wood_paper
R-42-4,42,4,S-696,S-687,True,0,63.0345,0,0.000000,1,1.884863,0,0.000000,0,0.000000,3,2.627465,0,0,0,0,0,0,0,0,0,0,0,0,0,0
R-48-4,48,4,S-630,S-687,False,7,551.8407,0,0.000000,1,1.884863,534,0.000000,5,26.330004,43,61.828725,1,4,67,22,50,76,34,53,28,18,53,94,125,29
R-49-4,49,4,S-575,S-687,False,8,583.3839,0,0.000000,1,1.884863,534,0.000000,5,26.330004,49,71.878957,1,4,67,22,50,76,34,53,28,18,53,94,125,29
R-50-4,50,4,S-575,S-687,False,9,598.8599,0,0.000000,1,1.884863,563,0.000000,5,26.330004,50,72.167580,1,4,71,22,52,76,34,54,30,18,54,109,132,29
R-51-4,51,4,S-425,S-687,False,10,594.1776,0,0.000000,1,1.884863,552,0.000000,6,30.094770,50,65.701819,2,3,59,24,53,75,39,56,28,11,51,112,130,25
R-52-4,52,4,S-545,S-687,False,8,294.7637,0,0.000000,1,1.884863,273,0.000000,2,14.975125,27,38.804260,1,1,26,11,35,71,19,20,7,1,12,75,51,6
R-53-4,53,4,S-545,S-687,False,7,272.1490,0,0.000000,1,1.884863,232,0.000000,2,10.861690,21,34.356299,1,0,22,10,29,71,14,15,7,1,11,60,40,6
R-62-4,62,4,S-625,S-687,False,1,197.0753,0,0.000000,1,1.884863,18,0.000000,0,1.337142,8,8.671899,0,0,0,0,10,0,1,1,0,0,1,2,6,4
R-64-4,64,4,S-492,S-687,False,10,396.4652,0,0.000000,1,1.884863,511,0.000000,5,26.543876,43,58.836637,1,3,55,23,52,74,38,52,24,14,42,116,110,20
R-70-4,70,4,S-575,S-687,False,10,607.2972,0,0.000000,1,1.884863,615,0.000000,6,33.997766,51,77.117012,2,4,74,24,60,76,41,57,32,19,58,127,142,29
R-75-4,75,4,S-630,S-687,False,6,550.5612,0,0.000000,1,1.884863,534,0.000000,5,26.330004,43,58.730266,1,4,67,22,50,76,34,53,28,18,53,94,125,29
R-43-5,43,5,S-412,S-616,False,5,257.6577,0,0.000000,1,0.341968,178,0.000000,3,11.777440,26,17.780395,5,1,22,6,33,0,25,9,6,2,5,53,43,14
R-54-5,54,5,S-583,S-616,False,2,83.5235,0,0.000000,0,0.000000,50,0.000000,1,3.688432,10,5.937391,2,0,11,2,6,0,5,3,0,0,3,19,11,4
R-55-5,55,5,S-524,S-616,False,5,633.1771,0,0.000000,2,1.469339,154,0.000000,3,9.875647,43,29.182096,4,1,13,6,33,0,25,7,6,2,3,37,41,12
R-56-5,56,5,S-616,S-616,True,0,11.0095,0,0.000000,0,0.000000,22,0.000000,1,1.267570,3,1.147976,1,0,2,2,5,0,4,1,0,0,1,1,8,2
R-63-5,63,5,S-595,S-616,False,5,627.9054,0,0.000000,2,1.469339,144,0.000000,2,8.584215,43,27.305207,4,0,18,5,26,0,22,9,2,1,5,40,38,11
R-71-5,71,5,S-559,S-616,False,5,619.3062,0,0.000000,1,1.127371,174,0.000000,3,11.332814,44,30.110979,5,1,20,6,33,0,23,9,6,2,5,52,42,14
R-57-6,57,6,S-560,S-560,True,0,10.3724,0,0.000000,0,0.000000,12,0.000000,1,4.150507,1,1.257110,1,0,0,0,1,0,2,1,2,0,1,4,2,0
R-58-7,58,7,S-525,S-565,False,1,246.3791,7,24.760635,0,0.279513,0,0.000000,0,0.000000,22,5.900919,0,0,0,0,0,0,0,0,0,0,0,0,0,0
R-65-7,65,7,S-467,S-565,False,2,361.0530,8,31.563816,1,15.253428,11,0.000000,0,2.156875,41,11.848061,0,0,0,1,2,0,2,2,1,0,0,2,3,1
R-69-7,69,7,S-499,S-565,False,2,492.9628,2,9.349420,2,18.758919,11,0.000000,0,2.156875,49,18.173725,0,0,0,1,2,0,2,2,1,0,0,2,3,1
R-32-10,32,10,S-456,S-456,True,0,3.4393,0,0.000000,0,0.000000,0,0.000000,0,0.000000,1,0.678072,0,0,0,0,0,0,0,0,0,0,0,0,0,0
R-59-10,59,10,S-410,S-456,False,1,278.8314,2,7.483950,16,22.406796,0,0.000000,0,0.000000,14,10.140039,0,0,0,0,0,0,0,0,0,0,0,0,0,0
R-68-12,68,12,S-385,S-385,True,0,19.2457,0,0.000000,0,0.000000,0,0.000000,0,0.000000,0,0.000000,0,0,0,0,0,0,0,0,0,0,0,0,0,0
R-44-13,44,13,S-797,S-584,True,0,551.1886,0,0.000000,9,23.986363,0,0.000000,0,0.000000,26,11.283661,0,0,0,0,0,0,0,0,0,0,0,0,0,0
R-17-16,17,16,S-824,S-594,False,4,1480.0716,2,6.503409,15,237.472997,58,0.000000,1,1.262766,114,47.439550,6,0,1,2,9,0,19,5,5,0,6,5,10,8
R-60-16,60,16,S-662,S-594,True,0,69.4783,1,2.938445,3,21.993234,0,0.000000,0,0.000000,2,0.757604,0,0,0,0,0,0,0,0,0,0,0,0,0,0
R-61-16,61,16,S-973,S-594,False,4,1466.2907,2,6.503409,14,239.284761,58,0.000000,1,1.262766,111,43.762288,6,0,1,2,9,0,19,5,5,0,6,5,10,8
R-73-16,73,16,S-800,S-594,False,1,370.4338,1,2.938445,5,115.088223,15,0.000000,0,0.342173,21,7.242414,4,0,0,0,3,0,6,1,3,0,1,2,0,0
R-74-16,74,16,S-957,S-594,False,4,1445.3949,2,6.503409,15,239.317741,58,0.000000,1,1.262766,107,45.256254,6,0,1,2,9,0,19,5,5,0,6,5,10,8
R-1-18,1,18,S-54,S-577,False,2,667.1525,1,1.830049,8,221.950048,0,0.000000,0,0.000000,46,28.720846,0,0,0,0,0,0,0,0,0,0,0,0,0,0
R-47-18,47,18,S-194,S-577,False,2,708.7812,1,1.830049,8,216.947231,0,0.000000,0,0.000000,43,23.482266,0,0,0,0,0,0,0,0,0,0,0,0,0,0
R-67-18,67,18,S-376,S-577,False,1,536.3186,1,1.830049,4,71.747462,0,0.000000,0,0.000000,28,15.524447,0,0,0,0,0,0,0,0,0,0,0,0,0,0
R-41-19,41,19,S-101,S-522,True,0,748.1503,7,16.571739,31,291.518500,0,0.000000,0,0.000000,43,17.328113,0,0,0,0,0,0,0,0,0,0,0,0,0,0
R-45-22,45,22,S-649,S-656,True,0,221.0292,0,0.000000,10,19.822299,0,0.000000,0,0.000000,9,2.932697,0,0,0,0,0,0,0,0,0,0,0,0,0,0
R-1-23,1,23,S-54,S-714,False,67,10032.0626,64,168.321369,256,1254.348835,1048,0.000000,16,65.845820,654,359.217965,20,7,118,40,124,78,113,96,54,25,78,229,235,62
R-2-23,2,23,S-752,S-714,False,67,10080.9112,64,168.321369,256,1254.348835,1048,0.000000,16,65.845820,655,359.465350,20,7,118,40,124,78,113,96,54,25,78,229,235,62
R-4-23,4,23,S-687,S-714,False,56,9488.4708,64,168.321369,255,1252.463972,400,0.000000,10,31.202715,602,281.846770,18,3,38,15,61,2,68,33,20,6,17,88,88,32
R-5-23,5,23,S-616,S-714,False,61,9451.5595,64,168.321369,254,1252.879496,870,0.000000,13,54.068380,610,328.720296,15,6,96,34,91,78,88,87,48,23,73,176,192,48
R-6-23,6,23,S-560,S-714,False,66,10082.6794,64,168.321369,256,1254.348835,1023,0.000000,14,58.565279,653,355.073198,19,7,115,39,123,77,109,94,50,25,77,219,231,62
R-7-23,7,23,S-565,S-714,False,64,9378.7634,55,135.355910,254,1235.310403,1037,0.000000,16,63.688945,585,335.799590,20,7,118,39,122,78,111,94,53,25,78,227,232,61
R-8-23,8,23,S-503,S-714,False,67,9813.1817,62,158.565633,252,1244.178849,1041,0.000000,15,64.102837,632,352.677495,20,7,117,40,123,78,113,96,54,25,78,228,232,61
R-9-23,9,23,S-361,S-714,False,67,10069.7492,63,167.363395,256,1254.348835,1048,0.000000,16,65.845820,650,358.371949,20,7,118,40,124,78,113,96,54,25,78,229,235,62
R-10-23,10,23,S-456,S-714,False,65,9447.6488,60,154.008092,228,1189.251328,1048,0.000000,16,65.845820,614,334.267362,20,7,118,40,124,78,113,96,54,25,78,229,235,62
R-11-23,11,23,S-539,S-714,False,67,9934.6236,63,166.234741,255,1243.998303,1048,0.000000,16,65.845820,650,356.874872,20,7,118,40,124,78,113,96,54,25,78,229,235,62
R-12-23,12,23,S-385,S-714,False,66,9841.9104,63,166.723043,252,1244.875320,1039,0.000000,16,65.576590,644,354.460636,20,7,118,40,123,78,112,94,54,25,78,229,231,61
R-13-23,13,23,S-584,S-714,False,66,9474.8359,64,168.321369,237,1220.633635,1048,0.000000,16,65.845820,623,346.525772,20,7,118,40,124,78,113,96,54,25,78,229,235,62
R-14-23,14,23,S-347,S-714,False,67,9942.4984,61,165.256995,244,1220.063815,1014,0.000000,15,62.615065,645,353.767361,17,6,116,38,121,78,109,93,54,23,78,224,228,60
R-15-23,15,23,S-578,S-714,False,67,10052.1511,64,168.203831,254,1251.301914,1048,0.000000,16,65.845820,652,357.854517,20,7,118,40,124,78,113,96,54,25,78,229,235,62
R-16-23,16,23,S-594,S-714,False,62,8614.5076,62,161.817960,241,1015.031094,990,0.000000,15,64.583054,541,312.025800,14,7,117,38,115,78,94,91,49,25,72,224,225,54
R-17-23,17,23,S-824,S-714,False,67,10094.5792,64,168.321369,256,1252.504091,1048,0.000000,16,65.845820,655,359.465350,20,7,118,40,124,78,113,96,54,25,78,229,235,62
R-18-23,18,23,S-577,S-714,False,64,9364.9100,63,166.491320,248,1032.398787,1048,0.000000,16,65.845820,608,330.497119,20,7,118,40,124,78,113,96,54,25,78,229,235,62
R-19-23,19,23,S-522,S-714,False,66,8935.1479,57,151.749630,216,951.064627,1048,0.000000,16,65.845820,607,340.133824,20,7,118,40,124,78,113,96,54,25,78,229,235,62
R-20-23,20,23,S-564,S-714,False,67,9645.4305,52,137.708174,228,1180.987576,1048,0.000000,16,65.845820,635,348.955950,20,7,118,40,124,78,113,96,54,25,78,229,235,62
R-21-23,21,23,S-591,S-714,False,67,9642.2890,49,139.932750,243,1200.730318,1014,0.000000,15,64.771992,627,347.401371,20,7,115,38,121,78,105,86,53,24,74,227,229,59
R-22-23,22,23,S-656,S-714,False,66,9850.9153,64,168.321369,246,1234.526536,1026,0.000000,15,65.204245,642,354.177384,18,7,117,40,119,77,108,96,54,24,77,226,230,62
R-27-23,27,23,S-664,S-714,False,54,9339.6912,64,168.321369,254,1251.900880,387,0.000000,10,30.165613,595,277.891426,17,3,35,14,58,2,68,33,19,6,17,86,85,30
R-28-23,28,23,S-623,S-714,False,46,8691.1228,64,168.321369,252,1250.431541,209,0.000000,7,18.388173,549,246.872709,12,2,13,8,25,2,43,24,13,4,12,33,42,16
R-29-23,29,23,S-619,S-714,False,43,8634.3867,63,166.973486,252,1250.431541,178,0.000000,5,11.107632,546,242.248216,11,2,9,7,24,1,39,22,7,4,11,19,38,16
R-30-23,30,23,S-549,S-714,False,38,7875.3945,54,134.008027,250,1231.393109,167,0.000000,5,8.950757,473,216.961489,11,2,9,6,22,1,37,20,6,4,11,17,35,15
R-31-23,31,23,S-516,S-714,False,35,7466.8214,50,119.710076,246,1221.223123,157,0.000000,4,6.478154,444,208.376773,11,1,7,6,21,1,37,20,6,4,11,15,32,14
R-32-23,32,23,S-456,S-714,False,66,9451.0881,60,154.008092,228,1189.251328,1048,0.000000,16,65.845820,615,334.945434,20,7,118,40,124,78,113,96,54,25,78,229,235,62
R-33-23,33,23,S-540,S-714,False,67,10092.4340,64,167.786259,256,1254.348835,1048,0.000000,16,65.845820,655,359.424616,20,7,118,40,124,78,113,96,54,25,78,229,235,62
R-34-23,34,23,S-526,S-714,False,27,6369.4724,42,97.881400,217,1145.775084,157,0.000000,4,6.478154,367,171.063870,11,1,7,6,21,1,37,20,6,4,11,15,32,14
R-35-23,35,23,S-568,S-714,False,20,5089.6251,38,91.253669,177,1042.988785,114,0.000000,3,2.978169,300,140.317597,8,0,5,4,17,1,32,15,6,2,11,10,21,11
R-36-23,36,23,S-597,S-714,False,67,10092.2611,64,168.321369,256,1253.905957,1048,0.000000,16,65.845820,655,359.388055,20,7,118,40,124,78,113,96,54,25,78,229,235,62
R-37-23,37,23,S-614,S-714,False,5,991.1258,15,28.388619,72,168.347178,56,0.000000,2,1.715403,56,28.379893,2,0,4,2,8,1,13,10,1,2,5,5,11,3
R-38-23,38,23,S-645,S-714,False,3,480.3745,0,0.000000,45,104.612360,22,0.000000,1,0.641575,26,14.617428,2,0,1,0,5,1,5,0,0,1,1,3,5,0
R-39-23,39,23,S-706,S-714,True,0,72.4134,0,0.000000,3,17.798030,0,0.000000,0,0.000000,3,5.254672,0,0,0,0,0,0,0,0,0,0,0,0,0,0
R-41-23,41,23,S-101,S-714,False,67,9683.2982,64,168.321369,247,1242.583127,1048,0.000000,16,65.845820,650,357.461937,20,7,118,40,124,78,113,96,54,25,78,229,235,62
R-42-23,42,23,S-696,S-714,False,57,9551.5053,64,168.321369,256,1254.348835,400,0.000000,10,31.202715,605,284.474235,18,3,38,15,61,2,68,33,20,6,17,88,88,32
R-43-23,43,23,S-412,S-714,False,67,9709.2172,64,168.321369,255,1253.221464,1048,0.000000,16,65.845820,636,346.500691,20,7,118,40,124,78,113,96,54,25,78,229,235,62
R-44-23,44,23,S-797,S-714,False,67,10026.0244,64,168.321369,246,1244.619998,1048,0.000000,16,65.845820,649,357.809433,20,7,118,40,124,78,113,96,54,25,78,229,235,62
R-45-23,45,23,S-649,S-714,False,67,10071.9446,64,168.321369,256,1254.348835,1026,0.000000,15,65.204245,651,357.110081,18,7,117,40,119,77,108,96,54,24,77,226,230,62
R-46-23,46,23,S-511,S-714,False,33,7310.6433,49,118.193284,246,1221.223123,157,0.000000,4,6.478154,420,201.711399,11,1,7,6,21,1,37,20,6,4,11,15,32,14
R-47-23,47,23,S-194,S-714,False,67,10073.6912,64,168.321369,256,1249.346018,1048,0.000000,16,65.845820,651,353.979385,20,7,118,40,124,78,113,96,54,25,78,229,235,62
R-48-23,48,23,S-630,S-714,False,64,10040.3115,64,168.321369,256,1254.348835,934,0.000000,15,57.532719,645,343.675495,19,7,105,37,111,78,102,86,48,24,70,182,213,61
R-49-23,49,23,S-575,S-714,False,65,10071.8547,64,168.321369,256,1254.348835,934,0.000000,15,57.532719,651,353.725727,19,7,105,37,111,78,102,86,48,24,70,182,213,61
R-50-23,50,23,S-575,S-714,False,66,10087.3307,64,168.321369,256,1254.348835,963,0.000000,15,57.532719,652,354.014350,19,7,109,37,113,78,102,87,50,24,71,197,220,61
R-51-23,51,23,S-425,S-714,False,67,10082.6484,64,168.321369,256,1254.348835,952,0.000000,16,61.297485,652,347.548589,20,6,97,39,114,77,107,89,48,17,68,200,218,57
R-52-23,52,23,S-545,S-714,False,65,9783.2344,64,168.321369,256,1254.348835,673,0.000000,12,46.177840,629,320.651030,19,4,64,26,96,73,87,53,27,7,29,163,139,38
R-53-23,53,23,S-545,S-714,False,64,9760.6198,64,168.321369,256,1254.348835,632,0.000000,12,42.064405,623,316.203069,19,3,60,25,90,73,82,48,27,7,28,148,128,38
R-54-23,54,23,S-583,S-714,False,64,9535.0831,64,168.321369,254,1252.879496,920,0.000000,14,57.756812,620,334.657687,17,6,107,36,97,78,93,90,48,23,76,195,203,52
R-55-23,55,23,S-524,S-714,False,67,10084.7366,64,168.321369,256,1254.348835,1024,0.000000,16,63.944027,653,357.902392,19,7,109,40,124,78,113,94,54,25,76,213,233,60
R-56-23,56,23,S-616,S-714,False,62,9462.5691,64,168.321369,254,1252.879496,892,0.000000,14,55.335950,613,329.868272,16,6,98,36,96,78,92,88,48,23,74,177,200,50
R-57-23,57,23,S-560,S-714,False,67,10093.0518,64,168.321369,256,1254.348835,1035,0.000000,15,62.715786,654,356.330308,20,7,115,39,124,77,111,95,52,25,78,223,233,62
R-58-23,58,23,S-525,S-714,False,66,9625.1425,62,160.116545,254,1235.589916,1037,0.000000,16,63.688945,607,341.700509,20,7,118,39,122,78,111,94,53,25,78,227,232,61
R-59-23,59,23,S-410,S-714,False,67,9726.4802,62,161.492042,244,1211.658124,1048,0.000000,16,65.845820,628,344.407401,20,7,118,40,124,78,113,96,54,25,78,229,235,62
R-60-23,60,23,S-662,S-714,False,63,8683.9858,63,164.756405,244,1037.024328,990,0.000000,15,64.583054,543,312.783404,14,7,117,38,115,78,94,91,49,25,72,224,225,54
R-61-23,61,23,S-973,S-714,False,67,10080.7982,64,168.321369,255,1254.315855,1048,0.000000,16,65.845820,652,355.788088,20,7,118,40,124,78,113,96,54,25,78,229,235,62
R-62-23,62,23,S-625,S-714,False,58,9685.5460,64,168.321369,256,1254.348835,418,0.000000,10,32.539857,610,290.518669,18,3,38,15,71,2,69,34,20,6,18,90,94,36
R-63-23,63,23,S-595,S-714,False,67,10079.4649,64,168.321369,256,1254.348835,1014,0.000000,15,62.652595,653,356.025503,19,6,114,39,117,78,110,96,50,24,78,216,230,59
R-64-23,64,23,S-492,S-714,False,67,9884.9360,64,168.321369,256,1254.348835,911,0.000000,15,57.746591,645,340.683407,19,6,93,38,113,76,106,85,44,20,59,204,198,52
R-65-23,65,23,S-467,S-714,False,67,9739.8164,63,166.919726,255,1250.563831,1048,0.000000,16,65.845820,626,347.647651,20,7,118,40,124,78,113,96,54,25,78,229,235,62
R-66-23,66,23,S-483,S-714,False,67,10082.1602,63,167.220955,256,1254.348835,1047,0.000000,16,65.156734,653,358.879921,20,7,118,40,124,78,113,96,54,25,78,228,235,62
R-67-23,67,23,S-376,S-714,False,66,9901.2286,64,168.321369,252,1104.146249,1048,0.000000,16,65.845820,636,346.021566,20,7,118,40,124,78,113,96,54,25,78,229,235,62
R-68-23,68,23,S-385,S-714,False,67,9861.1561,63,166.723043,252,1244.875320,1039,0.000000,16,65.576590,644,354.460636,20,7,118,40,123,78,112,94,54,25,78,229,231,61
R-69-23,69,23,S-499,S-714,False,67,9871.7262,57,144.705330,256,1254.069322,1048,0.000000,16,65.845820,634,353.973315,20,7,118,40,124,78,113,96,54,25,78,229,235,62
R-70-23,70,23,S-575,S-714,False,67,10095.7679,64,168.321369,256,1254.348835,1015,0.000000,16,65.200481,653,358.963782,20,7,112,39,121,78,109,90,52,25,75,215,230,61
R-71-23,71,23,S-559,S-714,False,67,10070.8657,64,168.321369,255,1254.006867,1044,0.000000,16,65.401194,654,358.831275,20,7,116,40,124,78,111,96,54,25,78,228,234,62
R-73-23,73,23,S-800,S-714,False,64,8984.9414,63,164.756405,246,1130.119317,1005,0.000000,15,64.925227,562,319.268214,18,7,117,38,118,78,100,92,52,25,73,226,225,54
R-74-23,74,23,S-957,S-714,False,67,10059.9025,64,168.321369,256,1254.348835,1048,0.000000,16,65.845820,648,357.282054,20,7,118,40,124,78,113,96,54,25,78,229,235,62
R-75-23,75,23,S-630,S-714,False,63,10039.0320,64,168.321369,256,1254.348835,934,0.000000,15,57.532719,645,340.577036,19,7,105,37,111,78,102,86,48,24,70,182,213,61
R-2-27,2,27,S-752,S-664,False,12,741.2200,0,0.000000,2,2.447955,661,0.000000,6,35.680207,60,81.573924,3,4,83,26,66,76,45,63,35,19,61,143,150,32
R-4-27,4,27,S-687,S-664,False,1,148.7796,0,0.000000,1,0.563092,13,0.000000,0,1.037102,7,3.955344,1,0,3,1,3,0,0,0,1,0,0,2,3,2
R-42-27,42,27,S-696,S-664,False,2,211.8141,0,0.000000,2,2.447955,13,0.000000,0,1.037102,10,6.582809,1,0,3,1,3,0,0,0,1,0,0,2,3,2
R-48-27,48,27,S-630,S-664,False,9,700.6203,0,0.000000,2,2.447955,547,0.000000,5,27.367106,50,65.784069,2,4,70,23,53,76,34,53,29,18,53,96,128,31
R-49-27,49,27,S-575,S-664,False,10,732.1635,0,0.000000,2,2.447955,547,0.000000,5,27.367106,56,75.834301,2,4,70,23,53,76,34,53,29,18,53,96,128,31
R-50-27,50,27,S-575,S-664,False,11,747.6395,0,0.000000,2,2.447955,576,0.000000,5,27.367106,57,76.122924,2,4,74,23,55,76,34,54,31,18,54,111,135,31
R-51-27,51,27,S-425,S-664,False,12,742.9572,0,0.000000,2,2.447955,565,0.000000,6,31.131872,57,69.657163,3,3,62,25,56,75,39,56,29,11,51,114,133,27
R-52-27,52,27,S-545,S-664,False,10,443.5433,0,0.000000,2,2.447955,286,0.000000,2,16.012227,34,42.759604,2,1,29,12,38,71,19,20,8,1,12,77,54,8
R-53-27,53,27,S-545,S-664,False,9,420.9286,0,0.000000,2,2.447955,245,0.000000,2,11.898792,28,38.311643,2,0,25,11,32,71,14,15,8,1,11,62,43,8
R-62-27,62,27,S-625,S-664,False,3,345.8549,0,0.000000,2,2.447955,31,0.000000,0,2.374244,15,12.627243,1,0,3,1,13,0,1,1,1,0,1,4,9,6
R-64-27,64,27,S-492,S-664,False,12,545.2448,0,0.000000,2,2.447955,524,0.000000,5,27.580978,50,62.791981,2,3,58,24,55,74,38,52,25,14,42,118,113,22
R-70-27,70,27,S-575,S-664,False,12,756.0768,0,0.000000,2,2.447955,628,0.000000,6,35.034868,58,81.072356,3,4,77,25,63,76,41,57,33,19,58,129,145,31
R-75-27,75,27,S-630,S-664,False,8,699.3408,0,0.000000,2,2.447955,547,0.000000,5,27.367106,50,62.685610,2,4,70,23,53,76,34,53,29,18,53,96,128,31
R-2-28,2,28,S-752,S-623,False,20,1389.7884,0,0.000000,4,3.917294,839,0.000000,9,47.457647,106,112.592641,8,5,105,32,99,76,70,72,41,21,66,196,193,46
R-4-28,4,28,S-687,S-623,False,9,797.3480,0,0.000000,3,2.032431,191,0.000000,3,12.814542,53,34.974061,6,1,25,7,36,0,25,9,7,2,5,55,46,16
R-5-28,5,28,S-616,S-623,False,14,760.4368,0,0.000000,2,2.447955,661,0.000000,6,35.680207,61,81.847587,3,4,83,26,66,76,45,63,35,19,61,143,150,32
R-27-28,27,28,S-664,S-623,False,7,648.5684,0,0.000000,2,1.469339,178,0.000000,3,11.777440,46,31.018717,5,1,22,6,33,0,25,9,6,2,5,53,43,14
R-42-28,42,28,S-696,S-623,False,10,860.3825,0,0.000000,4,3.917294,191,0.000000,3,12.814542,56,37.601526,6,1,25,7,36,0,25,9,7,2,5,55,46,16
R-43-28,43,28,S-412,S-623,False,20,1018.0945,0,0.000000,3,2.789923,839,0.000000,9,47.457647,87,99.627982,8,5,105,32,99,76,70,72,41,21,66,196,193,46
R-48-28,48,28,S-630,S-623,False,17,1349.1887,0,0.000000,4,3.917294,725,0.000000,8,39.144546,96,96.802786,7,5,92,29,86,76,59,62,35,20,58,149,171,45
R-49-28,49,28,S-575,S-623,False,18,1380.7319,0,0.000000,4,3.917294,725,0.000000,8,39.144546,102,106.853018,7,5,92,29,86,76,59,62,35,20,58,149,171,45
R-50-28,50,28,S-575,S-623,False,19,1396.2079,0,0.000000,4,3.917294,754,0.000000,8,39.144546,103,107.141641,7,5,96,29,88,76,59,63,37,20,59,164,178,45
R-51-28,51,28,S-425,S-623,False,20,1391.5256,0,0.000000,4,3.917294,743,0.000000,9,42.909312,103,100.675880,8,4,84,31,89,75,64,65,35,13,56,167,176,41
R-52-28,52,28,S-545,S-623,False,18,1092.1117,0,0.000000,4,3.917294,464,0.000000,5,27.789667,80,73.778321,7,2,51,18,71,71,44,29,14,3,17,130,97,22
R-53-28,53,28,S-545,S-623,False,17,1069.4970,0,0.000000,4,3.917294,423,0.000000,5,23.676232,74,69.330360,7,1,47,17,65,71,39,24,14,3,16,115,86,22
R-54-28,54,28,S-583,S-623,False,17,843.9603,0,0.000000,2,2.447955,711,0.000000,7,39.368639,71,87.784978,5,4,94,28,72,76,50,66,35,19,64,162,161,36
R-55-28,55,28,S-524,S-623,False,20,1393.6139,0,0.000000,4,3.917294,815,0.000000,9,45.555854,104,111.029683,7,5,96,32,99,76,70,70,41,21,64,180,191,44
R-56-28,56,28,S-616,S-623,False,15,771.4463,0,0.000000,2,2.447955,683,0.000000,7,36.947777,64,82.995563,4,4,85,28,71,76,49,64,35,19,62,144,158,34
R-62-28,62,28,S-625,S-623,False,11,994.4233,0,0.000000,4,3.917294,209,0.000000,3,14.151684,61,43.645960,6,1,25,7,46,0,26,10,7,2,6,57,52,20
R-63-28,63,28,S-595,S-623,False,20,1388.3421,0,0.000000,4,3.917294,805,0.000000,8,44.264422,104,109.152794,7,4,101,31,92,76,67,72,37,20,66,183,188,43
R-64-28,64,28,S-492,S-623,False,20,1193.8132,0,0.000000,4,3.917294,702,0.000000,8,39.358418,96,93.810698,7,4,80,30,88,74,63,61,31,16,47,171,156,36
R-70-28,70,28,S-575,S-623,False,20,1404.6452,0,0.000000,4,3.917294,806,0.000000,9,46.812308,104,112.091073,8,5,99,31,96,76,66,66,39,21,63,182,188,45
R-71-28,71,28,S-559,S-623,False,20,1379.7430,0,0.000000,3,3.575326,835,0.000000,9,47.013021,105,111.958566,8,5,103,32,99,76,68,72,41,21,66,195,192,46
R-75-28,75,28,S-630,S-623,False,16,1347.9092,0,0.000000,4,3.917294,725,0.000000,8,39.144546,96,93.704327,7,5,92,29,86,76,59,62,35,20,58,149,171,45
R-2-29,2,29,S-752,S-619,False,23,1446.5245,1,1.347883,4,3.917294,870,0.000000,11,54.738188,109,117.217134,9,5,109,33,100,77,74,74,47,21,67,210,197,46
R-4-29,4,29,S-687,S-619,False,12,854.0841,1,1.347883,3,2.032431,222,0.000000,5,20.095083,56,39.598554,7,1,29,8,37,1,29,11,13,2,6,69,50,16
R-5-29,5,29,S-616,S-619,False,17,817.1728,1,1.347883,2,2.447955,692,0.000000,8,42.960748,64,86.472080,4,4,87,27,67,77,49,65,41,19,62,157,154,32
R-6-29,6,29,S-560,S-619,False,22,1448.2927,1,1.347883,4,3.917294,845,0.000000,9,47.457647,107,112.824982,8,5,106,32,99,76,70,72,43,21,66,200,193,46
R-27-29,27,29,S-664,S-619,False,10,705.3045,1,1.347883,2,1.469339,209,0.000000,5,19.057981,49,35.643210,6,1,26,7,34,1,29,11,12,2,6,67,47,14
R-28-29,28,29,S-623,S-619,False,2,56.7361,1,1.347883,0,0.000000,31,0.000000,2,7.280541,3,4.624493,1,0,4,1,1,1,4,2,6,0,1,14,4,0
R-42-29,42,29,S-696,S-619,False,13,917.1186,1,1.347883,4,3.917294,222,0.000000,5,20.095083,59,42.226019,7,1,29,8,37,1,29,11,13,2,6,69,50,16
R-43-29,43,29,S-412,S-619,False,23,1074.8306,1,1.347883,3,2.789923,870,0.000000,11,54.738188,90,104.252475,9,5,109,33,100,77,74,74,47,21,67,210,197,46
R-48-29,48,29,S-630,S-619,False,20,1405.9248,1,1.347883,4,3.917294,756,0.000000,10,46.425087,99,101.427279,8,5,96,30,87,77,63,64,41,20,59,163,175,45
R-49-29,49,29,S-575,S-619,False,21,1437.4680,1,1.347883,4,3.917294,756,0.000000,10,46.425087,105,111.477511,8,5,96,30,87,77,63,64,41,20,59,163,175,45
R-50-29,50,29,S-575,S-619,False,22,1452.9440,1,1.347883,4,3.917294,785,0.000000,10,46.425087,106,111.766134,8,5,100,30,89,77,63,65,43,20,60,178,182,45
R-51-29,51,29,S-425,S-619,False,23,1448.2617,1,1.347883,4,3.917294,774,0.000000,11,50.189853,106,105.300373,9,4,88,32,90,76,68,67,41,13,57,181,180,41
R-52-29,52,29,S-545,S-619,False,21,1148.8477,1,1.347883,4,3.917294,495,0.000000,7,35.070208,83,78.402814,8,2,55,19,72,72,48,31,20,3,18,144,101,22
R-53-29,53,29,S-545,S-619,False,20,1126.2331,1,1.347883,4,3.917294,454,0.000000,7,30.956773,77,73.954853,8,1,51,18,66,72,43,26,20,3,17,129,90,22
R-54-29,54,29,S-583,S-619,False,20,900.6964,1,1.347883,2,2.447955,742,0.000000,9,46.649180,74,92.409471,6,4,98,29,73,77,54,68,41,19,65,176,165,36
R-55-29,55,29,S-524,S-619,False,23,1450.3499,1,1.347883,4,3.917294,846,0.000000,11,52.836395,107,115.654176,8,5,100,33,100,77,74,72,47,21,65,194,195,44
R-56-29,56,29,S-616,S-619,False,18,828.1824,1,1.347883,2,2.447955,714,0.000000,9,44.228318,67,87.620056,5,4,89,29,72,77,53,66,41,19,63,158,162,34
R-57-29,57,29,S-560,S-619,False,23,1458.6651,1,1.347883,4,3.917294,857,0.000000,10,51.608154,108,114.082092,9,5,106,32,100,76,72,73,45,21,67,204,195,46
R-62-29,62,29,S-625,S-619,False,14,1051.1593,1,1.347883,4,3.917294,240,0.000000,5,21.432225,64,48.270453,7,1,29,8,47,1,30,12,13,2,7,71,56,20
R-63-29,63,29,S-595,S-619,False,23,1445.0782,1,1.347883,4,3.917294,836,0.000000,10,51.544963,107,113.777287,8,4,105,32,93,77,71,74,43,20,67,197,192,43
R-64-29,64,29,S-492,S-619,False,23,1250.5493,1,1.347883,4,3.917294,733,0.000000,10,46.638959,99,98.435191,8,4,84,31,89,75,67,63,37,16,48,185,160,36
R-70-29,70,29,S-575,S-619,False,23,1461.3812,1,1.347883,4,3.917294,837,0.000000,11,54.092849,107,116.715566,9,5,103,32,97,77,70,68,45,21,64,196,192,45
R-71-29,71,29,S-559,S-619,False,23,1436.4790,1,1.347883,3,3.575326,866,0.000000,11,54.293562,108,116.583059,9,5,107,33,100,77,72,74,47,21,67,209,196,46
R-75-29,75,29,S-630,S-619,False,19,1404.6453,1,1.347883,4,3.917294,756,0.000000,10,46.425087,99,98.328820,8,5,96,30,87,77,63,64,41,20,59,163,175,45
R-2-30,2,30,S-752,S-549,False,28,2205.5167,10,34.313342,6,22.955726,881,0.000000,11,56.895063,182,142.503861,9,5,109,34,102,77,76,76,48,21,67,212,200,47
R-4-30,4,30,S-687,S-549,False,17,1613.0763,10,34.313342,5,21.070863,233,0.000000,5,22.251958,129,64.885281,7,1,29,9,39,1,31,13,14,2,6,71,53,17
R-5-30,5,30,S-616,S-549,False,22,1576.1651,10,34.313342,4,21.486387,703,0.000000,8,45.117623,137,111.758807,4,4,87,28,69,77,51,67,42,19,62,159,157,33
R-6-30,6,30,S-560,S-549,False,27,2207.2850,10,34.313342,6,22.955726,856,0.000000,9,49.614522,180,138.111709,8,5,106,33,101,76,72,74,44,21,66,202,196,47
R-7-30,7,30,S-565,S-549,False,25,1503.3689,1,1.347883,4,3.917294,870,0.000000,11,54.738188,112,118.838101,9,5,109,33,100,77,74,74,47,21,67,210,197,46
R-27-30,27,30,S-664,S-549,False,15,1464.2967,10,34.313342,4,20.507771,220,0.000000,5,21.214856,122,60.929937,6,1,26,8,36,1,31,13,13,2,6,69,50,15
R-28-30,28,30,S-623,S-549,False,7,815.7283,10,34.313342,2,19.038432,42,0.000000,2,9.437416,76,29.911220,1,0,4,2,3,1,6,4,7,0,1,16,7,1
R-29-30,29,30,S-619,S-549,False,4,758.9922,9,32.965459,2,19.038432,11,0.000000,0,2.156875,73,25.286727,0,0,0,1,2,0,2,2,1,0,0,2,3,1
R-42-30,42,30,S-696,S-549,False,18,1676.1109,10,34.313342,6,22.955726,233,0.000000,5,22.251958,132,67.512746,7,1,29,9,39,1,31,13,14,2,6,71,53,17
R-43-30,43,30,S-412,S-549,False,28,1833.8228,10,34.313342,5,21.828355,881,0.000000,11,56.895063,163,129.539202,9,5,109,34,102,77,76,76,48,21,67,212,200,47
R-48-30,48,30,S-630,S-549,False,25,2164.9170,10,34.313342,6,22.955726,767,0.000000,10,48.581962,172,126.714006,8,5,96,31,89,77,65,66,42,20,59,165,178,46
R-49-30,49,30,S-575,S-549,False,26,2196.4602,10,34.313342,6,22.955726,767,0.000000,10,48.581962,178,136.764238,8,5,96,31,89,77,65,66,42,20,59,165,178,46
R-50-30,50,30,S-575,S-549,False,27,2211.9362,10,34.313342,6,22.955726,796,0.000000,10,48.581962,179,137.052861,8,5,100,31,91,77,65,67,44,20,60,180,185,46
R-51-30,51,30,S-425,S-549,False,28,2207.2539,10,34.313342,6,22.955726,785,0.000000,11,52.346728,179,130.587100,9,4,88,33,92,76,70,69,42,13,57,183,183,42
R-52-30,52,30,S-545,S-549,False,26,1907.8400,10,34.313342,6,22.955726,506,0.000000,7,37.227083,156,103.689541,8,2,55,20,74,72,50,33,21,3,18,146,104,23
R-53-30,53,30,S-545,S-549,False,25,1885.2253,10,34.313342,6,22.955726,465,0.000000,7,33.113648,150,99.241580,8,1,51,19,68,72,45,28,21,3,17,131,93,23
R-54-30,54,30,S-583,S-549,False,25,1659.6886,10,34.313342,4,21.486387,753,0.000000,9,48.806055,147,117.696198,6,4,98,30,75,77,56,70,42,19,65,178,168,37
R-55-30,55,30,S-524,S-549,False,28,2209.3422,10,34.313342,6,22.955726,857,0.000000,11,54.993270,180,140.940903,8,5,100,34,102,77,76,74,48,21,65,196,198,45
R-56-30,56,30,S-616,S-549,False,23,1587.1746,10,34.313342,4,21.486387,725,0.000000,9,46.385193,140,112.906783,5,4,89,30,74,77,55,68,42,19,63,160,165,35
R-57-30,57,30,S-560,S-549,False,28,2217.6574,10,34.313342,6,22.955726,868,0.000000,10,53.765029,181,139.368819,9,5,106,33,102,76,74,75,46,21,67,206,198,47
R-58-30,58,30,S-525,S-549,False,27,1749.7480,8,26.108518,4,4.196807,870,0.000000,11,54.738188,134,124.739020,9,5,109,33,100,77,74,74,47,21,67,210,197,46
R-62-30,62,30,S-625,S-549,False,19,1810.1516,10,34.313342,6,22.955726,251,0.000000,5,23.589100,137,73.557180,7,1,29,9,49,1,32,14,14,2,7,73,59,21
R-63-30,63,30,S-595,S-549,False,28,2204.0705,10,34.313342,6,22.955726,847,0.000000,10,53.701838,180,139.064014,8,4,105,33,95,77,73,76,44,20,67,199,195,44
R-64-30,64,30,S-492,S-549,False,28,2009.5416,10,34.313342,6,22.955726,744,0.000000,10,48.795834,172,123.721918,8,4,84,32,91,75,69,65,38,16,48,187,163,37
R-65-30,65,30,S-467,S-549,False,28,1864.4219,9,32.911699,5,19.170722,881,0.000000,11,56.895063,153,130.686162,9,5,109,34,102,77,76,76,48,21,67,212,200,47
R-69-30,69,30,S-499,S-549,False,28,1996.3317,3,10.697303,6,22.676213,881,0.000000,11,56.895063,161,137.011826,9,5,109,34,102,77,76,76,48,21,67,212,200,47
R-70-30,70,30,S-575,S-549,False,28,2220.3735,10,34.313342,6,22.955726,848,0.000000,11,56.249724,180,142.002293,9,5,103,33,99,77,72,70,46,21,64,198,195,46
R-71-30,71,30,S-559,S-549,False,28,2195.4713,10,34.313342,5,22.613758,877,0.000000,11,56.450437,181,141.869786,9,5,107,34,102,77,74,76,48,21,67,211,199,47
R-75-30,75,30,S-630,S-549,False,24,2163.6376,10,34.313342,6,22.955726,767,0.000000,10,48.581962,172,123.615547,8,5,96,31,89,77,65,66,42,20,59,165,178,46
R-2-31,2,31,S-752,S-516,False,31,2614.0897,14,48.611293,10,33.125712,891,0.000000,12,59.367666,211,151.088577,9,6,111,34,103,77,76,76,48,21,67,214,203,48
R-4-31,4,31,S-687,S-516,False,20,2021.6493,14,48.611293,9,31.240849,243,0.000000,6,24.724561,158,73.469997,7,2,31,9,40,1,31,13,14,2,6,73,56,18
R-5-31,5,31,S-616,S-516,False,25,1984.7381,14,48.611293,8,31.656373,713,0.000000,9,47.590226,166,120.343523,4,5,89,28,70,77,51,67,42,19,62,161,160,34
R-6-31,6,31,S-560,S-516,False,30,2615.8580,14,48.611293,10,33.125712,866,0.000000,10,52.087125,209,146.696425,8,6,108,33,102,76,72,74,44,21,66,204,199,48
R-7-31,7,31,S-565,S-516,False,28,1911.9419,5,15.645834,8,14.087280,880,0.000000,12,57.210791,141,127.422817,9,6,111,33,101,77,74,74,47,21,67,212,200,47
R-8-31,8,31,S-503,S-516,False,31,2346.3603,12,38.855557,6,22.955726,884,0.000000,11,57.624683,188,144.300722,9,6,110,34,102,77,76,76,48,21,67,213,200,47
R-27-31,27,31,S-664,S-516,False,18,1872.8697,14,48.611293,8,30.677757,230,0.000000,6,23.687459,151,69.514653,6,2,28,8,37,1,31,13,13,2,6,71,53,16
R-28-31,28,31,S-623,S-516,False,10,1224.3013,14,48.611293,6,29.208418,52,0.000000,3,11.910019,105,38.495936,1,1,6,2,4,1,6,4,7,0,1,18,10,2
R-29-31,29,31,S-619,S-516,False,7,1167.5652,13,47.263410,6,29.208418,21,0.000000,1,4.629478,102,33.871443,0,1,2,1,3,0,2,2,1,0,0,4,6,2
R-30-31,30,31,S-549,S-516,False,2,408.5730,4,14.297951,4,10.169986,10,0.000000,1,2.472603,29,8.584716,0,1,2,0,1,0,0,0,0,0,0,2,3,1
R-42-31,42,31,S-696,S-516,False,21,2084.6839,14,48.611293,10,33.125712,243,0.000000,6,24.724561,161,76.097462,7,2,31,9,40,1,31,13,14,2,6,73,56,18
R-43-31,43,31,S-412,S-516,False,31,2242.3958,14,48.611293,9,31.998341,891,0.000000,12,59.367666,192,138.123918,9,6,111,34,103,77,76,76,48,21,67,214,203,48
R-48-31,48,31,S-630,S-516,False,28,2573.4901,14,48.611293,10,33.125712,777,0.000000,11,51.054565,201,135.298722,8,6,98,31,90,77,65,66,42,20,59,167,181,47
R-49-31,49,31,S-575,S-516,False,29,2605.0333,14,48.611293,10,33.125712,777,0.000000,11,51.054565,207,145.348954,8,6,98,31,90,77,65,66,42,20,59,167,181,47
R-50-31,50,31,S-575,S-516,False,30,2620.5092,14,48.611293,10,33.125712,806,0.000000,11,51.054565,208,145.637577,8,6,102,31,92,77,65,67,44,20,60,182,188,47
R-51-31,51,31,S-425,S-516,False,31,2615.8269,14,48.611293,10,33.125712,795,0.000000,12,54.819331,208,139.171816,9,5,90,33,93,76,70,69,42,13,57,185,186,43
R-52-31,52,31,S-545,S-516,False,29,2316.4130,14,48.611293,10,33.125712,516,0.000000,8,39.699686,185,112.274257,8,3,57,20,75,72,50,33,21,3,18,148,107,24
R-53-31,53,31,S-545,S-516,False,28,2293.7983,14,48.611293,10,33.125712,475,0.000000,8,35.586251,179,107.826296,8,2,53,19,69,72,45,28,21,3,17,133,96,24
R-54-31,54,31,S-583,S-516,False,28,2068.2616,14,48.611293,8,31.656373,763,0.000000,10,51.278658,176,126.280914,6,5,100,30,76,77,56,70,42,19,65,180,171,38
R-55-31,55,31,S-524,S-516,False,31,2617.9152,14,48.611293,10,33.125712,867,0.000000,12,57.465873,209,149.525619,8,6,102,34,103,77,76,74,48,21,65,198,201,46
R-56-31,56,31,S-616,S-516,False,26,1995.7476,14,48.611293,8,31.656373,735,0.000000,10,48.857796,169,121.491499,5,5,91,30,75,77,55,68,42,19,63,162,168,36
R-57-31,57,31,S-560,S-516,False,31,2626.2304,14,48.611293,10,33.125712,878,0.000000,11,56.237632,210,147.953535,9,6,108,33,103,76,74,75,46,21,67,208,201,48
R-58-31,58,31,S-525,S-516,False,30,2158.3210,12,40.406469,8,14.366793,880,0.000000,12,57.210791,163,133.323736,9,6,111,33,101,77,74,74,47,21,67,212,200,47
R-62-31,62,31,S-625,S-516,False,22,2218.7246,14,48.611293,10,33.125712,261,0.000000,6,26.061703,166,82.141896,7,2,31,9,50,1,32,14,14,2,7,75,62,22
R-63-31,63,31,S-595,S-516,False,31,2612.6435,14,48.611293,10,33.125712,857,0.000000,11,56.174441,209,147.648730,8,5,107,33,96,77,73,76,44,20,67,201,198,45
R-64-31,64,31,S-492,S-516,False,31,2418.1146,14,48.611293,10,33.125712,754,0.000000,11,51.268437,201,132.306634,8,5,86,32,92,75,69,65,38,16,48,189,166,38
R-65-31,65,31,S-467,S-516,False,31,2272.9949,13,47.209650,9,29.340708,891,0.000000,12,59.367666,182,139.270878,9,6,111,34,103,77,76,76,48,21,67,214,203,48
R-66-31,66,31,S-483,S-516,False,31,2615.3388,13,47.510879,10,33.125712,890,0.000000,12,58.678580,209,150.503148,9,6,111,34,103,77,76,76,48,21,67,213,203,48
R-69-31,69,31,S-499,S-516,False,31,2404.9047,7,24.995254,10,32.846199,891,0.000000,12,59.367666,190,145.596542,9,6,111,34,103,77,76,76,48,21,67,214,203,48
R-70-31,70,31,S-575,S-516,False,31,2628.9465,14,48.611293,10,33.125712,858,0.000000,12,58.722327,209,150.587009,9,6,105,33,100,77,72,70,46,21,64,200,198,47
R-71-31,71,31,S-559,S-516,False,31,2604.0443,14,48.611293,9,32.783744,887,0.000000,12,58.923040,210,150.454502,9,6,109,34,103,77,74,76,48,21,67,213,202,48
R-75-31,75,31,S-630,S-516,False,27,2572.2106,14,48.611293,10,33.125712,777,0.000000,11,51.054565,201,132.200263,8,6,98,31,90,77,65,66,42,20,59,167,181,47
R-59-32,59,32,S-410,S-456,True,0,275.3921,2,7.483950,16,22.406796,0,0.000000,0,0.000000,13,9.461967,0,0,0,0,0,0,0,0,0,0,0,0,0,0
R-2-34,2,34,S-752,S-526,False,39,3711.4388,22,70.439969,39,108.573751,891,0.000000,12,59.367666,288,188.401480,9,6,111,34,103,77,76,76,48,21,67,214,203,48
R-4-34,4,34,S-687,S-526,False,28,3118.9984,22,70.439969,38,106.688888,243,0.000000,6,24.724561,235,110.782900,7,2,31,9,40,1,31,13,14,2,6,73,56,18
R-5-34,5,34,S-616,S-526,False,33,3082.0872,22,70.439969,37,107.104412,713,0.000000,9,47.590226,243,157.656426,4,5,89,28,70,77,51,67,42,19,62,161,160,34
R-6-34,6,34,S-560,S-526,False,38,3713.2071,22,70.439969,39,108.573751,866,0.000000,10,52.087125,286,184.009328,8,6,108,33,102,76,72,74,44,21,66,204,199,48
R-7-34,7,34,S-565,S-526,False,36,3009.2910,13,37.474510,37,89.535319,880,0.000000,12,57.210791,218,164.735720,9,6,111,33,101,77,74,74,47,21,67,212,200,47
R-8-34,8,34,S-503,S-526,False,39,3443.7093,20,60.684233,35,98.403765,884,0.000000,11,57.624683,265,181.613625,9,6,110,34,102,77,76,76,48,21,67,213,200,47
R-9-34,9,34,S-361,S-526,False,39,3700.2769,21,69.481995,39,108.573751,891,0.000000,12,59.367666,283,187.308079,9,6,111,34,103,77,76,76,48,21,67,214,203,48
R-10-34,10,34,S-456,S-526,False,37,3078.1765,18,56.126692,11,43.476244,891,0.000000,12,59.367666,247,163.203492,9,6,111,34,103,77,76,76,48,21,67,214,203,48
R-11-34,11,34,S-539,S-526,False,39,3565.1512,21,68.353341,38,98.223219,891,0.000000,12,59.367666,283,185.811002,9,6,111,34,103,77,76,76,48,21,67,214,203,48
R-27-34,27,34,S-664,S-526,False,26,2970.2188,22,70.439969,37,106.125796,230,0.000000,6,23.687459,228,106.827556,6,2,28,8,37,1,31,13,13,2,6,71,53,16
R-28-34,28,34,S-623,S-526,False,18,2321.6504,22,70.439969,35,104.656457,52,0.000000,3,11.910019,182,75.808839,1,1,6,2,4,1,6,4,7,0,1,18,10,2
R-29-34,29,34,S-619,S-526,False,15,2264.9143,21,69.092086,35,104.656457,21,0.000000,1,4.629478,179,71.184346,0,1,2,1,3,0,2,2,1,0,0,4,6,2
R-30-34,30,34,S-549,S-526,False,10,1505.9221,12,36.126627,33,85.618025,10,0.000000,1,2.472603,106,45.897619,0,1,2,0,1,0,0,0,0,0,0,2,3,1
R-31-34,31,34,S-516,S-526,False,7,1097.3491,8,21.828676,29,75.448039,0,0.000000,0,-0.000000,77,37.312903,0,0,0,0,0,0,0,0,0,0,0,0,0,0
R-32-34,32,34,S-456,S-526,False,38,3081.6157,18,56.126692,11,43.476244,891,0.000000,12,59.367666,248,163.881564,9,6,111,34,103,77,76,76,48,21,67,214,203,48
R-33-34,33,34,S-540,S-526,False,39,3722.9616,22,69.904859,39,108.573751,891,0.000000,12,59.367666,288,188.360746,9,6,111,34,103,77,76,76,48,21,67,214,203,48
R-42-34,42,34,S-696,S-526,False,29,3182.0329,22,70.439969,39,108.573751,243,0.000000,6,24.724561,238,113.410365,7,2,31,9,40,1,31,13,14,2,6,73,56,18
R-43-34,43,34,S-412,S-526,False,39,3339.7449,22,70.439969,38,107.446380,891,0.000000,12,59.367666,269,175.436821,9,6,111,34,103,77,76,76,48,21,67,214,203,48
R-46-34,46,34,S-511,S-526,False,5,941.1709,7,20.311884,29,75.448039,0,0.000000,0,-0.000000,53,30.647529,0,0,0,0,0,0,0,0,0,0,0,0,0,0
R-48-34,48,34,S-630,S-526,False,36,3670.8391,22,70.439969,39,108.573751,777,0.000000,11,51.054565,278,172.611625,8,6,98,31,90,77,65,66,42,20,59,167,181,47
R-49-34,49,34,S-575,S-526,False,37,3702.3823,22,70.439969,39,108.573751,777,0.000000,11,51.054565,284,182.661857,8,6,98,31,90,77,65,66,42,20,59,167,181,47
R-50-34,50,34,S-575,S-526,False,38,3717.8583,22,70.439969,39,108.573751,806,0.000000,11,51.054565,285,182.950480,8,6,102,31,92,77,65,67,44,20,60,182,188,47
R-51-34,51,34,S-425,S-526,False,39,3713.1760,22,70.439969,39,108.573751,795,0.000000,12,54.819331,285,176.484719,9,5,90,33,93,76,70,69,42,13,57,185,186,43
R-52-34,52,34,S-545,S-526,False,37,3413.7620,22,70.439969,39,108.573751,516,0.000000,8,39.699686,262,149.587160,8,3,57,20,75,72,50,33,21,3,18,148,107,24
R-53-34,53,34,S-545,S-526,False,36,3391.1474,22,70.439969,39,108.573751,475,0.000000,8,35.586251,256,145.139199,8,2,53,19,69,72,45,28,21,3,17,133,96,24
R-54-34,54,34,S-583,S-526,False,36,3165.6107,22,70.439969,37,107.104412,763,0.000000,10,51.278658,253,163.593817,6,5,100,30,76,77,56,70,42,19,65,180,171,38
R-55-34,55,34,S-524,S-526,False,39,3715.2643,22,70.439969,39,108.573751,867,0.000000,12,57.465873,286,186.838522,8,6,102,34,103,77,76,74,48,21,65,198,201,46
R-56-34,56,34,S-616,S-526,False,34,3093.0967,22,70.439969,37,107.104412,735,0.000000,10,48.857796,246,158.804402,5,5,91,30,75,77,55,68,42,19,63,162,168,36
R-57-34,57,34,S-560,S-526,False,39,3723.5794,22,70.439969,39,108.573751,878,0.000000,11,56.237632,287,185.266438,9,6,108,33,103,76,74,75,46,21,67,208,201,48
R-58-34,58,34,S-525,S-526,False,38,3255.6701,20,62.235145,37,89.814832,880,0.000000,12,57.210791,240,170.636639,9,6,111,33,101,77,74,74,47,21,67,212,200,47
R-59-34,59,34,S-410,S-526,False,39,3357.0079,20,63.610642,27,65.883040,891,0.000000,12,59.367666,261,173.343531,9,6,111,34,103,77,76,76,48,21,67,214,203,48
R-62-34,62,34,S-625,S-526,False,30,3316.0736,22,70.439969,39,108.573751,261,0.000000,6,26.061703,243,119.454799,7,2,31,9,50,1,32,14,14,2,7,75,62,22
R-63-34,63,34,S-595,S-526,False,39,3709.9925,22,70.439969,39,108.573751,857,0.000000,11,56.174441,286,184.961633,8,5,107,33,96,77,73,76,44,20,67,201,198,45
R-64-34,64,34,S-492,S-526,False,39,3515.4636,22,70.439969,39,108.573751,754,0.000000,11,51.268437,278,169.619537,8,5,86,32,92,75,69,65,38,16,48,189,166,38
R-65-34,65,34,S-467,S-526,False,39,3370.3440,21,69.038326,38,104.788747,891,0.000000,12,59.367666,259,176.583781,9,6,111,34,103,77,76,76,48,21,67,214,203,48
R-66-34,66,34,S-483,S-526,False,39,3712.6879,21,69.339555,39,108.573751,890,0.000000,12,58.678580,286,187.816051,9,6,111,34,103,77,76,76,48,21,67,213,203,48
R-69-34,69,34,S-499,S-526,False,39,3502.2538,15,46.823930,39,108.294238,891,0.000000,12,59.367666,267,182.909445,9,6,111,34,103,77,76,76,48,21,67,214,203,48
R-70-34,70,34,S-575,S-526,False,39,3726.2955,22,70.439969,39,108.573751,858,0.000000,12,58.722327,286,187.899912,9,6,105,33,100,77,72,70,46,21,64,200,198,47
R-71-34,71,34,S-559,S-526,False,39,3701.3933,22,70.439969,38,108.231783,887,0.000000,12,58.923040,287,187.767405,9,6,109,34,103,77,74,76,48,21,67,213,202,48
R-75-34,75,34,S-630,S-526,False,35,3669.5596,22,70.439969,39,108.573751,777,0.000000,11,51.054565,278,169.513166,8,6,98,31,90,77,65,66,42,20,59,167,181,47
R-2-35,2,35,S-752,S-568,False,46,4991.2861,26,77.067700,79,211.360050,934,0.000000,13,62.867651,355,219.147753,12,7,113,36,107,77,81,81,48,23,67,219,214,51
R-4-35,4,35,S-687,S-568,False,35,4398.8457,26,77.067700,78,209.475187,286,0.000000,7,28.224546,302,141.529173,10,3,33,11,44,1,36,18,14,4,6,78,67,21
R-5-35,5,35,S-616,S-568,False,40,4361.9344,26,77.067700,77,209.890711,756,0.000000,10,51.090211,310,188.402699,7,6,91,30,74,77,56,72,42,21,62,166,171,37
R-6-35,6,35,S-560,S-568,False,45,4993.0543,26,77.067700,79,211.360050,909,0.000000,11,55.587110,353,214.755601,11,7,110,35,106,76,77,79,44,23,66,209,210,51
R-7-35,7,35,S-565,S-568,False,43,4289.1383,17,44.102241,77,192.321618,923,0.000000,13,60.710776,285,195.481993,12,7,113,35,105,77,79,79,47,23,67,217,211,50
R-8-35,8,35,S-503,S-568,False,46,4723.5566,24,67.311964,75,201.190064,927,0.000000,12,61.124668,332,212.359898,12,7,112,36,106,77,81,81,48,23,67,218,211,50
R-9-35,9,35,S-361,S-568,False,46,4980.1241,25,76.109726,79,211.360050,934,0.000000,13,62.867651,350,218.054352,12,7,113,36,107,77,81,81,48,23,67,219,214,51
R-10-35,10,35,S-456,S-568,False,44,4358.0237,22,62.754423,51,146.262543,934,0.000000,13,62.867651,314,193.949765,12,7,113,36,107,77,81,81,48,23,67,219,214,51
R-11-35,11,35,S-539,S-568,False,46,4844.9985,25,74.981072,78,201.009518,934,0.000000,13,62.867651,350,216.557275,12,7,113,36,107,77,81,81,48,23,67,219,214,51
R-12-35,12,35,S-385,S-568,False,45,4752.2853,25,75.469374,75,201.886535,925,0.000000,13,62.598421,344,214.143039,12,7,113,36,106,77,80,79,48,23,67,219,210,50
R-13-35,13,35,S-584,S-568,False,45,4385.2108,26,77.067700,60,177.644850,934,0.000000,13,62.867651,323,206.208175,12,7,113,36,107,77,81,81,48,23,67,219,214,51
R-14-35,14,35,S-347,S-568,False,46,4852.8733,23,74.003326,67,177.075030,900,0.000000,12,59.636896,345,213.449764,9,6,111,34,104,77,77,78,48,21,67,214,207,49
R-15-35,15,35,S-578,S-568,False,46,4962.5260,26,76.950162,77,208.313129,934,0.000000,13,62.867651,352,217.536920,12,7,113,36,107,77,81,81,48,23,67,219,214,51
R-27-35,27,35,S-664,S-568,False,33,4250.0661,26,77.067700,77,208.912095,273,0.000000,7,27.187444,295,137.573829,9,3,30,10,41,1,36,18,13,4,6,76,64,19
R-28-35,28,35,S-623,S-568,False,25,3601.4977,26,77.067700,75,207.442756,95,0.000000,4,15.410004,249,106.555112,4,2,8,4,8,1,11,9,7,2,1,23,21,5
R-29-35,29,35,S-619,S-568,False,22,3544.7616,25,75.719817,75,207.442756,64,0.000000,2,8.129463,246,101.930619,3,2,4,3,7,0,7,7,1,2,0,9,17,5
R-30-35,30,35,S-549,S-568,False,17,2785.7694,16,42.754358,73,188.404324,53,0.000000,2,5.972588,173,76.643892,3,2,4,2,5,0,5,5,0,2,0,7,14,4
R-31-35,31,35,S-516,S-568,False,14,2377.1963,12,28.456407,69,178.234338,43,0.000000,1,3.499985,144,68.059176,3,1,2,2,4,0,5,5,0,2,0,5,11,3
R-32-35,32,35,S-456,S-568,False,45,4361.4630,22,62.754423,51,146.262543,934,0.000000,13,62.867651,315,194.627837,12,7,113,36,107,77,81,81,48,23,67,219,214,51
R-33-35,33,35,S-540,S-568,False,46,5002.8088,26,76.532590,79,211.360050,934,0.000000,13,62.867651,355,219.107019,12,7,113,36,107,77,81,81,48,23,67,219,214,51
R-34-35,34,35,S-526,S-568,False,6,1279.8473,4,6.627731,40,102.786299,43,0.000000,1,3.499985,67,30.746273,3,1,2,2,4,0,5,5,0,2,0,5,11,3
R-42-35,42,35,S-696,S-568,False,36,4461.8802,26,77.067700,79,211.360050,286,0.000000,7,28.224546,305,144.156638,10,3,33,11,44,1,36,18,14,4,6,78,67,21
R-43-35,43,35,S-412,S-568,False,46,4619.5921,26,77.067700,78,210.232679,934,0.000000,13,62.867651,336,206.183094,12,7,113,36,107,77,81,81,48,23,67,219,214,51
R-44-35,44,35,S-797,S-568,False,46,4936.3993,26,77.067700,69,201.631213,934,0.000000,13,62.867651,349,217.491836,12,7,113,36,107,77,81,81,48,23,67,219,214,51
R-46-35,46,35,S-511,S-568,False,12,2221.0182,11,26.939615,69,178.234338,43,0.000000,1,3.499985,120,61.393802,3,1,2,2,4,0,5,5,0,2,0,5,11,3
R-48-35,48,35,S-630,S-568,False,43,4950.6864,26,77.067700,79,211.360050,820,0.000000,12,54.554550,345,203.357898,11,7,100,33,94,77,70,71,42,22,59,172,192,50
R-49-35,49,35,S-575,S-568,False,44,4982.2296,26,77.067700,79,211.360050,820,0.000000,12,54.554550,351,213.408130,11,7,100,33,94,77,70,71,42,22,59,172,192,50
R-50-35,50,35,S-575,S-568,False,45,4997.7056,26,77.067700,79,211.360050,849,0.000000,12,54.554550,352,213.696753,11,7,104,33,96,77,70,72,44,22,60,187,199,50
R-51-35,51,35,S-425,S-568,False,46,4993.0233,26,77.067700,79,211.360050,838,0.000000,13,58.319316,352,207.230992,12,6,92,35,97,76,75,74,42,15,57,190,197,46
R-52-35,52,35,S-545,S-568,False,44,4693.6093,26,77.067700,79,211.360050,559,0.000000,9,43.199671,329,180.333433,11,4,59,22,79,72,55,38,21,5,18,153,118,27
R-53-35,53,35,S-545,S-568,False,43,4670.9947,26,77.067700,79,211.360050,518,0.000000,9,39.086236,323,175.885472,11,3,55,21,73,72,50,33,21,5,17,138,107,27
R-54-35,54,35,S-583,S-568,False,43,4445.4580,26,77.067700,77,209.890711,806,0.000000,11,54.778643,320,194.340090,9,6,102,32,80,77,61,75,42,21,65,185,182,41
R-55-35,55,35,S-524,S-568,False,46,4995.1115,26,77.067700,79,211.360050,910,0.000000,13,60.965858,353,217.584795,11,7,104,36,107,77,81,79,48,23,65,203,212,49
R-56-35,56,35,S-616,S-568,False,41,4372.9440,26,77.067700,77,209.890711,778,0.000000,11,52.357781,313,189.550675,8,6,93,32,79,77,60,73,42,21,63,167,179,39
R-57-35,57,35,S-560,S-568,False,46,5003.4267,26,77.067700,79,211.360050,921,0.000000,12,59.737617,354,216.012711,12,7,110,35,107,76,79,80,46,23,67,213,212,51
R-58-35,58,35,S-525,S-568,False,45,4535.5174,24,68.862876,77,192.601131,923,0.000000,13,60.710776,307,201.382912,12,7,113,35,105,77,79,79,47,23,67,217,211,50
R-59-35,59,35,S-410,S-568,False,46,4636.8551,24,70.238373,67,168.669339,934,0.000000,13,62.867651,328,204.089804,12,7,113,36,107,77,81,81,48,23,67,219,214,51
R-62-35,62,35,S-625,S-568,False,37,4595.9209,26,77.067700,79,211.360050,304,0.000000,7,29.561688,310,150.201072,10,3,33,11,54,1,37,19,14,4,7,80,73,25
R-63-35,63,35,S-595,S-568,False,46,4989.8398,26,77.067700,79,211.360050,900,0.000000,12,59.674426,353,215.707906,11,6,109,35,100,77,78,81,44,22,67,206,209,48
R-64-35,64,35,S-492,S-568,False,46,4795.3109,26,77.067700,79,211.360050,797,0.000000,12,54.768422,345,200.365810,11,6,88,34,96,75,74,70,38,18,48,194,177,41
R-65-35,65,35,S-467,S-568,False,46,4650.1913,25,75.666057,78,207.575046,934,0.000000,13,62.867651,326,207.330054,12,7,113,36,107,77,81,81,48,23,67,219,214,51
R-66-35,66,35,S-483,S-568,False,46,4992.5351,25,75.967286,79,211.360050,933,0.000000,13,62.178565,353,218.562324,12,7,113,36,107,77,81,81,48,23,67,218,214,51
R-68-35,68,35,S-385,S-568,False,46,4771.5310,25,75.469374,75,201.886535,925,0.000000,13,62.598421,344,214.143039,12,7,113,36,106,77,80,79,48,23,67,219,210,50
R-69-35,69,35,S-499,S-568,False,46,4782.1011,19,53.451661,79,211.080537,934,0.000000,13,62.867651,334,213.655718,12,7,113,36,107,77,81,81,48,23,67,219,214,51
R-70-35,70,35,S-575,S-568,False,46,5006.1428,26,77.067700,79,211.360050,901,0.000000,13,62.222312,353,218.646185,12,7,107,35,104,77,77,75,46,23,64,205,209,50
R-71-35,71,35,S-559,S-568,False,46,4981.2406,26,77.067700,78,211.018082,930,0.000000,13,62.423025,354,218.513678,12,7,111,36,107,77,79,81,48,23,67,218,213,51
R-75-35,75,35,S-630,S-568,False,42,4949.4069,26,77.067700,79,211.360050,820,0.000000,12,54.554550,345,200.259439,11,7,100,33,94,77,70,71,42,22,59,172,192,50
R-1-37,1,37,S-54,S-614,False,61,9040.9367,49,139.932750,184,1086.001657,992,0.000000,14,64.130417,598,330.838072,18,7,114,38,116,77,100,86,53,23,73,224,224,59
R-2-37,2,37,S-752,S-614,False,61,9089.7854,49,139.932750,184,1086.001657,992,0.000000,14,64.130417,599,331.085457,18,7,114,38,116,77,100,86,53,23,73,224,224,59
R-4-37,4,37,S-687,S-614,False,50,8497.3450,49,139.932750,183,1084.116794,344,0.000000,8,29.487312,546,253.466877,16,3,34,13,53,1,55,23,19,4,12,83,77,29
R-5-37,5,37,S-616,S-614,False,55,8460.4337,49,139.932750,182,1084.532318,814,0.000000,11,52.352977,554,300.340403,13,6,92,32,83,77,75,77,47,21,68,171,181,45
R-6-37,6,37,S-560,S-614,False,60,9091.5536,49,139.932750,184,1086.001657,967,0.000000,12,56.849876,597,326.693305,17,7,111,37,115,76,96,84,49,23,72,214,220,59
R-7-37,7,37,S-565,S-614,False,58,8387.6376,40,106.967291,182,1066.963225,981,0.000000,14,61.973542,529,307.419697,18,7,114,37,114,77,98,84,52,23,73,222,221,58
R-8-37,8,37,S-503,S-614,False,61,8822.0559,47,130.177014,180,1075.831671,985,0.000000,13,62.387434,576,324.297602,18,7,113,38,115,77,100,86,53,23,73,223,221,58
R-9-37,9,37,S-361,S-614,False,61,9078.6234,48,138.974776,184,1086.001657,992,0.000000,14,64.130417,594,329.992056,18,7,114,38,116,77,100,86,53,23,73,224,224,59
R-10-37,10,37,S-456,S-614,False,59,8456.5230,45,125.619473,156,1020.904150,992,0.000000,14,64.130417,558,305.887469,18,7,114,38,116,77,100,86,53,23,73,224,224,59
R-11-37,11,37,S-539,S-614,False,61,8943.4978,48,137.846122,183,1075.651125,992,0.000000,14,64.130417,594,328.494979,18,7,114,38,116,77,100,86,53,23,73,224,224,59
R-12-37,12,37,S-385,S-614,False,60,8850.7846,48,138.334424,180,1076.528142,983,0.000000,14,63.861187,588,326.080743,18,7,114,38,115,77,99,84,53,23,73,224,220,58
R-13-37,13,37,S-584,S-614,False,60,8483.7101,49,139.932750,165,1052.286457,992,0.000000,14,64.130417,567,318.145879,18,7,114,38,116,77,100,86,53,23,73,224,224,59
R-14-37,14,37,S-347,S-614,False,61,8951.3726,46,136.868376,172,1051.716637,958,0.000000,13,60.899662,589,325.387468,15,6,112,36,113,77,96,83,53,21,73,219,217,57
R-15-37,15,37,S-578,S-614,False,61,9061.0253,49,139.815212,182,1082.954736,992,0.000000,14,64.130417,596,329.474624,18,7,114,38,116,77,100,86,53,23,73,224,224,59
R-16-37,16,37,S-594,S-614,False,56,7623.3818,47,133.429341,169,846.683916,934,0.000000,13,62.867651,485,283.645907,12,7,113,36,107,77,81,81,48,23,67,219,214,51
R-17-37,17,37,S-824,S-614,False,61,9103.4533,49,139.932750,184,1084.156913,992,0.000000,14,64.130417,599,331.085457,18,7,114,38,116,77,100,86,53,23,73,224,224,59
R-18-37,18,37,S-577,S-614,False,58,8373.7842,48,138.102701,176,864.051609,992,0.000000,14,64.130417,552,302.117226,18,7,114,38,116,77,100,86,53,23,73,224,224,59
R-19-37,19,37,S-522,S-614,False,60,7944.0221,42,123.361011,144,782.717449,992,0.000000,14,64.130417,551,311.753931,18,7,114,38,116,77,100,86,53,23,73,224,224,59
R-20-37,20,37,S-564,S-614,False,61,8654.3046,37,109.319555,156,1012.640398,992,0.000000,14,64.130417,579,320.576057,18,7,114,38,116,77,100,86,53,23,73,224,224,59
R-27-37,27,37,S-664,S-614,False,48,8348.5654,49,139.932750,182,1083.553702,331,0.000000,8,28.450210,539,249.511533,15,3,31,12,50,1,55,23,18,4,12,81,74,27
R-28-37,28,37,S-623,S-614,False,40,7699.9970,49,139.932750,180,1082.084363,153,0.000000,5,16.672770,493,218.492816,10,2,9,6,17,1,30,14,12,2,7,28,31,13
R-29-37,29,37,S-619,S-614,False,37,7643.2609,48,138.584867,180,1082.084363,122,0.000000,3,9.392229,490,213.868323,9,2,5,5,16,0,26,12,6,2,6,14,27,13
R-30-37,30,37,S-549,S-614,False,32,6884.2686,39,105.619408,178,1063.045931,111,0.000000,3,7.235354,417,188.581596,9,2,5,4,14,0,24,10,5,2,6,12,24,12
R-31-37,31,37,S-516,S-614,False,29,6475.6956,35,91.321457,174,1052.875945,101,0.000000,2,4.762751,388,179.996880,9,1,3,4,13,0,24,10,5,2,6,10,21,11
R-32-37,32,37,S-456,S-614,False,60,8459.9623,45,125.619473,156,1020.904150,992,0.000000,14,64.130417,559,306.565541,18,7,114,38,116,77,100,86,53,23,73,224,224,59
R-33-37,33,37,S-540,S-614,False,61,9101.3081,49,139.397640,184,1086.001657,992,0.000000,14,64.130417,599,331.044723,18,7,114,38,116,77,100,86,53,23,73,224,224,59
R-34-37,34,37,S-526,S-614,False,21,5378.3466,27,69.492781,145,977.427906,101,0.000000,2,4.762751,311,142.683977,9,1,3,4,13,0,24,10,5,2,6,10,21,11
R-35-37,35,37,S-568,S-614,False,14,4098.4993,23,62.865050,105,874.641607,58,0.000000,1,1.262766,244,111.937704,6,0,1,2,9,0,19,5,5,0,6,5,10,8
R-36-37,36,37,S-597,S-614,False,61,9101.1353,49,139.932750,184,1085.558779,992,0.000000,14,64.130417,599,331.008162,18,7,114,38,116,77,100,86,53,23,73,224,224,59
R-41-37,41,37,S-101,S-614,False,61,8692.1724,49,139.932750,175,1074.235949,992,0.000000,14,64.130417,594,329.082044,18,7,114,38,116,77,100,86,53,23,73,224,224,59
R-42-37,42,37,S-696,S-614,False,51,8560.3795,49,139.932750,184,1086.001657,344,0.000000,8,29.487312,549,256.094342,16,3,34,13,53,1,55,23,19,4,12,83,77,29
R-43-37,43,37,S-412,S-614,False,61,8718.0914,49,139.932750,183,1084.874286,992,0.000000,14,64.130417,580,318.120798,18,7,114,38,116,77,100,86,53,23,73,224,224,59
R-44-37,44,37,S-797,S-614,False,61,9034.8986,49,139.932750,174,1076.272820,992,0.000000,14,64.130417,593,329.429540,18,7,114,38,116,77,100,86,53,23,73,224,224,59
R-46-37,46,37,S-511,S-614,False,27,6319.5175,34,89.804665,174,1052.875945,101,0.000000,2,4.762751,364,173.331506,9,1,3,4,13,0,24,10,5,2,6,10,21,11
R-47-37,47,37,S-194,S-614,False,61,9082.5654,49,139.932750,184,1080.998840,992,0.000000,14,64.130417,595,325.599492,18,7,114,38,116,77,100,86,53,23,73,224,224,59
R-48-37,48,37,S-630,S-614,False,58,9049.1857,49,139.932750,184,1086.001657,878,0.000000,13,55.817316,589,315.295602,17,7,101,35,103,77,89,76,47,22,65,177,202,58
R-49-37,49,37,S-575,S-614,False,59,9080.7289,49,139.932750,184,1086.001657,878,0.000000,13,55.817316,595,325.345834,17,7,101,35,103,77,89,76,47,22,65,177,202,58
R-50-37,50,37,S-575,S-614,False,60,9096.2049,49,139.932750,184,1086.001657,907,0.000000,13,55.817316,596,325.634457,17,7,105,35,105,77,89,77,49,22,66,192,209,58
R-51-37,51,37,S-425,S-614,False,61,9091.5226,49,139.932750,184,1086.001657,896,0.000000,14,59.582082,596,319.168696,18,6,93,37,106,76,94,79,47,15,63,195,207,54
R-52-37,52,37,S-545,S-614,False,59,8792.1086,49,139.932750,184,1086.001657,617,0.000000,10,44.462437,573,292.271137,17,4,60,24,88,72,74,43,26,5,24,158,128,35
R-53-37,53,37,S-545,S-614,False,58,8769.4940,49,139.932750,184,1086.001657,576,0.000000,10,40.349002,567,287.823176,17,3,56,23,82,72,69,38,26,5,23,143,117,35
R-54-37,54,37,S-583,S-614,False,58,8543.9572,49,139.932750,182,1084.532318,864,0.000000,12,56.041409,564,306.277794,15,6,103,34,89,77,80,80,47,21,71,190,192,49
R-55-37,55,37,S-524,S-614,False,61,9093.6108,49,139.932750,184,1086.001657,968,0.000000,14,62.228624,597,329.522499,17,7,105,38,116,77,100,84,53,23,71,208,222,57
R-56-37,56,37,S-616,S-614,False,56,8471.4433,49,139.932750,182,1084.532318,836,0.000000,12,53.620547,557,301.488379,14,6,94,34,88,77,79,78,47,21,69,172,189,47
R-57-37,57,37,S-560,S-614,False,61,9101.9260,49,139.932750,184,1086.001657,979,0.000000,13,61.000383,598,327.950415,18,7,111,37,116,76,98,85,51,23,73,218,222,59
R-58-37,58,37,S-525,S-614,False,60,8634.0167,47,131.727926,182,1067.242738,981,0.000000,14,61.973542,551,313.320616,18,7,114,37,114,77,98,84,52,23,73,222,221,58
R-59-37,59,37,S-410,S-614,False,61,8735.3544,47,133.103423,172,1043.310946,992,0.000000,14,64.130417,572,316.027508,18,7,114,38,116,77,100,86,53,23,73,224,224,59
R-60-37,60,37,S-662,S-614,False,57,7692.8600,48,136.367786,172,868.677150,934,0.000000,13,62.867651,487,284.403511,12,7,113,36,107,77,81,81,48,23,67,219,214,51
R-61-37,61,37,S-973,S-614,False,61,9089.6724,49,139.932750,183,1085.968677,992,0.000000,14,64.130417,596,327.408195,18,7,114,38,116,77,100,86,53,23,73,224,224,59
R-62-37,62,37,S-625,S-614,False,52,8694.4202,49,139.932750,184,1086.001657,362,0.000000,8,30.824454,554,262.138776,16,3,34,13,63,1,56,24,19,4,13,85,83,33
R-63-37,63,37,S-595,S-614,False,61,9088.3391,49,139.932750,184,1086.001657,958,0.000000,13,60.937192,597,327.645610,17,6,110,37,109,77,97,86,49,22,73,211,219,56
R-64-37,64,37,S-492,S-614,False,61,8893.8102,49,139.932750,184,1086.001657,855,0.000000,13,56.031188,589,312.303514,17,6,89,36,105,75,93,75,43,18,54,199,187,49
R-65-37,65,37,S-467,S-614,False,61,8748.6906,48,138.531107,183,1082.216653,992,0.000000,14,64.130417,570,319.267758,18,7,114,38,116,77,100,86,53,23,73,224,224,59
R-66-37,66,37,S-483,S-614,False,61,9091.0344,48,138.832336,184,1086.001657,991,0.000000,14,63.441331,597,330.500028,18,7,114,38,116,77,100,86,53,23,73,223,224,59
R-67-37,67,37,S-376,S-614,False,60,8910.1028,49,139.932750,180,935.799071,992,0.000000,14,64.130417,580,317.641673,18,7,114,38,116,77,100,86,53,23,73,224,224,59
R-68-37,68,37,S-385,S-614,False,61,8870.0303,48,138.334424,180,1076.528142,983,0.000000,14,63.861187,588,326.080743,18,7,114,38,115,77,99,84,53,23,73,224,220,58
R-69-37,69,37,S-499,S-614,False,61,8880.6004,42,116.316711,184,1085.722144,992,0.000000,14,64.130417,578,325.593422,18,7,114,38,116,77,100,86,53,23,73,224,224,59
R-70-37,70,37,S-575,S-614,False,61,9104.6421,49,139.932750,184,1086.001657,959,0.000000,14,63.485078,597,330.583889,18,7,108,37,113,77,96,80,51,23,70,210,219,58
R-71-37,71,37,S-559,S-614,False,61,9079.7399,49,139.932750,183,1085.659689,988,0.000000,14,63.685791,598,330.451382,18,7,112,38,116,77,98,86,53,23,73,223,223,59
R-73-37,73,37,S-800,S-614,False,58,7993.8156,48,136.367786,174,961.772139,949,0.000000,13,63.209824,506,290.888321,16,7,113,36,110,77,87,82,51,23,68,221,214,51
R-74-37,74,37,S-957,S-614,False,61,9068.7767,49,139.932750,184,1086.001657,992,0.000000,14,64.130417,592,328.902161,18,7,114,38,116,77,100,86,53,23,73,224,224,59
R-75-37,75,37,S-630,S-614,False,57,9047.9062,49,139.932750,184,1086.001657,878,0.000000,13,55.817316,589,312.197143,17,7,101,35,103,77,89,76,47,22,65,177,202,58
R-1-38,1,38,S-54,S-645,False,63,9551.6880,64,168.321369,211,1149.736475,1026,0.000000,15,65.204245,628,344.600537,18,7,117,40,119,77,108,96,54,24,77,226,230,62
R-2-38,2,38,S-752,S-645,False,63,9600.5366,64,168.321369,211,1149.736475,1026,0.000000,15,65.204245,629,344.847922,18,7,117,40,119,77,108,96,54,24,77,226,230,62
R-4-38,4,38,S-687,S-645,False,52,9008.0962,64,168.321369,210,1147.851612,378,0.000000,9,30.561140,576,267.229342,16,3,37,15,56,1,63,33,20,5,16,85,83,32
R-5-38,5,38,S-616,S-645,False,57,8971.1850,64,168.321369,209,1148.267136,848,0.000000,12,53.426805,584,314.102868,13,6,95,34,86,77,83,87,48,22,72,173,187,48
R-6-38,6,38,S-560,S-645,False,62,9602.3049,64,168.321369,211,1149.736475,1001,0.000000,13,57.923704,627,340.455770,17,7,114,39,118,76,104,94,50,24,76,216,226,62
R-7-38,7,38,S-565,S-645,False,60,8898.3888,55,135.355910,209,1130.698043,1015,0.000000,15,63.047370,559,321.182162,18,7,117,39,117,77,106,94,53,24,77,224,227,61
R-8-38,8,38,S-503,S-645,False,63,9332.8072,62,158.565633,207,1139.566489,1019,0.000000,14,63.461262,606,338.060067,18,7,116,40,118,77,108,96,54,24,77,225,227,61
R-9-38,9,38,S-361,S-645,False,63,9589.3747,63,167.363395,211,1149.736475,1026,0.000000,15,65.204245,624,343.754521,18,7,117,40,119,77,108,96,54,24,77,226,230,62
R-10-38,10,38,S-456,S-645,False,61,8967.2743,60,154.008092,183,1084.638968,1026,0.000000,15,65.204245,588,319.649934,18,7,117,40,119,77,108,96,54,24,77,226,230,62
R-11-38,11,38,S-539,S-645,False,63,9454.2491,63,166.234741,210,1139.385943,1026,0.000000,15,65.204245,624,342.257444,18,7,117,40,119,77,108,96,54,24,77,226,230,62
R-12-38,12,38,S-385,S-645,False,62,9361.5359,63,166.723043,207,1140.262960,1017,0.000000,15,64.935015,618,339.843208,18,7,117,40,118,77,107,94,54,24,77,226,226,61
R-13-38,13,38,S-584,S-645,False,62,8994.4613,64,168.321369,192,1116.021275,1026,0.000000,15,65.204245,597,331.908344,18,7,117,40,119,77,108,96,54,24,77,226,230,62
R-14-38,14,38,S-347,S-645,False,63,9462.1239,61,165.256995,199,1115.451455,992,0.000000,14,61.973490,619,339.149933,15,6,115,38,116,77,104,93,54,22,77,221,223,60
R-15-38,15,38,S-578,S-645,False,63,9571.7766,64,168.203831,209,1146.689554,1026,0.000000,15,65.204245,626,343.237089,18,7,117,40,119,77,108,96,54,24,77,226,230,62
R-16-38,16,38,S-594,S-645,False,58,8134.1330,62,161.817960,196,910.418734,968,0.000000,14,63.941479,515,297.408372,12,7,116,38,110,77,89,91,49,24,71,221,220,54
R-17-38,17,38,S-824,S-645,False,63,9614.2046,64,168.321369,211,1147.891731,1026,0.000000,15,65.204245,629,344.847922,18,7,117,40,119,77,108,96,54,24,77,226,230,62
R-18-38,18,38,S-577,S-645,False,60,8884.5355,63,166.491320,203,927.786427,1026,0.000000,15,65.204245,582,315.879691,18,7,117,40,119,77,108,96,54,24,77,226,230,62
R-19-38,19,38,S-522,S-645,False,62,8454.7734,57,151.749630,171,846.452267,1026,0.000000,15,65.204245,581,325.516396,18,7,117,40,119,77,108,96,54,24,77,226,230,62
R-20-38,20,38,S-564,S-645,False,63,9165.0559,52,137.708174,183,1076.375216,1026,0.000000,15,65.204245,609,334.338522,18,7,117,40,119,77,108,96,54,24,77,226,230,62
R-21-38,21,38,S-591,S-645,False,63,9161.9145,49,139.932750,198,1096.117958,992,0.000000,14,64.130417,601,332.783943,18,7,114,38,116,77,100,86,53,23,73,224,224,59
R-27-38,27,38,S-664,S-645,False,50,8859.3166,64,168.321369,209,1147.288520,365,0.000000,9,29.524038,569,263.273998,15,3,34,14,53,1,63,33,19,5,16,83,80,30
R-28-38,28,38,S-623,S-645,False,42,8210.7482,64,168.321369,207,1145.819181,187,0.000000,6,17.746598,523,232.255281,10,2,12,8,20,1,38,24,13,3,11,30,37,16
R-29-38,29,38,S-619,S-645,False,39,8154.0122,63,166.973486,207,1145.819181,156,0.000000,4,10.466057,520,227.630788,9,2,8,7,19,0,34,22,7,3,10,16,33,16
R-30-38,30,38,S-549,S-645,False,34,7395.0199,54,134.008027,205,1126.780749,145,0.000000,4,8.309182,447,202.344061,9,2,8,6,17,0,32,20,6,3,10,14,30,15
R-31-38,31,38,S-516,S-645,False,31,6986.4469,50,119.710076,201,1116.610763,135,0.000000,3,5.836579,418,193.759345,9,1,6,6,16,0,32,20,6,3,10,12,27,14
R-32-38,32,38,S-456,S-645,False,62,8970.7136,60,154.008092,183,1084.638968,1026,0.000000,15,65.204245,589,320.328006,18,7,117,40,119,77,108,96,54,24,77,226,230,62
R-33-38,33,38,S-540,S-645,False,63,9612.0594,64,167.786259,211,1149.736475,1026,0.000000,15,65.204245,629,344.807188,18,7,117,40,119,77,108,96,54,24,77,226,230,62
R-34-38,34,38,S-526,S-645,False,23,5889.0979,42,97.881400,172,1041.162724,135,0.000000,3,5.836579,341,156.446442,9,1,6,6,16,0,32,20,6,3,10,12,27,14
R-35-38,35,38,S-568,S-645,False,16,4609.2506,38,91.253669,132,938.376425,92,0.000000,2,2.336594,274,125.700169,6,0,4,4,12,0,27,15,6,1,10,7,16,11
R-36-38,36,38,S-597,S-645,False,63,9611.8866,64,168.321369,211,1149.293597,1026,0.000000,15,65.204245,629,344.770627,18,7,117,40,119,77,108,96,54,24,77,226,230,62
R-37-38,37,38,S-614,S-645,False,1,510.7513,15,28.388619,27,63.734818,34,0.000000,1,1.073828,30,13.762465,0,0,3,2,3,0,8,10,1,1,4,2,6,3
R-41-38,41,38,S-101,S-645,False,63,9202.9237,64,168.321369,202,1137.970767,1026,0.000000,15,65.204245,624,342.844509,18,7,117,40,119,77,108,96,54,24,77,226,230,62
R-42-38,42,38,S-696,S-645,False,53,9071.1308,64,168.321369,211,1149.736475,378,0.000000,9,30.561140,579,269.856807,16,3,37,15,56,1,63,33,20,5,16,85,83,32
R-43-38,43,38,S-412,S-645,False,63,9228.8427,64,168.321369,210,1148.609104,1026,0.000000,15,65.204245,610,331.883263,18,7,117,40,119,77,108,96,54,24,77,226,230,62
R-44-38,44,38,S-797,S-645,False,63,9545.6499,64,168.321369,201,1140.007638,1026,0.000000,15,65.204245,623,343.192005,18,7,117,40,119,77,108,96,54,24,77,226,230,62
R-46-38,46,38,S-511,S-645,False,29,6830.2688,49,118.193284,201,1116.610763,135,0.000000,3,5.836579,394,187.093971,9,1,6,6,16,0,32,20,6,3,10,12,27,14
R-47-38,47,38,S-194,S-645,False,63,9593.3167,64,168.321369,211,1144.733658,1026,0.000000,15,65.204245,625,339.361957,18,7,117,40,119,77,108,96,54,24,77,226,230,62
R-48-38,48,38,S-630,S-645,False,60,9559.9370,64,168.321369,211,1149.736475,912,0.000000,14,56.891144,619,329.058067,17,7,104,37,106,77,97,86,48,23,69,179,208,61
R-49-38,49,38,S-575,S-645,False,61,9591.4802,64,168.321369,211,1149.736475,912,0.000000,14,56.891144,625,339.108299,17,7,104,37,106,77,97,86,48,23,69,179,208,61
R-50-38,50,38,S-575,S-645,False,62,9606.9561,64,168.321369,211,1149.736475,941,0.000000,14,56.891144,626,339.396922,17,7,108,37,108,77,97,87,50,23,70,194,215,61
R-51-38,51,38,S-425,S-645,False,63,9602.2739,64,168.321369,211,1149.736475,930,0.000000,15,60.655910,626,332.931161,18,6,96,39,109,76,102,89,48,16,67,197,213,57
R-52-38,52,38,S-545,S-645,False,61,9302.8599,64,168.321369,211,1149.736475,651,0.000000,11,45.536265,603,306.033602,17,4,63,26,91,72,82,53,27,6,28,160,134,38
R-53-38,53,38,S-545,S-645,False,60,9280.2452,64,168.321369,211,1149.736475,610,0.000000,11,41.422830,597,301.585641,17,3,59,25,85,72,77,48,27,6,27,145,123,38
R-54-38,54,38,S-583,S-645,False,60,9054.7085,64,168.321369,209,1148.267136,898,0.000000,13,57.115237,594,320.040259,15,6,106,36,92,77,88,90,48,22,75,192,198,52
R-55-38,55,38,S-524,S-645,False,63,9604.3621,64,168.321369,211,1149.736475,1002,0.000000,15,63.302452,627,343.284964,17,7,108,40,119,77,108,94,54,24,75,210,228,60
R-56-38,56,38,S-616,S-645,False,58,8982.1945,64,168.321369,209,1148.267136,870,0.000000,13,54.694375,587,315.250844,14,6,97,36,91,77,87,88,48,22,73,174,195,50
R-57-38,57,38,S-560,S-645,False,63,9612.6773,64,168.321369,211,1149.736475,1013,0.000000,14,62.074211,628,341.712880,18,7,114,39,119,76,106,95,52,24,77,220,228,62
R-58-38,58,38,S-525,S-645,False,62,9144.7680,62,160.116545,209,1130.977556,1015,0.000000,15,63.047370,581,327.083081,18,7,117,39,117,77,106,94,53,24,77,224,227,61
R-59-38,59,38,S-410,S-645,False,63,9246.1057,62,161.492042,199,1107.045764,1026,0.000000,15,65.204245,602,329.789973,18,7,117,40,119,77,108,96,54,24,77,226,230,62
R-60-38,60,38,S-662,S-645,False,59,8203.6113,63,164.756405,199,932.411968,968,0.000000,14,63.941479,517,298.165976,12,7,116,38,110,77,89,91,49,24,71,221,220,54
R-61-38,61,38,S-973,S-645,False,63,9600.4237,64,168.321369,210,1149.703495,1026,0.000000,15,65.204245,626,341.170660,18,7,117,40,119,77,108,96,54,24,77,226,230,62
R-62-38,62,38,S-625,S-645,False,54,9205.1715,64,168.321369,211,1149.736475,396,0.000000,9,31.898282,584,275.901241,16,3,37,15,66,1,64,34,20,5,17,87,89,36
R-63-38,63,38,S-595,S-645,False,63,9599.0904,64,168.321369,211,1149.736475,992,0.000000,14,62.011020,627,341.408075,17,6,113,39,112,77,105,96,50,23,77,213,225,59
R-64-38,64,38,S-492,S-645,False,63,9404.5615,64,168.321369,211,1149.736475,889,0.000000,14,57.105016,619,326.065979,17,6,92,38,108,75,101,85,44,19,58,201,193,52
R-65-38,65,38,S-467,S-645,False,63,9259.4418,63,166.919726,210,1145.951471,1026,0.000000,15,65.204245,600,333.030223,18,7,117,40,119,77,108,96,54,24,77,226,230,62
R-66-38,66,38,S-483,S-645,False,63,9601.7857,63,167.220955,211,1149.736475,1025,0.000000,15,64.515159,627,344.262493,18,7,117,40,119,77,108,96,54,24,77,225,230,62
R-67-38,67,38,S-376,S-645,False,62,9420.8541,64,168.321369,207,999.533889,1026,0.000000,15,65.204245,610,331.404138,18,7,117,40,119,77,108,96,54,24,77,226,230,62
R-68-38,68,38,S-385,S-645,False,63,9380.7816,63,166.723043,207,1140.262960,1017,0.000000,15,64.935015,618,339.843208,18,7,117,40,118,77,107,94,54,24,77,226,226,61
R-69-38,69,38,S-499,S-645,False,63,9391.3516,57,144.705330,211,1149.456962,1026,0.000000,15,65.204245,608,339.355887,18,7,117,40,119,77,108,96,54,24,77,226,230,62
R-70-38,70,38,S-575,S-645,False,63,9615.3934,64,168.321369,211,1149.736475,993,0.000000,15,64.558906,627,344.346354,18,7,111,39,116,77,104,90,52,24,74,212,225,61
R-71-38,71,38,S-559,S-645,False,63,9590.4912,64,168.321369,210,1149.394507,1022,0.000000,15,64.759619,628,344.213847,18,7,115,40,119,77,106,96,54,24,77,225,229,62
R-73-38,73,38,S-800,S-645,False,60,8504.5668,63,164.756405,201,1025.506957,983,0.000000,14,64.283652,536,304.650786,16,7,116,38,113,77,95,92,52,24,72,223,220,54
R-74-38,74,38,S-957,S-645,False,63,9579.5280,64,168.321369,211,1149.736475,1026,0.000000,15,65.204245,622,342.664626,18,7,117,40,119,77,108,96,54,24,77,226,230,62
R-75-38,75,38,S-630,S-645,False,59,9558.6575,64,168.321369,211,1149.736475,912,0.000000,14,56.891144,619,325.959608,17,7,104,37,106,77,97,86,48,23,69,179,208,61
R-1-39,1,39,S-54,S-706,False,66,9959.6491,64,168.321369,253,1236.550805,1048,0.000000,16,65.845820,651,353.963293,20,7,118,40,124,78,113,96,54,25,78,229,235,62
R-2-39,2,39,S-752,S-706,False,66,10008.4977,64,168.321369,253,1236.550805,1048,0.000000,16,65.845820,652,354.210678,20,7,118,40,124,78,113,96,54,25,78,229,235,62
R-4-39,4,39,S-687,S-706,False,55,9416.0573,64,168.321369,252,1234.665942,400,0.000000,10,31.202715,599,276.592098,18,3,38,15,61,2,68,33,20,6,17,88,88,32
R-5-39,5,39,S-616,S-706,False,60,9379.1461,64,168.321369,251,1235.081466,870,0.000000,13,54.068380,607,323.465624,15,6,96,34,91,78,88,87,48,23,73,176,192,48
R-6-39,6,39,S-560,S-706,False,65,10010.2660,64,168.321369,253,1236.550805,1023,0.000000,14,58.565279,650,349.818526,19,7,115,39,123,77,109,94,50,25,77,219,231,62
R-7-39,7,39,S-565,S-706,False,63,9306.3499,55,135.355910,251,1217.512373,1037,0.000000,16,63.688945,582,330.544918,20,7,118,39,122,78,111,94,53,25,78,227,232,61
R-8-39,8,39,S-503,S-706,False,66,9740.7683,62,158.565633,249,1226.380819,1041,0.000000,15,64.102837,629,347.422823,20,7,117,40,123,78,113,96,54,25,78,228,232,61
R-9-39,9,39,S-361,S-706,False,66,9997.3358,63,167.363395,253,1236.550805,1048,0.000000,16,65.845820,647,353.117277,20,7,118,40,124,78,113,96,54,25,78,229,235,62
R-10-39,10,39,S-456,S-706,False,64,9375.2354,60,154.008092,225,1171.453298,1048,0.000000,16,65.845820,611,329.012690,20,7,118,40,124,78,113,96,54,25,78,229,235,62
R-11-39,11,39,S-539,S-706,False,66,9862.2102,63,166.234741,252,1226.200273,1048,0.000000,16,65.845820,647,351.620200,20,7,118,40,124,78,113,96,54,25,78,229,235,62
R-12-39,12,39,S-385,S-706,False,65,9769.4970,63,166.723043,249,1227.077290,1039,0.000000,16,65.576590,641,349.205964,20,7,118,40,123,78,112,94,54,25,78,229,231,61
R-13-39,13,39,S-584,S-706,False,65,9402.4224,64,168.321369,234,1202.835605,1048,0.000000,16,65.845820,620,341.271100,20,7,118,40,124,78,113,96,54,25,78,229,235,62
R-14-39,14,39,S-347,S-706,False,66,9870.0850,61,165.256995,241,1202.265785,1014,0.000000,15,62.615065,642,348.512689,17,6,116,38,121,78,109,93,54,23,78,224,228,60
R-15-39,15,39,S-578,S-706,False,66,9979.7377,64,168.203831,251,1233.503884,1048,0.000000,16,65.845820,649,352.599845,20,7,118,40,124,78,113,96,54,25,78,229,235,62
R-16-39,16,39,S-594,S-706,False,61,8542.0941,62,161.817960,238,997.233064,990,0.000000,15,64.583054,538,306.771128,14,7,117,38,115,78,94,91,49,25,72,224,225,54
R-17-39,17,39,S-824,S-706,False,66,10022.1657,64,168.321369,253,1234.706061,1048,0.000000,16,65.845820,652,354.210678,20,7,118,40,124,78,113,96,54,25,78,229,235,62
R-18-39,18,39,S-577,S-706,False,63,9292.4966,63,166.491320,245,1014.600757,1048,0.000000,16,65.845820,605,325.242447,20,7,118,40,124,78,113,96,54,25,78,229,235,62
R-19-39,19,39,S-522,S-706,False,65,8862.7345,57,151.749630,213,933.266597,1048,0.000000,16,65.845820,604,334.879152,20,7,118,40,124,78,113,96,54,25,78,229,235,62
R-20-39,20,39,S-564,S-706,False,66,9573.0170,52,137.708174,225,1163.189546,1048,0.000000,16,65.845820,632,343.701278,20,7,118,40,124,78,113,96,54,25,78,229,235,62
R-21-39,21,39,S-591,S-706,False,66,9569.8756,49,139.932750,240,1182.932288,1014,0.000000,15,64.771992,624,342.146699,20,7,115,38,121,78,105,86,53,24,74,227,229,59
R-22-39,22,39,S-656,S-706,False,65,9778.5019,64,168.321369,243,1216.728506,1026,0.000000,15,65.204245,639,348.922712,18,7,117,40,119,77,108,96,54,24,77,226,230,62
R-27-39,27,39,S-664,S-706,False,53,9267.2777,64,168.321369,251,1234.102850,387,0.000000,10,30.165613,592,272.636754,17,3,35,14,58,2,68,33,19,6,17,86,85,30
R-28-39,28,39,S-623,S-706,False,45,8618.7093,64,168.321369,249,1232.633511,209,0.000000,7,18.388173,546,241.618037,12,2,13,8,25,2,43,24,13,4,12,33,42,16
R-29-39,29,39,S-619,S-706,False,42,8561.9733,63,166.973486,249,1232.633511,178,0.000000,5,11.107632,543,236.993544,11,2,9,7,24,1,39,22,7,4,11,19,38,16
R-30-39,30,39,S-549,S-706,False,37,7802.9810,54,134.008027,247,1213.595079,167,0.000000,5,8.950757,470,211.706817,11,2,9,6,22,1,37,20,6,4,11,17,35,15
R-31-39,31,39,S-516,S-706,False,34,7394.4080,50,119.710076,243,1203.425093,157,0.000000,4,6.478154,441,203.122101,11,1,7,6,21,1,37,20,6,4,11,15,32,14
R-32-39,32,39,S-456,S-706,False,65,9378.6747,60,154.008092,225,1171.453298,1048,0.000000,16,65.845820,612,329.690762,20,7,118,40,124,78,113,96,54,25,78,229,235,62
R-33-39,33,39,S-540,S-706,False,66,10020.0205,64,167.786259,253,1236.550805,1048,0.000000,16,65.845820,652,354.169944,20,7,118,40,124,78,113,96,54,25,78,229,235,62
R-34-39,34,39,S-526,S-706,False,26,6297.0590,42,97.881400,214,1127.977054,157,0.000000,4,6.478154,364,165.809198,11,1,7,6,21,1,37,20,6,4,11,15,32,14
R-35-39,35,39,S-568,S-706,False,19,5017.2117,38,91.253669,174,1025.190755,114,0.000000,3,2.978169,297,135.062925,8,0,5,4,17,1,32,15,6,2,11,10,21,11
R-36-39,36,39,S-597,S-706,False,66,10019.8477,64,168.321369,253,1236.107927,1048,0.000000,16,65.845820,652,354.133383,20,7,118,40,124,78,113,96,54,25,78,229,235,62
R-37-39,37,39,S-614,S-706,False,4,918.7124,15,28.388619,69,150.549148,56,0.000000,2,1.715403,53,23.125221,2,0,4,2,8,1,13,10,1,2,5,5,11,3
R-38-39,38,39,S-645,S-706,False,2,407.9611,0,0.000000,42,86.814330,22,0.000000,1,0.641575,23,9.362756,2,0,1,0,5,1,5,0,0,1,1,3,5,0
R-41-39,41,39,S-101,S-706,False,66,9610.8848,64,168.321369,244,1224.785097,1048,0.000000,16,65.845820,647,352.207265,20,7,118,40,124,78,113,96,54,25,78,229,235,62
R-42-39,42,39,S-696,S-706,False,56,9479.0919,64,168.321369,253,1236.550805,400,0.000000,10,31.202715,602,279.219563,18,3,38,15,61,2,68,33,20,6,17,88,88,32
R-43-39,43,39,S-412,S-706,False,66,9636.8038,64,168.321369,252,1235.423434,1048,0.000000,16,65.845820,633,341.246019,20,7,118,40,124,78,113,96,54,25,78,229,235,62
R-44-39,44,39,S-797,S-706,False,66,9953.6110,64,168.321369,243,1226.821968,1048,0.000000,16,65.845820,646,352.554761,20,7,118,40,124,78,113,96,54,25,78,229,235,62
R-45-39,45,39,S-649,S-706,False,66,9999.5311,64,168.321369,253,1236.550805,1026,0.000000,15,65.204245,648,351.855409,18,7,117,40,119,77,108,96,54,24,77,226,230,62
R-46-39,46,39,S-511,S-706,False,32,7238.2299,49,118.193284,243,1203.425093,157,0.000000,4,6.478154,417,196.456727,11,1,7,6,21,1,37,20,6,4,11,15,32,14
R-47-39,47,39,S-194,S-706,False,66,10001.2778,64,168.321369,253,1231.547988,1048,0.000000,16,65.845820,648,348.724713,20,7,118,40,124,78,113,96,54,25,78,229,235,62
R-48-39,48,39,S-630,S-706,False,63,9967.8981,64,168.321369,253,1236.550805,934,0.000000,15,57.532719,642,338.420823,19,7,105,37,111,78,102,86,48,24,70,182,213,61
R-49-39,49,39,S-575,S-706,False,64,9999.4413,64,168.321369,253,1236.550805,934,0.000000,15,57.532719,648,348.471055,19,7,105,37,111,78,102,86,48,24,70,182,213,61
R-50-39,50,39,S-575,S-706,False,65,10014.9172,64,168.321369,253,1236.550805,963,0.000000,15,57.532719,649,348.759678,19,7,109,37,113,78,102,87,50,24,71,197,220,61
R-51-39,51,39,S-425,S-706,False,66,10010.2350,64,168.321369,253,1236.550805,952,0.000000,16,61.297485,649,342.293917,20,6,97,39,114,77,107,89,48,17,68,200,218,57
R-52-39,52,39,S-545,S-706,False,64,9710.8210,64,168.321369,253,1236.550805,673,0.000000,12,46.177840,626,315.396358,19,4,64,26,96,73,87,53,27,7,29,163,139,38
R-53-39,53,39,S-545,S-706,False,63,9688.2063,64,168.321369,253,1236.550805,632,0.000000,12,42.064405,620,310.948397,19,3,60,25,90,73,82,48,27,7,28,148,128,38
R-54-39,54,39,S-583,S-706,False,63,9462.6696,64,168.321369,251,1235.081466,920,0.000000,14,57.756812,617,329.403015,17,6,107,36,97,78,93,90,48,23,76,195,203,52
R-55-39,55,39,S-524,S-706,False,66,10012.3232,64,168.321369,253,1236.550805,1024,0.000000,16,63.944027,650,352.647720,19,7,109,40,124,78,113,94,54,25,76,213,233,60
R-56-39,56,39,S-616,S-706,False,61,9390.1556,64,168.321369,251,1235.081466,892,0.000000,14,55.335950,610,324.613600,16,6,98,36,96,78,92,88,48,23,74,177,200,50
R-57-39,57,39,S-560,S-706,False,66,10020.6384,64,168.321369,253,1236.550805,1035,0.000000,15,62.715786,651,351.075636,20,7,115,39,124,77,111,95,52,25,78,223,233,62
R-58-39,58,39,S-525,S-706,False,65,9552.7291,62,160.116545,251,1217.791886,1037,0.000000,16,63.688945,604,336.445837,20,7,118,39,122,78,111,94,53,25,78,227,232,61
R-59-39,59,39,S-410,S-706,False,66,9654.0668,62,161.492042,241,1193.860094,1048,0.000000,16,65.845820,625,339.152729,20,7,118,40,124,78,113,96,54,25,78,229,235,62
R-60-39,60,39,S-662,S-706,False,62,8611.5724,63,164.756405,241,1019.226298,990,0.000000,15,64.583054,540,307.528732,14,7,117,38,115,78,94,91,49,25,72,224,225,54
R-61-39,61,39,S-973,S-706,False,66,10008.3848,64,168.321369,252,1236.517825,1048,0.000000,16,65.845820,649,350.533416,20,7,118,40,124,78,113,96,54,25,78,229,235,62
R-62-39,62,39,S-625,S-706,False,57,9613.1326,64,168.321369,253,1236.550805,418,0.000000,10,32.539857,607,285.263997,18,3,38,15,71,2,69,34,20,6,18,90,94,36
R-63-39,63,39,S-595,S-706,False,66,10007.0515,64,168.321369,253,1236.550805,1014,0.000000,15,62.652595,650,350.770831,19,6,114,39,117,78,110,96,50,24,78,216,230,59
R-64-39,64,39,S-492,S-706,False,66,9812.5226,64,168.321369,253,1236.550805,911,0.000000,15,57.746591,642,335.428735,19,6,93,38,113,76,106,85,44,20,59,204,198,52
R-65-39,65,39,S-467,S-706,False,66,9667.4029,63,166.919726,252,1232.765801,1048,0.000000,16,65.845820,623,342.392979,20,7,118,40,124,78,113,96,54,25,78,229,235,62
R-66-39,66,39,S-483,S-706,False,66,10009.7468,63,167.220955,253,1236.550805,1047,0.000000,16,65.156734,650,353.625249,20,7,118,40,124,78,113,96,54,25,78,228,235,62
R-67-39,67,39,S-376,S-706,False,65,9828.8152,64,168.321369,249,1086.348219,1048,0.000000,16,65.845820,633,340.766894,20,7,118,40,124,78,113,96,54,25,78,229,235,62
R-68-39,68,39,S-385,S-706,False,66,9788.7427,63,166.723043,249,1227.077290,1039,0.000000,16,65.576590,641,349.205964,20,7,118,40,123,78,112,94,54,25,78,229,231,61
R-69-39,69,39,S-499,S-706,False,66,9799.3127,57,144.705330,253,1236.271292,1048,0.000000,16,65.845820,631,348.718643,20,7,118,40,124,78,113,96,54,25,78,229,235,62
R-70-39,70,39,S-575,S-706,False,66,10023.3545,64,168.321369,253,1236.550805,1015,0.000000,16,65.200481,650,353.709110,20,7,112,39,121,78,109,90,52,25,75,215,230,61
R-71-39,71,39,S-559,S-706,False,66,9998.4523,64,168.321369,252,1236.208837,1044,0.000000,16,65.401194,651,353.576603,20,7,116,40,124,78,111,96,54,25,78,228,234,62
R-73-39,73,39,S-800,S-706,False,63,8912.5279,63,164.756405,243,1112.321287,1005,0.000000,15,64.925227,559,314.013542,18,7,117,38,118,78,100,92,52,25,73,226,225,54
R-74-39,74,39,S-957,S-706,False,66,9987.4891,64,168.321369,253,1236.550805,1048,0.000000,16,65.845820,645,352.027382,20,7,118,40,124,78,113,96,54,25,78,229,235,62
R-75-39,75,39,S-630,S-706,False,62,9966.6186,64,168.321369,253,1236.550805,934,0.000000,15,57.532719,642,335.322364,19,7,105,37,111,78,102,86,48,24,70,182,213,61
R-48-42,48,42,S-630,S-696,False,6,488.8062,0,0.000000,0,0.000000,534,0.000000,5,26.330004,40,59.201260,1,4,67,22,50,76,34,53,28,18,53,94,125,29
R-49-42,49,42,S-575,S-696,False,7,520.3494,0,0.000000,0,0.000000,534,0.000000,5,26.330004,46,69.251492,1,4,67,22,50,76,34,53,28,18,53,94,125,29
R-50-42,50,42,S-575,S-696,False,8,535.8254,0,0.000000,0,0.000000,563,0.000000,5,26.330004,47,69.540115,1,4,71,22,52,76,34,54,30,18,54,109,132,29
R-51-42,51,42,S-425,S-696,False,9,531.1431,0,0.000000,0,0.000000,552,0.000000,6,30.094770,47,63.074354,2,3,59,24,53,75,39,56,28,11,51,112,130,25
R-52-42,52,42,S-545,S-696,False,7,231.7291,0,0.000000,0,0.000000,273,0.000000,2,14.975125,24,36.176795,1,1,26,11,35,71,19,20,7,1,12,75,51,6
R-53-42,53,42,S-545,S-696,False,6,209.1145,0,0.000000,0,0.000000,232,0.000000,2,10.861690,18,31.728834,1,0,22,10,29,71,14,15,7,1,11,60,40,6
R-62-42,62,42,S-625,S-696,True,0,134.0407,0,0.000000,0,0.000000,18,0.000000,0,1.337142,5,6.044434,0,0,0,0,10,0,1,1,0,0,1,2,6,4
R-64-42,64,42,S-492,S-696,False,9,333.4307,0,0.000000,0,0.000000,511,0.000000,5,26.543876,40,56.209172,1,3,55,23,52,74,38,52,24,14,42,116,110,20
R-70-42,70,42,S-575,S-696,False,9,544.2626,0,0.000000,0,0.000000,615,0.000000,6,33.997766,48,74.489547,2,4,74,24,60,76,41,57,32,19,58,127,142,29
R-75-42,75,42,S-630,S-696,False,5,487.5267,0,0.000000,0,0.000000,534,0.000000,5,26.330004,40,56.102801,1,4,67,22,50,76,34,53,28,18,53,94,125,29
R-2-46,2,46,S-752,S-511,False,33,2770.2678,15,50.128085,10,33.125712,891,0.000000,12,59.367666,235,157.753951,9,6,111,34,103,77,76,76,48,21,67,214,203,48
R-4-46,4,46,S-687,S-511,False,22,2177.8274,15,50.128085,9,31.240849,243,0.000000,6,24.724561,182,80.135371,7,2,31,9,40,1,31,13,14,2,6,73,56,18
R-5-46,5,46,S-616,S-511,False,27,2140.9162,15,50.128085,8,31.656373,713,0.000000,9,47.590226,190,127.008897,4,5,89,28,70,77,51,67,42,19,62,161,160,34
R-6-46,6,46,S-560,S-511,False,32,2772.0361,15,50.128085,10,33.125712,866,0.000000,10,52.087125,233,153.361799,8,6,108,33,102,76,72,74,44,21,66,204,199,48
R-7-46,7,46,S-565,S-511,False,30,2068.1201,6,17.162626,8,14.087280,880,0.000000,12,57.210791,165,134.088191,9,6,111,33,101,77,74,74,47,21,67,212,200,47
R-8-46,8,46,S-503,S-511,False,33,2502.5384,13,40.372349,6,22.955726,884,0.000000,11,57.624683,212,150.966096,9,6,110,34,102,77,76,76,48,21,67,213,200,47
R-9-46,9,46,S-361,S-511,False,33,2759.1059,14,49.170111,10,33.125712,891,0.000000,12,59.367666,230,156.660550,9,6,111,34,103,77,76,76,48,21,67,214,203,48
R-27-46,27,46,S-664,S-511,False,20,2029.0478,15,50.128085,8,30.677757,230,0.000000,6,23.687459,175,76.180027,6,2,28,8,37,1,31,13,13,2,6,71,53,16
R-28-46,28,46,S-623,S-511,False,12,1380.4794,15,50.128085,6,29.208418,52,0.000000,3,11.910019,129,45.161310,1,1,6,2,4,1,6,4,7,0,1,18,10,2
R-29-46,29,46,S-619,S-511,False,9,1323.7434,14,48.780202,6,29.208418,21,0.000000,1,4.629478,126,40.536817,0,1,2,1,3,0,2,2,1,0,0,4,6,2
R-30-46,30,46,S-549,S-511,False,4,564.7511,5,15.814743,4,10.169986,10,0.000000,1,2.472603,53,15.250090,0,1,2,0,1,0,0,0,0,0,0,2,3,1
R-31-46,31,46,S-516,S-511,False,1,156.1781,1,1.516792,0,0.000000,0,0.000000,0,0.000000,24,6.665374,0,0,0,0,0,0,0,0,0,0,0,0,0,0
R-42-46,42,46,S-696,S-511,False,23,2240.8620,15,50.128085,10,33.125712,243,0.000000,6,24.724561,185,82.762836,7,2,31,9,40,1,31,13,14,2,6,73,56,18
R-43-46,43,46,S-412,S-511,False,33,2398.5739,15,50.128085,9,31.998341,891,0.000000,12,59.367666,216,144.789292,9,6,111,34,103,77,76,76,48,21,67,214,203,48
R-48-46,48,46,S-630,S-511,False,30,2729.6682,15,50.128085,10,33.125712,777,0.000000,11,51.054565,225,141.964096,8,6,98,31,90,77,65,66,42,20,59,167,181,47
R-49-46,49,46,S-575,S-511,False,31,2761.2114,15,50.128085,10,33.125712,777,0.000000,11,51.054565,231,152.014328,8,6,98,31,90,77,65,66,42,20,59,167,181,47
R-50-46,50,46,S-575,S-511,False,32,2776.6874,15,50.128085,10,33.125712,806,0.000000,11,51.054565,232,152.302951,8,6,102,31,92,77,65,67,44,20,60,182,188,47
R-51-46,51,46,S-425,S-511,False,33,2772.0051,15,50.128085,10,33.125712,795,0.000000,12,54.819331,232,145.837190,9,5,90,33,93,76,70,69,42,13,57,185,186,43
R-52-46,52,46,S-545,S-511,False,31,2472.5911,15,50.128085,10,33.125712,516,0.000000,8,39.699686,209,118.939631,8,3,57,20,75,72,50,33,21,3,18,148,107,24
R-53-46,53,46,S-545,S-511,False,30,2449.9765,15,50.128085,10,33.125712,475,0.000000,8,35.586251,203,114.491670,8,2,53,19,69,72,45,28,21,3,17,133,96,24
R-54-46,54,46,S-583,S-511,False,30,2224.4397,15,50.128085,8,31.656373,763,0.000000,10,51.278658,200,132.946288,6,5,100,30,76,77,56,70,42,19,65,180,171,38
R-55-46,55,46,S-524,S-511,False,33,2774.0933,15,50.128085,10,33.125712,867,0.000000,12,57.465873,233,156.190993,8,6,102,34,103,77,76,74,48,21,65,198,201,46
R-56-46,56,46,S-616,S-511,False,28,2151.9257,15,50.128085,8,31.656373,735,0.000000,10,48.857796,193,128.156873,5,5,91,30,75,77,55,68,42,19,63,162,168,36
R-57-46,57,46,S-560,S-511,False,33,2782.4085,15,50.128085,10,33.125712,878,0.000000,11,56.237632,234,154.618909,9,6,108,33,103,76,74,75,46,21,67,208,201,48
R-58-46,58,46,S-525,S-511,False,32,2314.4992,13,41.923261,8,14.366793,880,0.000000,12,57.210791,187,139.989110,9,6,111,33,101,77,74,74,47,21,67,212,200,47
R-62-46,62,46,S-625,S-511,False,24,2374.9027,15,50.128085,10,33.125712,261,0.000000,6,26.061703,190,88.807270,7,2,31,9,50,1,32,14,14,2,7,75,62,22
R-63-46,63,46,S-595,S-511,False,33,2768.8216,15,50.128085,10,33.125712,857,0.000000,11,56.174441,233,154.314104,8,5,107,33,96,77,73,76,44,20,67,201,198,45
R-64-46,64,46,S-492,S-511,False,33,2574.2927,15,50.128085,10,33.125712,754,0.000000,11,51.268437,225,138.972008,8,5,86,32,92,75,69,65,38,16,48,189,166,38
R-65-46,65,46,S-467,S-511,False,33,2429.1730,14,48.726442,9,29.340708,891,0.000000,12,59.367666,206,145.936252,9,6,111,34,103,77,76,76,48,21,67,214,203,48
R-66-46,66,46,S-483,S-511,False,33,2771.5169,14,49.027671,10,33.125712,890,0.000000,12,58.678580,233,157.168522,9,6,111,34,103,77,76,76,48,21,67,213,203,48
R-69-46,69,46,S-499,S-511,False,33,2561.0829,8,26.512046,10,32.846199,891,0.000000,12,59.367666,214,152.261916,9,6,111,34,103,77,76,76,48,21,67,214,203,48
R-70-46,70,46,S-575,S-511,False,33,2785.1246,15,50.128085,10,33.125712,858,0.000000,12,58.722327,233,157.252383,9,6,105,33,100,77,72,70,46,21,64,200,198,47
R-71-46,71,46,S-559,S-511,False,33,2760.2224,15,50.128085,9,32.783744,887,0.000000,12,58.923040,234,157.119876,9,6,109,34,103,77,74,76,48,21,67,213,202,48
R-75-46,75,46,S-630,S-511,False,29,2728.3887,15,50.128085,10,33.125712,777,0.000000,11,51.054565,225,138.865637,8,6,98,31,90,77,65,66,42,20,59,167,181,47
R-49-48,49,48,S-575,S-630,True,0,31.5432,0,0.000000,0,0.000000,0,0.000000,0,0.000000,6,10.050232,0,0,0,0,0,0,0,0,0,0,0,0,0,0
R-50-48,50,48,S-575,S-630,False,1,47.0192,0,0.000000,0,0.000000,29,0.000000,0,0.000000,7,10.338855,0,0,4,0,2,0,0,1,2,0,1,15,7,0
R-70-48,70,48,S-575,S-630,False,2,55.4564,0,0.000000,0,0.000000,81,0.000000,1,7.667762,8,15.288287,1,0,7,2,10,0,7,4,4,1,5,33,17,0
R-50-49,50,49,S-575,S-575,True,0,15.4760,0,0.000000,0,0.000000,29,0.000000,0,0.000000,1,0.288623,0,0,4,0,2,0,0,1,2,0,1,15,7,0
R-70-49,70,49,S-575,S-575,False,1,23.9132,0,0.000000,0,0.000000,81,0.000000,1,7.667762,2,5.238055,1,0,7,2,10,0,7,4,4,1,5,33,17,0
R-70-50,70,50,S-575,S-575,True,0,8.4373,0,0.000000,0,0.000000,52,0.000000,1,7.667762,1,4.949432,1,0,3,2,8,0,7,3,2,1,4,18,10,0
R-51-52,51,52,S-425,S-545,False,1,299.4140,0,0.000000,0,0.000000,279,0.000000,4,15.119645,23,26.897559,1,2,33,13,18,4,20,36,21,10,39,37,79,19
R-64-52,64,52,S-492,S-545,False,1,101.7016,0,0.000000,0,0.000000,238,0.000000,3,11.568751,16,20.032377,0,2,29,12,17,3,19,32,17,13,30,41,59,14
R-51-53,51,53,S-425,S-545,False,2,322.0286,0,0.000000,0,0.000000,320,0.000000,4,19.233080,29,31.345520,1,3,37,14,24,4,25,41,21,10,40,52,90,19
R-52-53,52,53,S-545,S-545,True,0,22.6146,0,0.000000,0,0.000000,41,0.000000,0,4.113435,6,4.447961,0,1,4,1,6,0,5,5,0,0,1,15,11,0
R-64-53,64,53,S-492,S-545,False,2,124.3162,0,0.000000,0,0.000000,279,0.000000,3,15.682186,22,24.480338,0,3,33,13,23,3,24,37,17,13,31,56,70,14
R-43-54,43,54,S-412,S-583,False,2,174.1342,0,0.000000,1,0.341968,128,0.000000,2,8.089008,16,11.843004,3,1,11,4,27,0,20,6,6,2,2,34,32,10
R-63-54,63,54,S-595,S-583,False,2,544.3819,0,0.000000,2,1.469339,94,0.000000,1,4.895783,33,21.367816,2,0,7,3,20,0,17,6,2,1,2,21,27,7
R-71-54,71,54,S-559,S-583,False,2,535.7827,0,0.000000,1,1.127371,124,0.000000,2,7.644382,34,24.173588,3,1,9,4,27,0,18,6,6,2,2,33,31,10
R-43-56,43,56,S-412,S-616,False,4,246.6482,0,0.000000,1,0.341968,156,0.000000,2,10.509870,23,16.632419,4,1,20,4,28,0,21,8,6,2,4,52,35,12
R-54-56,54,56,S-583,S-616,False,1,72.5140,0,0.000000,0,0.000000,28,0.000000,0,2.420862,7,4.789415,1,0,9,0,1,0,1,2,0,0,2,18,3,2
R-55-56,55,56,S-524,S-616,False,4,622.1676,0,0.000000,2,1.469339,132,0.000000,2,8.608077,40,28.034120,3,1,11,4,28,0,21,6,6,2,2,36,33,10
R-63-56,63,56,S-595,S-616,False,4,616.8959,0,0.000000,2,1.469339,122,0.000000,1,7.316645,40,26.157231,3,0,16,3,21,0,18,8,2,1,4,39,30,9
R-71-56,71,56,S-559,S-616,False,4,608.2967,0,0.000000,1,1.127371,152,0.000000,2,10.065244,41,28.963003,4,1,18,4,28,0,19,8,6,2,4,51,34,12
R-65-58,65,58,S-467,S-525,True,0,114.6739,1,6.803181,1,14.973915,11,0.000000,0,2.156875,19,5.947142,0,0,0,1,2,0,2,2,1,0,0,2,3,1
R-17-60,17,60,S-824,S-662,False,3,1410.5933,1,3.564964,12,215.479763,58,0.000000,1,1.262766,112,46.681946,6,0,1,2,9,0,19,5,5,0,6,5,10,8
R-61-60,61,60,S-973,S-662,False,3,1396.8124,1,3.564964,11,217.291527,58,0.000000,1,1.262766,109,43.004684,6,0,1,2,9,0,19,5,5,0,6,5,10,8
R-73-60,73,60,S-800,S-662,True,0,300.9555,0,0.000000,2,93.094989,15,0.000000,0,0.342173,19,6.484810,4,0,0,0,3,0,6,1,3,0,1,2,0,0
R-74-60,74,60,S-957,S-662,False,3,1375.9167,1,3.564964,12,217.324507,58,0.000000,1,1.262766,105,44.498650,6,0,1,2,9,0,19,5,5,0,6,5,10,8
R-48-62,48,62,S-630,S-625,False,5,354.7655,0,0.000000,0,0.000000,516,0.000000,5,24.992862,35,53.156826,1,4,67,22,40,76,33,52,28,18,52,92,119,25
R-49-62,49,62,S-575,S-625,False,6,386.3087,0,0.000000,0,0.000000,516,0.000000,5,24.992862,41,63.207058,1,4,67,22,40,76,33,52,28,18,52,92,119,25
R-50-62,50,62,S-575,S-625,False,7,401.7846,0,0.000000,0,0.000000,545,0.000000,5,24.992862,42,63.495681,1,4,71,22,42,76,33,53,30,18,53,107,126,25
R-51-62,51,62,S-425,S-625,False,8,397.1024,0,0.000000,0,0.000000,534,0.000000,6,28.757628,42,57.029920,2,3,59,24,43,75,38,55,28,11,50,110,124,21
R-52-62,52,62,S-545,S-625,False,6,97.6884,0,0.000000,0,0.000000,255,0.000000,2,13.637983,19,30.132361,1,1,26,11,25,71,18,19,7,1,11,73,45,2
R-53-62,53,62,S-545,S-625,False,5,75.0737,0,0.000000,0,0.000000,214,0.000000,2,9.524548,13,25.684400,1,0,22,10,19,71,13,14,7,1,10,58,34,2
R-64-62,64,62,S-492,S-625,False,8,199.3900,0,0.000000,0,0.000000,493,0.000000,5,25.206734,35,50.164738,1,3,55,23,42,74,37,51,24,14,41,114,104,16
R-70-62,70,62,S-575,S-625,False,8,410.2219,0,0.000000,0,0.000000,597,0.000000,6,32.660624,43,68.445113,2,4,74,24,50,76,40,56,32,19,57,125,136,25
R-75-62,75,62,S-630,S-625,False,4,353.4860,0,0.000000,0,0.000000,516,0.000000,5,24.992862,35,50.058367,1,4,67,22,40,76,33,52,28,18,52,92,119,25
R-47-67,47,67,S-194,S-376,True,0,172.4626,0,0.000000,4,145.199769,0,0.000000,0,0.000000,15,7.957819,0,0,0,0,0,0,0,0,0,0,0,0,0,0
R-1-72,1,72,S-54,S-843,False,71,10331.0333,66,169.988139,298,1426.726978,1048,0.000000,16,65.845820,669,365.027436,20,7,118,40,124,78,113,96,54,25,78,229,235,62
R-2-72,2,72,S-752,S-843,False,71,10379.8819,66,169.988139,298,1426.726978,1048,0.000000,16,65.845820,670,365.274821,20,7,118,40,124,78,113,96,54,25,78,229,235,62
R-4-72,4,72,S-687,S-843,False,60,9787.4415,66,169.988139,297,1424.842115,400,0.000000,10,31.202715,617,287.656241,18,3,38,15,61,2,68,33,20,6,17,88,88,32
R-5-72,5,72,S-616,S-843,False,65,9750.5303,66,169.988139,296,1425.257639,870,0.000000,13,54.068380,625,334.529767,15,6,96,34,91,78,88,87,48,23,73,176,192,48
R-6-72,6,72,S-560,S-843,False,70,10381.6502,66,169.988139,298,1426.726978,1023,0.000000,14,58.565279,668,360.882669,19,7,115,39,123,77,109,94,50,25,77,219,231,62
R-7-72,7,72,S-565,S-843,False,68,9677.7341,57,137.022680,296,1407.688546,1037,0.000000,16,63.688945,600,341.609061,20,7,118,39,122,78,111,94,53,25,78,227,232,61
R-8-72,8,72,S-503,S-843,False,71,10112.1524,64,160.232403,294,1416.556992,1041,0.000000,15,64.102837,647,358.486966,20,7,117,40,123,78,113,96,54,25,78,228,232,61
R-9-72,9,72,S-361,S-843,False,71,10368.7200,65,169.030165,298,1426.726978,1048,0.000000,16,65.845820,665,364.181420,20,7,118,40,124,78,113,96,54,25,78,229,235,62
R-10-72,10,72,S-456,S-843,False,69,9746.6196,62,155.674862,270,1361.629471,1048,0.000000,16,65.845820,629,340.076833,20,7,118,40,124,78,113,96,54,25,78,229,235,62
R-11-72,11,72,S-539,S-843,False,71,10233.5943,65,167.901511,297,1416.376446,1048,0.000000,16,65.845820,665,362.684343,20,7,118,40,124,78,113,96,54,25,78,229,235,62
R-12-72,12,72,S-385,S-843,False,70,10140.8812,65,168.389813,294,1417.253463,1039,0.000000,16,65.576590,659,360.270107,20,7,118,40,123,78,112,94,54,25,78,229,231,61
R-13-72,13,72,S-584,S-843,False,70,9773.8066,66,169.988139,279,1393.011778,1048,0.000000,16,65.845820,638,352.335243,20,7,118,40,124,78,113,96,54,25,78,229,235,62
R-14-72,14,72,S-347,S-843,False,71,10241.4691,63,166.923765,286,1392.441958,1014,0.000000,15,62.615065,660,359.576832,17,6,116,38,121,78,109,93,54,23,78,224,228,60
R-15-72,15,72,S-578,S-843,False,71,10351.1218,66,169.870601,296,1423.680057,1048,0.000000,16,65.845820,667,363.663988,20,7,118,40,124,78,113,96,54,25,78,229,235,62
R-16-72,16,72,S-594,S-843,False,66,8913.4783,64,163.484730,283,1187.409237,990,0.000000,15,64.583054,556,317.835271,14,7,117,38,115,78,94,91,49,25,72,224,225,54
R-17-72,17,72,S-824,S-843,False,71,10393.5499,66,169.988139,298,1424.882234,1048,0.000000,16,65.845820,670,365.274821,20,7,118,40,124,78,113,96,54,25,78,229,235,62
R-18-72,18,72,S-577,S-843,False,68,9663.8807,65,168.158090,290,1204.776930,1048,0.000000,16,65.845820,623,336.306590,20,7,118,40,124,78,113,96,54,25,78,229,235,62
R-19-72,19,72,S-522,S-843,False,70,9234.1186,59,153.416400,258,1123.442770,1048,0.000000,16,65.845820,622,345.943295,20,7,118,40,124,78,113,96,54,25,78,229,235,62
R-20-72,20,72,S-564,S-843,False,71,9944.4012,54,139.374944,270,1353.365719,1048,0.000000,16,65.845820,650,354.765421,20,7,118,40,124,78,113,96,54,25,78,229,235,62
R-21-72,21,72,S-591,S-843,False,71,9941.2597,51,141.599520,285,1373.108461,1014,0.000000,15,64.771992,642,353.210842,20,7,115,38,121,78,105,86,53,24,74,227,229,59
R-22-72,22,72,S-656,S-843,False,70,10149.8861,66,169.988139,288,1406.904679,1026,0.000000,15,65.204245,657,359.986855,18,7,117,40,119,77,108,96,54,24,77,226,230,62
R-23-72,23,72,S-714,S-843,False,3,298.9707,2,1.666770,42,172.378143,0,0.000000,0,0.000000,15,5.809471,0,0,0,0,0,0,0,0,0,0,0,0,0,0
R-24-72,24,72,S-760,S-843,False,71,10363.6766,66,169.988139,295,1415.296176,1048,0.000000,16,65.845820,668,364.637975,20,7,118,40,124,78,113,96,54,25,78,229,235,62
R-25-72,25,72,S-775,S-843,False,71,10311.7236,66,169.988139,282,1404.441137,1048,0.000000,16,65.845820,667,363.834510,20,7,118,40,124,78,113,96,54,25,78,229,235,62
R-27-72,27,72,S-664,S-843,False,58,9638.6619,66,169.988139,296,1424.279023,387,0.000000,10,30.165613,610,283.700897,17,3,35,14,58,2,68,33,19,6,17,86,85,30
R-28-72,28,72,S-623,S-843,False,50,8990.0935,66,169.988139,294,1422.809684,209,0.000000,7,18.388173,564,252.682180,12,2,13,8,25,2,43,24,13,4,12,33,42,16
R-29-72,29,72,S-619,S-843,False,47,8933.3574,65,168.640256,294,1422.809684,178,0.000000,5,11.107632,561,248.057687,11,2,9,7,24,1,39,22,7,4,11,19,38,16
R-30-72,30,72,S-549,S-843,False,42,8174.3652,56,135.674797,292,1403.771252,167,0.000000,5,8.950757,488,222.770960,11,2,9,6,22,1,37,20,6,4,11,17,35,15
R-31-72,31,72,S-516,S-843,False,39,7765.7922,52,121.376846,288,1393.601266,157,0.000000,4,6.478154,459,214.186244,11,1,7,6,21,1,37,20,6,4,11,15,32,14
R-32-72,32,72,S-456,S-843,False,70,9750.0588,62,155.674862,270,1361.629471,1048,0.000000,16,65.845820,630,340.754905,20,7,118,40,124,78,113,96,54,25,78,229,235,62
R-33-72,33,72,S-540,S-843,False,71,10391.4047,66,169.453029,298,1426.726978,1048,0.000000,16,65.845820,670,365.234087,20,7,118,40,124,78,113,96,54,25,78,229,235,62
R-34-72,34,72,S-526,S-843,False,31,6668.4431,44,99.548170,259,1318.153227,157,0.000000,4,6.478154,382,176.873341,11,1,7,6,21,1,37,20,6,4,11,15,32,14
R-35-72,35,72,S-568,S-843,False,24,5388.5958,40,92.920439,219,1215.366928,114,0.000000,3,2.978169,315,146.127068,8,0,5,4,17,1,32,15,6,2,11,10,21,11
R-36-72,36,72,S-597,S-843,False,71,10391.2318,66,169.988139,298,1426.284100,1048,0.000000,16,65.845820,670,365.197526,20,7,118,40,124,78,113,96,54,25,78,229,235,62
R-37-72,37,72,S-614,S-843,False,9,1290.0965,17,30.055389,114,340.725321,56,0.000000,2,1.715403,71,34.189364,2,0,4,2,8,1,13,10,1,2,5,5,11,3
R-38-72,38,72,S-645,S-843,False,7,779.3452,2,1.666770,87,276.990503,22,0.000000,1,0.641575,41,20.426899,2,0,1,0,5,1,5,0,0,1,1,3,5,0
R-39-72,39,72,S-706,S-843,False,4,371.3841,2,1.666770,45,190.176173,0,0.000000,0,0.000000,18,11.064143,0,0,0,0,0,0,0,0,0,0,0,0,0,0
R-40-72,40,72,S-742,S-843,False,71,10391.8921,66,169.988139,297,1418.543492,1048,0.000000,16,65.845820,669,365.050404,20,7,118,40,124,78,113,96,54,25,78,229,235,62
R-41-72,41,72,S-101,S-843,False,71,9982.2690,66,169.988139,289,1414.961270,1048,0.000000,16,65.845820,665,363.271408,20,7,118,40,124,78,113,96,54,25,78,229,235,62
R-42-72,42,72,S-696,S-843,False,61,9850.4760,66,169.988139,298,1426.726978,400,0.000000,10,31.202715,620,290.283706,18,3,38,15,61,2,68,33,20,6,17,88,88,32
R-43-72,43,72,S-412,S-843,False,71,10008.1880,66,169.988139,297,1425.599607,1048,0.000000,16,65.845820,651,352.310162,20,7,118,40,124,78,113,96,54,25,78,229,235,62
R-44-72,44,72,S-797,S-843,False,71,10324.9951,66,169.988139,288,1416.998141,1048,0.000000,16,65.845820,664,363.618904,20,7,118,40,124,78,113,96,54,25,78,229,235,62
R-45-72,45,72,S-649,S-843,False,71,10370.9153,66,169.988139,298,1426.726978,1026,0.000000,15,65.204245,666,362.919552,18,7,117,40,119,77,108,96,54,24,77,226,230,62
R-46-72,46,72,S-511,S-843,False,37,7609.6140,51,119.860054,288,1393.601266,157,0.000000,4,6.478154,435,207.520870,11,1,7,6,21,1,37,20,6,4,11,15,32,14
R-47-72,47,72,S-194,S-843,False,71,10372.6619,66,169.988139,298,1421.724161,1048,0.000000,16,65.845820,666,359.788856,20,7,118,40,124,78,113,96,54,25,78,229,235,62
R-48-72,48,72,S-630,S-843,False,68,10339.2822,66,169.988139,298,1426.726978,934,0.000000,15,57.532719,660,349.484966,19,7,105,37,111,78,102,86,48,24,70,182,213,61
R-49-72,49,72,S-575,S-843,False,69,10370.8254,66,169.988139,298,1426.726978,934,0.000000,15,57.532719,666,359.535198,19,7,105,37,111,78,102,86,48,24,70,182,213,61
R-50-72,50,72,S-575,S-843,False,70,10386.3014,66,169.988139,298,1426.726978,963,0.000000,15,57.532719,667,359.823821,19,7,109,37,113,78,102,87,50,24,71,197,220,61
R-51-72,51,72,S-425,S-843,False,71,10381.6191,66,169.988139,298,1426.726978,952,0.000000,16,61.297485,667,353.358060,20,6,97,39,114,77,107,89,48,17,68,200,218,57
R-52-72,52,72,S-545,S-843,False,69,10082.2051,66,169.988139,298,1426.726978,673,0.000000,12,46.177840,644,326.460501,19,4,64,26,96,73,87,53,27,7,29,163,139,38
R-53-72,53,72,S-545,S-843,False,68,10059.5905,66,169.988139,298,1426.726978,632,0.000000,12,42.064405,638,322.012540,19,3,60,25,90,73,82,48,27,7,28,148,128,38
R-54-72,54,72,S-583,S-843,False,68,9834.0538,66,169.988139,296,1425.257639,920,0.000000,14,57.756812,635,340.467158,17,6,107,36,97,78,93,90,48,23,76,195,203,52
R-55-72,55,72,S-524,S-843,False,71,10383.7074,66,169.988139,298,1426.726978,1024,0.000000,16,63.944027,668,363.711863,19,7,109,40,124,78,113,94,54,25,76,213,233,60
R-56-72,56,72,S-616,S-843,False,66,9761.5398,66,169.988139,296,1425.257639,892,0.000000,14,55.335950,628,335.677743,16,6,98,36,96,78,92,88,48,23,74,177,200,50
R-57-72,57,72,S-560,S-843,False,71,10392.0225,66,169.988139,298,1426.726978,1035,0.000000,15,62.715786,669,362.139779,20,7,115,39,124,77,111,95,52,25,78,223,233,62
R-58-72,58,72,S-525,S-843,False,70,9924.1132,64,161.783315,296,1407.968059,1037,0.000000,16,63.688945,622,347.509980,20,7,118,39,122,78,111,94,53,25,78,227,232,61
R-59-72,59,72,S-410,S-843,False,71,10025.4510,64,163.158812,286,1384.036267,1048,0.000000,16,65.845820,643,350.216872,20,7,118,40,124,78,113,96,54,25,78,229,235,62
R-60-72,60,72,S-662,S-843,False,67,8982.9566,65,166.423175,286,1209.402471,990,0.000000,15,64.583054,558,318.592875,14,7,117,38,115,78,94,91,49,25,72,224,225,54
R-61-72,61,72,S-973,S-843,False,71,10379.7690,66,169.988139,297,1426.693998,1048,0.000000,16,65.845820,667,361.597559,20,7,118,40,124,78,113,96,54,25,78,229,235,62
R-62-72,62,72,S-625,S-843,False,62,9984.5167,66,169.988139,298,1426.726978,418,0.000000,10,32.539857,625,296.328140,18,3,38,15,71,2,69,34,20,6,18,90,94,36
R-63-72,63,72,S-595,S-843,False,71,10378.4356,66,169.988139,298,1426.726978,1014,0.000000,15,62.652595,668,361.834974,19,6,114,39,117,78,110,96,50,24,78,216,230,59
R-64-72,64,72,S-492,S-843,False,71,10183.9067,66,169.988139,298,1426.726978,911,0.000000,15,57.746591,660,346.492878,19,6,93,38,113,76,106,85,44,20,59,204,198,52
R-65-72,65,72,S-467,S-843,False,71,10038.7871,65,168.586496,297,1422.941974,1048,0.000000,16,65.845820,641,353.457122,20,7,118,40,124,78,113,96,54,25,78,229,235,62
R-66-72,66,72,S-483,S-843,False,71,10381.1310,65,168.887725,298,1426.726978,1047,0.000000,16,65.156734,668,364.689392,20,7,118,40,124,78,113,96,54,25,78,228,235,62
R-67-72,67,72,S-376,S-843,False,70,10200.1993,66,169.988139,294,1276.524392,1048,0.000000,16,65.845820,651,351.831037,20,7,118,40,124,78,113,96,54,25,78,229,235,62
R-68-72,68,72,S-385,S-843,False,71,10160.1269,65,168.389813,294,1417.253463,1039,0.000000,16,65.576590,659,360.270107,20,7,118,40,123,78,112,94,54,25,78,229,231,61
R-69-72,69,72,S-499,S-843,False,71,10170.6969,59,146.372100,298,1426.447465,1048,0.000000,16,65.845820,649,359.782786,20,7,118,40,124,78,113,96,54,25,78,229,235,62
R-70-72,70,72,S-575,S-843,False,71,10394.7386,66,169.988139,298,1426.726978,1015,0.000000,16,65.200481,668,364.773253,20,7,112,39,121,78,109,90,52,25,75,215,230,61
R-71-72,71,72,S-559,S-843,False,71,10369.8364,66,169.988139,297,1426.385010,1044,0.000000,16,65.401194,669,364.640746,20,7,116,40,124,78,111,96,54,25,78,228,234,62
R-73-72,73,72,S-800,S-843,False,68,9283.9121,65,166.423175,288,1302.497460,1005,0.000000,15,64.925227,577,325.077685,18,7,117,38,118,78,100,92,52,25,73,226,225,54
R-74-72,74,72,S-957,S-843,False,71,10358.8732,66,169.988139,298,1426.726978,1048,0.000000,16,65.845820,663,363.091525,20,7,118,40,124,78,113,96,54,25,78,229,235,62
R-75-72,75,72,S-630,S-843,False,67,10338.0027,66,169.988139,298,1426.726978,934,0.000000,15,57.532719,660,346.386507,19,7,105,37,111,78,102,86,48,24,70,182,213,61
R-17-73,17,73,S-824,S-800,False,2,1109.6378,1,3.564964,10,122.384774,43,0.000000,1,0.920593,93,40.197136,2,0,1,2,6,0,13,4,2,0,5,3,10,8
R-61-73,61,73,S-973,S-800,False,2,1095.8569,1,3.564964,9,124.196538,43,0.000000,1,0.920593,90,36.519874,2,0,1,2,6,0,13,4,2,0,5,3,10,8
R-74-73,74,73,S-957,S-800,False,2,1074.9611,1,3.564964,10,124.229518,43,0.000000,1,0.920593,86,38.013840,2,0,1,2,6,0,13,4,2,0,5,3,10,8
R-48-75,48,75,S-630,S-630,True,0,1.2795,0,0.000000,0,0.000000,0,0.000000,0,0.000000,0,3.098459,0,0,0,0,0,0,0,0,0,0,0,0,0,0
R-49-75,49,75,S-575,S-630,False,1,32.8227,0,0.000000,0,0.000000,0,0.000000,0,0.000000,6,13.148691,0,0,0,0,0,0,0,0,0,0,0,0,0,0
R-50-75,50,75,S-575,S-630,False,2,48.2987,0,0.000000,0,0.000000,29,0.000000,0,0.000000,7,13.437314,0,0,4,0,2,0,0,1,2,0,1,15,7,0
R-70-75,70,75,S-575,S-630,False,3,56.7359,0,0.000000,0,0.000000,81,0.000000,1,7.667762,8,18.386746,1,0,7,2,10,0,7,4,4,1,5,33,17,0
