seg_id,strahler,local_catchment_km2,watershed_km2,n_agriculture_groundwater_irrigation,n_agriculture_surface_irrigation,n_industrial_firm,n_industrial_zone,n_urban_corine,km2_agriculture_groundwater_irrigation,km2_agriculture_surface_irrigation,km2_industrial_firm,km2_industrial_zone,km2_urban_corine,nfirm_agriculture_industry,nfirm_alcohol_beverage,nfirm_chemical,nfirm_energy_waste,nfirm_food,nfirm_leather,nfirm_machinery_auto,nfirm_metal,nfirm_mining_stone,nfirm_pharma_cosmetic,nfirm_plastic_rubber,nfirm_textile,nfirm_unclassified,nfirm_wood_paper
S-01,1,12.2219,1710.4256,0,1,0,0,0,0.000000,0.065720,0.000000,0.000000,0.000000,0,0,0,0,0,0,0,0,0,0,0,0,0,0
S-02,1,10.2863,1710.4256,0,0,0,0,0,0.000000,0.000000,0.000000,0.000000,0.000000,0,0,0,0,0,0,0,0,0,0,0,0,0,0
S-03,1,8.1306,1710.4256,0,0,0,0,0,0.000000,0.000000,0.000000,0.000000,0.000000,0,0,0,0,0,0,0,0,0,0,0,0,0,0
S-04,1,5.6494,1710.4256,0,0,0,0,0,0.000000,0.000000,0.000000,0.000000,0.000000,0,0,0,0,0,0,0,0,0,0,0,0,0,0
S-05,2,8.7044,1710.4256,0,1,0,0,0,0.000000,1.057811,0.000000,0.000000,0.000000,0,0,0,0,0,0,0,0,0,0,0,0,0,0
S-06,2,1.0656,1710.4256,0,0,0,0,0,0.000000,0.395895,0.000000,0.000000,0.000000,0,0,0,0,0,0,0,0,0,0,0,0,0,0
S-07,2,3.8275,1710.4256,0,0,0,0,0,0.000000,0.000000,0.000000,0.000000,0.000000,0,0,0,0,0,0,0,0,0,0,0,0,0,0
S-08,1,8.0425,1710.4256,0,0,0,0,0,0.000000,0.000000,0.000000,0.000000,0.000000,0,0,0,0,0,0,0,0,0,0,0,0,0,0
S-09,3,2.9169,1710.4256,0,0,0,0,0,0.000000,1.743288,0.000000,0.000000,0.000000,0,0,0,0,0,0,0,0,0,0,0,0,0,0
S-10,1,59.8231,1710.4256,0,1,0,0,0,0.000000,1.062836,0.000000,0.000000,0.038784,0,0,0,0,0,0,0,0,0,0,0,0,0,0
S-100,1,10.8338,650.1094,0,0,0,0,0,0.000000,0.278769,0.000000,0.000000,0.000000,0,0,0,0,0,0,0,0,0,0,0,0,0,0
S-101,3,14.0831,1710.4256,0,0,0,0,0,0.000000,0.000000,0.000000,0.000000,0.000000,0,0,0,0,0,0,0,0,0,0,0,0,0,0
S-102,1,15.8669,259.0394,0,2,0,0,0,0.000000,3.771000,0.000000,0.000000,0.000000,0,0,0,0,0,0,0,0,0,0,0,0,0,0
S-103,1,6.6325,1710.4256,0,0,0,0,0,0.000000,0.000000,0.000000,0.000000,0.000000,0,0,0,0,0,0,0,0,0,0,0,0,0,0
S-104,2,3.6169,650.1094,0,0,0,0,0,0.000000,0.238944,0.000000,0.000000,0.000000,0,0,0,0,0,0,0,0,0,0,0,0,0,0
S-105,2,16.2231,1710.4256,0,0,0,0,1,0.000000,0.000000,0.000000,0.000000,0.159336,0,0,0,0,0,0,0,0,0,0,0,0,0,0
S-106,1,10.3325,1710.4256,0,2,0,0,0,0.000000,1.794288,0.000000,0.000000,0.000000,0,0,0,0,0,0,0,0,0,0,0,0,0,0
S-107,1,6.6575,650.1094,0,0,0,0,0,0.000000,0.000000,0.000000,0.000000,0.000000,0,0,0,0,0,0,0,0,0,0,0,0,0,0
S-108,2,0.7662,650.1094,0,0,0,0,0,0.000000,0.490026,0.000000,0.000000,0.000000,0,0,0,0,0,0,0,0,0,0,0,0,0,0
S-109,1,10.4456,650.1094,0,0,0,0,0,0.000000,0.000000,0.000000,0.000000,0.000000,0,0,0,0,0,0,0,0,0,0,0,0,0,0
S-11,1,7.5950,1710.4256,0,1,0,0,0,0.000000,0.918327,0.000000,0.000000,0.000000,0,0,0,0,0,0,0,0,0,0,0,0,0,0
S-110,3,20.9981,737.1169,0,0,0,0,0,0.000000,0.000000,0.000000,0.000000,0.000000,0,0,0,0,0,0,0,0,0,0,0,0,0,0
S-111,1,13.5437,1710.4256,0,0,0,0,2,0.000000,0.037409,0.000000,0.000000,0.532236,0,0,0,0,0,0,0,0,0,0,0,0,0,0
S-112,1,7.6800,650.1094,0,1,0,0,1,0.000000,4.557432,0.000000,0.000000,0.289234,0,0,0,0,0,0,0,0,0,0,0,0,0,0
S-113,1,5.6738,259.0394,0,0,0,0,0,0.000000,0.803786,0.000000,0.000000,0.000000,0,0,0,0,0,0,0,0,0,0,0,0,0,0
S-114,3,13.3606,1710.4256,0,0,0,0,0,0.000000,0.000000,0.000000,0.000000,0.000000,0,0,0,0,0,0,0,0,0,0,0,0,0,0
S-115,2,6.3537,650.1094,0,2,0,0,0,0.000000,1.623626,0.000000,0.000000,0.000000,0,0,0,0,0,0,0,0,0,0,0,0,0,0
S-116,1,10.9050,1710.4256,0,0,0,0,0,0.000000,0.885279,0.000000,0.000000,0.000000,0,0,0,0,0,0,0,0,0,0,0,0,0,0
S-117,1,8.2963,314.0013,0,0,0,0,0,0.000000,0.000000,0.000000,0.000000,0.000000,0,0,0,0,0,0,0,0,0,0,0,0,0,0
S-118,2,8.0631,314.0013,0,0,0,0,0,0.000000,0.000000,0.000000,0.000000,0.000000,0,0,0,0,0,0,0,0,0,0,0,0,0,0
S-119,1,18.2819,314.0013,0,1,0,0,1,0.000000,3.721253,0.000000,0.000000,0.343600,0,0,0,0,0,0,0,0,0,0,0,0,0,0
S-12,3,3.2044,1710.4256,0,0,0,0,0,0.000000,0.039364,0.000000,0.000000,0.000000,0,0,0,0,0,0,0,0,0,0,0,0,0,0
S-120,2,59.3844,457.1144,2,3,0,0,4,2.341945,18.565185,0.000000,0.000000,1.983575,0,0,0,0,0,0,0,0,0,0,0,0,0,0
S-121,2,2.1469,650.1094,0,0,0,0,0,0.000000,0.000000,0.000000,0.000000,0.000000,0,0,0,0,0,0,0,0,0,0,0,0,0,0
S-122,3,6.6681,650.1094,0,6,0,0,0,0.000000,0.255849,0.000000,0.000000,0.000000,0,0,0,0,0,0,0,0,0,0,0,0,0,0
S-123,1,6.1113,650.1094,0,0,0,0,0,0.000000,0.000000,0.000000,0.000000,0.000000,0,0,0,0,0,0,0,0,0,0,0,0,0,0
S-124,1,6.3656,650.1094,0,0,0,0,0,0.000000,0.000000,0.000000,0.000000,0.000000,0,0,0,0,0,0,0,0,0,0,0,0,0,0
S-125,2,6.1781,259.0394,0,0,0,0,2,0.000000,0.931984,0.000000,0.000000,1.060693,0,0,0,0,0,0,0,0,0,0,0,0,0,0
S-126,1,41.2694,1710.4256,0,2,0,0,2,0.000000,19.060515,0.000000,0.000000,0.962922,0,0,0,0,0,0,0,0,0,0,0,0,0,0
S-127,3,8.3150,1710.4256,0,0,0,0,0,0.000000,0.000000,0.000000,0.000000,0.000000,0,0,0,0,0,0,0,0,0,0,0,0,0,0
S-128,1,17.8912,650.1094,0,0,0,0,0,0.000000,0.000000,0.000000,0.000000,0.000000,0,0,0,0,0,0,0,0,0,0,0,0,0,0
S-129,1,7.3469,650.1094,0,1,0,0,0,0.000000,1.492066,0.000000,0.000000,0.000000,0,0,0,0,0,0,0,0,0,0,0,0,0,0
S-13,1,6.2806,1710.4256,0,0,0,0,0,0.000000,0.000000,0.000000,0.000000,0.000000,0,0,0,0,0,0,0,0,0,0,0,0,0,0
S-130,1,9.6200,259.0394,0,0,0,0,0,0.000000,0.000000,0.000000,0.000000,0.000000,0,0,0,0,0,0,0,0,0,0,0,0,0,0
S-131,2,5.1581,650.1094,0,0,0,0,0,0.000000,0.157060,0.000000,0.000000,0.000000,0,0,0,0,0,0,0,0,0,0,0,0,0,0
S-132,2,12.0938,650.1094,0,1,0,0,1,0.000000,1.504413,0.000000,0.000000,0.314266,0,0,0,0,0,0,0,0,0,0,0,0,0,0
S-133,2,2.5144,1710.4256,0,0,0,0,0,0.000000,0.000000,0.000000,0.000000,0.000000,0,0,0,0,0,0,0,0,0,0,0,0,0,0
S-134,2,9.4681,314.0013,0,0,0,0,0,0.000000,0.000000,0.000000,0.000000,0.000000,0,0,0,0,0,0,0,0,0,0,0,0,0,0
S-135,1,25.9456,737.1169,0,0,0,0,2,0.000000,3.684313,0.000000,0.000000,3.707961,0,0,0,0,0,0,0,0,0,0,0,0,0,0
S-136,3,18.6494,1710.4256,0,0,0,0,2,0.000000,4.222244,0.000000,0.000000,0.385614,0,0,0,0,0,0,0,0,0,0,0,0,0,0
S-137,3,5.1419,650.1094,0,1,0,0,0,0.000000,0.989760,0.000000,0.000000,0.000000,0,0,0,0,0,0,0,0,0,0,0,0,0,0
S-138,1,18.9700,1710.4256,0,0,0,0,1,0.000000,26.082492,0.000000,0.000000,0.927406,0,0,0,0,0,0,0,0,0,0,0,0,0,0
S-139,1,8.9219,737.1169,0,0,0,0,3,0.000000,0.239456,0.000000,0.000000,4.648497,0,0,0,0,0,0,0,0,0,0,0,0,0,0
S-14,3,1.3850,1710.4256,0,0,0,0,0,0.000000,0.000000,0.000000,0.000000,0.000000,0,0,0,0,0,0,0,0,0,0,0,0,0,0
S-140,1,9.9750,650.1094,0,0,0,0,0,0.000000,3.978681,0.000000,0.000000,0.000000,0,0,0,0,0,0,0,0,0,0,0,0,0,0
S-141,1,5.9569,1710.4256,0,0,0,0,0,0.000000,0.041292,0.000000,0.000000,0.000000,0,0,0,0,0,0,0,0,0,0,0,0,0,0
S-142,3,42.5775,737.1169,0,0,0,0,3,0.000000,7.842919,0.000000,0.000000,1.570554,0,0,0,0,0,0,0,0,0,0,0,0,0,0
S-143,3,4.7556,650.1094,0,0,0,0,0,0.000000,0.510444,0.000000,0.000000,0.000000,0,0,0,0,0,0,0,0,0,0,0,0,0,0
S-144,1,7.5213,1710.4256,0,0,0,0,0,0.000000,1.826988,0.000000,0.000000,0.000000,0,0,0,0,0,0,0,0,0,0,0,0,0,0
S-145,2,18.6288,1710.4256,0,2,0,0,1,0.000000,12.343053,0.000000,0.000000,0.726272,0,0,0,0,0,0,0,0,0,0,0,0,0,0
S-146,2,19.0056,1710.4256,0,5,0,0,0,0.000000,6.061281,0.000000,0.000000,0.000000,0,0,0,0,0,0,0,0,0,0,0,0,0,0
S-147,1,23.7406,1710.4256,0,2,0,0,0,0.000000,32.643118,0.000000,0.000000,0.000000,0,0,0,0,0,0,0,0,0,0,0,0,0,0
S-148,1,13.8987,314.0013,0,0,0,0,0,0.000000,0.000000,0.000000,0.000000,0.057892,0,0,0,0,0,0,0,0,0,0,0,0,0,0
S-149,1,10.6944,259.0394,0,0,0,0,0,0.000000,0.000000,0.000000,0.000000,0.084045,0,0,0,0,0,0,0,0,0,0,0,0,0,0
S-15,1,6.7431,1710.4256,0,0,0,0,0,0.000000,0.000000,0.000000,0.000000,0.000000,0,0,0,0,0,0,0,0,0,0,0,0,0,0
S-150,1,18.1169,156.2337,0,2,19,0,2,0.000000,3.245689,0.000000,1.038457,0.745207,1,1,2,0,3,0,3,3,0,0,0,1,3,2
S-151,3,19.0844,1710.4256,0,14,0,0,2,0.000000,6.324828,0.000000,0.000000,2.013549,0,0,0,0,0,0,0,0,0,0,0,0,0,0
S-152,3,5.6900,650.1094,0,0,0,0,0,0.000000,1.110769,0.000000,0.000000,0.000000,0,0,0,0,0,0,0,0,0,0,0,0,0,0
S-153,1,15.2725,724.7756,0,1,0,0,4,0.000000,3.154170,0.000000,0.000000,0.758591,0,0,0,0,0,0,0,0,0,0,0,0,0,0
S-154,2,42.3075,259.0394,0,0,9,0,3,0.000000,0.000000,0.000000,0.269230,1.033184,0,0,0,0,1,0,1,2,0,0,0,0,4,1
S-155,2,46.6875,650.1094,0,2,0,0,4,0.000000,10.451980,0.000000,0.000000,2.669002,0,0,0,0,0,0,0,0,0,0,0,0,0,0
S-156,1,14.3625,1710.4256,0,0,0,0,0,0.000000,15.041436,0.000000,0.000000,0.000000,0,0,0,0,0,0,0,0,0,0,0,0,0,0
S-157,1,7.0325,650.1094,0,0,0,0,0,0.000000,0.000000,0.000000,0.000000,0.000000,0,0,0,0,0,0,0,0,0,0,0,0,0,0
S-158,2,2.9069,650.1094,0,1,0,0,0,0.000000,0.364118,0.000000,0.000000,0.000000,0,0,0,0,0,0,0,0,0,0,0,0,0,0
S-159,1,5.5706,156.2337,0,0,0,0,0,0.000000,0.917817,0.000000,0.000000,0.000000,0,0,0,0,0,0,0,0,0,0,0,0,0,0
S-16,3,1.6556,1710.4256,0,0,0,0,0,0.000000,0.000000,0.000000,0.000000,0.000000,0,0,0,0,0,0,0,0,0,0,0,0,0,0
S-160,1,10.7544,1710.4256,0,0,0,0,1,0.000000,0.315954,0.000000,0.000000,0.220969,0,0,0,0,0,0,0,0,0,0,0,0,0,0
S-161,1,5.8288,737.1169,0,0,0,0,1,0.000000,0.000000,0.000000,0.000000,0.837468,0,0,0,0,0,0,0,0,0,0,0,0,0,0
S-162,2,6.9519,314.0013,0,0,0,0,2,0.000000,0.189407,0.000000,0.000000,0.319703,0,0,0,0,0,0,0,0,0,0,0,0,0,0
S-163,2,0.7850,156.2337,0,0,0,0,0,0.000000,1.117343,0.000000,0.000000,0.127088,0,0,0,0,0,0,0,0,0,0,0,0,0,0
S-164,2,2.1694,737.1169,0,0,0,0,0,0.000000,3.562514,0.000000,0.000000,0.000000,0,0,0,0,0,0,0,0,0,0,0,0,0,0
S-165,1,11.9038,650.1094,0,0,0,0,3,0.000000,0.000000,0.000000,0.000000,2.009983,0,0,0,0,0,0,0,0,0,0,0,0,0,0
S-166,1,9.0913,156.2337,0,0,0,0,1,0.000000,2.793358,0.000000,0.000000,0.655654,0,0,0,0,0,0,0,0,0,0,0,0,0,0
S-167,1,18.5963,650.1094,0,2,0,0,2,0.000000,10.846172,0.000000,0.000000,0.730314,0,0,0,0,0,0,0,0,0,0,0,0,0,0
S-168,2,8.9994,156.2337,0,1,0,0,1,0.000000,6.823773,0.000000,0.038461,0.465990,0,0,0,0,0,0,0,0,0,0,0,0,0,0
S-169,1,10.8812,650.1094,0,0,0,0,0,0.000000,0.000000,0.000000,0.000000,0.126294,0,0,0,0,0,0,0,0,0,0,0,0,0,0
S-17,1,6.0375,1710.4256,0,0,0,0,0,0.000000,0.000000,0.000000,0.000000,0.000000,0,0,0,0,0,0,0,0,0,0,0,0,0,0
S-170,1,7.5312,457.1144,0,0,0,0,0,0.000000,0.000000,0.000000,0.000000,0.213031,0,0,0,0,0,0,0,0,0,0,0,0,0,0
S-171,3,58.9650,650.1094,0,3,0,0,4,0.000000,13.424204,0.000000,0.000000,1.369857,0,0,0,0,0,0,0,0,0,0,0,0,0,0
S-172,1,5.6850,259.0394,0,1,0,0,0,0.000000,1.705160,0.000000,0.000000,0.084045,0,0,0,0,0,0,0,0,0,0,0,0,0,0
S-173,1,11.8319,737.1169,0,1,0,0,0,0.000000,21.594035,0.000000,0.000000,0.000000,0,0,0,0,0,0,0,0,0,0,0,0,0,0
S-174,1,8.9187,724.7756,0,0,0,0,0,0.000000,0.000000,0.000000,0.000000,0.000000,0,0,0,0,0,0,0,0,0,0,0,0,0,0
S-175,1,8.2731,650.1094,0,0,0,0,1,0.000000,0.000000,0.000000,0.000000,0.540004,0,0,0,0,0,0,0,0,0,0,0,0,0,0
S-176,2,32.5688,259.0394,0,0,0,0,1,0.000000,1.189647,0.000000,0.000000,0.168090,0,0,0,0,0,0,0,0,0,0,0,0,0,0
S-177,1,7.2819,1710.4256,0,0,0,0,0,0.000000,1.360130,0.000000,0.000000,0.040451,0,0,0,0,0,0,0,0,0,0,0,0,0,0
S-178,3,1.7588,1710.4256,0,0,0,0,0,0.000000,0.792574,0.000000,0.000000,0.110485,0,0,0,0,0,0,0,0,0,0,0,0,0,0
S-179,2,23.0075,457.1144,0,0,0,0,1,0.000000,0.000000,0.000000,0.000000,0.751843,0,0,0,0,0,0,0,0,0,0,0,0,0,0
S-18,1,5.8344,1710.4256,0,0,0,0,0,0.000000,0.000000,0.000000,0.000000,0.000000,0,0,0,0,0,0,0,0,0,0,0,0,0,0
S-180,1,5.6431,314.0013,0,0,0,0,0,0.000000,0.265170,0.000000,0.000000,0.000000,0,0,0,0,0,0,0,0,0,0,0,0,0,0
S-181,1,6.8606,1710.4256,0,0,0,0,0,0.000000,1.293220,0.000000,0.000000,0.202965,0,0,0,0,0,0,0,0,0,0,0,0,0,0
S-182,2,42.8906,314.0013,0,1,0,0,3,0.000000,2.538055,0.000000,0.000000,1.639176,0,0,0,0,0,0,0,0,0,0,0,0,0,0
S-183,2,4.4244,650.1094,0,1,0,0,0,0.000000,0.407277,0.000000,0.000000,0.000000,0,0,0,0,0,0,0,0,0,0,0,0,0,0
S-184,1,8.7075,156.2337,0,0,15,1,0,0.000000,1.356774,0.000000,2.153837,0.250487,2,0,0,2,0,0,1,0,0,2,0,4,4,0
S-185,3,70.4781,1710.4256,0,6,0,0,6,0.332601,46.286528,0.000000,0.000000,2.462422,0,0,0,0,0,0,0,0,0,0,0,0,0,0
S-186,3,5.5850,1710.4256,0,0,0,0,0,0.000000,7.441124,0.000000,0.000000,0.000000,0,0,0,0,0,0,0,0,0,0,0,0,0,0
S-187,1,10.6425,724.7756,0,0,0,0,3,0.000000,0.000000,0.000000,0.000000,2.910332,0,0,0,0,0,0,0,0,0,0,0,0,0,0
S-188,1,10.8362,724.7756,0,0,0,0,2,0.000000,0.630834,0.000000,0.000000,0.313650,0,0,0,0,0,0,0,0,0,0,0,0,0,0
S-189,1,10.8406,724.7756,0,0,0,0,0,0.000000,0.000000,0.000000,0.000000,0.000000,0,0,0,0,0,0,0,0,0,0,0,0,0,0
S-19,3,0.1806,1710.4256,0,0,0,0,0,0.000000,0.000000,0.000000,0.000000,0.000000,0,0,0,0,0,0,0,0,0,0,0,0,0,0
S-190,2,25.5200,1710.4256,0,0,0,0,1,0.000000,21.122018,0.000000,0.000000,0.523278,0,0,0,0,0,0,0,0,0,0,0,0,0,0
S-191,1,27.8888,1710.4256,0,0,0,0,0,0.000000,27.442622,0.000000,0.000000,0.040089,0,0,0,0,0,0,0,0,0,0,0,0,0,0
S-192,1,5.4400,737.1169,0,0,0,0,0,0.000000,1.200847,0.000000,0.000000,0.000000,0,0,0,0,0,0,0,0,0,0,0,0,0,0
S-193,2,1.0825,156.2337,0,0,0,0,0,0.000000,1.516394,0.000000,0.000000,0.000000,0,0,0,0,0,0,0,0,0,0,0,0,0,0
S-194,2,3.5819,737.1169,0,0,0,0,0,0.000000,4.363079,0.000000,0.000000,0.000000,0,0,0,0,0,0,0,0,0,0,0,0,0,0
S-195,1,12.0838,650.1094,0,0,0,0,0,0.000000,0.000000,0.000000,0.000000,0.000000,0,0,0,0,0,0,0,0,0,0,0,0,0,0
S-196,1,6.2919,650.1094,0,0,0,0,0,0.000000,0.135759,0.000000,0.000000,0.082815,0,0,0,0,0,0,0,0,0,0,0,0,0,0
S-197,1,5.4656,156.2337,0,0,0,0,0,0.000000,1.436584,0.000000,0.000000,0.000000,0,0,0,0,0,0,0,0,0,0,0,0,0,0
S-198,1,13.4437,650.1094,0,0,0,0,3,0.000000,0.000000,0.000000,0.000000,2.939725,0,0,0,0,0,0,0,0,0,0,0,0,0,0
S-199,2,6.3838,724.7756,0,0,0,0,0,0.000000,0.000000,0.000000,0.000000,0.000000,0,0,0,0,0,0,0,0,0,0,0,0,0,0
S-20,1,5.5650,1710.4256,0,0,0,0,0,0.000000,0.000000,0.000000,0.000000,0.000000,0,0,0,0,0,0,0,0,0,0,0,0,0,0
S-200,2,12.6619,156.2337,0,0,0,0,0,0.000000,3.950606,0.000000,0.000000,0.149648,0,0,0,0,0,0,0,0,0,0,0,0,0,0
S-201,2,0.0362,650.1094,0,0,0,0,0,0.000000,0.000000,0.000000,0.000000,0.000000,0,0,0,0,0,0,0,0,0,0,0,0,0,0
S-202,1,5.4713,1710.4256,0,0,0,0,0,0.000000,1.040100,0.000000,0.000000,0.000000,0,0,0,0,0,0,0,0,0,0,0,0,0,0
S-203,3,0.3750,650.1094,0,0,0,0,0,0.000000,0.121960,0.000000,0.000000,0.000000,0,0,0,0,0,0,0,0,0,0,0,0,0,0
S-204,1,12.0475,737.1169,0,0,0,0,0,0.000000,5.239238,0.000000,0.000000,0.000000,0,0,0,0,0,0,0,0,0,0,0,0,0,0
S-205,2,5.4856,650.1094,0,0,0,0,0,0.000000,0.000000,0.000000,0.000000,0.000000,0,0,0,0,0,0,0,0,0,0,0,0,0,0
S-206,2,0.1212,724.7756,0,0,0,0,0,0.000000,0.000000,0.000000,0.000000,0.000000,0,0,0,0,0,0,0,0,0,0,0,0,0,0
S-207,2,3.0312,1710.4256,0,0,0,0,0,0.000000,5.760550,0.000000,0.000000,0.000000,0,0,0,0,0,0,0,0,0,0,0,0,0,0
S-208,1,5.8150,724.7756,0,0,0,0,0,0.000000,0.000000,0.000000,0.000000,0.000000,0,0,0,0,0,0,0,0,0,0,0,0,0,0
S-209,3,27.1313,650.1094,0,1,0,0,2,0.000000,7.390993,0.000000,0.000000,0.676551,0,0,0,0,0,0,0,0,0,0,0,0,0,0
S-21,3,15.5450,1710.4256,0,0,0,0,1,0.000000,0.000000,0.000000,0.000000,0.232702,0,0,0,0,0,0,0,0,0,0,0,0,0,0
S-210,2,11.8375,1710.4256,0,0,0,0,1,0.000000,16.881612,0.000000,0.000000,0.440978,0,0,0,0,0,0,0,0,0,0,0,0,0,0
S-211,1,23.8531,646.1831,0,0,0,0,0,0.000000,0.000000,0.000000,0.000000,0.000000,0,0,0,0,0,0,0,0,0,0,0,0,0,0
S-212,1,7.5581,1710.4256,0,0,0,0,0,0.000000,4.930400,0.000000,0.000000,0.000000,0,0,0,0,0,0,0,0,0,0,0,0,0,0
S-213,2,22.2581,737.1169,0,2,0,0,2,0.000000,29.506300,0.000000,0.000000,2.028438,0,0,0,0,0,0,0,0,0,0,0,0,0,0
S-214,1,6.5150,457.1144,0,0,0,0,1,0.000000,0.000000,0.000000,0.000000,0.349483,0,0,0,0,0,0,0,0,0,0,0,0,0,0
S-215,3,19.4462,1710.4256,0,8,0,0,4,0.000000,26.674672,0.000000,0.000000,0.759507,0,0,0,0,0,0,0,0,0,0,0,0,0,0
S-216,2,8.0125,650.1094,0,0,0,0,0,0.000000,0.000000,0.000000,0.000000,0.000000,0,0,0,0,0,0,0,0,0,0,0,0,0,0
S-217,3,8.2363,724.7756,0,0,0,0,1,0.000000,0.000000,0.000000,0.000000,0.324626,0,0,0,0,0,0,0,0,0,0,0,0,0,0
S-218,1,6.6400,737.1169,0,0,0,0,0,0.000000,4.283023,0.000000,0.000000,0.124789,0,0,0,0,0,0,0,0,0,0,0,0,0,0
S-219,3,21.0569,737.1169,0,0,0,0,1,0.000000,7.645395,0.000000,0.000000,0.294144,0,0,0,0,0,0,0,0,0,0,0,0,0,0
S-22,2,5.6525,1710.4256,0,0,0,0,0,0.000000,0.000000,0.000000,0.000000,0.000000,0,0,0,0,0,0,0,0,0,0,0,0,0,0
S-220,1,11.1494,646.1831,0,0,0,0,0,0.000000,0.000000,0.000000,0.000000,0.000000,0,0,0,0,0,0,0,0,0,0,0,0,0,0
S-221,2,0.7169,724.7756,0,0,0,0,0,0.000000,0.000000,0.000000,0.000000,0.121754,0,0,0,0,0,0,0,0,0,0,0,0,0,0
S-222,1,11.3550,1710.4256,0,0,0,0,1,0.000000,13.681306,0.000000,0.000000,0.506732,0,0,0,0,0,0,0,0,0,0,0,0,0,0
S-223,1,10.1512,724.7756,0,0,0,0,1,0.000000,0.000000,0.000000,0.000000,0.296344,0,0,0,0,0,0,0,0,0,0,0,0,0,0
S-224,1,17.1894,259.0394,0,0,0,0,0,0.000000,0.000000,0.000000,0.000000,0.110786,0,0,0,0,0,0,0,0,0,0,0,0,0,0
S-225,3,21.8400,724.7756,0,0,0,0,0,0.000000,0.000000,0.000000,0.000000,0.649356,0,0,0,0,0,0,0,0,0,0,0,0,0,0
S-226,1,6.1050,457.1144,0,0,0,0,0,0.000000,0.000000,0.000000,0.000000,0.000000,0,0,0,0,0,0,0,0,0,0,0,0,0,0
S-227,1,18.2963,314.0013,0,0,0,0,0,0.000000,0.000000,0.000000,0.000000,0.000000,0,0,0,0,0,0,0,0,0,0,0,0,0,0
S-228,1,14.0488,1710.4256,0,0,0,0,0,0.000000,0.229530,0.000000,0.000000,0.000000,0,0,0,0,0,0,0,0,0,0,0,0,0,0
S-229,2,17.8938,457.1144,0,0,0,0,1,0.000000,0.000000,0.000000,0.000000,0.271444,0,0,0,0,0,0,0,0,0,0,0,0,0,0
S-23,1,13.1456,1710.4256,0,0,0,0,1,0.000000,0.465122,0.000000,0.000000,0.381719,0,0,0,0,0,0,0,0,0,0,0,0,0,0
S-230,1,29.9150,259.0394,0,1,0,0,0,0.000000,1.071938,0.000000,0.000000,0.120020,0,0,0,0,0,0,0,0,0,0,0,0,0,0
S-231,3,6.6419,724.7756,0,0,0,0,0,0.000000,0.000000,0.000000,0.000000,0.000000,0,0,0,0,0,0,0,0,0,0,0,0,0,0
S-232,1,6.7331,737.1169,0,0,0,0,0,0.000000,7.908598,0.000000,0.000000,0.000000,0,0,0,0,0,0,0,0,0,0,0,0,0,0
S-233,1,10.6781,724.7756,0,0,0,0,1,0.000000,0.000000,0.000000,0.000000,0.415962,0,0,0,0,0,0,0,0,0,0,0,0,0,0
S-234,2,8.8569,737.1169,0,0,0,0,0,0.000000,7.361593,0.000000,0.000000,0.000000,0,0,0,0,0,0,0,0,0,0,0,0,0,0
S-235,1,7.4287,737.1169,0,0,0,0,0,0.000000,10.305144,0.000000,0.000000,0.000000,0,0,0,0,0,0,0,0,0,0,0,0,0,0
S-236,2,9.7338,646.1831,0,0,0,0,2,0.000000,0.000000,0.000000,0.000000,0.569895,0,0,0,0,0,0,0,0,0,0,0,0,0,0
S-237,1,11.5619,646.1831,0,0,0,0,1,0.000000,0.000000,0.000000,0.000000,0.872242,0,0,0,0,0,0,0,0,0,0,0,0,0,0
S-238,2,6.0244,1710.4256,0,0,0,0,0,0.000000,5.120490,0.000000,0.000000,0.000000,0,0,0,0,0,0,0,0,0,0,0,0,0,0
S-239,1,32.7106,125.1444,0,0,0,0,0,0.000000,0.000000,0.000000,0.000000,0.120851,0,0,0,0,0,0,0,0,0,0,0,0,0,0
S-24,1,9.8800,1710.4256,0,2,0,0,0,0.000000,1.756063,0.000000,0.000000,0.000000,0,0,0,0,0,0,0,0,0,0,0,0,0,0
S-240,1,13.6550,724.7756,0,0,0,0,1,0.000000,0.000000,0.000000,0.000000,0.556780,0,0,0,0,0,0,0,0,0,0,0,0,0,0
S-241,1,37.2400,646.1831,0,0,0,0,3,0.000000,0.000000,0.000000,0.000000,2.192801,0,0,0,0,0,0,0,0,0,0,0,0,0,0
S-242,3,10.1406,724.7756,0,0,0,0,0,0.000000,0.000000,0.000000,0.000000,0.000000,0,0,0,0,0,0,0,0,0,0,0,0,0,0
S-243,1,5.6250,724.7756,0,0,0,0,0,0.000000,0.000000,0.000000,0.000000,0.074237,0,0,0,0,0,0,0,0,0,0,0,0,0,0
S-244,1,18.3375,314.0013,0,0,0,0,0,0.000000,0.000000,0.000000,0.000000,0.000000,0,0,0,0,0,0,0,0,0,0,0,0,0,0
S-245,2,0.6831,724.7756,0,0,0,0,0,0.000000,0.000000,0.000000,0.000000,0.000000,0,0,0,0,0,0,0,0,0,0,0,0,0,0
S-246,3,1.0069,724.7756,0,0,0,0,0,0.000000,0.000000,0.000000,0.000000,0.000000,0,0,0,0,0,0,0,0,0,0,0,0,0,0
S-247,1,16.5063,314.0013,0,0,0,0,0,0.000000,0.000000,0.000000,0.000000,0.000000,0,0,0,0,0,0,0,0,0,0,0,0,0,0
S-248,1,11.3300,1710.4256,0,0,0,0,0,0.000000,8.400802,0.000000,0.000000,0.000000,0,0,0,0,0,0,0,0,0,0,0,0,0,0
S-249,2,2.4413,737.1169,0,0,0,0,0,0.000000,6.470672,0.000000,0.000000,0.000000,0,0,0,0,0,0,0,0,0,0,0,0,0,0
S-25,1,6.5069,1710.4256,0,0,0,0,0,0.000000,0.000000,0.000000,0.000000,0.000000,0,0,0,0,0,0,0,0,0,0,0,0,0,0
S-250,1,9.4544,314.0013,0,0,0,0,0,0.000000,0.000000,0.000000,0.000000,0.000000,0,0,0,0,0,0,0,0,0,0,0,0,0,0
S-251,1,9.4863,156.2337,0,0,0,0,1,0.000000,0.000000,0.000000,0.000000,0.199530,0,0,0,0,0,0,0,0,0,0,0,0,0,0
S-252,1,6.9281,724.7756,0,0,0,0,0,0.000000,0.000000,0.000000,0.000000,0.000000,0,0,0,0,0,0,0,0,0,0,0,0,0,0
S-253,1,13.8431,650.1094,0,0,0,0,0,0.000000,0.119011,0.000000,0.000000,0.000000,0,0,0,0,0,0,0,0,0,0,0,0,0,0
S-254,1,27.7431,457.1144,0,2,0,0,0,0.801912,11.902488,0.000000,0.000000,0.430182,0,0,0,0,0,0,0,0,0,0,0,0,0,0
S-255,1,9.6481,724.7756,0,0,0,0,1,0.000000,0.000000,0.000000,0.000000,0.845101,0,0,0,0,0,0,0,0,0,0,0,0,0,0
S-256,2,12.0787,646.1831,0,1,0,0,1,0.000000,1.127371,0.000000,0.000000,1.558775,0,0,0,0,0,0,0,0,0,0,0,0,0,0
S-257,3,0.9231,724.7756,0,0,0,0,0,0.000000,0.000000,0.000000,0.000000,0.000000,0,0,0,0,0,0,0,0,0,0,0,0,0,0
S-258,1,5.5056,724.7756,0,0,0,0,0,0.000000,0.000000,0.000000,0.000000,0.000000,0,0,0,0,0,0,0,0,0,0,0,0,0,0
S-259,2,5.7444,724.7756,0,0,0,0,0,0.000000,0.000000,0.000000,0.000000,0.000000,0,0,0,0,0,0,0,0,0,0,0,0,0,0
S-26,1,14.4825,1710.4256,0,0,0,0,0,0.000000,0.000000,0.000000,0.000000,0.000000,0,0,0,0,0,0,0,0,0,0,0,0,0,0
S-260,1,16.4875,650.1094,0,0,0,0,0,0.000000,0.000000,0.000000,0.000000,0.000000,0,0,0,0,0,0,0,0,0,0,0,0,0,0
S-261,1,8.5181,724.7756,0,0,0,0,1,0.000000,0.000000,0.000000,0.000000,0.289837,0,0,0,0,0,0,0,0,0,0,0,0,0,0
S-262,1,5.9556,156.2337,0,0,0,0,0,0.000000,0.000000,0.000000,0.000000,0.000000,0,0,0,0,0,0,0,0,0,0,0,0,0,0
S-263,1,15.7737,724.7756,0,0,0,0,0,0.000000,0.000000,0.000000,0.000000,0.083028,0,0,0,0,0,0,0,0,0,0,0,0,0,0
S-264,1,19.8038,650.1094,0,0,0,0,0,0.000000,0.000000,0.000000,0.000000,0.000000,0,0,0,0,0,0,0,0,0,0,0,0,0,0
S-265,1,18.9506,646.1831,0,0,0,0,2,0.000000,0.000000,0.000000,0.000000,0.663637,0,0,0,0,0,0,0,0,0,0,0,0,0,0
S-266,1,5.4463,737.1169,0,0,0,0,0,0.000000,3.042147,0.000000,0.000000,0.000000,0,0,0,0,0,0,0,0,0,0,0,0,0,0
S-267,3,25.6313,737.1169,0,0,0,0,1,0.000000,9.726864,0.000000,0.000000,0.244026,0,0,0,0,0,0,0,0,0,0,0,0,0,0
S-268,1,15.6144,646.1831,0,0,0,0,1,0.000000,0.000000,0.000000,0.000000,0.251915,0,0,0,0,0,0,0,0,0,0,0,0,0,0
S-269,2,0.1944,156.2337,0,0,0,0,0,0.000000,0.000000,0.000000,0.000000,0.000000,0,0,0,0,0,0,0,0,0,0,0,0,0,0
S-27,1,6.2438,1710.4256,0,0,0,0,0,0.000000,0.000000,0.000000,0.000000,0.000000,0,0,0,0,0,0,0,0,0,0,0,0,0,0
S-270,3,0.0444,724.7756,0,0,0,0,0,0.000000,0.000000,0.000000,0.000000,0.000000,0,0,0,0,0,0,0,0,0,0,0,0,0,0
S-271,3,22.1075,724.7756,0,0,0,0,1,0.000000,0.000000,0.000000,0.000000,0.376068,0,0,0,0,0,0,0,0,0,0,0,0,0,0
S-272,1,9.3675,1710.4256,1,0,0,0,0,1.113738,1.398824,0.000000,0.000000,0.000000,0,0,0,0,0,0,0,0,0,0,0,0,0,0
S-273,1,6.6406,314.0013,0,0,0,0,0,0.000000,0.000000,0.000000,0.000000,0.000000,0,0,0,0,0,0,0,0,0,0,0,0,0,0
S-274,2,10.6081,156.2337,0,1,0,0,0,0.000000,0.077054,0.000000,0.000000,0.000000,0,0,0,0,0,0,0,0,0,0,0,0,0,0
S-275,1,6.2663,650.1094,0,0,0,0,0,0.000000,0.000000,0.000000,0.000000,0.166524,0,0,0,0,0,0,0,0,0,0,0,0,0,0
S-276,1,25.7650,646.1831,0,0,0,0,0,0.000000,0.000000,0.000000,0.000000,0.276696,0,0,0,0,0,0,0,0,0,0,0,0,0,0
S-277,3,10.1744,737.1169,0,0,0,0,0,0.000000,12.910242,0.000000,0.000000,0.000000,0,0,0,0,0,0,0,0,0,0,0,0,0,0
S-278,1,6.6250,1710.4256,0,0,0,0,0,0.000000,0.000000,0.000000,0.000000,0.000000,0,0,0,0,0,0,0,0,0,0,0,0,0,0
S-279,1,11.3525,125.1444,0,0,0,0,0,0.000000,0.000000,0.000000,0.000000,0.000000,0,0,0,0,0,0,0,0,0,0,0,0,0,0
S-28,1,9.4706,1710.4256,0,0,0,0,0,0.000000,0.455666,0.000000,0.000000,0.000000,0,0,0,0,0,0,0,0,0,0,0,0,0,0
S-280,2,25.1469,1710.4256,0,0,0,0,1,1.912454,0.000000,0.000000,0.000000,0.422564,0,0,0,0,0,0,0,0,0,0,0,0,0,0
S-281,1,20.1881,259.0394,0,0,0,0,0,0.000000,0.000000,0.000000,0.000000,0.000000,0,0,0,0,0,0,0,0,0,0,0,0,0,0
S-282,1,13.9531,646.1831,0,0,0,0,1,0.000000,0.000000,0.000000,0.000000,0.326559,0,0,0,0,0,0,0,0,0,0,0,0,0,0
S-283,1,5.7656,724.7756,0,0,0,0,0,0.000000,0.000000,0.000000,0.000000,0.000000,0,0,0,0,0,0,0,0,0,0,0,0,0,0
S-284,1,19.4312,100.9681,0,0,0,0,1,0.000000,0.000000,0.000000,0.000000,0.445781,0,0,0,0,0,0,0,0,0,0,0,0,0,0
S-285,1,7.9400,457.1144,0,0,0,0,1,0.000000,0.000000,0.000000,0.000000,0.341108,0,0,0,0,0,0,0,0,0,0,0,0,0,0
S-286,2,3.0944,457.1144,0,0,0,0,0,0.000000,0.000000,0.000000,0.000000,0.000000,0,0,0,0,0,0,0,0,0,0,0,0,0,0
S-287,1,26.6375,724.7756,0,0,0,0,1,2.854789,0.000000,0.000000,0.000000,0.321193,0,0,0,0,0,0,0,0,0,0,0,0,0,0
S-288,2,7.0025,1710.4256,0,1,0,0,0,0.000000,0.081070,0.000000,0.000000,0.000000,0,0,0,0,0,0,0,0,0,0,0,0,0,0
S-289,2,3.6450,314.0013,0,0,0,0,0,0.000000,0.000000,0.000000,0.000000,0.000000,0,0,0,0,0,0,0,0,0,0,0,0,0,0
S-29,2,25.6238,1710.4256,0,0,0,0,0,0.000000,0.000000,0.000000,0.000000,0.000000,0,0,0,0,0,0,0,0,0,0,0,0,0,0
S-290,1,5.9413,737.1169,0,0,0,0,0,0.000000,1.761243,0.000000,0.000000,0.000000,0,0,0,0,0,0,0,0,0,0,0,0,0,0
S-291,2,28.1175,650.1094,0,0,0,0,2,0.000000,0.000000,0.000000,0.000000,0.937529,0,0,0,0,0,0,0,0,0,0,0,0,0,0
S-292,2,28.5100,724.7756,1,0,0,0,1,2.232733,0.000000,0.000000,0.000000,0.467486,0,0,0,0,0,0,0,0,0,0,0,0,0,0
S-293,1,11.4981,646.1831,0,0,0,0,1,0.000000,0.000000,0.000000,0.000000,0.415141,0,0,0,0,0,0,0,0,0,0,0,0,0,0
S-294,3,30.3163,1710.4256,2,0,0,0,3,4.044784,0.465869,0.000000,0.000000,2.298302,0,0,0,0,0,0,0,0,0,0,0,0,0,0
S-295,1,6.6844,724.7756,0,0,0,0,0,0.000000,0.000000,0.000000,0.000000,0.000000,0,0,0,0,0,0,0,0,0,0,0,0,0,0
S-296,2,9.7019,1710.4256,0,1,0,0,1,0.000000,0.262130,0.000000,0.000000,0.590213,0,0,0,0,0,0,0,0,0,0,0,0,0,0
S-297,2,20.1187,1710.4256,0,0,0,0,7,0.000000,0.000000,0.000000,0.000000,0.747198,0,0,0,0,0,0,0,0,0,0,0,0,0,0
S-298,2,5.8969,737.1169,0,0,0,0,1,0.000000,5.403814,0.000000,0.000000,0.276839,0,0,0,0,0,0,0,0,0,0,0,0,0,0
S-299,1,5.7800,724.7756,0,0,0,0,0,0.000000,0.000000,0.000000,0.000000,0.000000,0,0,0,0,0,0,0,0,0,0,0,0,0,0
S-30,3,9.2106,1710.4256,0,0,0,0,0,0.000000,0.000000,0.000000,0.000000,0.000000,0,0,0,0,0,0,0,0,0,0,0,0,0,0
S-300,1,32.9250,724.7756,3,0,0,0,3,3.565613,0.000000,0.000000,0.000000,1.264702,0,0,0,0,0,0,0,0,0,0,0,0,0,0
S-301,1,12.3087,87.8381,0,0,0,0,2,0.000000,14.379270,0.000000,0.000000,0.084526,0,0,0,0,0,0,0,0,0,0,0,0,0,0
S-302,1,7.3044,646.1831,0,0,0,0,0,0.000000,0.000000,0.000000,0.000000,0.000000,0,0,0,0,0,0,0,0,0,0,0,0,0,0
S-303,1,10.8806,646.1831,0,0,0,0,0,0.000000,0.000000,0.000000,0.000000,0.000000,0,0,0,0,0,0,0,0,0,0,0,0,0,0
S-304,1,22.1281,457.1144,2,1,0,0,5,0.505478,0.039751,0.000000,0.000000,1.121852,0,0,0,0,0,0,0,0,0,0,0,0,0,0
S-305,1,7.7331,650.1094,0,0,0,0,0,0.000000,0.000000,0.000000,0.000000,0.000000,0,0,0,0,0,0,0,0,0,0,0,0,0,0
S-306,2,21.8388,646.1831,0,0,0,0,1,0.000000,0.000000,0.000000,0.000000,0.900044,0,0,0,0,0,0,0,0,0,0,0,0,0,0
S-307,2,16.6775,724.7756,0,0,0,0,1,0.564636,0.000000,0.000000,0.000000,0.369013,0,0,0,0,0,0,0,0,0,0,0,0,0,0
S-308,3,15.1956,457.1144,0,0,0,0,2,0.794381,0.000000,0.000000,0.000000,1.099079,0,0,0,0,0,0,0,0,0,0,0,0,0,0
S-309,3,6.2200,650.1094,0,0,0,0,1,0.000000,0.000000,0.000000,0.000000,0.244240,0,0,0,0,0,0,0,0,0,0,0,0,0,0
S-31,1,14.8175,1710.4256,0,0,0,0,1,0.000000,0.077520,0.000000,0.000000,0.266880,0,0,0,0,0,0,0,0,0,0,0,0,0,0
S-310,1,11.1781,156.2337,0,0,0,0,0,0.000000,0.167509,0.000000,0.000000,0.000000,0,0,0,0,0,0,0,0,0,0,0,0,0,0
S-311,1,19.1719,1710.4256,0,3,0,0,0,0.000000,2.800942,0.000000,0.000000,0.630354,0,0,0,0,0,0,0,0,0,0,0,0,0,0
S-312,1,8.1606,724.7756,0,0,0,0,1,0.000000,0.000000,0.000000,0.000000,0.340344,0,0,0,0,0,0,0,0,0,0,0,0,0,0
S-313,1,8.3087,125.1444,0,0,0,0,0,0.000000,0.000000,0.000000,0.000000,0.000000,0,0,0,0,0,0,0,0,0,0,0,0,0,0
S-314,1,31.7725,724.7756,0,0,0,0,2,0.040455,0.000000,0.000000,0.000000,0.785207,0,0,0,0,0,0,0,0,0,0,0,0,0,0
S-315,2,13.6794,646.1831,0,0,0,0,1,0.000000,0.000000,0.000000,0.000000,0.902642,0,0,0,0,0,0,0,0,0,0,0,0,0,0
S-316,1,5.6306,737.1169,0,1,0,0,0,0.000000,1.770721,0.000000,0.000000,0.000000,0,0,0,0,0,0,0,0,0,0,0,0,0,0
S-317,2,1.7112,314.0013,0,0,0,0,0,0.000000,0.000000,0.000000,0.000000,0.000000,0,0,0,0,0,0,0,0,0,0,0,0,0,0
S-318,2,1.1325,646.1831,0,0,0,0,0,0.000000,0.000000,0.000000,0.000000,0.000000,0,0,0,0,0,0,0,0,0,0,0,0,0,0
S-319,1,7.0144,646.1831,0,0,0,0,0,0.000000,0.000000,0.000000,0.000000,0.000000,0,0,0,0,0,0,0,0,0,0,0,0,0,0
S-32,2,3.9537,1710.4256,0,0,0,0,0,0.000000,0.000000,0.000000,0.000000,0.000000,0,0,0,0,0,0,0,0,0,0,0,0,0,0
S-320,1,14.8275,737.1169,0,0,0,0,2,0.000000,12.122930,0.000000,0.000000,0.553808,0,0,0,0,0,0,0,0,0,0,0,0,0,0
S-321,1,41.6613,1710.4256,2,0,0,0,4,3.186982,0.481969,0.000000,0.000000,2.177421,0,0,0,0,0,0,0,0,0,0,0,0,0,0
S-322,3,24.9094,737.1169,0,0,0,0,2,0.000000,5.163527,0.000000,0.000000,0.506513,0,0,0,0,0,0,0,0,0,0,0,0,0,0
S-323,1,20.7619,457.1144,2,0,0,0,2,5.827133,0.000000,0.000000,0.000000,0.119994,0,0,0,0,0,0,0,0,0,0,0,0,0,0
S-324,3,15.0944,650.1094,1,0,0,0,2,2.669798,0.000000,0.000000,0.000000,0.824349,0,0,0,0,0,0,0,0,0,0,0,0,0,0
S-325,2,3.1300,646.1831,0,0,0,0,0,0.000000,0.000000,0.000000,0.000000,0.000000,0,0,0,0,0,0,0,0,0,0,0,0,0,0
S-326,2,0.6587,646.1831,0,0,0,0,0,0.000000,0.000000,0.000000,0.000000,0.000000,0,0,0,0,0,0,0,0,0,0,0,0,0,0
S-327,2,6.2306,314.0013,0,0,0,0,0,0.000000,0.000000,0.000000,0.000000,0.000000,0,0,0,0,0,0,0,0,0,0,0,0,0,0
S-328,3,13.4431,724.7756,0,0,0,0,0,0.000000,0.000000,0.000000,0.000000,0.097241,0,0,0,0,0,0,0,0,0,0,0,0,0,0
S-329,2,4.1925,646.1831,0,0,0,0,0,0.000000,0.000000,0.000000,0.000000,0.000000,0,0,0,0,0,0,0,0,0,0,0,0,0,0
S-33,1,22.2237,737.1169,0,0,0,0,1,0.000000,1.588722,0.000000,0.000000,0.255235,0,0,0,0,0,0,0,0,0,0,0,0,0,0
S-330,1,39.7006,724.7756,1,0,0,0,5,5.807187,0.279513,0.000000,0.000000,0.656060,0,0,0,0,0,0,0,0,0,0,0,0,0,0
S-331,1,6.2763,646.1831,0,0,0,0,0,0.000000,0.000000,0.000000,0.000000,0.000000,0,0,0,0,0,0,0,0,0,0,0,0,0,0
S-332,2,8.8006,314.0013,0,2,0,0,0,0.196309,3.415724,0.000000,0.000000,0.000000,0,0,0,0,0,0,0,0,0,0,0,0,0,0
S-333,2,12.4581,646.1831,0,0,0,0,0,0.000000,0.000000,0.000000,0.000000,0.079056,0,0,0,0,0,0,0,0,0,0,0,0,0,0
S-334,1,8.1538,100.9681,0,0,0,0,0,0.000000,0.423702,0.000000,0.000000,0.000000,0,0,0,0,0,0,0,0,0,0,0,0,0,0
S-335,2,4.1850,259.0394,0,0,0,0,1,0.000000,0.000000,0.000000,0.000000,0.147714,0,0,0,0,0,0,0,0,0,0,0,0,0,0
S-336,3,10.6125,737.1169,0,0,0,0,6,0.000000,1.961150,0.000000,0.000000,0.730697,0,0,0,0,0,0,0,0,0,0,0,0,0,0
S-337,3,0.4406,1710.4256,0,1,0,0,0,0.000000,0.305569,0.000000,0.000000,0.000000,0,0,0,0,0,0,0,0,0,0,0,0,0,0
S-338,2,7.9675,650.1094,0,0,0,0,0,0.000000,0.000000,0.000000,0.000000,0.000000,0,0,0,0,0,0,0,0,0,0,0,0,0,0
S-339,2,12.0825,125.1444,0,0,0,0,1,0.000000,0.000000,0.000000,0.000000,0.443120,0,0,0,0,0,0,0,0,0,0,0,0,0,0
S-34,1,22.8813,737.1169,0,0,0,0,0,0.000000,0.000000,0.000000,0.000000,0.000000,0,0,0,0,0,0,0,0,0,0,0,0,0,0
S-340,1,8.1619,87.8381,0,0,0,0,1,0.000000,0.000000,0.000000,0.000000,0.305734,0,0,0,0,0,0,0,0,0,0,0,0,0,0
S-341,2,22.0787,646.1831,0,0,0,0,2,0.000000,0.000000,0.000000,0.000000,1.419831,0,0,0,0,0,0,0,0,0,0,0,0,0,0
S-342,1,33.3162,66.3962,0,0,0,0,2,0.248259,0.000000,0.000000,0.000000,0.369223,0,0,0,0,0,0,0,0,0,0,0,0,0,0
S-343,1,11.4769,724.7756,0,0,0,0,0,0.000000,0.000000,0.000000,0.000000,0.000000,0,0,0,0,0,0,0,0,0,0,0,0,0,0
S-344,3,25.2656,1710.4256,1,4,0,0,1,1.391306,6.893096,0.000000,0.000000,0.405429,0,0,0,0,0,0,0,0,0,0,0,0,0,0
S-345,2,8.0412,259.0394,0,0,0,0,2,0.000000,0.000000,0.000000,0.000000,0.621998,0,0,0,0,0,0,0,0,0,0,0,0,0,0
S-346,1,10.7094,737.1169,0,0,0,0,5,0.000000,6.439623,0.000000,0.000000,1.378796,0,0,0,0,0,0,0,0,0,0,0,0,0,0
S-347,2,48.3306,156.2337,3,8,0,0,6,3.064374,11.002904,0.000000,0.000000,3.265206,0,0,0,0,0,0,0,0,0,0,0,0,0,0
S-348,2,6.7275,457.1144,0,0,0,0,0,0.000000,0.000000,0.000000,0.000000,0.000000,0,0,0,0,0,0,0,0,0,0,0,0,0,0
S-349,1,8.1062,1710.4256,1,0,0,0,1,3.367582,0.000000,0.000000,0.000000,0.653711,0,0,0,0,0,0,0,0,0,0,0,0,0,0
S-35,1,25.7569,1710.4256,0,0,0,0,0,0.000000,0.000000,0.000000,0.000000,0.000000,0,0,0,0,0,0,0,0,0,0,0,0,0,0
S-350,1,9.8544,724.7756,0,0,0,0,1,0.000000,0.000000,0.000000,0.000000,0.612399,0,0,0,0,0,0,0,0,0,0,0,0,0,0
S-351,3,11.8163,1710.4256,0,0,0,0,0,0.000000,0.000000,0.000000,0.000000,0.000000,0,0,0,0,0,0,0,0,0,0,0,0,0,0
S-352,2,23.3087,100.9681,0,0,0,0,3,0.000000,2.927428,0.000000,0.000000,0.853586,0,0,0,0,0,0,0,0,0,0,0,0,0,0
S-353,1,16.4681,50.5463,1,0,0,0,3,1.134543,0.000000,0.000000,0.000000,0.983705,0,0,0,0,0,0,0,0,0,0,0,0,0,0
S-354,1,7.2981,457.1144,0,0,0,0,0,0.000000,0.000000,0.000000,0.000000,0.000000,0,0,0,0,0,0,0,0,0,0,0,0,0,0
S-355,1,23.2525,646.1831,0,0,0,0,0,0.000000,0.000000,0.000000,0.000000,0.432026,0,0,0,0,0,0,0,0,0,0,0,0,0,0
S-356,1,10.8562,609.7862,0,0,0,0,0,0.000000,0.000000,0.000000,0.000000,0.000000,0,0,0,0,0,0,0,0,0,0,0,0,0,0
S-357,1,9.5856,457.1144,0,0,0,0,0,0.000000,0.000000,0.000000,0.000000,0.000000,0,0,0,0,0,0,0,0,0,0,0,0,0,0
S-358,3,21.8500,457.1144,0,0,0,0,2,0.637090,0.000000,0.000000,0.000000,1.153715,0,0,0,0,0,0,0,0,0,0,0,0,0,0
S-359,2,42.4281,87.8381,0,0,0,0,1,0.000000,0.000000,0.000000,0.000000,0.643406,0,0,0,0,0,0,0,0,0,0,0,0,0,0
S-36,2,3.4694,1710.4256,0,0,0,0,0,0.000000,0.542642,0.000000,0.000000,0.000000,0,0,0,0,0,0,0,0,0,0,0,0,0,0
S-360,3,0.1644,724.7756,0,0,0,0,0,0.000000,0.000000,0.000000,0.000000,0.000000,0,0,0,0,0,0,0,0,0,0,0,0,0,0
S-361,1,27.2744,125.1444,1,0,0,0,5,0.957974,0.000000,0.000000,0.000000,1.093401,0,0,0,0,0,0,0,0,0,0,0,0,0,0
S-362,3,5.6162,314.0013,0,0,0,0,1,0.078524,0.040377,0.000000,0.000000,1.281628,0,0,0,0,0,0,0,0,0,0,0,0,0,0
S-363,2,3.8381,259.0394,0,0,0,0,0,0.000000,0.000000,0.000000,0.000000,0.000000,0,0,0,0,0,0,0,0,0,0,0,0,0,0
S-364,2,7.2962,650.1094,1,1,0,0,1,2.539595,0.450049,0.000000,0.000000,0.672065,0,0,0,0,0,0,0,0,0,0,0,0,0,0
S-365,1,5.5050,650.1094,0,0,0,0,0,0.000000,0.050005,0.000000,0.000000,0.000000,0,0,0,0,0,0,0,0,0,0,0,0,0,0
S-366,1,18.5156,1710.4256,0,0,0,0,0,0.038322,0.000000,0.000000,0.000000,0.170145,0,0,0,0,0,0,0,0,0,0,0,0,0,0
S-367,2,20.0781,457.1144,0,0,0,0,0,1.110209,0.000000,0.000000,0.000000,0.000000,0,0,0,0,0,0,0,0,0,0,0,0,0,0
S-368,1,11.1200,609.7862,0,0,0,0,0,0.000000,0.000000,0.000000,0.000000,0.000000,0,0,0,0,0,0,0,0,0,0,0,0,0,0
S-369,3,4.9800,724.7756,0,0,0,0,1,0.000000,0.000000,0.000000,0.000000,0.596146,0,0,0,0,0,0,0,0,0,0,0,0,0,0
S-37,1,15.8294,1710.4256,0,1,0,0,0,0.000000,0.903339,0.000000,0.000000,0.000000,0,0,0,0,0,0,0,0,0,0,0,0,0,0
S-370,1,7.4356,314.0013,0,0,0,0,1,0.000000,0.000000,0.000000,0.000000,0.481591,0,0,0,0,0,0,0,0,0,0,0,0,0,0
S-371,3,6.3087,646.1831,0,0,0,0,0,0.000000,0.000000,0.000000,0.000000,0.036033,0,0,0,0,0,0,0,0,0,0,0,0,0,0
S-372,1,8.9563,609.7862,0,0,0,0,0,0.000000,0.000000,0.000000,0.000000,0.000000,0,0,0,0,0,0,0,0,0,0,0,0,0,0
S-373,1,10.8475,609.7862,0,0,0,0,0,0.000000,0.000000,0.000000,0.000000,0.000000,0,0,0,0,0,0,0,0,0,0,0,0,0,0
S-374,3,10.0319,646.1831,0,0,0,0,0,0.000000,0.000000,0.000000,0.000000,0.388477,0,0,0,0,0,0,0,0,0,0,0,0,0,0
S-375,2,0.2919,646.1831,0,0,0,0,0,0.000000,0.000000,0.000000,0.000000,0.123325,0,0,0,0,0,0,0,0,0,0,0,0,0,0
S-376,3,53.8119,737.1169,0,1,0,0,5,0.000000,14.607418,0.000000,0.000000,2.103224,0,0,0,0,0,0,0,0,0,0,0,0,0,0
S-377,1,7.3262,609.7862,0,0,0,0,0,0.000000,0.000000,0.000000,0.000000,0.000000,0,0,0,0,0,0,0,0,0,0,0,0,0,0
S-378,1,14.3631,44.5544,0,0,0,0,0,0.000000,0.000000,0.000000,0.000000,0.436739,0,0,0,0,0,0,0,0,0,0,0,0,0,0
S-379,1,6.0244,646.1831,0,0,0,0,0,0.000000,0.000000,0.000000,0.000000,0.000000,0,0,0,0,0,0,0,0,0,0,0,0,0,0
S-38,2,23.9244,1710.4256,0,2,0,0,0,0.000000,1.789278,0.000000,0.000000,0.000000,0,0,0,0,0,0,0,0,0,0,0,0,0,0
S-380,2,1.4450,646.1831,0,0,0,0,0,0.000000,0.000000,0.000000,0.000000,0.123325,0,0,0,0,0,0,0,0,0,0,0,0,0,0
S-381,1,8.8681,646.1831,0,0,0,0,1,0.000000,0.000000,0.000000,0.000000,0.504030,0,0,0,0,0,0,0,0,0,0,0,0,0,0
S-382,1,45.0213,1710.4256,0,1,0,0,3,0.000000,0.954022,0.000000,0.000000,1.016400,0,0,0,0,0,0,0,0,0,0,0,0,0,0
S-383,3,16.4794,650.1094,2,0,0,0,4,5.713821,0.000000,0.000000,0.000000,1.332587,0,0,0,0,0,0,0,0,0,0,0,0,0,0
S-384,1,15.2025,724.7756,0,0,0,0,0,0.000000,0.000000,0.000000,0.000000,0.000000,0,0,0,0,0,0,0,0,0,0,0,0,0,0
S-385,3,47.0881,259.0394,1,0,0,0,3,1.598326,0.845495,0.000000,0.000000,2.183519,0,0,0,0,0,0,0,0,0,0,0,0,0,0
S-386,1,7.5325,724.7756,0,0,0,0,0,0.000000,0.000000,0.000000,0.000000,0.000000,0,0,0,0,0,0,0,0,0,0,0,0,0,0
S-387,1,8.8488,646.1831,0,0,0,0,1,0.000000,0.000000,0.000000,0.000000,0.396360,0,0,0,0,0,0,0,0,0,0,0,0,0,0
S-388,2,5.1331,609.7862,0,0,0,0,0,0.000000,0.000000,0.000000,0.000000,0.000000,0,0,0,0,0,0,0,0,0,0,0,0,0,0
S-389,1,7.0088,609.7862,0,0,0,0,0,0.000000,0.000000,0.000000,0.000000,0.075762,0,0,0,0,0,0,0,0,0,0,0,0,0,0
S-39,3,5.7894,1710.4256,0,0,0,0,0,0.000000,0.000000,0.000000,0.000000,0.000000,0,0,0,0,0,0,0,0,0,0,0,0,0,0
S-390,3,5.3050,1710.4256,0,0,0,0,0,0.000000,0.000000,0.000000,0.000000,0.000000,0,0,0,0,0,0,0,0,0,0,0,0,0,0
S-391,1,5.5719,724.7756,0,0,0,0,0,0.157047,0.000000,0.000000,0.000000,0.000000,0,0,0,0,0,0,0,0,0,0,0,0,0,0
S-392,2,6.5756,609.7862,0,0,0,0,1,0.000000,0.000000,0.000000,0.000000,0.559041,0,0,0,0,0,0,0,0,0,0,0,0,0,0
S-393,1,5.3456,609.7862,0,0,0,0,0,0.000000,0.000000,0.000000,0.000000,0.000000,0,0,0,0,0,0,0,0,0,0,0,0,0,0
S-394,2,13.5531,609.7862,0,0,0,0,0,0.000000,0.000000,0.000000,0.000000,0.000000,0,0,0,0,0,0,0,0,0,0,0,0,0,0
S-395,3,13.7438,737.1169,0,0,0,0,1,0.000000,7.104154,0.000000,0.000000,0.577612,0,0,0,0,0,0,0,0,0,0,0,0,0,0
S-396,2,32.7919,125.1444,0,0,0,0,7,0.000000,0.000000,0.000000,0.000000,1.076459,0,0,0,0,0,0,0,0,0,0,0,0,0,0
S-397,1,10.9113,66.3962,1,0,0,0,1,1.034413,0.000000,0.000000,0.000000,0.163126,0,0,0,0,0,0,0,0,0,0,0,0,0,0
S-398,3,15.5944,314.0013,0,0,0,0,4,0.124130,0.000000,0.000000,0.000000,0.122625,0,0,0,0,0,0,0,0,0,0,0,0,0,0
S-399,3,0.8825,650.1094,0,0,0,0,2,0.161993,0.000000,0.000000,0.000000,0.264630,0,0,0,0,0,0,0,0,0,0,0,0,0,0
S-40,1,35.0300,1710.4256,0,0,0,0,1,0.000000,0.694127,0.000000,0.000000,0.237742,0,0,0,0,0,0,0,0,0,0,0,0,0,0
S-400,1,9.5694,609.7862,0,0,0,0,0,0.000000,0.000000,0.000000,0.000000,0.000000,0,0,0,0,0,0,0,0,0,0,0,0,0,0
S-401,2,10.2044,609.7862,0,0,0,0,2,0.000000,0.000000,0.000000,0.000000,3.660830,0,0,0,0,0,0,0,0,0,0,0,0,0,0
S-402,3,2.5556,724.7756,0,0,0,0,0,0.000000,0.000000,0.000000,0.000000,0.000000,0,0,0,0,0,0,0,0,0,0,0,0,0,0
S-403,1,8.7937,1710.4256,0,0,0,0,0,0.000000,0.000000,0.000000,0.000000,0.000000,0,0,0,0,0,0,0,0,0,0,0,0,0,0
S-404,3,0.7381,1710.4256,0,0,0,0,0,0.000000,0.000000,0.000000,0.000000,0.612494,0,0,0,0,0,0,0,0,0,0,0,0,0,0
S-405,1,10.9838,100.9681,0,0,0,0,2,0.000000,0.000000,0.000000,0.000000,0.725349,0,0,0,0,0,0,0,0,0,0,0,0,0,0
S-406,3,0.9919,646.1831,0,0,0,0,0,0.000000,0.000000,0.000000,0.000000,0.000000,0,0,0,0,0,0,0,0,0,0,0,0,0,0
S-407,3,20.1419,724.7756,0,0,0,0,0,0.233607,0.000000,0.000000,0.000000,0.000000,0,0,0,0,0,0,0,0,0,0,0,0,0,0
S-408,1,6.0056,650.1094,0,0,0,0,0,0.000000,0.000000,0.000000,0.000000,0.106812,0,0,0,0,0,0,0,0,0,0,0,0,0,0
S-409,3,5.9994,1710.4256,0,0,0,0,2,0.000000,0.000000,0.000000,0.000000,0.809284,0,0,0,0,0,0,0,0,0,0,0,0,0,0
S-41,1,16.8575,737.1169,0,0,0,0,3,0.000000,0.000000,0.000000,0.000000,1.142237,0,0,0,0,0,0,0,0,0,0,0,0,0,0
S-410,3,16.5056,650.1094,0,0,0,0,1,1.622604,0.000000,0.000000,0.000000,3.979861,0,0,0,0,0,0,0,0,0,0,0,0,0,0
S-411,1,7.1781,1710.4256,0,0,0,0,1,0.000000,0.000000,0.000000,0.000000,0.709489,0,0,0,0,0,0,0,0,0,0,0,0,0,0
S-412,4,17.8900,646.1831,0,0,0,0,1,0.000000,0.000000,0.000000,0.000000,0.353165,0,0,0,0,0,0,0,0,0,0,0,0,0,0
S-413,1,5.4300,609.7862,0,0,0,0,0,0.000000,0.000000,0.000000,0.000000,0.000000,0,0,0,0,0,0,0,0,0,0,0,0,0,0
S-414,2,6.9550,457.1144,0,0,0,0,0,0.000000,0.000000,0.000000,0.000000,0.000000,0,0,0,0,0,0,0,0,0,0,0,0,0,0
S-415,1,12.8119,100.9681,0,2,0,0,1,0.784811,3.948908,0.000000,0.000000,0.491430,0,0,0,0,0,0,0,0,0,0,0,0,0,0
S-416,2,7.7225,609.7862,0,0,0,0,0,0.000000,0.000000,0.000000,0.000000,0.000000,0,0,0,0,0,0,0,0,0,0,0,0,0,0
S-417,1,7.0412,646.1831,0,0,0,0,1,0.000000,0.000000,0.000000,0.000000,0.531849,0,0,0,0,0,0,0,0,0,0,0,0,0,0
S-418,1,8.5506,50.5463,0,0,0,0,0,0.999016,0.000000,0.000000,0.000000,0.000000,0,0,0,0,0,0,0,0,0,0,0,0,0,0
S-419,1,6.5381,457.1144,0,0,0,0,0,0.000000,0.000000,0.000000,0.000000,0.000000,0,0,0,0,0,0,0,0,0,0,0,0,0,0
S-42,1,14.3675,737.1169,0,1,0,0,0,0.000000,5.784578,0.000000,0.000000,0.043484,0,0,0,0,0,0,0,0,0,0,0,0,0,0
S-420,3,4.4100,646.1831,0,0,0,0,0,0.000000,0.000000,0.000000,0.000000,0.000000,0,0,0,0,0,0,0,0,0,0,0,0,0,0
S-421,1,23.5406,724.7756,1,0,0,0,1,1.168036,0.000000,0.000000,0.000000,0.890182,0,0,0,0,0,0,0,0,0,0,0,0,0,0
S-422,1,20.0369,20.0369,0,0,0,0,10,0.558818,0.000000,0.000000,0.000000,3.677291,0,0,0,0,0,0,0,0,0,0,0,0,0,0
S-423,1,9.8494,314.0013,0,0,0,0,6,0.000000,0.000000,0.000000,0.000000,0.090000,0,0,0,0,0,0,0,0,0,0,0,0,0,0
S-424,3,4.5181,1710.4256,0,0,0,0,0,0.114400,0.000000,0.000000,0.000000,0.163332,0,0,0,0,0,0,0,0,0,0,0,0,0,0
S-425,1,27.9431,609.7862,0,0,98,0,3,0.000000,0.000000,0.000000,5.016553,12.050374,0,1,22,1,10,1,6,7,6,8,10,29,18,5
S-426,2,1.2981,724.7756,0,0,0,0,1,0.442291,0.000000,0.000000,0.000000,0.600223,0,0,0,0,0,0,0,0,0,0,0,0,0,0
S-427,1,7.2781,724.7756,0,0,0,0,0,0.080910,0.000000,0.000000,0.000000,0.000000,0,0,0,0,0,0,0,0,0,0,0,0,0,0
S-428,2,3.6819,609.7862,0,0,0,0,0,0.000000,0.000000,0.000000,0.000000,0.000000,0,0,0,0,0,0,0,0,0,0,0,0,0,0
S-429,2,13.8425,724.7756,1,0,0,0,1,5.548744,0.000000,0.000000,0.000000,0.163482,0,0,0,0,0,0,0,0,0,0,0,0,0,0
S-43,1,10.9906,1710.4256,0,0,0,0,0,0.000000,0.000000,0.000000,0.000000,0.085385,0,0,0,0,0,0,0,0,0,0,0,0,0,0
S-430,2,4.2881,609.7862,0,0,0,0,0,0.000000,0.000000,0.000000,0.000000,0.000000,0,0,0,0,0,0,0,0,0,0,0,0,0,0
S-431,1,6.8831,609.7862,0,0,0,0,0,0.000000,0.000000,0.000000,0.000000,0.000000,0,0,0,0,0,0,0,0,0,0,0,0,0,0
S-432,1,5.8556,44.5544,0,0,0,0,0,0.000000,0.000000,0.000000,0.000000,0.000000,0,0,0,0,0,0,0,0,0,0,0,0,0,0
S-433,3,17.5912,609.7862,0,0,0,0,1,0.000000,0.000000,0.000000,0.000000,1.225721,0,0,0,0,0,0,0,0,0,0,0,0,0,0
S-434,2,9.4194,457.1144,0,0,0,0,0,0.000000,0.000000,0.000000,0.000000,0.000000,0,0,0,0,0,0,0,0,0,0,0,0,0,0
S-435,2,27.7244,724.7756,1,1,0,0,8,6.681816,7.986088,0.000000,0.000000,0.727437,0,0,0,0,0,0,0,0,0,0,0,0,0,0
S-436,1,6.5775,1710.4256,0,0,0,0,0,0.466556,0.000000,0.000000,0.000000,0.000000,0,0,0,0,0,0,0,0,0,0,0,0,0,0
S-437,3,10.7019,737.1169,0,0,0,0,1,0.000000,3.392433,0.000000,0.000000,0.222162,0,0,0,0,0,0,0,0,0,0,0,0,0,0
S-438,1,5.5194,737.1169,0,0,0,0,0,0.000000,1.875816,0.000000,0.000000,0.000000,0,0,0,0,0,0,0,0,0,0,0,0,0,0
S-439,2,17.2700,44.5544,0,0,0,0,1,0.000000,0.428786,0.000000,0.000000,0.802829,0,0,0,0,0,0,0,0,0,0,0,0,0,0
S-44,1,8.0219,1710.4256,0,0,0,0,0,0.000000,0.000000,0.000000,0.000000,0.000000,0,0,0,0,0,0,0,0,0,0,0,0,0,0
S-440,1,5.8388,1710.4256,0,0,0,0,0,0.000000,0.281148,0.000000,0.000000,0.000000,0,0,0,0,0,0,0,0,0,0,0,0,0,0
S-441,3,13.7894,1710.4256,2,0,0,0,1,3.248118,0.000000,0.000000,0.000000,0.278159,0,0,0,0,0,0,0,0,0,0,0,0,0,0
S-442,3,2.6331,724.7756,0,0,0,0,7,0.000000,0.000000,0.000000,0.000000,0.447870,0,0,0,0,0,0,0,0,0,0,0,0,0,0
S-443,1,12.3100,609.7862,0,0,137,1,2,0.000000,0.000000,0.000000,7.819945,8.281293,1,1,25,2,11,2,7,11,10,5,19,25,37,10
S-444,1,22.3212,609.7862,0,0,0,0,1,0.000000,0.000000,0.000000,0.000000,0.465501,0,0,0,0,0,0,0,0,0,0,0,0,0,0
S-445,3,6.0637,1710.4256,1,0,0,0,1,0.943687,3.333618,0.000000,0.000000,0.268971,0,0,0,0,0,0,0,0,0,0,0,0,0,0
S-446,1,6.4562,100.9681,0,0,0,0,0,0.000000,0.763223,0.000000,0.000000,0.000000,0,0,0,0,0,0,0,0,0,0,0,0,0,0
S-447,1,8.7263,609.7862,0,0,0,0,2,0.000000,0.000000,0.000000,0.000000,1.295878,0,0,0,0,0,0,0,0,0,0,0,0,0,0
S-448,1,8.9113,314.0013,0,0,0,0,3,0.748704,0.000000,0.000000,0.000000,0.613178,0,0,0,0,0,0,0,0,0,0,0,0,0,0
S-449,2,1.2419,314.0013,0,0,0,0,0,0.000000,0.000000,0.000000,0.000000,0.000000,0,0,0,0,0,0,0,0,0,0,0,0,0,0
S-45,3,4.0213,1710.4256,0,0,0,0,0,0.000000,0.000000,0.000000,0.000000,0.000000,0,0,0,0,0,0,0,0,0,0,0,0,0,0
S-450,2,6.3756,66.3962,0,0,0,0,0,1.763269,0.000000,0.000000,0.000000,0.000000,0,0,0,0,0,0,0,0,0,0,0,0,0,0
S-451,3,13.1937,314.0013,1,0,3,0,1,4.679626,0.000000,0.000000,0.729621,1.376419,0,0,0,0,0,0,0,0,0,0,0,1,1,1
S-452,3,7.3906,724.7756,0,0,0,0,2,0.000000,0.000000,0.000000,0.000000,1.154993,0,0,0,0,0,0,0,0,0,0,0,0,0,0
S-453,1,17.5125,1710.4256,0,0,0,0,0,0.000000,0.000000,0.000000,0.000000,0.000000,0,0,0,0,0,0,0,0,0,0,0,0,0,0
S-454,1,8.7881,66.3962,0,0,0,0,0,0.000000,0.000000,0.000000,0.000000,0.000000,0,0,0,0,0,0,0,0,0,0,0,0,0,0
S-455,4,16.2781,646.1831,0,0,0,0,2,0.000000,0.000000,0.000000,0.000000,1.511093,0,0,0,0,0,0,0,0,0,0,0,0,0,0
S-456,4,19.5787,650.1094,0,0,0,0,4,1.605466,0.000000,0.000000,0.000000,3.985278,0,0,0,0,0,0,0,0,0,0,0,0,0,0
S-457,2,2.9450,50.5463,0,0,0,0,0,0.037818,0.000000,0.000000,0.000000,0.000000,0,0,0,0,0,0,0,0,0,0,0,0,0,0
S-458,1,5.3931,50.5463,0,0,0,0,0,0.288161,0.000000,0.000000,0.000000,0.000000,0,0,0,0,0,0,0,0,0,0,0,0,0,0
S-459,1,12.1231,646.1831,0,0,0,0,0,0.000000,0.000000,0.000000,0.000000,0.000000,0,0,0,0,0,0,0,0,0,0,0,0,0,0
S-46,2,0.8106,737.1169,0,0,0,0,0,0.000000,0.000000,0.000000,0.000000,0.000000,0,0,0,0,0,0,0,0,0,0,0,0,0,0
S-460,1,5.6169,1710.4256,0,0,0,0,0,0.000000,0.000000,0.000000,0.000000,0.000000,0,0,0,0,0,0,0,0,0,0,0,0,0,0
S-461,1,12.7619,609.7862,0,0,0,0,0,0.000000,0.000000,0.000000,0.000000,0.077719,0,0,0,0,0,0,0,0,0,0,0,0,0,0
S-462,3,4.1925,1710.4256,0,0,0,0,0,0.000000,0.763117,0.000000,0.000000,0.038721,0,0,0,0,0,0,0,0,0,0,0,0,0,0
S-463,2,13.2837,1710.4256,1,0,0,0,1,3.339902,0.562297,0.000000,0.000000,0.276476,0,0,0,0,0,0,0,0,0,0,0,0,0,0
S-464,3,0.2281,457.1144,0,0,0,0,0,0.000000,0.000000,0.000000,0.000000,0.000000,0,0,0,0,0,0,0,0,0,0,0,0,0,0
S-465,2,3.3375,100.9681,0,0,0,0,0,0.000000,0.522205,0.000000,0.000000,0.000000,0,0,0,0,0,0,0,0,0,0,0,0,0,0
S-466,3,5.6250,724.7756,0,0,0,0,0,0.000000,0.000000,0.000000,0.000000,0.000000,0,0,0,0,0,0,0,0,0,0,0,0,0,0
S-467,3,17.8538,724.7756,0,0,0,0,4,0.000000,4.192696,0.000000,0.000000,1.263961,0,0,0,0,0,0,0,0,0,0,0,0,0,0
S-468,1,7.1050,724.7756,0,0,0,0,8,0.000000,0.000000,0.000000,0.000000,0.400565,0,0,0,0,0,0,0,0,0,0,0,0,0,0
S-469,2,0.2194,609.7862,0,0,0,0,0,0.000000,0.000000,0.000000,0.000000,0.080131,0,0,0,0,0,0,0,0,0,0,0,0,0,0
S-47,1,9.8275,737.1169,0,0,0,0,0,0.000000,0.000000,0.000000,0.000000,0.000000,0,0,0,0,0,0,0,0,0,0,0,0,0,0
S-470,3,0.0481,609.7862,0,0,0,0,0,0.000000,0.000000,0.000000,0.000000,0.080131,0,0,0,0,0,0,0,0,0,0,0,0,0,0
S-471,3,4.7944,609.7862,0,0,0,0,1,0.000000,0.000000,0.000000,0.159591,1.975463,0,0,0,0,0,0,0,0,0,0,0,0,0,0
S-472,1,6.1300,737.1169,0,0,0,0,1,0.000000,0.758309,0.000000,0.000000,2.411904,0,0,0,0,0,0,0,0,0,0,0,0,0,0
S-473,3,0.2394,737.1169,0,0,0,0,0,0.000000,0.000000,0.000000,0.000000,0.000000,0,0,0,0,0,0,0,0,0,0,0,0,0,0
S-474,3,46.1469,457.1144,5,2,0,0,2,10.568143,7.819993,0.000000,0.000000,0.692462,0,0,0,0,0,0,0,0,0,0,0,0,0,0
S-475,1,6.0687,737.1169,0,0,0,0,0,0.000000,0.000000,0.000000,0.000000,0.234167,0,0,0,0,0,0,0,0,0,0,0,0,0,0
S-476,2,1.2444,100.9681,0,0,0,0,0,0.000000,0.160678,0.000000,0.000000,0.000000,0,0,0,0,0,0,0,0,0,0,0,0,0,0
S-477,1,12.2319,591.5287,0,0,0,0,0,0.000000,0.000000,0.000000,0.000000,0.000000,0,0,0,0,0,0,0,0,0,0,0,0,0,0
S-478,1,46.8806,609.7862,0,0,18,0,4,0.000000,0.000000,0.000000,1.337142,5.391767,0,0,0,0,10,0,1,1,0,0,1,2,6,4
S-479,2,1.8475,50.5463,0,0,0,0,0,0.000000,0.000000,0.000000,0.000000,0.000000,0,0,0,0,0,0,0,0,0,0,0,0,0,0
S-48,1,18.4688,1710.4256,0,0,0,0,1,0.000000,0.492837,0.000000,0.000000,0.489917,0,0,0,0,0,0,0,0,0,0,0,0,0,0
S-480,1,18.3131,609.7862,0,0,0,0,2,0.000000,0.000000,0.000000,0.000000,2.429740,0,0,0,0,0,0,0,0,0,0,0,0,0,0
S-481,1,16.2231,646.1831,0,0,0,0,4,0.000000,0.000000,0.000000,0.000000,0.452693,0,0,0,0,0,0,0,0,0,0,0,0,0,0
S-482,3,6.3213,737.1169,1,0,0,0,3,1.830049,0.235837,0.000000,0.000000,3.261930,0,0,0,0,0,0,0,0,0,0,0,0,0,0
S-483,1,19.4206,314.0013,1,0,1,0,2,1.100414,0.000000,0.000000,0.689086,0.585429,0,0,0,0,0,0,0,0,0,0,0,1,0,0
S-484,1,11.4900,1710.4256,2,0,0,0,0,2.935445,0.000000,0.000000,0.000000,0.000000,0,0,0,0,0,0,0,0,0,0,0,0,0,0
S-485,3,0.3831,609.7862,0,0,0,0,0,0.000000,0.000000,0.000000,0.119693,0.359449,0,0,0,0,0,0,0,0,0,0,0,0,0,0
S-486,1,6.0300,50.5463,0,0,0,0,0,0.000000,0.000000,0.000000,0.000000,0.000000,0,0,0,0,0,0,0,0,0,0,0,0,0,0
S-487,3,15.2406,100.9681,0,0,0,0,0,1.062682,0.000000,0.000000,0.000000,0.000000,0,0,0,0,0,0,0,0,0,0,0,0,0,0
S-488,2,9.3119,50.5463,0,0,0,0,1,0.000000,0.000000,0.000000,0.000000,0.414756,0,0,0,0,0,0,0,0,0,0,0,0,0,0
S-489,4,8.5856,1710.4256,0,0,0,0,1,0.235922,3.888000,0.000000,0.000000,0.434186,0,0,0,0,0,0,0,0,0,0,0,0,0,0
S-49,2,1.0788,1710.4256,0,0,0,0,0,0.000000,0.000000,0.000000,0.000000,0.000000,0,0,0,0,0,0,0,0,0,0,0,0,0,0
S-490,2,7.0050,66.3962,0,0,0,0,0,0.395860,0.000000,0.000000,0.040534,0.000000,0,0,0,0,0,0,0,0,0,0,0,0,0,0
S-491,1,16.2913,646.1831,0,0,55,1,2,0.000000,0.000000,0.000000,1.096250,1.988340,2,0,2,2,15,0,14,5,0,1,2,6,15,4
S-492,3,1.8606,609.7862,0,0,0,0,0,0.000000,0.000000,0.000000,0.119693,0.480547,0,0,0,0,0,0,0,0,0,0,0,0,0,0
S-493,1,7.8681,724.7756,0,0,0,0,0,0.074870,0.000000,0.000000,0.000000,0.192234,0,0,0,0,0,0,0,0,0,0,0,0,0,0
S-494,1,10.4956,609.7862,0,0,0,0,0,0.000000,0.000000,0.000000,0.000000,0.722743,0,0,0,0,0,0,0,0,0,0,0,0,0,0
S-495,3,0.9444,724.7756,0,0,0,0,0,0.000000,0.000000,0.000000,0.000000,0.000000,0,0,0,0,0,0,0,0,0,0,0,0,0,0
S-496,1,5.7969,609.7862,0,0,12,1,0,0.000000,0.000000,0.000000,1.209562,0.039512,0,0,0,1,0,0,3,3,2,0,1,1,2,1
S-497,1,7.1712,314.0013,1,0,0,0,0,3.928443,0.000000,0.000000,0.081069,0.000000,0,0,0,0,0,0,0,0,0,0,0,0,0,0
S-498,3,0.5513,609.7862,0,0,0,0,0,0.000000,0.000000,0.000000,0.000000,0.000000,0,0,0,0,0,0,0,0,0,0,0,0,0,0
S-499,3,20.4931,724.7756,1,0,0,0,0,2.368129,0.000000,0.000000,0.000000,0.719935,0,0,0,0,0,0,0,0,0,0,0,0,0,0
S-50,1,5.6925,1710.4256,0,0,0,0,0,0.000000,0.000000,0.000000,0.000000,0.000000,0,0,0,0,0,0,0,0,0,0,0,0,0,0
S-500,4,15.9944,646.1831,0,0,0,0,0,0.000000,0.000000,0.000000,0.000000,0.350933,0,0,0,0,0,0,0,0,0,0,0,0,0,0
S-501,3,8.1263,609.7862,0,0,93,1,7,0.000000,0.000000,0.000000,3.836515,2.978456,0,1,7,8,7,2,4,20,4,3,16,4,30,4
S-502,1,12.2413,609.7862,0,0,0,0,1,0.000000,0.000000,0.000000,0.000000,0.803048,0,0,0,0,0,0,0,0,0,0,0,0,0,0
S-503,3,4.8044,314.0013,0,0,6,1,1,0.000000,0.000000,0.000000,0.932293,0.462043,0,1,2,0,1,0,0,0,0,0,0,0,2,0
S-504,1,8.8944,1710.4256,1,0,0,0,1,1.842761,2.327654,0.000000,0.000000,0.487118,0,0,0,0,0,0,0,0,0,0,0,0,0,0
S-505,1,11.6788,87.8381,0,0,0,0,0,0.000000,0.000000,0.000000,0.000000,0.000000,0,0,0,0,0,0,0,0,0,0,0,0,0,0
S-506,1,5.9400,737.1169,0,0,0,0,0,0.000000,0.510980,0.000000,0.000000,0.937035,0,0,0,0,0,0,0,0,0,0,0,0,0,0
S-507,2,0.6238,125.1444,0,0,0,0,0,0.000000,0.000000,0.000000,0.000000,0.000000,0,0,0,0,0,0,0,0,0,0,0,0,0,0
S-508,3,0.7438,609.7862,0,0,9,0,0,0.000000,0.000000,0.000000,0.188437,0.178151,0,0,0,0,0,0,3,0,0,1,2,0,3,2
S-509,1,7.8881,724.7756,0,0,0,0,0,0.000000,0.319444,0.000000,0.039621,0.039424,0,0,0,0,0,0,0,0,0,0,0,0,0,0
S-51,1,5.5812,1710.4256,0,0,0,0,0,0.000000,0.000000,0.000000,0.000000,0.000000,0,0,0,0,0,0,0,0,0,0,0,0,0,0
S-510,3,11.3731,737.1169,0,1,0,0,1,0.000000,2.083225,0.000000,0.000000,0.544047,0,0,0,0,0,0,0,0,0,0,0,0,0,0
S-511,5,11.2181,591.5287,0,0,0,0,0,0.000000,0.000000,0.000000,0.000000,0.381411,0,0,0,0,0,0,0,0,0,0,0,0,0,0
S-512,3,5.6775,724.7756,0,0,1,0,1,0.000000,2.475687,0.000000,0.118862,0.562127,0,0,0,0,0,0,0,0,1,0,0,0,0,0
S-513,5,2.4013,591.5287,0,0,0,0,0,0.000000,0.000000,0.000000,0.000000,0.000000,0,0,0,0,0,0,0,0,0,0,0,0,0,0
S-514,3,4.1656,609.7862,0,0,7,1,1,0.000000,0.000000,0.000000,0.235546,0.635473,0,0,0,0,0,0,0,0,0,1,0,1,4,1
S-515,1,5.3481,1710.4256,0,0,0,0,0,0.000000,0.000000,0.000000,0.000000,0.000000,0,0,0,0,0,0,0,0,0,0,0,0,0,0
S-516,5,14.7631,591.5287,0,0,0,0,1,0.000000,0.000000,0.000000,0.000000,0.211877,0,0,0,0,0,0,0,0,0,0,0,0,0,0
S-517,2,7.3719,1710.4256,0,1,0,0,0,0.000000,1.352394,0.000000,0.000000,0.102738,0,0,0,0,0,0,0,0,0,0,0,0,0,0
S-518,1,6.0312,44.5544,0,0,0,0,0,0.000000,0.000000,0.000000,0.000000,0.000000,0,0,0,0,0,0,0,0,0,0,0,0,0,0
S-519,2,1.0344,44.5544,0,1,0,0,0,0.000000,0.779611,0.000000,0.000000,0.000000,0,0,0,0,0,0,0,0,0,0,0,0,0,0
S-52,1,14.7925,737.1169,0,0,0,0,0,0.000000,0.000000,0.000000,0.000000,0.000000,0,0,0,0,0,0,0,0,0,0,0,0,0,0
S-520,3,17.2669,1710.4256,1,0,0,0,3,3.883838,2.811485,0.000000,0.000000,0.741709,0,0,0,0,0,0,0,0,0,0,0,0,0,0
S-521,3,8.8856,314.0013,0,0,0,0,0,0.000000,0.000000,0.000000,0.000000,0.000000,0,0,0,0,0,0,0,0,0,0,0,0,0,0
S-522,4,12.6256,1710.4256,1,2,0,0,1,5.267269,7.861669,0.000000,0.000000,0.136984,0,0,0,0,0,0,0,0,0,0,0,0,0,0
S-523,5,2.7788,591.5287,0,0,0,0,0,0.000000,0.000000,0.000000,0.000000,0.226361,0,0,0,0,0,0,0,0,0,0,0,0,0,0
S-524,1,13.2900,646.1831,0,0,24,0,2,0.000000,0.000000,0.000000,1.901793,1.562958,1,0,9,0,0,0,0,2,0,0,2,16,2,2
S-525,3,17.5106,724.7756,0,0,10,0,4,0.000000,0.000000,0.000000,1.998392,2.568986,0,0,0,1,2,0,2,2,0,0,0,2,3,1
S-526,5,8.7125,591.5287,0,0,0,0,0,0.000000,0.155922,0.000000,0.000000,0.000000,0,0,0,0,0,0,0,0,0,0,0,0,0,0
S-527,1,7.6575,1710.4256,1,0,0,0,0,2.608134,0.722953,0.000000,0.000000,0.000000,0,0,0,0,0,0,0,0,0,0,0,0,0,0
S-528,1,9.0244,724.7756,0,0,0,0,1,1.144596,0.000000,0.000000,0.000000,0.408884,0,0,0,0,0,0,0,0,0,0,0,0,0,0
S-529,5,4.8156,591.5287,0,0,0,0,0,0.000000,0.000000,0.000000,0.000000,0.000000,0,0,0,0,0,0,0,0,0,0,0,0,0,0
S-53,2,0.8888,737.1169,0,0,0,0,0,0.000000,0.000000,0.000000,0.000000,0.000000,0,0,0,0,0,0,0,0,0,0,0,0,0,0
S-530,5,0.8925,591.5287,0,0,0,0,0,0.000000,0.000000,0.000000,0.000000,0.000000,0,0,0,0,0,0,0,0,0,0,0,0,0,0
S-531,3,0.1300,179.1987,0,0,0,0,0,0.000000,0.000000,0.000000,0.000000,0.000000,0,0,0,0,0,0,0,0,0,0,0,0,0,0
S-532,5,17.0000,591.5287,0,0,0,0,1,0.000000,2.371595,0.000000,0.000000,0.288999,0,0,0,0,0,0,0,0,0,0,0,0,0,0
S-533,5,0.0150,591.5287,0,0,0,0,0,0.000000,0.000000,0.000000,0.000000,0.000000,0,0,0,0,0,0,0,0,0,0,0,0,0,0
S-534,5,2.7444,591.5287,0,0,0,0,1,0.000000,0.000000,0.000000,0.000000,0.338993,0,0,0,0,0,0,0,0,0,0,0,0,0,0
S-535,1,5.7975,591.5287,0,0,0,0,0,0.000000,0.000000,0.000000,0.000000,0.000000,0,0,0,0,0,0,0,0,0,0,0,0,0,0
S-536,2,0.0419,591.5287,0,0,0,0,0,0.000000,0.000000,0.000000,0.000000,0.000000,0,0,0,0,0,0,0,0,0,0,0,0,0,0
S-537,1,11.5938,179.1987,0,0,0,0,2,0.000000,0.000000,0.000000,0.000000,0.741839,0,0,0,0,0,0,0,0,0,0,0,0,0,0
S-538,1,7.0906,609.7862,0,0,16,0,2,0.000000,0.000000,0.000000,0.962445,0.330793,0,0,0,2,0,0,3,2,4,0,0,6,2,0
S-539,3,7.3006,179.1987,1,0,0,0,0,0.917331,0.000000,0.000000,0.000000,0.000000,0,0,0,0,0,0,0,0,0,0,0,0,0,0
S-54,2,51.9963,737.1169,0,1,0,0,1,0.000000,1.277096,0.000000,0.000000,0.247385,0,0,0,0,0,0,0,0,0,0,0,0,0,0
S-540,1,6.3019,591.5287,0,0,0,0,0,0.535110,0.000000,0.000000,0.000000,0.040734,0,0,0,0,0,0,0,0,0,0,0,0,0,0
S-541,1,9.8419,591.5287,0,0,0,0,0,0.000000,0.000000,0.000000,0.000000,0.000000,0,0,0,0,0,0,0,0,0,0,0,0,0,0
S-542,3,0.4725,609.7862,0,0,0,0,0,0.000000,0.000000,0.000000,0.000000,0.000000,0,0,0,0,0,0,0,0,0,0,0,0,0,0
S-543,3,3.3994,1710.4256,0,0,0,0,1,1.008681,1.847547,0.000000,0.000000,0.317239,0,0,0,0,0,0,0,0,0,0,0,0,0,0
S-544,5,0.2594,591.5287,0,0,0,0,0,0.000000,0.000000,0.000000,0.000000,0.000000,0,0,0,0,0,0,0,0,0,0,0,0,0,0
S-545,3,37.0825,609.7862,0,0,94,1,7,0.000000,0.000000,0.000000,4.738698,6.078187,0,1,6,7,6,38,6,5,1,0,4,20,16,1
S-546,1,5.5613,646.1831,0,0,0,0,0,0.000000,0.000000,0.000000,0.000000,0.000000,0,0,0,0,0,0,0,0,0,0,0,0,0,0
S-547,1,15.3837,646.1831,0,0,0,0,0,0.000000,0.000000,0.000000,0.000000,0.000000,0,0,0,0,0,0,0,0,0,0,0,0,0,0
S-548,5,4.5131,591.5287,0,0,0,0,0,0.000000,0.000000,0.000000,0.000000,0.000000,0,0,0,0,0,0,0,0,0,0,0,0,0,0
S-549,5,15.6888,591.5287,0,0,0,0,2,0.000000,0.000000,0.000000,0.000000,1.094122,0,0,0,0,0,0,0,0,0,0,0,0,0,0
S-55,2,13.6831,1710.4256,0,0,0,0,0,0.000000,0.000000,0.000000,0.000000,0.000000,0,0,0,0,0,0,0,0,0,0,0,0,0,0
S-550,1,5.6981,591.5287,0,0,0,0,1,0.000000,0.000000,0.000000,0.000000,0.452722,0,0,0,0,0,0,0,0,0,0,0,0,0,0
S-551,4,0.0306,646.1831,0,0,0,0,0,0.000000,0.000000,0.000000,0.000000,0.000000,0,0,0,0,0,0,0,0,0,0,0,0,0,0
S-552,4,0.5906,646.1831,0,0,0,0,0,0.000000,0.000000,0.000000,0.000000,0.000000,0,0,0,0,0,0,0,0,0,0,0,0,0,0
S-553,1,8.0988,457.1144,0,1,0,0,0,0.000000,1.634597,0.000000,0.000000,0.152267,0,0,0,0,0,0,0,0,0,0,0,0,0,0
S-554,4,11.3231,646.1831,0,0,7,0,2,0.000000,0.000000,0.000000,0.929673,1.753517,0,0,0,0,1,0,0,0,0,0,0,1,3,2
S-555,2,6.7237,87.8381,0,0,0,0,1,0.000000,0.000000,0.000000,0.000000,0.460228,0,0,0,0,0,0,0,0,0,0,0,0,0,0
S-556,5,8.2869,591.5287,0,0,0,0,0,0.000000,2.415700,0.000000,0.000000,0.400613,0,0,0,0,0,0,0,0,0,0,0,0,0,0
S-557,5,2.1775,591.5287,0,0,0,0,0,0.000000,1.167588,0.000000,0.000000,0.043527,0,0,0,0,0,0,0,0,0,0,0,0,0,0
S-558,4,1.1819,724.7756,0,0,0,0,0,0.000000,0.000000,0.000000,0.000000,0.000000,0,0,0,0,0,0,0,0,0,0,0,0,0,0
S-559,2,6.8475,646.1831,0,1,0,0,1,0.000000,0.341968,0.000000,0.000000,0.366063,0,0,0,0,0,0,0,0,0,0,0,0,0,0
S-56,2,5.7444,1710.4256,0,0,0,0,1,0.000000,0.000000,0.000000,0.000000,0.170771,0,0,0,0,0,0,0,0,0,0,0,0,0,0
S-560,1,29.2544,58.9350,0,0,31,2,3,0.000000,0.000000,0.000000,7.280541,4.624493,1,0,4,1,1,1,4,2,6,0,1,14,4,0
S-561,5,2.7069,591.5287,0,0,0,0,0,0.000000,1.207850,0.000000,0.000000,0.064329,0,0,0,0,0,0,0,0,0,0,0,0,0,0
S-562,5,0.1144,591.5287,0,0,0,0,0,0.000000,0.040262,0.000000,0.000000,0.000000,0,0,0,0,0,0,0,0,0,0,0,0,0,0
S-563,5,3.6169,591.5287,0,0,0,0,0,0.000000,0.684448,0.000000,0.000000,0.000000,0,0,0,0,0,0,0,0,0,0,0,0,0,0
S-564,3,22.5306,1710.4256,2,1,0,0,0,7.811277,13.533524,0.000000,0.000000,0.000000,0,0,0,0,0,0,0,0,0,0,0,0,0,0
S-565,4,12.9606,724.7756,0,0,0,0,1,0.000000,0.000000,0.000000,0.000000,0.526845,0,0,0,0,0,0,0,0,0,0,0,0,0,0
S-566,1,8.8194,646.1831,0,0,19,0,1,0.000000,0.000000,0.000000,1.414720,0.712199,0,0,3,1,2,0,1,1,0,0,0,8,7,0
S-567,1,5.5694,179.1987,0,0,0,0,1,0.152888,0.000000,0.000000,0.000000,0.488805,0,0,0,0,0,0,0,0,0,0,0,0,0,0
S-568,5,3.3081,591.5287,0,0,0,0,0,0.000000,1.811775,0.000000,0.000000,0.169776,0,0,0,0,0,0,0,0,0,0,0,0,0,0
S-569,1,9.3537,457.1144,0,0,0,0,1,0.000000,0.000000,0.000000,0.000000,0.504216,0,0,0,0,0,0,0,0,0,0,0,0,0,0
S-57,1,10.5244,737.1169,0,0,0,0,0,0.000000,1.181357,0.000000,0.000000,0.000000,0,0,0,0,0,0,0,0,0,0,0,0,0,0
S-570,2,6.0719,457.1144,0,0,0,0,1,0.124100,0.231067,0.000000,0.000000,0.926952,0,0,0,0,0,0,0,0,0,0,0,0,0,0
S-571,1,6.3087,646.1831,0,0,4,0,0,0.000000,0.000000,0.000000,0.444626,0.268012,0,0,2,0,0,0,2,0,0,0,0,1,1,0
S-572,4,0.5481,1710.4256,0,0,0,0,0,0.233734,0.949635,0.000000,0.000000,0.000000,0,0,0,0,0,0,0,0,0,0,0,0,0,0
S-573,1,5.9300,646.1831,0,0,3,0,2,0.000000,0.000000,0.000000,0.202103,1.340665,0,0,0,0,1,0,1,0,0,0,0,2,0,0
S-574,1,13.2400,591.5287,0,0,0,0,0,0.000000,0.000000,0.000000,0.000000,0.000000,0,0,0,0,0,0,0,0,0,0,0,0,0,0
S-575,1,29.3788,609.7862,0,0,114,1,5,0.000000,0.000000,0.000000,8.313101,6.033202,1,0,13,3,13,0,11,10,6,1,8,47,22,1
S-576,2,7.7269,646.1831,0,0,0,0,0,0.000000,0.000000,0.000000,0.000000,0.082515,0,0,0,0,0,0,0,0,0,0,0,0,0,0
S-577,4,5.5219,737.1169,0,0,0,0,1,0.000000,0.885757,0.000000,0.000000,0.463772,0,0,0,0,0,0,0,0,0,0,0,0,0,0
S-578,1,49.0319,49.0319,0,2,0,0,3,0.117538,4.536603,0.000000,0.000000,1.610833,0,0,0,0,0,0,0,0,0,0,0,0,0,0
S-579,1,13.3725,646.1831,0,0,0,0,0,0.000000,0.000000,0.000000,0.316966,0.344952,0,0,0,0,0,0,0,0,0,0,0,0,0,0
S-58,3,11.3519,1710.4256,0,0,0,0,0,0.000000,0.000000,0.000000,0.000000,0.123008,0,0,0,0,0,0,0,0,0,0,0,0,0,0
S-580,1,6.5350,87.8381,0,0,0,0,0,0.000000,0.000000,0.000000,0.000000,0.000000,0,0,0,0,0,0,0,0,0,0,0,0,0,0
S-581,4,0.2387,646.1831,0,0,0,0,0,0.000000,0.000000,0.000000,0.080841,0.000000,0,0,0,0,0,0,0,0,0,0,0,0,0,0
S-582,3,8.0544,179.1987,0,0,0,0,0,0.000000,0.000000,0.000000,0.000000,0.000000,0,0,0,0,0,0,0,0,0,0,0,0,0,0
S-583,4,29.2669,646.1831,0,0,9,0,2,0.000000,0.000000,0.000000,0.929673,1.183443,0,0,0,0,2,0,0,0,2,0,0,5,1,1
S-584,3,33.8100,623.1450,0,1,0,0,2,0.000000,3.784597,0.000000,0.000000,0.741058,0,0,0,0,0,0,0,0,0,0,0,0,0,0
S-585,2,0.0175,87.8381,0,0,0,0,0,0.000000,0.000000,0.000000,0.000000,0.000000,0,0,0,0,0,0,0,0,0,0,0,0,0,0
S-586,4,8.1825,1710.4256,0,1,0,0,1,1.592978,1.793523,0.000000,0.000000,0.295273,0,0,0,0,0,0,0,0,0,0,0,0,0,0
S-587,5,0.6031,591.5287,0,0,0,0,0,0.000000,0.000000,0.000000,0.000000,0.000000,0,0,0,0,0,0,0,0,0,0,0,0,0,0
S-588,1,6.4369,591.5287,0,0,0,0,0,0.783585,0.802523,0.000000,0.000000,0.381996,0,0,0,0,0,0,0,0,0,0,0,0,0,0
S-589,4,2.9787,1710.4256,0,3,0,0,0,0.876138,2.755134,0.000000,0.000000,0.000000,0,0,0,0,0,0,0,0,0,0,0,0,0,0
S-59,1,18.4656,1710.4256,0,5,0,0,0,0.000000,2.674572,0.000000,0.000000,0.000000,0,0,0,0,0,0,0,0,0,0,0,0,0,0
S-590,5,12.0075,591.5287,0,0,0,0,0,0.000000,0.000000,0.000000,0.000000,0.000000,0,0,0,0,0,0,0,0,0,0,0,0,0,0
S-591,3,34.3294,457.1144,2,4,0,0,1,3.678056,13.834647,0.000000,0.000000,0.286453,0,0,0,0,0,0,0,0,0,0,0,0,0,0
S-592,1,8.3344,591.5287,0,0,0,0,1,0.000000,0.000000,0.000000,0.000000,0.430344,0,0,0,0,0,0,0,0,0,0,0,0,0,0
S-593,5,0.2000,591.5287,0,0,0,0,0,0.000000,0.040309,0.000000,0.000000,0.000000,0,0,0,0,0,0,0,0,0,0,0,0,0,0
S-594,4,1.7281,1482.5631,0,0,0,0,0,1.057840,1.880548,0.000000,0.000000,0.000000,0,0,0,0,0,0,0,0,0,0,0,0,0,0
S-595,1,18.7838,646.1831,0,0,34,1,2,0.000000,0.000000,0.000000,3.193225,3.439847,1,1,4,1,7,0,3,0,4,1,0,13,5,3
S-596,5,7.9988,591.5287,0,2,0,0,0,0.000000,1.614048,0.000000,0.000000,0.000000,0,0,0,0,0,0,0,0,0,0,0,0,0,0
S-597,1,6.4669,591.5287,0,0,0,0,0,0.000000,0.442878,0.000000,0.000000,0.077295,0,0,0,0,0,0,0,0,0,0,0,0,0,0
S-598,5,0.6419,591.5287,0,0,0,0,0,0.000000,0.040262,0.000000,0.000000,0.000000,0,0,0,0,0,0,0,0,0,0,0,0,0,0
S-599,5,7.3513,591.5287,0,0,0,0,0,0.000000,0.080523,0.000000,0.000000,0.000000,0,0,0,0,0,0,0,0,0,0,0,0,0,0
S-60,3,13.0769,737.1169,0,0,0,0,0,0.000000,0.000000,0.000000,0.000000,0.000000,0,0,0,0,0,0,0,0,0,0,0,0,0,0
S-600,5,13.2969,591.5287,0,0,0,0,0,0.000000,0.684448,0.000000,0.000000,0.215172,0,0,0,0,0,0,0,0,0,0,0,0,0,0
S-601,1,11.5556,179.1987,0,0,0,0,0,0.000000,0.000000,0.000000,0.000000,0.000000,0,0,0,0,0,0,0,0,0,0,0,0,0,0
S-602,1,9.6881,591.5287,0,0,0,0,0,0.000000,0.000000,0.000000,0.000000,0.000000,0,0,0,0,0,0,0,0,0,0,0,0,0,0
S-603,5,0.0919,591.5287,0,0,0,0,0,0.000000,0.040262,0.000000,0.000000,0.000000,0,0,0,0,0,0,0,0,0,0,0,0,0,0
S-604,1,6.1638,179.1987,0,0,0,0,0,0.000000,0.000000,0.000000,0.000000,0.000000,0,0,0,0,0,0,0,0,0,0,0,0,0,0
S-605,5,0.3319,591.5287,0,0,0,0,0,0.000000,0.040262,0.000000,0.000000,0.000000,0,0,0,0,0,0,0,0,0,0,0,0,0,0
S-606,1,8.6181,591.5287,0,0,0,0,1,0.000000,0.000000,0.000000,0.000000,0.365669,0,0,0,0,0,0,0,0,0,0,0,0,0,0
S-607,1,9.6981,591.5287,0,0,0,0,2,0.000000,1.204319,0.000000,0.000000,0.621528,0,0,0,0,0,0,0,0,0,0,0,0,0,0
S-608,3,3.3300,179.1987,0,0,0,0,0,0.000000,0.000000,0.000000,0.000000,0.000000,0,0,0,0,0,0,0,0,0,0,0,0,0,0
S-609,4,9.3225,1482.5631,1,1,0,0,1,1.880605,7.173631,0.000000,0.000000,0.502448,0,0,0,0,0,0,0,0,0,0,0,0,0,0
S-61,2,0.0819,737.1169,0,0,0,0,0,0.000000,0.000000,0.000000,0.000000,0.000000,0,0,0,0,0,0,0,0,0,0,0,0,0,0
S-610,1,7.8156,591.5287,0,0,0,0,0,0.000000,0.000000,0.000000,0.000000,0.000000,0,0,0,0,0,0,0,0,0,0,0,0,0,0
S-611,1,7.8513,1482.5631,0,1,0,0,0,0.000000,2.284568,0.000000,0.000000,0.000000,0,0,0,0,0,0,0,0,0,0,0,0,0,0
S-612,2,7.4831,179.1987,0,0,0,0,1,0.000000,1.163432,0.000000,0.000000,0.552325,0,0,0,0,0,0,0,0,0,0,0,0,0,0
S-613,1,9.6237,179.1987,0,0,0,0,0,0.000000,0.521538,0.000000,0.000000,0.000000,0,0,0,0,0,0,0,0,0,0,0,0,0,0
S-614,5,19.2288,591.5287,1,12,0,0,2,1.951398,5.145122,0.000000,0.000000,1.479818,0,0,0,0,0,0,0,0,0,0,0,0,0,0
S-615,1,26.3100,609.7862,0,0,0,0,5,0.000000,0.000000,0.000000,0.000000,9.756653,0,0,0,0,0,0,0,0,0,0,0,0,0,0
S-616,4,20.6663,646.1831,0,0,23,1,4,0.000000,0.000000,0.000000,1.267570,1.789118,1,0,2,2,5,0,4,1,0,0,1,1,9,2
S-617,4,7.6863,646.1831,0,0,0,0,1,0.000000,0.000000,0.000000,0.000000,0.280882,0,0,0,0,0,0,0,0,0,0,0,0,0,0
S-618,1,9.9944,591.5287,0,1,0,0,0,0.000000,1.178895,0.000000,0.000000,0.000000,0,0,0,0,0,0,0,0,0,0,0,0,0,0
S-619,5,9.7513,591.5287,0,0,0,0,0,0.204225,0.000000,0.000000,0.000000,0.000000,0,0,0,0,0,0,0,0,0,0,0,0,0,0
S-62,1,23.9644,1710.4256,0,0,0,0,2,0.000000,0.000000,0.000000,0.000000,0.791078,0,0,0,0,0,0,0,0,0,0,0,0,0,0
S-620,1,11.9475,591.5287,0,0,0,0,0,0.000000,0.205631,0.000000,0.000000,0.000000,0,0,0,0,0,0,0,0,0,0,0,0,0,0
S-621,5,1.2244,58.9350,0,0,0,0,0,0.000000,0.000000,0.000000,0.000000,0.000000,0,0,0,0,0,0,0,0,0,0,0,0,0,0
S-622,5,5.3181,591.5287,0,1,0,0,1,0.000000,1.519485,0.000000,0.000000,0.443584,0,0,0,0,0,0,0,0,0,0,0,0,0,0
S-623,5,12.6225,58.9350,1,0,0,0,1,1.143658,0.000000,0.000000,0.000000,0.273663,0,0,0,0,0,0,0,0,0,0,0,0,0,0
S-624,1,6.5687,591.5287,0,0,0,0,0,0.000000,0.205631,0.000000,0.000000,0.000000,0,0,0,0,0,0,0,0,0,0,0,0,0,0
S-625,3,8.7419,609.7862,0,0,50,0,1,0.000000,0.000000,0.000000,0.586184,3.049833,0,0,7,1,6,33,1,4,1,0,0,6,7,1
S-626,2,23.0569,179.1987,0,1,0,0,1,0.000000,7.863195,0.000000,0.000000,0.423801,0,0,0,0,0,0,0,0,0,0,0,0,0,0
S-627,5,3.6350,591.5287,0,4,0,0,0,0.000000,2.332443,0.000000,0.000000,0.000000,0,0,0,0,0,0,0,0,0,0,0,0,0,0
S-628,1,9.6000,623.1450,0,0,0,0,0,0.000000,0.000000,0.000000,0.000000,0.000000,0,0,0,0,0,0,0,0,0,0,0,0,0,0
S-629,1,14.1256,623.1450,0,0,0,0,1,0.000000,0.000000,0.000000,0.000000,0.736958,0,0,0,0,0,0,0,0,0,0,0,0,0,0
S-63,1,8.1669,737.1169,0,0,0,0,1,0.000000,0.000000,0.000000,0.000000,0.085279,0,0,0,0,0,0,0,0,0,0,0,0,0,0
S-630,2,3.5438,609.7862,0,0,0,0,1,0.000000,0.000000,0.000000,0.000000,5.243050,0,0,0,0,0,0,0,0,0,0,0,0,0,0
S-631,3,7.1881,623.1450,0,0,0,0,0,0.000000,0.000000,0.000000,0.000000,0.000000,0,0,0,0,0,0,0,0,0,0,0,0,0,0
S-632,5,4.3456,591.5287,0,1,0,0,0,0.000000,0.912561,0.000000,0.000000,0.000000,0,0,0,0,0,0,0,0,0,0,0,0,0,0
S-633,1,8.8806,1482.5631,0,1,0,0,0,0.000000,3.785216,0.000000,0.000000,0.000000,0,0,0,0,0,0,0,0,0,0,0,0,0,0
S-634,4,3.3906,1482.5631,0,0,0,0,0,0.000000,0.756390,0.000000,0.000000,0.000000,0,0,0,0,0,0,0,0,0,0,0,0,0,0
S-635,1,5.9031,179.1987,0,0,0,0,0,0.000000,0.200592,0.000000,0.000000,0.000000,0,0,0,0,0,0,0,0,0,0,0,0,0,0
S-636,2,8.9525,179.1987,0,0,0,0,0,0.000000,0.601775,0.000000,0.000000,0.000000,0,0,0,0,0,0,0,0,0,0,0,0,0,0
S-637,2,3.3025,179.1987,0,0,0,0,0,0.000000,0.000000,0.000000,0.000000,0.000000,0,0,0,0,0,0,0,0,0,0,0,0,0,0
S-638,1,14.5106,179.1987,0,0,0,0,0,0.857744,0.000000,0.000000,0.000000,0.000000,0,0,0,0,0,0,0,0,0,0,0,0,0,0
S-639,3,14.6512,609.7862,0,0,0,0,0,0.000000,0.000000,0.000000,0.000000,0.000000,0,0,0,0,0,0,0,0,0,0,0,0,0,0
S-64,2,23.9500,737.1169,0,0,0,0,0,0.000000,0.040736,0.000000,0.000000,0.000000,0,0,0,0,0,0,0,0,0,0,0,0,0,0
S-640,1,46.1887,179.1987,1,0,0,0,2,1.075996,0.000000,0.000000,0.000000,1.125547,0,0,0,0,0,0,0,0,0,0,0,0,0,0
S-641,1,6.4800,179.1987,0,0,0,0,0,0.000000,0.000000,0.000000,0.000000,0.000000,0,0,0,0,0,0,0,0,0,0,0,0,0,0
S-642,1,16.6369,609.7862,0,0,0,0,0,0.000000,0.000000,0.000000,0.000000,0.000000,0,0,0,0,0,0,0,0,0,0,0,0,0,0
S-643,4,0.4469,1482.5631,0,0,0,0,0,0.000000,0.359288,0.000000,0.000000,0.000000,0,0,0,0,0,0,0,0,0,0,0,0,0,0
S-644,1,9.6744,1482.5631,0,0,0,0,0,0.000000,3.383850,0.000000,0.000000,0.000000,0,0,0,0,0,0,0,0,0,0,0,0,0,0
S-645,5,14.3400,591.5287,0,8,0,0,1,0.000000,4.799388,0.000000,0.000000,0.792536,0,0,0,0,0,0,0,0,0,0,0,0,0,0
S-646,3,4.3781,623.1450,0,0,0,0,0,0.000000,0.650389,0.000000,0.000000,0.000000,0,0,0,0,0,0,0,0,0,0,0,0,0,0
S-647,1,5.4925,1482.5631,0,0,0,0,0,0.000000,0.443398,0.000000,0.000000,0.000000,0,0,0,0,0,0,0,0,0,0,0,0,0,0
S-648,4,0.6681,1482.5631,0,0,0,0,0,0.000000,0.479217,0.000000,0.000000,0.000000,0,0,0,0,0,0,0,0,0,0,0,0,0,0
S-649,1,86.1850,248.1375,0,1,22,1,5,0.000000,0.150150,0.000000,0.641575,2.732828,2,0,1,0,5,1,5,0,0,1,1,3,5,0
S-65,1,8.9244,1710.4256,0,1,0,0,0,0.000000,2.240846,0.000000,0.000000,0.000000,0,0,0,0,0,0,0,0,0,0,0,0,0,0
S-650,1,81.7969,623.1450,0,3,0,0,2,0.000000,7.215563,0.000000,0.000000,0.552348,0,0,0,0,0,0,0,0,0,0,0,0,0,0
S-651,1,14.0425,1482.5631,0,0,0,0,0,0.000000,0.564324,0.000000,0.000000,0.000000,0,0,0,0,0,0,0,0,0,0,0,0,0,0
S-652,1,5.7538,609.7862,0,0,0,0,0,0.000000,0.000000,0.000000,0.000000,0.000000,0,0,0,0,0,0,0,0,0,0,0,0,0,0
S-653,1,17.3331,26.6781,0,0,0,0,0,0.000000,0.000000,0.000000,0.000000,0.039282,0,0,0,0,0,0,0,0,0,0,0,0,0,0
S-654,4,1.7488,1482.5631,0,0,0,0,0,0.000000,0.560333,0.000000,0.000000,0.000000,0,0,0,0,0,0,0,0,0,0,0,0,0,0
S-655,5,15.0381,591.5287,0,9,0,0,1,0.000000,6.963016,0.000000,0.000000,0.252331,0,0,0,0,0,0,0,0,0,0,0,0,0,0
S-656,3,3.9613,248.1375,0,1,0,0,0,0.000000,3.113910,0.000000,0.000000,0.000000,0,0,0,0,0,0,0,0,0,0,0,0,0,0
S-657,1,9.6888,609.7862,0,0,0,0,0,0.000000,0.000000,0.000000,0.000000,0.000000,0,0,0,0,0,0,0,0,0,0,0,0,0,0
S-658,1,10.1394,609.7862,0,0,0,0,1,0.000000,0.000000,0.000000,0.000000,0.706745,0,0,0,0,0,0,0,0,0,0,0,0,0,0
S-659,3,8.2256,609.7862,0,0,0,0,0,0.000000,0.000000,0.000000,0.000000,0.285542,0,0,0,0,0,0,0,0,0,0,0,0,0,0
S-66,2,4.8700,1710.4256,0,0,0,0,0,0.000000,0.000000,0.000000,0.000000,0.000000,0,0,0,0,0,0,0,0,0,0,0,0,0,0
S-660,3,6.8344,623.1450,0,0,0,0,0,0.000000,0.203247,0.000000,0.000000,0.000000,0,0,0,0,0,0,0,0,0,0,0,0,0,0
S-661,1,5.3863,1482.5631,0,0,0,0,1,0.000000,0.322471,0.000000,0.000000,0.255156,0,0,0,0,0,0,0,0,0,0,0,0,0,0
S-662,4,5.8894,1482.5631,0,0,0,0,1,0.000000,3.436132,0.000000,0.000000,0.255156,0,0,0,0,0,0,0,0,0,0,0,0,0,0
S-663,1,5.4856,26.6781,0,0,1,0,0,0.000000,0.000000,0.000000,0.000000,0.000000,0,0,0,0,1,0,0,0,0,0,0,0,0,0
S-664,4,0.7231,58.9350,0,0,0,0,0,0.000000,0.000000,0.000000,0.000000,0.000000,0,0,0,0,0,0,0,0,0,0,0,0,0,0
S-665,2,3.8594,26.6781,0,0,12,0,2,0.000000,0.000000,0.000000,1.037102,2.070433,1,0,3,1,2,0,0,0,1,0,0,2,3,2
S-666,4,0.7269,58.9350,0,0,0,0,0,0.000000,0.033123,0.000000,0.000000,0.000000,0,0,0,0,0,0,0,0,0,0,0,0,0,0
S-667,1,9.6981,58.9350,0,1,0,0,1,0.000000,0.529969,0.000000,0.000000,0.275742,0,0,0,0,0,0,0,0,0,0,0,0,0,0
S-668,1,5.6581,609.7862,0,0,0,0,0,0.000000,0.000000,0.000000,0.000000,0.000000,0,0,0,0,0,0,0,0,0,0,0,0,0,0
S-669,4,5.8944,58.9350,0,0,0,0,0,0.000000,0.000000,0.000000,0.000000,0.510669,0,0,0,0,0,0,0,0,0,0,0,0,0,0
S-67,1,21.0969,737.1169,0,0,0,0,0,0.000000,0.000000,0.000000,0.000000,0.000000,0,0,0,0,0,0,0,0,0,0,0,0,0,0
S-670,1,11.6381,248.1375,0,0,0,0,0,0.000000,0.000000,0.000000,0.000000,0.000000,0,0,0,0,0,0,0,0,0,0,0,0,0,0
S-671,1,6.5213,107.7025,0,0,0,0,0,0.000000,1.169027,0.000000,0.000000,0.000000,0,0,0,0,0,0,0,0,0,0,0,0,0,0
S-672,2,2.1206,248.1375,0,0,0,0,1,0.000000,0.000000,0.000000,0.000000,0.270733,0,0,0,0,0,0,0,0,0,0,0,0,0,0
S-673,1,6.3344,248.1375,0,0,0,0,0,0.000000,0.000000,0.000000,0.000000,0.000000,0,0,0,0,0,0,0,0,0,0,0,0,0,0
S-674,3,11.2012,609.7862,0,0,0,0,1,0.000000,0.000000,0.000000,0.000000,0.367125,0,0,0,0,0,0,0,0,0,0,0,0,0,0
S-675,2,10.1500,248.1375,0,0,0,0,0,0.000000,0.000000,0.000000,0.000000,0.074487,0,0,0,0,0,0,0,0,0,0,0,0,0,0
S-676,1,8.1613,248.1375,0,0,0,0,0,0.000000,0.000000,0.000000,0.000000,0.000000,0,0,0,0,0,0,0,0,0,0,0,0,0,0
S-677,3,14.2713,623.1450,0,0,0,0,0,0.000000,1.178831,0.000000,0.000000,0.132555,0,0,0,0,0,0,0,0,0,0,0,0,0,0
S-678,2,0.4681,107.7025,0,0,0,0,0,0.000000,0.517079,0.000000,0.000000,0.000000,0,0,0,0,0,0,0,0,0,0,0,0,0,0
S-679,5,10.8919,591.5287,0,5,0,0,1,0.000000,6.173224,0.000000,0.000000,0.255499,0,0,0,0,0,0,0,0,0,0,0,0,0,0
S-68,1,10.2581,737.1169,0,0,0,0,0,0.000000,0.000000,0.000000,0.000000,0.000000,0,0,0,0,0,0,0,0,0,0,0,0,0,0
S-680,1,10.8994,1482.5631,0,0,0,0,1,0.000000,0.564324,0.000000,0.000000,0.435589,0,0,0,0,0,0,0,0,0,0,0,0,0,0
S-681,4,15.6013,1482.5631,0,0,0,0,4,0.000000,2.485222,0.000000,0.000000,1.002702,0,0,0,0,0,0,0,0,0,0,0,0,0,0
S-682,2,19.7862,623.1450,0,0,0,0,1,0.000000,0.000000,0.000000,0.000000,0.359548,0,0,0,0,0,0,0,0,0,0,0,0,0,0
S-683,1,8.4325,248.1375,0,0,0,0,0,0.000000,1.374044,0.000000,0.000000,0.000000,0,0,0,0,0,0,0,0,0,0,0,0,0,0
S-684,2,14.7737,248.1375,0,0,0,0,1,0.000000,0.000000,0.000000,0.000000,0.186217,0,0,0,0,0,0,0,0,0,0,0,0,0,0
S-685,3,5.9588,609.7862,0,0,0,0,0,0.000000,0.251315,0.000000,0.000000,0.000000,0,0,0,0,0,0,0,0,0,0,0,0,0,0
S-686,3,0.6075,609.7862,0,0,0,0,0,0.000000,0.125658,0.000000,0.000000,0.000000,0,0,0,0,0,0,0,0,0,0,0,0,0,0
S-687,3,20.2338,609.7862,0,0,0,0,1,0.000000,0.000000,0.000000,0.000000,1.492725,0,0,0,0,0,0,0,0,0,0,0,0,0,0
S-688,1,5.4962,609.7862,0,0,0,0,0,0.000000,0.000000,0.000000,0.000000,0.000000,0,0,0,0,0,0,0,0,0,0,0,0,0,0
S-689,3,1.5844,609.7862,0,0,0,0,0,0.000000,0.000000,0.000000,0.000000,0.000000,0,0,0,0,0,0,0,0,0,0,0,0,0,0
S-69,1,5.4869,1710.4256,0,0,0,0,0,0.000000,0.000000,0.000000,0.000000,0.000000,0,0,0,0,0,0,0,0,0,0,0,0,0,0
S-690,3,0.3337,609.7862,0,0,0,0,0,0.000000,0.000000,0.000000,0.000000,0.000000,0,0,0,0,0,0,0,0,0,0,0,0,0,0
S-691,1,7.8925,609.7862,0,0,0,0,0,0.000000,0.000000,0.000000,0.000000,0.000000,0,0,0,0,0,0,0,0,0,0,0,0,0,0
S-692,1,35.8638,623.1450,0,0,0,0,1,0.000000,0.000000,0.000000,0.000000,0.305695,0,0,0,0,0,0,0,0,0,0,0,0,0,0
S-693,3,7.9719,103.9813,0,0,0,0,0,0.000000,0.000000,0.000000,0.000000,0.000000,0,0,0,0,0,0,0,0,0,0,0,0,0,0
S-694,3,3.0525,248.1375,0,0,0,0,0,0.000000,5.882850,0.000000,0.000000,0.000000,0,0,0,0,0,0,0,0,0,0,0,0,0,0
S-695,1,5.3619,623.1450,0,0,0,0,0,0.000000,0.000000,0.000000,0.000000,0.000000,0,0,0,0,0,0,0,0,0,0,0,0,0,0
S-696,3,3.0206,609.7862,0,0,0,0,0,0.000000,0.586402,0.000000,0.000000,0.000000,0,0,0,0,0,0,0,0,0,0,0,0,0,0
S-697,3,3.4644,248.1375,0,2,0,0,0,0.000000,2.428478,0.000000,0.000000,0.000000,0,0,0,0,0,0,0,0,0,0,0,0,0,0
S-698,3,0.8250,609.7862,0,0,0,0,0,0.000000,0.209429,0.000000,0.000000,0.000000,0,0,0,0,0,0,0,0,0,0,0,0,0,0
S-699,3,3.5562,248.1375,0,0,0,0,1,0.000000,0.041104,0.000000,0.000000,0.257490,0,0,0,0,0,0,0,0,0,0,0,0,0,0
S-70,1,8.7944,650.1094,0,0,0,0,0,0.000000,0.000000,0.000000,0.000000,0.000000,0,0,0,0,0,0,0,0,0,0,0,0,0,0
S-700,1,10.7281,609.7862,0,1,0,0,1,0.000000,0.712059,0.000000,0.000000,0.427995,0,0,0,0,0,0,0,0,0,0,0,0,0,0
S-701,1,7.7588,609.7862,0,0,0,0,0,0.000000,0.000000,0.000000,0.000000,0.000000,0,0,0,0,0,0,0,0,0,0,0,0,0,0
S-702,1,17.6462,248.1375,0,0,0,0,1,0.000000,0.000000,0.000000,0.000000,0.540742,0,0,0,0,0,0,0,0,0,0,0,0,0,0
S-703,2,7.5113,107.7025,0,1,0,0,1,0.000000,11.079608,0.000000,0.000000,0.282688,0,0,0,0,0,0,0,0,0,0,0,0,0,0
S-704,1,12.3006,591.5287,0,0,0,0,0,0.000000,8.352815,0.000000,0.000000,0.000000,0,0,0,0,0,0,0,0,0,0,0,0,0,0
S-705,1,7.9906,623.1450,0,0,0,0,1,0.000000,0.000000,0.000000,0.000000,0.242247,0,0,0,0,0,0,0,0,0,0,0,0,0,0
S-706,5,4.5225,591.5287,0,1,0,0,1,0.000000,6.159590,0.000000,0.000000,0.561233,0,0,0,0,0,0,0,0,0,0,0,0,0,0
S-707,3,6.5375,623.1450,0,0,0,0,3,0.000000,0.041595,0.000000,0.000000,0.238833,0,0,0,0,0,0,0,0,0,0,0,0,0,0
S-708,4,7.9688,1482.5631,0,0,0,0,2,0.000000,5.855058,0.000000,0.000000,1.094044,0,0,0,0,0,0,0,0,0,0,0,0,0,0
S-709,1,10.7387,1482.5631,0,0,0,0,0,0.000000,3.288457,0.000000,0.000000,0.000000,0,0,0,0,0,0,0,0,0,0,0,0,0,0
S-71,1,10.5894,650.1094,0,0,0,0,0,0.000000,0.000000,0.000000,0.000000,0.000000,0,0,0,0,0,0,0,0,0,0,0,0,0,0
S-710,1,5.4881,107.7025,0,0,0,0,0,0.000000,0.598543,0.000000,0.000000,0.000000,0,0,0,0,0,0,0,0,0,0,0,0,0,0
S-711,1,18.9438,1482.5631,0,0,15,0,0,0.000000,0.000000,0.000000,0.342173,0.342123,4,0,0,0,3,0,6,1,3,0,1,2,0,0
S-712,3,15.2281,103.9813,0,0,0,0,1,0.000000,0.000000,0.000000,0.000000,0.596380,0,0,0,0,0,0,0,0,0,0,0,0,0,0
S-713,1,5.4025,103.9813,0,0,0,0,0,0.000000,0.000000,0.000000,0.000000,0.000000,0,0,0,0,0,0,0,0,0,0,0,0,0,0
S-714,5,17.2638,591.5287,0,5,0,0,3,0.000000,15.073088,0.000000,0.000000,1.366315,0,0,0,0,0,0,0,0,0,0,0,0,0,0
S-715,1,14.4900,623.1450,0,0,0,0,0,0.000000,0.000000,0.000000,0.000000,0.000000,0,0,0,0,0,0,0,0,0,0,0,0,0,0
S-716,3,1.0281,623.1450,0,0,0,0,0,0.000000,0.332761,0.000000,0.000000,0.000000,0,0,0,0,0,0,0,0,0,0,0,0,0,0
S-717,2,26.5775,248.1375,0,5,0,0,2,0.000000,3.544660,0.000000,0.000000,0.425922,0,0,0,0,0,0,0,0,0,0,0,0,0,0
S-718,2,3.2437,1482.5631,0,0,0,0,1,0.000000,0.000000,0.000000,0.000000,0.303089,0,0,0,0,0,0,0,0,0,0,0,0,0,0
S-719,1,7.9694,1482.5631,0,0,0,0,0,0.000000,0.000000,0.000000,0.000000,0.000000,0,0,0,0,0,0,0,0,0,0,0,0,0,0
S-72,2,5.2663,1710.4256,0,0,0,0,0,0.000000,0.349592,0.000000,0.000000,0.000000,0,0,0,0,0,0,0,0,0,0,0,0,0,0
S-720,1,8.6219,103.9813,0,0,0,0,0,0.000000,0.000000,0.000000,0.000000,0.049779,0,0,0,0,0,0,0,0,0,0,0,0,0,0
S-721,3,0.2150,623.1450,0,0,0,0,0,0.000000,0.372805,0.000000,0.000000,0.000000,0,0,0,0,0,0,0,0,0,0,0,0,0,0
S-722,1,5.6831,623.1450,0,0,0,0,0,0.000000,0.000000,0.000000,0.000000,0.000000,0,0,0,0,0,0,0,0,0,0,0,0,0,0
S-723,1,22.2838,248.1375,0,2,0,0,1,0.000000,3.768949,0.000000,0.000000,0.496251,0,0,0,0,0,0,0,0,0,0,0,0,0,0
S-724,4,0.1437,1482.5631,0,0,0,0,0,0.000000,0.561444,0.000000,0.000000,0.000000,0,0,0,0,0,0,0,0,0,0,0,0,0,0
S-725,1,25.6194,623.1450,0,2,0,0,1,0.000000,1.913102,0.000000,0.000000,0.170444,0,0,0,0,0,0,0,0,0,0,0,0,0,0
S-726,3,1.9575,1482.5631,0,0,0,0,0,0.000000,3.128045,0.000000,0.000000,0.000000,0,0,0,0,0,0,0,0,0,0,0,0,0,0
S-727,1,7.1419,1482.5631,0,0,0,0,0,0.000000,2.165570,0.000000,0.000000,0.000000,0,0,0,0,0,0,0,0,0,0,0,0,0,0
S-728,2,41.7606,107.7025,0,4,0,0,1,0.000000,22.189583,0.000000,0.000000,1.083690,0,0,0,0,0,0,0,0,0,0,0,0,0,0
S-729,3,12.1781,1482.5631,0,0,0,0,0,0.000000,0.000000,0.000000,0.000000,0.000000,0,0,0,0,0,0,0,0,0,0,0,0,0,0
S-73,1,10.1044,1710.4256,0,0,0,0,0,0.000000,0.000000,0.000000,0.000000,0.000000,0,0,0,0,0,0,0,0,0,0,0,0,0,0
S-730,3,21.8644,68.3750,0,0,0,0,2,0.000000,9.677274,0.000000,0.000000,4.618132,0,0,0,0,0,0,0,0,0,0,0,0,0,0
S-731,4,0.0238,1482.5631,0,0,0,0,0,0.000000,0.080207,0.000000,0.000000,0.000000,0,0,0,0,0,0,0,0,0,0,0,0,0,0
S-732,1,8.2019,1482.5631,0,0,0,0,0,0.000000,4.651964,0.000000,0.000000,0.000000,0,0,0,0,0,0,0,0,0,0,0,0,0,0
S-733,1,11.9512,103.9813,0,0,0,0,1,0.000000,0.000000,0.000000,0.000000,0.199116,0,0,0,0,0,0,0,0,0,0,0,0,0,0
S-734,1,40.3638,623.1450,0,0,0,0,1,0.000000,0.000000,0.000000,0.000000,1.227169,0,0,0,0,0,0,0,0,0,0,0,0,0,0
S-735,4,4.6406,1482.5631,0,0,0,0,0,0.000000,3.849902,0.000000,0.000000,0.000000,0,0,0,0,0,0,0,0,0,0,0,0,0,0
S-736,2,5.4988,103.9813,0,0,0,0,0,0.000000,0.000000,0.000000,0.000000,0.000000,0,0,0,0,0,0,0,0,0,0,0,0,0,0
S-737,1,5.3994,248.1375,0,0,0,0,0,0.000000,0.158594,0.000000,0.000000,0.000000,0,0,0,0,0,0,0,0,0,0,0,0,0,0
S-738,1,5.8144,623.1450,0,0,0,0,1,0.000000,0.000000,0.000000,0.000000,0.282579,0,0,0,0,0,0,0,0,0,0,0,0,0,0
S-739,1,14.4006,248.1375,0,0,0,0,1,0.000000,0.079297,0.000000,0.000000,0.303296,0,0,0,0,0,0,0,0,0,0,0,0,0,0
S-74,3,1.0144,737.1169,0,0,0,0,0,0.000000,0.000000,0.000000,0.000000,0.000000,0,0,0,0,0,0,0,0,0,0,0,0,0,0
S-740,5,6.1387,591.5287,0,0,0,0,1,0.000000,3.246533,0.000000,0.000000,0.365771,0,0,0,0,0,0,0,0,0,0,0,0,0,0
S-741,1,14.9456,1482.5631,0,0,0,0,1,0.000000,0.000000,0.000000,0.000000,0.221398,0,0,0,0,0,0,0,0,0,0,0,0,0,0
S-742,1,6.9906,591.5287,0,2,0,0,1,0.000000,9.010638,0.000000,0.000000,0.224417,0,0,0,0,0,0,0,0,0,0,0,0,0,0
S-743,3,6.5781,623.1450,0,0,0,0,0,0.000000,0.987428,0.000000,0.000000,0.000000,0,0,0,0,0,0,0,0,0,0,0,0,0,0
S-744,2,10.4556,623.1450,0,0,0,0,0,0.000000,0.000000,0.000000,0.000000,0.105967,0,0,0,0,0,0,0,0,0,0,0,0,0,0
S-745,2,0.6887,103.9813,0,0,0,0,0,0.000000,0.000000,0.000000,0.000000,0.000000,0,0,0,0,0,0,0,0,0,0,0,0,0,0
S-746,1,17.4781,1482.5631,0,1,0,0,1,0.000000,1.091075,0.000000,0.000000,0.271423,0,0,0,0,0,0,0,0,0,0,0,0,0,0
S-747,3,1.3106,623.1450,0,0,0,0,0,0.000000,0.166380,0.000000,0.000000,0.000000,0,0,0,0,0,0,0,0,0,0,0,0,0,0
S-748,4,13.1713,1482.5631,0,0,0,0,0,0.000000,8.742485,0.000000,0.000000,0.000000,0,0,0,0,0,0,0,0,0,0,0,0,0,0
S-749,3,1.0175,1482.5631,0,0,0,0,0,0.000000,1.764539,0.000000,0.000000,0.000000,0,0,0,0,0,0,0,0,0,0,0,0,0,0
S-75,1,6.5094,1710.4256,0,0,0,0,1,0.000000,0.000000,0.000000,0.000000,0.288446,0,0,0,0,0,0,0,0,0,0,0,0,0,0
S-750,1,5.5744,591.5287,0,0,0,0,0,0.000000,2.531376,0.000000,0.000000,0.000000,0,0,0,0,0,0,0,0,0,0,0,0,0,0
S-751,2,9.8712,1482.5631,0,0,0,0,1,0.000000,0.000000,0.000000,0.000000,0.307572,0,0,0,0,0,0,0,0,0,0,0,0,0,0
S-752,1,17.4325,103.9813,0,0,0,0,0,0.000000,0.000000,0.000000,0.000000,0.000000,0,0,0,0,0,0,0,0,0,0,0,0,0,0
S-753,2,11.6231,103.9813,0,0,0,0,0,0.000000,0.000000,0.000000,0.000000,0.000000,0,0,0,0,0,0,0,0,0,0,0,0,0,0
S-754,2,6.9988,68.3750,0,0,0,0,1,0.000000,1.351263,0.000000,0.000000,0.214506,0,0,0,0,0,0,0,0,0,0,0,0,0,0
S-755,1,7.7125,591.5287,0,1,0,0,2,0.000000,6.891451,0.000000,0.000000,0.242771,0,0,0,0,0,0,0,0,0,0,0,0,0,0
S-756,2,1.5263,591.5287,0,3,0,0,0,0.000000,5.451318,0.000000,0.000000,0.000000,0,0,0,0,0,0,0,0,0,0,0,0,0,0
S-757,1,5.8244,68.3750,0,0,0,0,0,0.000000,0.000000,0.000000,0.000000,0.000000,0,0,0,0,0,0,0,0,0,0,0,0,0,0
S-758,1,6.1681,1482.5631,0,0,0,0,0,0.000000,3.047839,0.000000,0.000000,0.000000,0,0,0,0,0,0,0,0,0,0,0,0,0,0
S-759,1,12.4425,623.1450,0,0,0,0,0,0.000000,0.040689,0.000000,0.000000,0.000000,0,0,0,0,0,0,0,0,0,0,0,0,0,0
S-76,1,14.9744,650.1094,0,4,0,0,0,0.000000,3.226858,0.000000,0.000000,0.000000,0,0,0,0,0,0,0,0,0,0,0,0,0,0
S-760,1,34.4862,34.4844,0,3,0,0,2,0.000000,11.667739,0.000000,0.000000,0.636846,0,0,0,0,0,0,0,0,0,0,0,0,0,0
S-761,1,5.5369,68.3750,0,1,0,0,0,0.000000,0.470716,0.000000,0.000000,0.000000,0,0,0,0,0,0,0,0,0,0,0,0,0,0
S-762,2,2.7881,1482.5631,0,0,0,0,0,0.000000,0.000000,0.000000,0.000000,0.000000,0,0,0,0,0,0,0,0,0,0,0,0,0,0
S-763,2,3.0050,1482.5631,0,0,0,0,0,0.000000,4.090521,0.000000,0.000000,0.000000,0,0,0,0,0,0,0,0,0,0,0,0,0,0
S-764,2,0.0325,1482.5631,0,0,0,0,0,0.000000,0.000000,0.000000,0.000000,0.000000,0,0,0,0,0,0,0,0,0,0,0,0,0,0
S-765,5,8.6669,591.5287,0,0,0,0,0,0.000000,3.008108,0.000000,0.000000,0.109731,0,0,0,0,0,0,0,0,0,0,0,0,0,0
S-766,2,15.9350,68.3750,0,1,0,0,0,0.000000,0.794366,0.000000,0.000000,0.107253,0,0,0,0,0,0,0,0,0,0,0,0,0,0
S-767,1,6.5412,1482.5631,0,0,0,0,0,0.000000,3.288457,0.000000,0.000000,0.103299,0,0,0,0,0,0,0,0,0,0,0,0,0,0
S-768,2,2.6300,107.7025,0,0,0,0,0,0.000000,0.040273,0.000000,0.000000,0.000000,0,0,0,0,0,0,0,0,0,0,0,0,0,0
S-769,1,14.0856,1482.5631,0,0,0,0,2,0.000000,0.000000,0.000000,0.000000,0.683267,0,0,0,0,0,0,0,0,0,0,0,0,0,0
S-77,2,7.0456,1710.4256,0,0,0,0,0,0.000000,0.000000,0.000000,0.000000,0.000000,0,0,0,0,0,0,0,0,0,0,0,0,0,0
S-770,1,9.3681,107.7025,0,1,0,0,1,0.000000,0.415567,0.000000,0.000000,0.434304,0,0,0,0,0,0,0,0,0,0,0,0,0,0
S-771,1,10.1544,1482.5631,0,0,0,0,0,0.000000,0.000000,0.000000,0.000000,0.000000,0,0,0,0,0,0,0,0,0,0,0,0,0,0
S-772,3,7.1594,623.1450,0,1,0,0,0,0.000000,1.302063,0.000000,0.000000,0.000000,0,0,0,0,0,0,0,0,0,0,0,0,0,0
S-773,2,1.3300,107.7025,0,0,0,0,1,0.000000,0.563822,0.000000,0.000000,0.149475,0,0,0,0,0,0,0,0,0,0,0,0,0,0
S-774,1,6.2412,107.7025,0,0,0,0,1,0.000000,0.000000,0.000000,0.000000,0.149475,0,0,0,0,0,0,0,0,0,0,0,0,0,0
S-775,2,28.6656,90.1644,0,5,0,0,0,0.000000,19.506077,0.000000,0.000000,0.164351,0,0,0,0,0,0,0,0,0,0,0,0,0,0
S-776,1,10.2031,1482.5631,0,0,0,0,1,0.000000,8.501866,0.000000,0.000000,0.154949,0,0,0,0,0,0,0,0,0,0,0,0,0,0
S-777,1,6.5450,1482.5631,0,0,0,0,0,0.000000,2.325982,0.000000,0.000000,0.000000,0,0,0,0,0,0,0,0,0,0,0,0,0,0
S-778,5,0.0675,591.5287,0,0,0,0,0,0.000000,0.000000,0.000000,0.000000,0.000000,0,0,0,0,0,0,0,0,0,0,0,0,0,0
S-779,5,3.2525,591.5287,0,0,0,0,0,0.000000,0.120146,0.000000,0.000000,0.084882,0,0,0,0,0,0,0,0,0,0,0,0,0,0
S-78,3,17.7037,1710.4256,0,0,0,0,1,0.000000,0.000000,0.000000,0.000000,0.289479,0,0,0,0,0,0,0,0,0,0,0,0,0,0
S-780,1,5.3850,591.5287,0,0,0,0,0,0.000000,0.240291,0.000000,0.000000,0.042441,0,0,0,0,0,0,0,0,0,0,0,0,0,0
S-781,1,7.9800,591.5287,1,5,0,0,1,0.163432,11.549858,0.000000,0.000000,0.232726,0,0,0,0,0,0,0,0,0,0,0,0,0,0
S-782,1,5.3563,103.9813,0,0,0,0,0,0.000000,0.000000,0.000000,0.000000,0.000000,0,0,0,0,0,0,0,0,0,0,0,0,0,0
S-783,1,14.2063,103.9813,0,0,0,0,2,0.000000,0.000000,0.000000,0.000000,0.213943,0,0,0,0,0,0,0,0,0,0,0,0,0,0
S-784,5,11.3438,591.5287,0,0,0,0,1,0.000000,6.042837,0.000000,0.000000,0.127324,0,0,0,0,0,0,0,0,0,0,0,0,0,0
S-785,1,12.8531,623.1450,0,0,0,0,1,0.000000,0.000000,0.000000,0.000000,0.172620,0,0,0,0,0,0,0,0,0,0,0,0,0,0
S-786,1,15.0250,107.7025,0,3,0,0,1,0.000000,2.192056,0.000000,0.000000,0.316234,0,0,0,0,0,0,0,0,0,0,0,0,0,0
S-787,1,11.3644,107.7025,0,0,0,0,0,0.000000,0.364237,0.000000,0.000000,0.112106,0,0,0,0,0,0,0,0,0,0,0,0,0,0
S-788,4,5.3231,1482.5631,0,0,0,0,0,0.000000,4.170726,0.000000,0.000000,0.000000,0,0,0,0,0,0,0,0,0,0,0,0,0,0
S-789,1,6.4025,623.1450,0,0,0,0,1,0.000000,0.000000,0.000000,0.000000,0.250267,0,0,0,0,0,0,0,0,0,0,0,0,0,0
S-79,1,10.9075,1710.4256,0,0,0,0,0,0.000000,0.000000,0.000000,0.000000,0.000000,0,0,0,0,0,0,0,0,0,0,0,0,0,0
S-790,3,0.9244,623.1450,0,0,0,0,0,0.000000,0.000000,0.000000,0.000000,0.000000,0,0,0,0,0,0,0,0,0,0,0,0,0,0
S-791,1,6.3275,623.1450,0,0,0,0,0,0.000000,0.000000,0.000000,0.000000,0.000000,0,0,0,0,0,0,0,0,0,0,0,0,0,0
S-792,1,39.0019,1482.5631,0,1,0,0,3,0.000000,1.702267,0.000000,0.000000,1.027940,0,0,0,0,0,0,0,0,0,0,0,0,0,0
S-793,1,15.3469,1482.5631,0,0,0,0,0,0.000000,1.604125,0.000000,0.000000,0.000000,0,0,0,0,0,0,0,0,0,0,0,0,0,0
S-794,2,17.1281,623.1450,0,0,0,0,1,0.000000,0.000000,0.000000,0.000000,0.322568,0,0,0,0,0,0,0,0,0,0,0,0,0,0
S-795,2,5.7806,623.1450,0,0,0,0,0,0.000000,0.000000,0.000000,0.000000,0.000000,0,0,0,0,0,0,0,0,0,0,0,0,0,0
S-796,3,7.4594,623.1450,0,0,0,0,0,0.000000,0.000000,0.000000,0.000000,0.080642,0,0,0,0,0,0,0,0,0,0,0,0,0,0
S-797,2,24.1844,623.1450,0,3,0,0,1,0.000000,3.154002,0.000000,0.000000,0.813099,0,0,0,0,0,0,0,0,0,0,0,0,0,0
S-798,1,6.3969,68.3750,0,0,0,0,0,0.000000,0.000000,0.000000,0.000000,0.000000,0,0,0,0,0,0,0,0,0,0,0,0,0,0
S-799,1,5.8187,68.3750,0,0,0,0,0,0.000000,0.000000,0.000000,0.000000,0.000000,0,0,0,0,0,0,0,0,0,0,0,0,0,0
S-80,1,24.7338,650.1094,0,1,0,0,1,0.000000,0.639692,0.000000,0.000000,0.295544,0,0,0,0,0,0,0,0,0,0,0,0,0,0
S-800,4,10.2881,1482.5631,0,0,0,0,1,0.000000,6.256090,0.000000,0.000000,0.274996,0,0,0,0,0,0,0,0,0,0,0,0,0,0
S-801,1,7.2925,623.1450,0,4,0,0,0,0.000000,1.256894,0.000000,0.000000,0.000000,0,0,0,0,0,0,0,0,0,0,0,0,0,0
S-802,1,8.1556,90.1644,0,0,0,0,1,0.000000,0.000000,0.000000,0.000000,0.333223,0,0,0,0,0,0,0,0,0,0,0,0,0,0
S-803,1,7.0800,90.1644,0,10,0,0,1,0.000000,0.736667,0.000000,0.000000,0.534142,0,0,0,0,0,0,0,0,0,0,0,0,0,0
S-804,1,13.1369,591.5287,0,1,0,0,0,0.000000,5.535784,0.000000,0.000000,0.000000,0,0,0,0,0,0,0,0,0,0,0,0,0,0
S-805,2,21.9394,623.1450,0,0,0,0,1,0.000000,0.000000,0.000000,0.000000,0.376104,0,0,0,0,0,0,0,0,0,0,0,0,0,0
S-806,1,9.5075,90.1644,0,0,0,0,0,0.000000,0.721128,0.000000,0.000000,0.000000,0,0,0,0,0,0,0,0,0,0,0,0,0,0
S-807,2,6.5681,90.1644,0,1,0,0,1,0.000000,1.041629,0.000000,0.000000,0.363196,0,0,0,0,0,0,0,0,0,0,0,0,0,0
S-808,2,2.8244,20.2225,0,0,0,0,0,0.000000,2.560612,0.000000,0.000000,0.000000,0,0,0,0,0,0,0,0,0,0,0,0,0,0
S-809,1,7.2725,20.2225,0,0,0,0,0,0.356054,5.847081,0.000000,0.000000,0.000000,0,0,0,0,0,0,0,0,0,0,0,0,0,0
S-81,1,9.8319,457.1144,0,0,0,0,0,0.000000,0.000000,0.000000,0.000000,0.000000,0,0,0,0,0,0,0,0,0,0,0,0,0,0
S-810,1,10.1256,20.2225,1,0,0,0,0,1.147284,8.450234,0.000000,0.000000,0.000000,0,0,0,0,0,0,0,0,0,0,0,0,0,0
S-811,1,10.7438,1482.5631,0,0,0,0,1,0.000000,0.000000,0.000000,0.000000,0.443175,0,0,0,0,0,0,0,0,0,0,0,0,0,0
S-812,2,14.2944,90.1644,0,0,0,0,0,0.000000,0.280340,0.000000,0.000000,0.045399,0,0,0,0,0,0,0,0,0,0,0,0,0,0
S-813,2,20.3225,1482.5631,0,0,0,0,2,0.000000,17.244352,0.000000,0.000000,0.592028,0,0,0,0,0,0,0,0,0,0,0,0,0,0
S-814,5,1.1506,591.5287,0,0,0,0,0,0.000000,0.079765,0.000000,0.000000,0.000000,0,0,0,0,0,0,0,0,0,0,0,0,0,0
S-815,2,39.6825,623.1450,0,2,0,0,3,0.000000,4.976080,0.000000,0.000000,1.125250,0,0,0,0,0,0,0,0,0,0,0,0,0,0
S-816,1,7.3625,623.1450,0,2,0,0,1,0.000000,1.199677,0.000000,0.000000,0.486415,0,0,0,0,0,0,0,0,0,0,0,0,0,0
S-817,2,9.0131,623.1450,0,0,0,0,0,0.000000,1.466327,0.000000,0.000000,0.000000,0,0,0,0,0,0,0,0,0,0,0,0,0,0
S-818,5,1.7175,591.5287,0,0,0,0,0,0.000000,0.479087,0.000000,0.000000,0.000000,0,0,0,0,0,0,0,0,0,0,0,0,0,0
S-819,5,1.7650,591.5287,0,0,0,0,0,0.000000,1.870461,0.000000,0.000000,0.000000,0,0,0,0,0,0,0,0,0,0,0,0,0,0
S-82,3,4.9394,737.1169,0,0,0,0,0,0.000000,0.000000,0.000000,0.000000,0.000000,0,0,0,0,0,0,0,0,0,0,0,0,0,0
S-820,1,7.0987,1482.5631,0,0,0,0,0,0.000000,0.000000,0.000000,0.000000,0.000000,0,0,0,0,0,0,0,0,0,0,0,0,0,0
S-821,1,6.7006,1482.5631,0,0,0,0,0,0.000000,6.175884,0.000000,0.000000,0.000000,0,0,0,0,0,0,0,0,0,0,0,0,0,0
S-822,4,0.1625,1482.5631,0,0,0,0,0,0.000000,0.080207,0.000000,0.000000,0.000000,0,0,0,0,0,0,0,0,0,0,0,0,0,0
S-823,1,15.8931,90.1644,0,0,0,0,0,0.000000,0.000000,0.000000,0.000000,0.000000,0,0,0,0,0,0,0,0,0,0,0,0,0,0
S-824,1,7.5812,1482.5631,0,0,0,0,0,0.000000,1.844744,0.000000,0.000000,0.000000,0,0,0,0,0,0,0,0,0,0,0,0,0,0
S-825,4,0.5319,1482.5631,0,0,0,0,0,0.000000,0.882269,0.000000,0.000000,0.000000,0,0,0,0,0,0,0,0,0,0,0,0,0,0
S-826,1,12.3281,1482.5631,0,1,0,0,0,0.000000,0.900607,0.000000,0.000000,0.000000,0,0,0,0,0,0,0,0,0,0,0,0,0,0
S-827,1,8.1044,591.5287,0,0,0,0,0,0.000000,3.208760,0.000000,0.000000,0.000000,0,0,0,0,0,0,0,0,0,0,0,0,0,0
S-828,5,0.5844,591.5287,0,0,0,0,0,0.000000,0.517668,0.000000,0.000000,0.000000,0,0,0,0,0,0,0,0,0,0,0,0,0,0
S-829,1,8.1575,1482.5631,0,0,0,0,1,0.000000,0.000000,0.000000,0.000000,0.427195,0,0,0,0,0,0,0,0,0,0,0,0,0,0
S-83,2,9.5200,1710.4256,0,0,0,0,0,0.000000,0.000000,0.000000,0.000000,0.000000,0,0,0,0,0,0,0,0,0,0,0,0,0,0
S-830,1,19.4937,1482.5631,0,0,0,0,1,0.000000,6.897740,0.000000,0.000000,0.257881,0,0,0,0,0,0,0,0,0,0,0,0,0,0
S-831,1,5.4519,623.1450,0,0,0,0,1,0.000000,0.246338,0.000000,0.000000,0.176087,0,0,0,0,0,0,0,0,0,0,0,0,0,0
S-832,1,14.1256,14.1256,0,1,0,0,0,0.000000,8.684209,0.000000,0.000000,0.127628,0,0,0,0,0,0,0,0,0,0,0,0,0,0
S-833,4,10.1319,1482.5631,0,0,0,0,0,0.000000,9.785167,0.000000,0.000000,0.000000,0,0,0,0,0,0,0,0,0,0,0,0,0,0
S-834,1,9.3250,623.1450,0,0,0,0,2,0.000000,0.000000,0.000000,0.000000,0.863878,0,0,0,0,0,0,0,0,0,0,0,0,0,0
S-835,2,8.4769,1482.5631,0,0,0,0,1,0.000000,0.000000,0.000000,0.000000,0.338185,0,0,0,0,0,0,0,0,0,0,0,0,0,0
S-836,5,6.5044,591.5287,0,0,0,0,0,0.000000,3.334764,0.000000,0.000000,0.000000,0,0,0,0,0,0,0,0,0,0,0,0,0,0
S-837,1,6.5244,623.1450,0,0,0,0,0,0.000000,0.000000,0.000000,0.000000,0.114138,0,0,0,0,0,0,0,0,0,0,0,0,0,0
S-838,2,4.4156,623.1450,0,1,0,0,2,0.000000,2.326055,0.000000,0.000000,0.546696,0,0,0,0,0,0,0,0,0,0,0,0,0,0
S-839,2,5.5325,623.1450,0,0,0,0,0,0.000000,0.079544,0.000000,0.000000,0.000000,0,0,0,0,0,0,0,0,0,0,0,0,0,0
S-84,1,22.0750,737.1169,0,0,0,0,0,0.000000,0.000000,0.000000,0.000000,0.000000,0,0,0,0,0,0,0,0,0,0,0,0,0,0
S-840,1,5.6350,1482.5631,0,0,0,0,0,0.000000,0.000000,0.000000,0.000000,0.000000,0,0,0,0,0,0,0,0,0,0,0,0,0,0
S-841,1,21.8038,1482.5631,0,0,0,0,1,0.000000,0.000000,0.000000,0.000000,0.439011,0,0,0,0,0,0,0,0,0,0,0,0,0,0
S-842,1,18.8969,18.8969,0,4,0,0,1,0.000000,26.442161,0.000000,0.000000,0.808308,0,0,0,0,0,0,0,0,0,0,0,0,0,0
S-843,5,10.6006,591.5287,0,1,0,0,1,0.000000,10.962694,0.000000,0.000000,0.297958,0,0,0,0,0,0,0,0,0,0,0,0,0,0
S-844,1,7.8894,623.1450,0,0,0,0,1,0.000000,0.000000,0.000000,0.000000,0.174142,0,0,0,0,0,0,0,0,0,0,0,0,0,0
S-845,2,11.5369,1482.5631,0,0,0,0,1,0.721004,0.000000,0.000000,0.000000,1.049402,0,0,0,0,0,0,0,0,0,0,0,0,0,0
S-846,1,14.9575,623.1450,0,0,0,0,1,0.000000,0.000000,0.000000,0.000000,0.272577,0,0,0,0,0,0,0,0,0,0,0,0,0,0
S-847,1,5.3694,1482.5631,0,0,0,0,0,0.000000,0.000000,0.000000,0.000000,0.000000,0,0,0,0,0,0,0,0,0,0,0,0,0,0
S-848,1,6.5981,422.8469,0,0,0,0,0,0.000000,0.000000,0.000000,0.000000,0.000000,0,0,0,0,0,0,0,0,0,0,0,0,0,0
S-849,3,0.2150,1482.5631,0,0,0,0,0,0.000000,0.802063,0.000000,0.000000,0.000000,0,0,0,0,0,0,0,0,0,0,0,0,0,0
S-85,2,3.4744,650.1094,0,0,0,0,1,0.000000,0.238944,0.000000,0.000000,0.323357,0,0,0,0,0,0,0,0,0,0,0,0,0,0
S-850,4,0.2244,1482.5631,0,0,0,0,0,0.000000,0.401031,0.000000,0.000000,0.000000,0,0,0,0,0,0,0,0,0,0,0,0,0,0
S-851,1,21.1944,1482.5631,0,0,0,0,2,0.000000,0.000000,0.000000,0.000000,0.957509,0,0,0,0,0,0,0,0,0,0,0,0,0,0
S-852,1,7.0019,422.8469,0,0,0,0,0,0.000000,3.324659,0.000000,0.000000,0.000000,0,0,0,0,0,0,0,0,0,0,0,0,0,0
S-853,1,5.4050,1482.5631,0,0,0,0,0,0.000000,0.882269,0.000000,0.000000,0.054314,0,0,0,0,0,0,0,0,0,0,0,0,0,0
S-854,1,5.5762,1482.5631,0,0,0,0,0,0.000000,1.764539,0.000000,0.000000,0.000000,0,0,0,0,0,0,0,0,0,0,0,0,0,0
S-855,3,0.2712,1482.5631,0,0,0,0,0,0.000000,0.641650,0.000000,0.000000,0.000000,0,0,0,0,0,0,0,0,0,0,0,0,0,0
S-856,4,5.5750,1482.5631,0,0,0,0,1,0.000000,2.646808,0.000000,0.000000,0.244415,0,0,0,0,0,0,0,0,0,0,0,0,0,0
S-857,1,5.8269,422.8469,0,0,0,0,1,0.000000,0.000000,0.000000,0.000000,0.179633,0,0,0,0,0,0,0,0,0,0,0,0,0,0
S-858,1,16.1744,422.8469,0,0,0,0,0,0.000000,8.272854,0.000000,0.000000,0.000000,0,0,0,0,0,0,0,0,0,0,0,0,0,0
S-859,1,6.9844,422.8469,0,0,0,0,0,0.000000,1.161407,0.000000,0.000000,0.000000,0,0,0,0,0,0,0,0,0,0,0,0,0,0
S-86,1,8.3781,650.1094,0,0,0,0,1,0.000000,0.042646,0.000000,0.000000,0.317167,0,0,0,0,0,0,0,0,0,0,0,0,0,0
S-860,3,17.7806,1482.5631,1,0,0,0,1,1.442008,3.448871,0.000000,0.000000,0.277796,0,0,0,0,0,0,0,0,0,0,0,0,0,0
S-861,1,16.8694,1482.5631,0,0,0,0,1,0.000000,11.790323,0.000000,0.000000,0.467519,0,0,0,0,0,0,0,0,0,0,0,0,0,0
S-862,2,0.8875,1482.5631,0,0,0,0,0,0.000000,0.000000,0.000000,0.000000,0.000000,0,0,0,0,0,0,0,0,0,0,0,0,0,0
S-863,2,9.7294,422.8469,0,0,0,0,2,0.000000,0.000000,0.000000,0.000000,0.906317,0,0,0,0,0,0,0,0,0,0,0,0,0,0
S-864,2,0.2125,422.8469,0,0,0,0,0,0.000000,0.282241,0.000000,0.000000,0.000000,0,0,0,0,0,0,0,0,0,0,0,0,0,0
S-865,3,36.6469,422.8469,1,1,0,0,4,2.204155,20.976306,0.000000,0.000000,0.975535,0,0,0,0,0,0,0,0,0,0,0,0,0,0
S-866,2,14.0137,1482.5631,0,0,0,0,1,1.401952,0.000000,0.000000,0.000000,0.335856,0,0,0,0,0,0,0,0,0,0,0,0,0,0
S-867,1,10.3500,1482.5631,0,0,0,0,1,0.000000,0.000000,0.000000,0.000000,0.229319,0,0,0,0,0,0,0,0,0,0,0,0,0,0
S-868,1,15.6463,422.8469,0,0,0,0,1,0.801511,14.254623,0.000000,0.000000,0.252312,0,0,0,0,0,0,0,0,0,0,0,0,0,0
S-869,1,17.5119,623.1450,0,0,0,0,2,0.000000,0.574583,0.000000,0.000000,2.069694,0,0,0,0,0,0,0,0,0,0,0,0,0,0
S-87,1,11.8350,1710.4256,0,0,0,0,1,0.000000,0.000000,0.000000,0.000000,0.328021,0,0,0,0,0,0,0,0,0,0,0,0,0,0
S-870,1,7.2744,1482.5631,0,0,0,0,0,0.000000,0.240619,0.000000,0.000000,0.000000,0,0,0,0,0,0,0,0,0,0,0,0,0,0
S-871,1,7.0975,422.8469,0,1,0,0,1,0.000000,0.837035,0.000000,0.000000,0.357287,0,0,0,0,0,0,0,0,0,0,0,0,0,0
S-872,1,25.2619,1482.5631,0,0,0,0,3,0.000000,0.000000,0.000000,0.000000,0.818004,0,0,0,0,0,0,0,0,0,0,0,0,0,0
S-873,4,1.1594,1482.5631,0,0,0,0,0,0.000000,1.363507,0.000000,0.000000,0.000000,0,0,0,0,0,0,0,0,0,0,0,0,0,0
S-874,1,6.4837,623.1450,0,0,0,0,0,0.000000,0.246250,0.000000,0.000000,0.000000,0,0,0,0,0,0,0,0,0,0,0,0,0,0
S-875,1,20.8175,1482.5631,0,0,0,0,1,0.000000,0.000000,0.000000,0.000000,1.214684,0,0,0,0,0,0,0,0,0,0,0,0,0,0
S-876,1,7.1950,422.8469,0,0,0,0,0,0.000000,0.440534,0.000000,0.000000,0.000000,0,0,0,0,0,0,0,0,0,0,0,0,0,0
S-877,1,7.0369,1482.5631,0,0,0,0,2,0.000000,0.000000,0.000000,0.000000,1.338802,0,0,0,0,0,0,0,0,0,0,0,0,0,0
S-878,1,5.8738,1482.5631,0,0,0,0,1,0.000000,1.363507,0.000000,0.000000,0.542025,0,0,0,0,0,0,0,0,0,0,0,0,0,0
S-879,1,6.4206,422.8469,0,0,0,0,0,0.000000,0.000000,0.000000,0.000000,0.687130,0,0,0,0,0,0,0,0,0,0,0,0,0,0
S-88,3,4.1662,1710.4256,0,0,0,0,0,0.000000,0.000000,0.000000,0.000000,0.180924,0,0,0,0,0,0,0,0,0,0,0,0,0,0
S-880,2,4.1219,1482.5631,0,0,0,0,0,0.000000,0.000000,0.000000,0.000000,0.191482,0,0,0,0,0,0,0,0,0,0,0,0,0,0
S-881,3,3.9213,422.8469,0,0,0,0,1,0.000000,0.000000,0.000000,0.000000,0.267977,0,0,0,0,0,0,0,0,0,0,0,0,0,0
S-882,1,8.1619,1482.5631,0,0,0,0,1,0.000000,0.237940,0.000000,0.000000,0.337317,0,0,0,0,0,0,0,0,0,0,0,0,0,0
S-883,2,0.1087,422.8469,0,0,0,0,0,0.000000,0.000000,0.000000,0.000000,0.035503,0,0,0,0,0,0,0,0,0,0,0,0,0,0
S-884,2,1.3469,422.8469,0,0,0,0,0,0.000000,0.000000,0.000000,0.000000,0.076565,0,0,0,0,0,0,0,0,0,0,0,0,0,0
S-885,2,3.0975,422.8469,0,0,0,0,1,0.000000,0.000000,0.000000,0.000000,0.106508,0,0,0,0,0,0,0,0,0,0,0,0,0,0
S-886,1,6.3831,422.8469,0,0,0,0,1,0.000000,0.000000,0.000000,0.000000,0.394161,0,0,0,0,0,0,0,0,0,0,0,0,0,0
S-887,1,5.7825,422.8469,0,0,0,0,0,0.000000,0.000000,0.000000,0.000000,0.229694,0,0,0,0,0,0,0,0,0,0,0,0,0,0
S-888,2,5.6906,1482.5631,0,0,0,0,0,0.000000,1.243289,0.000000,0.000000,0.000000,0,0,0,0,0,0,0,0,0,0,0,0,0,0
S-889,1,6.5644,422.8469,0,0,0,0,1,0.000000,0.000000,0.000000,0.000000,1.163751,0,0,0,0,0,0,0,0,0,0,0,0,0,0
S-89,2,11.2431,1710.4256,0,0,0,0,0,0.000000,0.000000,0.000000,0.000000,0.489903,0,0,0,0,0,0,0,0,0,0,0,0,0,0
S-890,1,5.3706,422.8469,0,0,0,0,0,0.000000,0.280340,0.000000,0.000000,0.000000,0,0,0,0,0,0,0,0,0,0,0,0,0,0
S-891,3,16.6919,422.8469,0,3,0,0,0,0.000000,7.468005,0.000000,0.000000,0.000000,0,0,0,0,0,0,0,0,0,0,0,0,0,0
S-892,3,0.4369,422.8469,0,0,0,0,0,0.000000,0.120146,0.000000,0.000000,0.000000,0,0,0,0,0,0,0,0,0,0,0,0,0,0
S-893,3,1.1000,422.8469,0,0,0,0,0,0.000000,0.077651,0.000000,0.000000,0.000000,0,0,0,0,0,0,0,0,0,0,0,0,0,0
S-894,3,7.8669,422.8469,0,2,0,0,1,0.000000,2.747351,0.000000,0.000000,0.232818,0,0,0,0,0,0,0,0,0,0,0,0,0,0
S-895,3,2.3444,422.8469,0,0,0,0,0,0.000000,0.388254,0.000000,0.000000,0.000000,0,0,0,0,0,0,0,0,0,0,0,0,0,0
S-896,2,22.5781,1482.5631,0,1,0,0,2,0.000000,3.610541,0.000000,0.000000,0.492130,0,0,0,0,0,0,0,0,0,0,0,0,0,0
S-897,1,6.0175,1482.5631,0,0,0,0,2,0.000000,0.000000,0.000000,0.000000,0.492121,0,0,0,0,0,0,0,0,0,0,0,0,0,0
S-898,2,22.0463,1482.5631,0,0,0,0,3,0.000000,0.000000,0.000000,0.000000,0.956571,0,0,0,0,0,0,0,0,0,0,0,0,0,0
S-899,2,18.0575,422.8469,0,0,0,0,2,0.000000,0.000000,0.000000,0.000000,0.494087,0,0,0,0,0,0,0,0,0,0,0,0,0,0
S-90,1,8.7650,314.0013,0,0,0,0,0,0.000000,0.000000,0.000000,0.000000,0.000000,0,0,0,0,0,0,0,0,0,0,0,0,0,0
S-900,4,9.8238,1482.5631,0,0,0,0,0,0.000000,8.983104,0.000000,0.000000,0.083388,0,0,0,0,0,0,0,0,0,0,0,0,0,0
S-901,1,7.2800,422.8469,0,0,0,0,0,0.000000,2.517407,0.000000,0.000000,0.000000,0,0,0,0,0,0,0,0,0,0,0,0,0,0
S-902,1,5.7194,591.5287,0,0,0,0,0,0.000000,0.000000,0.000000,0.000000,0.000000,0,0,0,0,0,0,0,0,0,0,0,0,0,0
S-903,5,0.1081,591.5287,0,0,0,0,0,0.000000,0.402468,0.000000,0.000000,0.000000,0,0,0,0,0,0,0,0,0,0,0,0,0,0
S-904,2,4.4394,422.8469,0,0,0,0,0,0.000000,3.395109,0.000000,0.000000,0.000000,0,0,0,0,0,0,0,0,0,0,0,0,0,0
S-905,2,16.3056,1482.5631,0,0,0,0,0,0.000000,1.295074,0.000000,0.000000,0.083890,0,0,0,0,0,0,0,0,0,0,0,0,0,0
S-906,3,0.2106,422.8469,0,0,0,0,0,0.000000,1.038136,0.000000,0.000000,0.000000,0,0,0,0,0,0,0,0,0,0,0,0,0,0
S-907,3,1.9244,422.8469,0,0,0,0,0,0.000000,3.753262,0.000000,0.000000,0.000000,0,0,0,0,0,0,0,0,0,0,0,0,0,0
S-908,2,22.5031,422.8469,0,0,0,0,1,0.000000,9.199401,0.000000,0.000000,0.203825,0,0,0,0,0,0,0,0,0,0,0,0,0,0
S-909,3,0.3563,591.5287,0,0,0,0,0,0.000000,0.000000,0.000000,0.000000,0.000000,0,0,0,0,0,0,0,0,0,0,0,0,0,0
S-91,1,5.8412,737.1169,0,0,0,0,0,0.000000,0.000000,0.000000,0.000000,0.000000,0,0,0,0,0,0,0,0,0,0,0,0,0,0
S-910,5,6.2962,591.5287,0,1,0,0,0,0.000000,5.044772,0.000000,0.000000,0.000000,0,0,0,0,0,0,0,0,0,0,0,0,0,0
S-911,3,8.0625,1482.5631,0,1,0,0,1,0.000000,7.168377,0.000000,0.000000,0.440624,0,0,0,0,0,0,0,0,0,0,0,0,0,0
S-912,2,21.1219,422.8469,0,1,0,0,2,0.000000,0.673166,0.000000,0.000000,0.605196,0,0,0,0,0,0,0,0,0,0,0,0,0,0
S-913,3,5.2250,422.8469,0,0,0,0,0,0.000000,3.471315,0.000000,0.000000,0.000000,0,0,0,0,0,0,0,0,0,0,0,0,0,0
S-914,2,12.2713,1482.5631,0,0,0,0,1,0.000000,2.206185,0.000000,0.000000,0.237277,0,0,0,0,0,0,0,0,0,0,0,0,0,0
S-915,1,14.0831,1482.5631,0,0,0,0,0,0.000000,0.000000,0.000000,0.000000,0.000000,0,0,0,0,0,0,0,0,0,0,0,0,0,0
S-916,3,24.7844,1482.5631,0,2,0,0,1,0.000000,22.056728,0.000000,0.000000,0.636443,0,0,0,0,0,0,0,0,0,0,0,0,0,0
S-917,3,2.6513,1482.5631,0,0,0,0,0,0.000000,4.331140,0.000000,0.000000,0.000000,0,0,0,0,0,0,0,0,0,0,0,0,0,0
S-918,2,25.8863,1482.5631,0,1,0,0,1,0.000000,6.298920,0.000000,0.000000,0.311506,0,0,0,0,0,0,0,0,0,0,0,0,0,0
S-919,1,6.9894,422.8469,0,0,0,0,0,0.000000,0.000000,0.000000,0.000000,0.000000,0,0,0,0,0,0,0,0,0,0,0,0,0,0
S-92,1,7.1525,650.1094,0,0,0,0,0,0.000000,0.000000,0.000000,0.000000,0.000000,0,0,0,0,0,0,0,0,0,0,0,0,0,0
S-920,2,4.9162,422.8469,0,0,0,0,0,0.000000,0.000000,0.000000,0.000000,0.000000,0,0,0,0,0,0,0,0,0,0,0,0,0,0
S-921,1,19.8538,1482.5631,0,0,0,0,4,0.000000,0.000000,0.000000,0.000000,1.162975,0,0,0,0,0,0,0,0,0,0,0,0,0,0
S-922,1,6.3000,1482.5631,0,0,0,0,0,0.000000,0.353202,0.000000,0.000000,0.000000,0,0,0,0,0,0,0,0,0,0,0,0,0,0
S-923,3,0.0325,1482.5631,0,0,0,0,0,0.000000,0.000000,0.000000,0.000000,0.000000,0,0,0,0,0,0,0,0,0,0,0,0,0,0
S-924,1,5.7512,1482.5631,0,0,0,0,0,0.000000,0.643446,0.000000,0.000000,0.000000,0,0,0,0,0,0,0,0,0,0,0,0,0,0
S-925,3,3.2806,1482.5631,0,0,0,0,0,0.000000,2.566601,0.000000,0.000000,0.000000,0,0,0,0,0,0,0,0,0,0,0,0,0,0
S-926,1,15.7294,1482.5631,0,0,0,0,0,0.000000,0.000000,0.000000,0.000000,0.000000,0,0,0,0,0,0,0,0,0,0,0,0,0,0
S-927,2,5.9100,1482.5631,0,0,0,0,0,0.000000,0.000000,0.000000,0.000000,0.000000,0,0,0,0,0,0,0,0,0,0,0,0,0,0
S-928,1,8.6725,591.5287,0,0,0,0,0,0.000000,3.004180,0.000000,0.000000,0.000000,0,0,0,0,0,0,0,0,0,0,0,0,0,0
S-929,1,13.9131,1482.5631,0,0,0,0,4,0.000000,1.443713,0.000000,0.000000,1.104671,0,0,0,0,0,0,0,0,0,0,0,0,0,0
S-93,2,0.0694,1710.4256,0,0,0,0,0,0.000000,0.000000,0.000000,0.000000,0.000000,0,0,0,0,0,0,0,0,0,0,0,0,0,0
S-930,2,13.1463,1482.5631,0,1,0,0,1,0.000000,2.336369,0.000000,0.000000,0.377505,0,0,0,0,0,0,0,0,0,0,0,0,0,0
S-931,5,0.4425,591.5287,0,0,0,0,0,0.000000,0.359355,0.000000,0.000000,0.000000,0,0,0,0,0,0,0,0,0,0,0,0,0,0
S-932,1,6.2275,422.8469,0,0,0,0,0,0.000000,0.000000,0.000000,0.000000,0.000000,0,0,0,0,0,0,0,0,0,0,0,0,0,0
S-933,2,19.9100,422.8469,0,0,0,0,2,0.000000,0.000000,0.000000,0.000000,0.292657,0,0,0,0,0,0,0,0,0,0,0,0,0,0
S-934,1,28.0319,1482.5631,0,0,0,0,2,0.000000,0.000000,0.000000,0.000000,0.447839,0,0,0,0,0,0,0,0,0,0,0,0,0,0
S-935,1,10.3519,422.8469,0,0,0,0,0,0.000000,0.106289,0.000000,0.000000,0.000000,0,0,0,0,0,0,0,0,0,0,0,0,0,0
S-936,1,5.7306,1482.5631,0,0,0,0,0,0.000000,0.000000,0.000000,0.000000,0.000000,0,0,0,0,0,0,0,0,0,0,0,0,0,0
S-937,5,0.4381,591.5287,0,0,0,0,0,0.000000,0.239570,0.000000,0.000000,0.000000,0,0,0,0,0,0,0,0,0,0,0,0,0,0
S-938,1,15.4913,591.5287,0,0,0,0,2,0.000000,1.996416,0.000000,0.000000,0.692810,0,0,0,0,0,0,0,0,0,0,0,0,0,0
S-939,5,24.4631,591.5287,0,1,0,0,0,0.000000,18.048053,0.000000,0.000000,0.000000,0,0,0,0,0,0,0,0,0,0,0,0,0,0
S-94,1,21.7375,1710.4256,0,0,0,0,1,0.000000,0.036390,0.000000,0.000000,1.061457,0,0,0,0,0,0,0,0,0,0,0,0,0,0
S-940,1,8.4644,1482.5631,0,0,0,0,1,0.000000,0.158398,0.000000,0.000000,0.255263,0,0,0,0,0,0,0,0,0,0,0,0,0,0
S-941,2,9.8613,422.8469,0,0,0,0,0,0.000000,0.141719,0.000000,0.000000,0.000000,0,0,0,0,0,0,0,0,0,0,0,0,0,0
S-942,1,5.7737,422.8469,0,0,0,0,0,0.000000,0.000000,0.000000,0.000000,0.035731,0,0,0,0,0,0,0,0,0,0,0,0,0,0
S-943,1,5.8537,422.8469,0,0,0,0,1,0.000000,0.000000,0.000000,0.000000,0.308286,0,0,0,0,0,0,0,0,0,0,0,0,0,0
S-944,1,19.8762,1482.5631,0,0,0,0,0,0.000000,0.000000,0.000000,0.000000,0.000000,0,0,0,0,0,0,0,0,0,0,0,0,0,0
S-945,1,12.7988,422.8469,0,0,0,0,0,0.000000,0.000000,0.000000,0.000000,0.000000,0,0,0,0,0,0,0,0,0,0,0,0,0,0
S-946,1,27.5538,422.8469,0,2,0,0,1,0.000000,7.075274,0.000000,0.000000,0.271996,0,0,0,0,0,0,0,0,0,0,0,0,0,0
S-947,2,24.8550,1482.5631,0,0,0,0,1,0.000000,0.000000,0.000000,0.000000,0.232724,0,0,0,0,0,0,0,0,0,0,0,0,0,0
S-948,2,11.3606,1482.5631,0,0,0,0,0,0.000000,0.000000,0.000000,0.000000,0.000000,0,0,0,0,0,0,0,0,0,0,0,0,0,0
S-949,1,32.0131,1482.5631,0,0,0,0,2,0.000000,0.000000,0.000000,0.000000,0.508195,0,0,0,0,0,0,0,0,0,0,0,0,0,0
S-95,1,8.0250,1710.4256,0,0,0,0,0,0.000000,0.000000,0.000000,0.000000,0.000000,0,0,0,0,0,0,0,0,0,0,0,0,0,0
S-950,1,8.3844,422.8469,0,0,0,0,1,0.000000,0.000000,0.000000,0.000000,0.132788,0,0,0,0,0,0,0,0,0,0,0,0,0,0
S-951,1,21.4281,1482.5631,0,0,0,0,3,0.000000,0.000000,0.000000,0.000000,1.094841,0,0,0,0,0,0,0,0,0,0,0,0,0,0
S-952,1,8.1438,1482.5631,0,0,0,0,0,0.000000,0.000000,0.000000,0.000000,0.000000,0,0,0,0,0,0,0,0,0,0,0,0,0,0
S-953,2,4.2806,1482.5631,0,0,0,0,0,0.000000,0.158398,0.000000,0.000000,0.000000,0,0,0,0,0,0,0,0,0,0,0,0,0,0
S-954,3,9.7562,1482.5631,0,0,0,0,0,0.000000,0.000000,0.000000,0.000000,0.038846,0,0,0,0,0,0,0,0,0,0,0,0,0,0
S-955,3,0.0063,1482.5631,0,0,0,0,0,0.000000,0.000000,0.000000,0.000000,0.000000,0,0,0,0,0,0,0,0,0,0,0,0,0,0
S-956,3,5.7169,1482.5631,0,0,0,0,0,0.000000,1.523920,0.000000,0.000000,0.000000,0,0,0,0,0,0,0,0,0,0,0,0,0,0
S-957,2,11.6444,1482.5631,0,0,0,0,3,0.000000,0.000000,0.000000,0.000000,1.020321,0,0,0,0,0,0,0,0,0,0,0,0,0,0
S-958,2,12.4125,1482.5631,0,0,0,0,1,0.000000,1.122888,0.000000,0.000000,0.194232,0,0,0,0,0,0,0,0,0,0,0,0,0,0
S-959,2,2.1725,1482.5631,0,0,0,0,0,0.000000,0.000000,0.000000,0.000000,0.000000,0,0,0,0,0,0,0,0,0,0,0,0,0,0
S-96,3,0.7738,1710.4256,0,0,0,0,0,0.000000,0.000000,0.000000,0.000000,0.000000,0,0,0,0,0,0,0,0,0,0,0,0,0,0
S-960,1,12.4844,1482.5631,0,0,0,0,0,0.000000,0.000000,0.000000,0.000000,0.000000,0,0,0,0,0,0,0,0,0,0,0,0,0,0
S-961,2,3.9700,422.8469,0,0,0,0,0,0.000000,0.258977,0.000000,0.000000,0.000000,0,0,0,0,0,0,0,0,0,0,0,0,0,0
S-962,1,34.6669,1482.5631,0,0,0,0,2,0.000000,0.000000,0.000000,0.000000,0.518867,0,0,0,0,0,0,0,0,0,0,0,0,0,0
S-963,1,11.5600,1482.5631,0,0,0,0,1,0.000000,0.000000,0.000000,0.000000,0.231337,0,0,0,0,0,0,0,0,0,0,0,0,0,0
S-964,1,15.5619,422.8469,0,2,0,0,2,0.000000,0.532368,0.000000,0.000000,0.277149,0,0,0,0,0,0,0,0,0,0,0,0,0,0
S-965,1,35.9506,1482.5631,0,0,0,0,9,0.000000,0.000000,0.000000,0.000000,4.865202,0,0,0,0,0,0,0,0,0,0,0,0,0,0
S-966,3,6.4394,1482.5631,0,0,0,0,0,0.000000,0.233385,0.000000,0.000000,0.000000,0,0,0,0,0,0,0,0,0,0,0,0,0,0
S-967,1,10.9738,422.8469,0,0,0,0,1,0.000000,0.172651,0.000000,0.000000,0.348183,0,0,0,0,0,0,0,0,0,0,0,0,0,0
S-968,1,6.0544,422.8469,0,0,0,0,0,0.000000,0.258977,0.000000,0.000000,0.000000,0,0,0,0,0,0,0,0,0,0,0,0,0,0
S-969,3,1.8444,1482.5631,0,0,0,0,0,0.000000,0.233385,0.000000,0.000000,0.000000,0,0,0,0,0,0,0,0,0,0,0,0,0,0
S-97,1,31.6600,457.1144,2,0,34,1,4,2.000172,0.000000,0.000000,1.073828,1.666323,0,0,3,2,3,0,8,10,1,1,4,2,6,3
S-970,1,29.2444,1482.5631,0,0,0,0,3,0.000000,0.000000,0.000000,0.000000,1.367972,0,0,0,0,0,0,0,0,0,0,0,0,0,0
S-971,2,20.4988,1482.5631,0,1,0,0,2,0.000000,1.400311,0.000000,0.000000,2.155287,0,0,0,0,0,0,0,0,0,0,0,0,0,0
S-972,1,9.4612,591.5287,0,1,0,0,1,0.000000,1.292231,0.000000,0.000000,0.287073,0,0,0,0,0,0,0,0,0,0,0,0,0,0
S-973,2,6.9069,1482.5631,0,1,0,0,1,0.000000,1.005418,0.000000,0.000000,0.321881,0,0,0,0,0,0,0,0,0,0,0,0,0,0
S-974,1,5.8675,591.5287,0,0,0,0,0,0.000000,2.635269,0.000000,0.000000,0.000000,0,0,0,0,0,0,0,0,0,0,0,0,0,0
S-975,5,1.0269,591.5287,0,0,0,0,0,0.000000,0.239721,0.000000,0.000000,0.000000,0,0,0,0,0,0,0,0,0,0,0,0,0,0
S-976,5,0.0119,591.5287,0,1,0,0,0,0.000000,4.722749,0.000000,0.000000,0.000000,0,0,0,0,0,0,0,0,0,0,0,0,0,0
S-977,1,35.0181,1482.5631,0,0,0,0,2,0.000000,0.000000,0.000000,0.000000,0.589831,0,0,0,0,0,0,0,0,0,0,0,0,0,0
S-978,1,11.9800,1482.5631,0,0,0,0,1,0.000000,0.000000,0.000000,0.000000,0.248231,0,0,0,0,0,0,0,0,0,0,0,0,0,0
S-979,2,15.6969,1482.5631,0,0,0,0,0,0.000000,0.000000,0.000000,0.000000,0.076297,0,0,0,0,0,0,0,0,0,0,0,0,0,0
S-98,1,5.6419,457.1144,0,0,0,0,0,0.000000,0.000000,0.000000,0.000000,0.000000,0,0,0,0,0,0,0,0,0,0,0,0,0,0
S-980,1,6.3556,1482.5631,0,0,0,0,0,0.000000,0.000000,0.000000,0.000000,0.000000,0,0,0,0,0,0,0,0,0,0,0,0,0,0
S-981,1,8.1512,1482.5631,0,0,0,0,3,0.000000,0.000000,0.000000,0.000000,3.677262,0,0,0,0,0,0,0,0,0,0,0,0,0,0
S-982,1,66.9025,66.8994,0,2,0,0,2,0.000000,28.575573,0.000000,0.000000,1.644878,0,0,0,0,0,0,0,0,0,0,0,0,0,0
S-983,1,16.6562,1482.5631,0,0,43,1,3,0.000000,0.000000,0.000000,0.920593,1.522511,2,0,1,2,6,0,13,4,2,0,5,3,10,8
S-984,1,5.4106,1482.5631,0,0,0,0,0,0.000000,0.000000,0.000000,0.000000,0.000000,0,0,0,0,0,0,0,0,0,0,0,0,0,0
S-985,2,2.2600,1482.5631,0,0,0,0,1,0.000000,0.000000,0.000000,0.000000,0.572154,0,0,0,0,0,0,0,0,0,0,0,0,0,0
S-986,1,26.1462,1482.5631,0,0,0,0,4,0.000000,0.000000,0.000000,0.000000,1.843212,0,0,0,0,0,0,0,0,0,0,0,0,0,0
S-987,2,10.6175,1482.5631,0,1,0,0,0,0.000000,0.641269,0.000000,0.000000,0.088024,0,0,0,0,0,0,0,0,0,0,0,0,0,0
S-988,2,0.9025,1482.5631,0,0,0,0,0,0.000000,0.150887,0.000000,0.000000,0.000000,0,0,0,0,0,0,0,0,0,0,0,0,0,0
S-989,1,19.4806,1482.5631,0,0,0,0,5,0.000000,0.113165,0.000000,0.000000,1.399050,0,0,0,0,0,0,0,0,0,0,0,0,0,0
S-99,3,1.5388,737.1169,0,0,0,0,0,0.000000,0.000000,0.000000,0.000000,0.000000,0,0,0,0,0,0,0,0,0,0,0,0,0,0
